{
  "primary_metric": "pass_at_1",
  "n_items": 612,
  "n_items_correct": 16,
  "n_items_incorrect": 596,
  "n_items_unknown": 0,
  "n_generations": 612,
  "samples_per_item": [
    1
  ],
  "all_rollouts": {
    "tokens": {
      "n": 612,
      "min": 2,
      "max": 172,
      "mean": 22.302287581699346,
      "std": 24.14739179941971,
      "var": 583.0965307146823,
      "p10": 2,
      "p25": 10,
      "p50": 10,
      "p75": 28,
      "p90": 48,
      "p95": 73,
      "p99": 126
    },
    "tokens_histogram": {
      "edges": [
        0,
        10,
        20,
        50,
        100,
        200,
        500,
        1000,
        2000,
        5000,
        10000,
        20000,
        40000
      ],
      "counts": [
        122,
        205,
        224,
        49,
        12,
        0,
        0,
        0,
        0,
        0,
        0,
        0
      ],
      "labels": [
        "[0,10)",
        "[10,20)",
        "[20,50)",
        "[50,100)",
        "[100,200)",
        "[200,500)",
        "[500,1000)",
        "[1000,2000)",
        "[2000,5000)",
        "[5000,10000)",
        "[10000,20000)",
        "[20000,40000)"
      ]
    },
    "tokens_raw": [
      2,
      2,
      2,
      2,
      2,
      2,
      2,
      2,
      2,
      65,
      24,
      27,
      23,
      28,
      28,
      39,
      25,
      31,
      24,
      25,
      114,
      29,
      25,
      59,
      151,
      28,
      27,
      72,
      37,
      69,
      22,
      31,
      71,
      27,
      26,
      22,
      24,
      29,
      38,
      74,
      30,
      39,
      75,
      67,
      73,
      23,
      25,
      42,
      26,
      28,
      25,
      29,
      30,
      27,
      24,
      32,
      24,
      24,
      25,
      43,
      30,
      27,
      26,
      59,
      27,
      24,
      28,
      56,
      24,
      23,
      93,
      23,
      27,
      23,
      33,
      28,
      27,
      25,
      23,
      28,
      34,
      29,
      31,
      50,
      43,
      30,
      126,
      39,
      28,
      32,
      98,
      85,
      33,
      27,
      29,
      28,
      32,
      25,
      70,
      25,
      24,
      23,
      62,
      26,
      34,
      34,
      31,
      23,
      92,
      31,
      28,
      29,
      27,
      30,
      27,
      25,
      23,
      26,
      26,
      30,
      108,
      63,
      23,
      28,
      27,
      25,
      30,
      34,
      26,
      56,
      24,
      28,
      83,
      172,
      33,
      32,
      36,
      23,
      27,
      24,
      25,
      28,
      32,
      101,
      25,
      28,
      26,
      29,
      24,
      28,
      31,
      23,
      70,
      28,
      31,
      31,
      41,
      23,
      31,
      27,
      24,
      94,
      24,
      35,
      71,
      27,
      28,
      27,
      29,
      24,
      42,
      29,
      22,
      30,
      48,
      24,
      32,
      71,
      24,
      23,
      24,
      80,
      64,
      70,
      28,
      23,
      25,
      31,
      64,
      24,
      10,
      2,
      2,
      2,
      10,
      2,
      10,
      10,
      2,
      10,
      2,
      10,
      10,
      2,
      10,
      2,
      10,
      10,
      10,
      2,
      2,
      10,
      2,
      2,
      10,
      10,
      10,
      2,
      10,
      2,
      10,
      2,
      10,
      10,
      10,
      10,
      10,
      10,
      10,
      2,
      2,
      2,
      10,
      10,
      10,
      10,
      10,
      10,
      10,
      10,
      10,
      10,
      10,
      10,
      2,
      10,
      2,
      2,
      2,
      10,
      10,
      2,
      2,
      10,
      2,
      2,
      10,
      10,
      10,
      10,
      2,
      2,
      10,
      10,
      31,
      10,
      10,
      2,
      10,
      2,
      2,
      10,
      2,
      10,
      2,
      2,
      10,
      10,
      10,
      25,
      2,
      10,
      2,
      10,
      10,
      10,
      2,
      10,
      10,
      2,
      2,
      2,
      10,
      10,
      10,
      10,
      10,
      2,
      10,
      10,
      10,
      10,
      2,
      2,
      10,
      2,
      10,
      2,
      2,
      10,
      2,
      2,
      2,
      10,
      10,
      10,
      2,
      2,
      10,
      2,
      10,
      10,
      10,
      10,
      10,
      10,
      10,
      2,
      2,
      10,
      2,
      10,
      10,
      10,
      10,
      2,
      10,
      10,
      2,
      10,
      10,
      10,
      10,
      10,
      10,
      10,
      17,
      10,
      10,
      10,
      10,
      2,
      2,
      10,
      10,
      10,
      10,
      2,
      10,
      2,
      2,
      10,
      2,
      2,
      10,
      10,
      2,
      10,
      10,
      2,
      10,
      10,
      10,
      10,
      2,
      10,
      10,
      10,
      10,
      2,
      2,
      10,
      2,
      10,
      10,
      10,
      10,
      2,
      10,
      10,
      10,
      2,
      10,
      2,
      10,
      2,
      2,
      2,
      10,
      10,
      2,
      2,
      10,
      2,
      10,
      10,
      10,
      10,
      2,
      10,
      2,
      10,
      10,
      2,
      2,
      10,
      10,
      10,
      2,
      10,
      10,
      2,
      2,
      10,
      10,
      10,
      10,
      2,
      10,
      10,
      2,
      2,
      2,
      10,
      10,
      10,
      10,
      10,
      10,
      10,
      10,
      10,
      10,
      10,
      2,
      10,
      10,
      10,
      10,
      2,
      10,
      2,
      10,
      2,
      10,
      2,
      2,
      101,
      29,
      25,
      27,
      60,
      74,
      116,
      32,
      25,
      40,
      31,
      31,
      59,
      80,
      25,
      27,
      28,
      31,
      134,
      24,
      30,
      30,
      26,
      33,
      24,
      28,
      29,
      23,
      29,
      60,
      24,
      55,
      42,
      26,
      27,
      21,
      31,
      73,
      37,
      26,
      26,
      32,
      62,
      27,
      95,
      25,
      126,
      80,
      22,
      32,
      25,
      28,
      25,
      34,
      2,
      10,
      10,
      10,
      10,
      2,
      10,
      2,
      10,
      10,
      10,
      10,
      10,
      10,
      10,
      10,
      10,
      10,
      2,
      10,
      10,
      10,
      10,
      2,
      10,
      10,
      10,
      10,
      10,
      2,
      2,
      10,
      2,
      2,
      2,
      2,
      10,
      2,
      10,
      10,
      2,
      10,
      10,
      10,
      10,
      10,
      10,
      2,
      10,
      2,
      10,
      2,
      2,
      91,
      29,
      27,
      73,
      96,
      25,
      25,
      24,
      33,
      23,
      25,
      24,
      27,
      23,
      37,
      75,
      23,
      27,
      32,
      24,
      38,
      26,
      23,
      69,
      45,
      24,
      135,
      91,
      36,
      32,
      140,
      29,
      24,
      58,
      29,
      27,
      62,
      23,
      30,
      25,
      31,
      28,
      54,
      60,
      27,
      30,
      26,
      26
    ],
    "chars": {
      "n": 612,
      "min": 1,
      "max": 700,
      "mean": 79.7140522875817,
      "std": 95.52235955566755,
      "var": 9124.521175082233,
      "p10": 1,
      "p25": 30,
      "p50": 30,
      "p75": 104,
      "p90": 165,
      "p95": 277,
      "p99": 471
    },
    "chars_histogram": {
      "edges": [
        0,
        50,
        100,
        250,
        500,
        1000,
        2500,
        5000,
        10000,
        25000,
        50000,
        100000,
        200000
      ],
      "counts": [
        327,
        93,
        151,
        36,
        5,
        0,
        0,
        0,
        0,
        0,
        0,
        0
      ],