{
  "primary_metric": "exact_match_flex",
  "n_items": 500,
  "n_items_correct": 190,
  "n_items_incorrect": 310,
  "n_items_unknown": 0,
  "n_generations": 500,
  "samples_per_item": [
    1
  ],
  "all_rollouts": {
    "tokens": {
      "n": 500,
      "min": 2,
      "max": 5387,
      "mean": 280.182,
      "std": 746.6186850568367,
      "var": 557439.460876,
      "p10": 6,
      "p25": 8,
      "p50": 127,
      "p75": 295,
      "p90": 446,
      "p95": 592,
      "p99": 4889
    },
    "tokens_histogram": {
      "edges": [
        0,
        10,
        20,
        50,
        100,
        200,
        500,
        1000,
        2000,
        5000,
        10000,
        20000,
        40000
      ],
      "counts": [
        176,
        57,
        9,
        2,
        53,
        161,
        27,
        2,
        10,
        3,
        0,
        0
      ],
      "labels": [
        "[0,10)",
        "[10,20)",
        "[20,50)",
        "[50,100)",
        "[100,200)",
        "[200,500)",
        "[500,1000)",
        "[1000,2000)",
        "[2000,5000)",
        "[5000,10000)",
        "[10000,20000)",
        "[20000,40000)"
      ]
    },
    "tokens_raw": [
      13,
      10,
      357,
      6,
      8,
      7,
      6,
      7,
      346,
      7,
      9,
      3894,
      281,
      213,
      3693,
      117,
      195,
      18,
      7,
      255,
      147,
      271,
      10,
      657,
      6,
      558,
      8,
      341,
      170,
      6,
      9,
      11,
      8,
      556,
      5387,
      285,
      232,
      7,
      9,
      7,
      12,
      413,
      7,
      123,
      9,
      4866,
      6,
      504,
      15,
      310,
      8,
      240,
      6,
      11,
      9,
      195,
      122,
      8,
      174,
      7,
      295,
      372,
      6,
      124,
      6,
      6,
      2,
      9,
      8,
      262,
      315,
      241,
      6,
      226,
      10,
      350,
      6,
      176,
      351,
      6,
      9,
      6,
      13,
      127,
      6,
      13,
      8,
      228,
      6,
      336,
      7,
      171,
      11,
      7,
      149,
      512,
      180,
      6,
      153,
      207,
      2,
      7,
      257,
      9,
      160,
      8,
      8,
      7,
      529,
      9,
      181,
      8,
      11,
      269,
      239,
      279,
      259,
      173,
      234,
      6,
      6,
      203,
      6,
      506,
      259,
      227,
      12,
      271,
      6,
      498,
      368,
      388,
      6,
      8,
      7,
      6,
      592,
      10,
      6,
      364,
      294,
      6,
      9,
      625,
      213,
      226,
      222,
      309,
      159,
      7,
      299,
      483,
      414,
      2,
      9,
      15,
      7,
      287,
      9,
      275,
      7,
      21,
      520,
      464,
      322,
      264,
      16,
      7,
      6,
      7,
      345,
      12,
      546,
      348,
      6,
      663,
      147,
      3,
      11,
      23,
      6,
      251,
      9,
      118,
      181,
      165,
      241,
      6,
      6,
      146,
      10,
      150,
      218,
      6,
      197,
      346,
      9,
      6,
      8,
      7,
      237,
      514,
      8,
      394,
      183,
      24,
      389,
      7,
      6,
      268,
      6,
      251,
      7,
      10,
      7,
      401,
      295,
      11,
      11,
      10,
      6,
      289,
      302,
      5107,
      6,
      8,
      6,
      6,
      23,
      7,
      216,
      10,
      231,
      573,
      235,
      484,
      10,
      337,
      532,
      272,
      206,
      229,
      515,
      6,
      6,
      803,
      7,
      352,
      4900,
      232,
      359,
      8,
      1928,
      11,
      7,
      6,
      11,
      307,
      7,
      94,
      7,
      306,
      187,
      7,
      409,
      151,
      10,
      8,
      182,
      6,
      7,
      378,
      355,
      8,
      9,
      189,
      299,
      9,
      8,
      313,
      315,
      9,
      8,
      6,
      189,
      197,
      193,
      7,
      7,
      357,
      9,
      280,
      261,
      337,
      368,
      173,
      6,
      1385,
      594,
      296,
      2,
      10,
      6,
      336,
      215,
      296,
      6,
      269,
      197,
      153,
      6,
      503,
      10,
      355,
      306,
      10,
      423,
      99,
      354,
      255,
      309,
      7,
      197,
      10,
      8,
      6,
      128,
      322,
      6,
      9,
      8,
      11,
      409,
      165,
      476,
      359,
      209,
      6,
      11,
      335,
      9,
      6,
      398,
      10,
      214,
      181,
      558,
      329,
      439,
      7,
      221,
      24,
      239,
      8,
      416,
      4738,
      14,
      6,
      6,
      301,
      225,
      374,
      10,
      6,
      365,
      4737,
      277,
      210,
      267,
      8,
      7,
      323,
      9,
      15,
      6,
      413,
      13,
      6,
      6,
      17,
      361,
      10,
      10,
      405,
      142,
      276,
      6,
      242,
      6,
      242,
      4889,
      567,
      446,
      10,
      8,
      223,
      6,
      254,
      20,
      10,
      15,
      271,
      269,
      6,
      6,
      7,
      6,
      300,
      21,
      286,
      313,
      7,
      375,
      9,
      363,
      580,
      186,
      228,
      450,
      277,
      11,
      7,
      492,
      9,
      8,
      627,
      353,
      7,
      299,
      335,
      8,
      5005,
      136,
      12,
      380,
      28,
      262,
      6,
      6,
      162,
      268,
      9,
      238,
      272,
      10,
      6,
      4134,
      7,
      245,
      197,
      7,
      17,
      7,
      7,
      17,
      6,
      289,
      6,
      7,
      10,
      149,
      500,
      6,
      6,
      658,
      8,
      231,
      13,
      6,
      241,
      4478,
      7,
      19,
      3,
      281,
      167,
      8,
      4789,
      113,
      191,
      380,
      11,
      10,
      331,
      695,
      6,
      8,
      241,
      7,
      184,
      259,
      8,
      229,
      786,
      171,
      28,
      400,
      151,
      312,
      13
    ],
    "chars": {
      "n": 500,
      "min": 1,
      "max": 16279,
      "mean": 662.076,
      "std": 1593.1432936882984,
      "var": 2538105.554224,
      "p10": 9,
      "p25": 11,
      "p50": 390,
      "p75": 770,
      "p90": 1136,
      "p95": 1489,
      "p99": 9871
    },
    "chars_histogram": {
      "edges": [
        0,
        50,
        100,
        250,
        500,
        1000,
        2500,
        5000,
        10000,
        25000,
        50000,
        100000,
        200000
      ],
      "counts": [
        236,
        6,
        1,
        32,
        155,
        54,
        3,
        9,
        4,
        0,
        0,
        0
      ],
      "labels": [
        "[0,50)",
        "[50,100)",
        "[100,250)",
        "[250,500)",
        "[500,1000)",
        "[1000,2500)",
        "[2500,5000)",
        "[5000,10000)",
        "[10000,25000)",
        "[25000,50000)",
        "[50000,100000)",
        "[100000,200000)"
      ]
    }
  },
  "correct_rollouts": {
    "tokens": {
      "n": 190,
      "min": 6,
      "max": 1385,
      "mean": 217.22105263157894,
      "std": 198.1160308053083,
      "var": 39249.961662049864,
      "p10": 6,
      "p25": 10,
      "p50": 222,
      "p75": 341,
      "p90": 476,
      "p95": 558,
      "p99": 695
    },
    "tokens_histogram": {
      "edges": [
        0,
        10,
        20,
        50,
        100,
        200,
        500,
        1000,
        2000,
        5000,
        10000,
        20000,
        40000
      ],
      "counts": [
        45,
        17,
        2,
        1,
        24,
        85,
        15,
        1,
        0,
        0,
        0,
        0
      ],