{
  "primary_metric": "prompt_level_loose_acc",
  "n_items": 300,
  "n_items_correct": 114,
  "n_items_incorrect": 186,
  "n_items_unknown": 0,
  "n_generations": 300,
  "samples_per_item": [
    1
  ],
  "all_rollouts": {
    "tokens": {
      "n": 300,
      "min": 2,
      "max": 5117,
      "mean": 1551.2966666666666,
      "std": 2167.081038783634,
      "var": 4696240.228655555,
      "p10": 2,
      "p25": 2,
      "p50": 11,
      "p75": 4527,
      "p90": 4715,
      "p95": 4916,
      "p99": 5037
    },
    "tokens_histogram": {
      "edges": [
        0,
        10,
        20,
        50,
        100,
        200,
        500,
        1000,
        2000,
        5000,
        10000,
        20000,
        40000
      ],
      "counts": [
        149,
        7,
        20,
        13,
        6,
        4,
        1,
        0,
        93,
        7,
        0,
        0
      ],
      "labels": [
        "[0,10)",
        "[10,20)",
        "[20,50)",
        "[50,100)",
        "[100,200)",
        "[200,500)",
        "[500,1000)",
        "[1000,2000)",
        "[2000,5000)",
        "[5000,10000)",
        "[10000,20000)",
        "[20000,40000)"
      ]
    },
    "tokens_raw": [
      24,
      4758,
      4650,
      33,
      41,
      2,
      4538,
      4271,
      4599,
      4537,
      3,
      4756,
      3,
      3,
      4,
      3,
      3,
      4,
      2,
      3,
      2,
      2,
      4874,
      6,
      4643,
      3,
      106,
      6,
      4168,
      3,
      36,
      2,
      13,
      4590,
      507,
      75,
      4215,
      4557,
      5020,
      4692,
      91,
      2,
      2,
      4698,
      19,
      29,
      2,
      2,
      2,
      2,
      2,
      2,
      4274,
      4590,
      4850,
      4938,
      2,
      5024,
      2,
      4118,
      16,
      2,
      3,
      2,
      3,
      4216,
      4641,
      4709,
      4674,
      4648,
      27,
      4284,
      3,
      4956,
      484,
      4719,
      2,
      2,
      2,
      2,
      2,
      2,
      3,
      2,
      2,
      3,
      14,
      4655,
      4274,
      2,
      2,
      2,
      4673,
      2,
      2,
      76,
      70,
      221,
      41,
      35,
      2,
      6,
      2,
      2,
      3,
      5,
      8,
      2,
      4989,
      4606,
      4976,
      4680,
      4656,
      2,
      4193,
      2,
      30,
      4527,
      4680,
      3,
      4806,
      4939,
      4898,
      5016,
      4152,
      4586,
      50,
      153,
      79,
      78,
      43,
      28,
      104,
      92,
      60,
      126,
      31,
      39,
      47,
      5117,
      3,
      60,
      3,
      12,
      4207,
      4492,
      4538,
      4715,
      4591,
      2,
      4641,
      3,
      4,
      4746,
      4655,
      2,
      3,
      2,
      4539,
      4642,
      2,
      2,
      2,
      2,
      3,
      2,
      2,
      2,
      2,
      2,
      2,
      3,
      3,
      2,
      2,
      56,
      4662,
      2,
      2,
      4749,
      4649,
      4661,
      4589,
      4,
      4698,
      4998,
      4281,
      4,
      4195,
      4798,
      3,
      202,
      4,
      3,
      4,
      4199,
      4,
      3,
      4,
      3,
      2,
      3,
      2,
      2,
      2,
      2,
      4632,
      3,
      4566,
      4267,
      4647,
      3,
      4629,
      4179,
      4587,
      5024,
      4268,
      3,
      4706,
      2,
      2,
      2,
      2,
      11,
      4286,
      3,
      2,
      4621,
      4862,
      3,
      2,
      5037,
      4,
      2,
      4742,
      4266,
      4976,
      4916,
      4533,
      4141,
      4369,
      2,
      2,
      2,
      2,
      3,
      3,
      2,
      4265,
      4580,
      2,
      2,
      2,
      2,
      3,
      4595,
      4692,
      2,
      4,
      4,
      3,
      3,
      4071,
      3,
      3,
      5101,
      4748,
      4,
      3,
      2,
      44,
      4601,
      4774,
      2,
      105,
      68,
      330,
      11,
      38,
      2,
      39,
      196,
      2,
      4233,
      2,
      2,
      2,
      2,
      2,
      2,
      2,
      2,
      27,
      51,
      23,
      23,
      2,
      2,
      3,
      2
    ],
    "chars": {
      "n": 300,
      "min": 1,
      "max": 26208,
      "mean": 1741.4133333333334,
      "std": 2924.297982278064,
      "var": 8551518.689155556,
      "p10": 1,
      "p25": 2,
      "p50": 29,
      "p75": 4526,
      "p90": 4714,
      "p95": 4938,
      "p99": 5116
    },
    "chars_histogram": {
      "edges": [
        0,
        50,
        100,
        250,
        500,
        1000,
        2500,
        5000,
        10000,
        25000,
        50000,
        100000,
        200000
      ],
      "counts": [
        152,
        8,
        21,
        10,
        6,
        2,
        92,
        7,
        0,
        2,
        0,
        0
      ],
      "labels": [
        "[0,50)",
        "[50,100)",
        "[100,250)",
        "[250,500)",
        "[500,1000)",
        "[1000,2500)",
        "[2500,5000)",
        "[5000,10000)",
        "[10000,25000)",
        "[25000,50000)",
        "[50000,100000)",
        "[100000,200000)"
      ]
    }
  },
  "correct_rollouts": {
    "tokens": {
      "n": 114,
      "min": 2,
      "max": 5101,
      "mean": 871.8157894736842,
      "std": 1808.7419227903865,
      "var": 3271547.3432594645,
      "p10": 2,
      "p25": 2,
      "p50": 3,
      "p75": 56,
      "p90": 4661,
      "p95": 4748,
      "p99": 5037
    },
    "tokens_histogram": {
      "edges": [
        0,
        10,
        20,
        50,
        100,
        200,
        500,
        1000,
        2000,
        5000,
        10000,
        20000,
        40000
      ],
      "counts": [
        73,
        2,
        8,
        7,
        3,
        0,
        0,
        0,
        19,
        2,
        0,
        0
      ],
      "labels": [
        "[0,10)",
        "[10,20)",
        "[20,50)",
        "[50,100)",
        "[100,200)",
        "[200,500)",
        "[500,1000)",
        "[1000,2000)",
        "[2000,5000)",
        "[5000,10000)",
        "[10000,20000)",
        "[20000,40000)"
      ]
    },
    "tokens_raw": [
      24,
      4,
      106,
      6,
      2,
      2,
      2,
      2,
      2,
      4956,
      2,
      2,
      2,
      2,
      14,
      2,
      2,
      4673,
      2,
      2,
      2,
      6,
      2,
      3,
      2,
      4193,
      2,
      30,
      4527,
      50,
      153,
      79,
      78,
      43,
      28,
      104,
      92,
      60,
      4746,
      4655,
      2,
      3,
      2,
      2,
      2,
      2,
      2,
      3,
      2,
      3,
      3,
      2,
      2,
      56,
      4662,
      2,
      2,
      4749,
      4649,
      4661,
      4589,
      4,
      4698,
      4998,
      4281,
      4,
      3,
      2,
      2,
      2,
      2,
      2,
      2,
      11,
      4286,
      3,
      2,
      4621,
      3,
      2,
      5037,
      4,
      2,
      2,
      2,
      2,
      2,
      3,
      3,
      2,
      2,
      3,
      4595,
      4692,
      3,
      3,
      5101,
      4748,
      4,
      3,
      2,
      39,
      2,
      2,
      2,
      2,
      27,
      51,
      23,
      23,
      2,
      2,
      3,
      2
    ],
    "chars": {
      "n": 114,
      "min": 1,
      "max": 5100,
      "mean": 905.4736842105264,
      "std": 1796.0314742022265,
      "var": 3225729.056325023,
      "p10": 1,
      "p25": 1,
      "p50": 5,
      "p75": 262,
      "p90": 4660,
      "p95": 4747,
      "p99": 5036
    },
    "chars_histogram": {
      "edges": [
        0,
        50,
        100,
        250,
        500,
        1000,
        2500,
        5000,
        10000,
        25000,
        50000,
        100000,
        200000
      ],