{
  "primary_metric": "exact_match_flex",
  "n_items": 500,
  "n_items_correct": 255,
  "n_items_incorrect": 245,
  "n_items_unknown": 0,
  "n_generations": 500,
  "samples_per_item": [
    1
  ],
  "all_rollouts": {
    "tokens": {
      "n": 500,
      "min": 2,
      "max": 5149,
      "mean": 477.568,
      "std": 892.103994709137,
      "var": 795849.537376,
      "p10": 12,
      "p25": 181,
      "p50": 283,
      "p75": 410,
      "p90": 564,
      "p95": 2339,
      "p99": 5029
    },
    "tokens_histogram": {
      "edges": [
        0,
        10,
        20,
        50,
        100,
        200,
        500,
        1000,
        2000,
        5000,
        10000,
        20000,
        40000
      ],
      "counts": [
        32,
        34,
        12,
        7,
        53,
        291,
        44,
        1,
        21,
        5,
        0,
        0
      ],
      "labels": [
        "[0,10)",
        "[10,20)",
        "[20,50)",
        "[50,100)",
        "[100,200)",
        "[200,500)",
        "[500,1000)",
        "[1000,2000)",
        "[2000,5000)",
        "[5000,10000)",
        "[10000,20000)",
        "[20000,40000)"
      ]
    },
    "tokens_raw": [
      200,
      3953,
      353,
      260,
      8,
      204,
      293,
      687,
      285,
      43,
      37,
      241,
      8,
      235,
      328,
      305,
      174,
      19,
      9,
      323,
      145,
      288,
      688,
      475,
      6,
      540,
      3443,
      2,
      181,
      11,
      239,
      16,
      12,
      485,
      539,
      333,
      305,
      9,
      180,
      530,
      15,
      372,
      146,
      210,
      361,
      385,
      417,
      311,
      169,
      273,
      180,
      286,
      261,
      38,
      13,
      178,
      173,
      324,
      168,
      311,
      260,
      4891,
      357,
      482,
      209,
      8,
      273,
      267,
      288,
      652,
      325,
      305,
      183,
      233,
      5042,
      213,
      199,
      175,
      4200,
      199,
      282,
      321,
      464,
      157,
      396,
      405,
      10,
      218,
      5029,
      269,
      70,
      203,
      4758,
      327,
      142,
      628,
      267,
      6,
      180,
      620,
      178,
      331,
      186,
      480,
      428,
      8,
      163,
      193,
      2339,
      225,
      318,
      236,
      281,
      260,
      558,
      284,
      314,
      204,
      634,
      407,
      208,
      196,
      6,
      704,
      273,
      214,
      296,
      247,
      9,
      236,
      4100,
      368,
      112,
      12,
      564,
      263,
      409,
      391,
      270,
      404,
      356,
      274,
      13,
      630,
      217,
      492,
      234,
      304,
      185,
      11,
      285,
      448,
      289,
      205,
      771,
      353,
      218,
      2849,
      13,
      247,
      9,
      21,
      500,
      397,
      137,
      256,
      174,
      269,
      8,
      292,
      267,
      17,
      513,
      402,
      313,
      525,
      249,
      417,
      11,
      968,
      344,
      4036,
      229,
      751,
      267,
      168,
      421,
      6,
      93,
      4844,
      197,
      168,
      368,
      235,
      3550,
      300,
      2,
      539,
      8,
      248,
      5148,
      1420,
      10,
      391,
      240,
      716,
      382,
      11,
      265,
      236,
      16,
      222,
      474,
      261,
      8,
      462,
      397,
      182,
      283,
      15,
      6,
      266,
      316,
      3684,
      266,
      124,
      6,
      49,
      92,
      7,
      312,
      2869,
      218,
      395,
      306,
      505,
      228,
      499,
      466,
      595,
      207,
      280,
      956,
      202,
      392,
      687,
      10,
      304,
      726,
      5149,
      378,
      7,
      545,
      171,
      314,
      241,
      308,
      416,
      7,
      118,
      509,
      306,
      279,
      334,
      278,
      167,
      13,
      28,
      153,
      174,
      331,
      394,
      505,
      12,
      226,
      246,
      363,
      69,
      219,
      346,
      305,
      2,
      352,
      302,
      318,
      331,
      250,
      401,
      970,
      314,
      412,
      267,
      448,
      420,
      287,
      4133,
      28,
      446,
      343,
      206,
      11,
      10,
      35,
      431,
      479,
      261,
      346,
      55,
      418,
      189,
      344,
      453,
      14,
      260,
      257,
      332,
      478,
      20,
      336,
      228,
      274,
      279,
      239,
      202,
      348,
      499,
      362,
      323,
      284,
      207,
      280,
      532,
      422,
      416,
      436,
      627,
      246,
      217,
      294,
      4899,
      448,
      397,
      319,
      341,
      286,
      231,
      382,
      326,
      340,
      174,
      326,
      304,
      251,
      299,
      199,
      233,
      514,
      289,
      6,
      465,
      442,
      463,
      119,
      154,
      398,
      443,
      223,
      188,
      238,
      232,
      124,
      412,
      173,
      399,
      75,
      396,
      501,
      270,
      428,
      22,
      282,
      479,
      423,
      366,
      126,
      445,
      6,
      257,
      288,
      213,
      5073,
      560,
      493,
      11,
      10,
      224,
      265,
      244,
      9,
      10,
      359,
      483,
      335,
      10,
      8,
      278,
      10,
      322,
      2078,
      454,
      306,
      11,
      507,
      212,
      383,
      494,
      286,
      263,
      451,
      403,
      2508,
      4915,
      433,
      600,
      397,
      263,
      418,
      3,
      323,
      410,
      157,
      738,
      285,
      103,
      4961,
      346,
      351,
      10,
      152,
      247,
      267,
      9,
      200,
      239,
      105,
      23,
      4318,
      317,
      310,
      218,
      492,
      380,
      382,
      7,
      590,
      80,
      521,
      22,
      9,
      10,
      276,
      508,
      12,
      134,
      573,
      214,
      363,
      156,
      201,
      211,
      350,
      11,
      249,
      16,
      410,
      521,
      304,
      3772,
      431,
      228,
      342,
      278,
      477,
      283,
      211,
      104,
      337,
      206,
      203,
      527,
      456,
      7,
      108,
      486,
      434,
      325,
      493,
      295,
      276,
      296
    ],
    "chars": {
      "n": 500,
      "min": 1,
      "max": 17615,
      "mean": 1182.686,
      "std": 2122.327737038745,
      "var": 4504275.023404,
      "p10": 17,
      "p25": 521,
      "p50": 757,
      "p75": 1065,
      "p90": 1461,
      "p95": 4893,
      "p99": 12923
    },
    "chars_histogram": {
      "edges": [
        0,
        50,
        100,
        250,
        500,
        1000,
        2500,
        5000,
        10000,
        25000,
        50000,
        100000,
        200000
      ],
      "counts": [
        67,
        7,
        8,
        40,
        228,
        121,
        5,
        16,
        8,
        0,
        0,
        0
      ],
      "labels": [
        "[0,50)",
        "[50,100)",
        "[100,250)",
        "[250,500)",
        "[500,1000)",
        "[1000,2500)",
        "[2500,5000)",
        "[5000,10000)",
        "[10000,25000)",
        "[25000,50000)",
        "[50000,100000)",
        "[100000,200000)"
      ]
    }
  },
  "correct_rollouts": {
    "tokens": {
      "n": 255,
      "min": 6,
      "max": 970,
      "mean": 278.2980392156863,
      "std": 164.2938943529111,
      "var": 26992.48372164552,
      "p10": 37,
      "p25": 181,
      "p50": 265,
      "p75": 363,
      "p90": 493,
      "p95": 540,
      "p99": 751
    },