{
  "primary_metric": "pass_at_1",
  "n_items": 612,
  "n_items_correct": 39,
  "n_items_incorrect": 573,
  "n_items_unknown": 0,
  "n_generations": 612,
  "samples_per_item": [
    1
  ],
  "all_rollouts": {
    "tokens": {
      "n": 612,
      "min": 2,
      "max": 4315,
      "mean": 80.66176470588235,
      "std": 195.02323049700288,
      "var": 38034.06043348712,
      "p10": 10,
      "p25": 40,
      "p50": 71,
      "p75": 96,
      "p90": 125,
      "p95": 143,
      "p99": 205
    },
    "tokens_histogram": {
      "edges": [
        0,
        10,
        20,
        50,
        100,
        200,
        500,
        1000,
        2000,
        5000,
        10000,
        20000,
        40000
      ],
      "counts": [
        46,
        47,
        102,
        283,
        127,
        5,
        0,
        0,
        2,
        0,
        0,
        0
      ],
      "labels": [
        "[0,10)",
        "[10,20)",
        "[20,50)",
        "[50,100)",
        "[100,200)",
        "[200,500)",
        "[500,1000)",
        "[1000,2000)",
        "[2000,5000)",
        "[5000,10000)",
        "[10000,20000)",
        "[20000,40000)"
      ]
    },
    "tokens_raw": [
      64,
      96,
      38,
      2,
      126,
      45,
      113,
      119,
      94,
      65,
      47,
      82,
      113,
      105,
      101,
      91,
      63,
      95,
      106,
      55,
      133,
      89,
      88,
      53,
      87,
      95,
      76,
      57,
      36,
      3,
      68,
      31,
      60,
      27,
      107,
      83,
      96,
      110,
      97,
      57,
      102,
      94,
      46,
      43,
      72,
      179,
      104,
      40,
      58,
      88,
      84,
      92,
      119,
      73,
      75,
      102,
      96,
      74,
      96,
      35,
      67,
      51,
      134,
      50,
      116,
      110,
      90,
      57,
      95,
      156,
      88,
      41,
      83,
      77,
      73,
      93,
      66,
      88,
      89,
      125,
      127,
      94,
      75,
      52,
      44,
      88,
      105,
      39,
      64,
      108,
      104,
      80,
      37,
      101,
      126,
      73,
      127,
      52,
      74,
      74,
      109,
      100,
      47,
      103,
      34,
      136,
      129,
      70,
      83,
      102,
      102,
      130,
      87,
      72,
      76,
      87,
      64,
      82,
      70,
      89,
      85,
      62,
      118,
      77,
      89,
      88,
      117,
      77,
      82,
      36,
      70,
      84,
      79,
      91,
      92,
      66,
      95,
      61,
      119,
      77,
      70,
      84,
      30,
      100,
      72,
      147,
      45,
      106,
      63,
      107,
      56,
      47,
      66,
      88,
      72,
      72,
      212,
      94,
      104,
      149,
      74,
      84,
      65,
      118,
      70,
      47,
      118,
      90,
      63,
      73,
      56,
      93,
      96,
      148,
      36,
      67,
      85,
      67,
      113,
      21,
      82,
      88,
      58,
      69,
      41,
      59,
      59,
      118,
      47,
      91,
      92,
      10,
      45,
      112,
      296,
      37,
      27,
      2,
      10,
      87,
      78,
      10,
      87,
      10,
      2,
      73,
      10,
      59,
      175,
      2,
      196,
      2,
      13,
      75,
      63,
      2,
      2,
      79,
      35,
      91,
      27,
      71,
      65,
      10,
      10,
      85,
      45,
      50,
      4315,
      89,
      2,
      94,
      137,
      32,
      10,
      49,
      10,
      108,
      42,
      135,
      2,
      40,
      2,
      28,
      58,
      86,
      37,
      139,
      154,
      51,
      58,
      100,
      76,
      2,
      176,
      37,
      133,
      120,
      120,
      2,
      99,
      2,
      143,
      36,
      28,
      80,
      10,
      249,
      2,
      10,
      59,
      10,
      84,
      114,
      82,
      109,
      10,
      10,
      2,
      25,
      75,
      2,
      92,
      100,
      63,
      2,
      72,
      86,
      10,
      47,
      66,
      91,
      10,
      156,
      45,
      10,
      69,
      57,
      10,
      44,
      76,
      2,
      85,
      63,
      2,
      21,
      106,
      10,
      101,
      101,
      10,
      40,
      68,
      82,
      2,
      2,
      34,
      47,
      10,
      10,
      127,
      45,
      103,
      2,
      31,
      10,
      16,
      45,
      65,
      134,
      34,
      2,
      44,
      66,
      73,
      164,
      2,
      79,
      112,
      61,
      2,
      119,
      69,
      107,
      82,
      2,
      17,
      81,
      49,
      29,
      2,
      29,
      63,
      84,
      10,
      2,
      21,
      2,
      55,
      35,
      24,
      22,
      36,
      99,
      98,
      38,
      2,
      156,
      57,
      36,
      2,
      143,
      87,
      62,
      10,
      24,
      2,
      10,
      123,
      49,
      69,
      13,
      38,
      111,
      32,
      10,
      170,
      46,
      2,
      10,
      44,
      10,
      2,
      70,
      2,
      35,
      63,
      3,
      10,
      10,
      2,
      24,
      140,
      10,
      90,
      55,
      22,
      132,
      85,
      167,
      46,
      60,
      73,
      53,
      72,
      38,
      10,
      131,
      55,
      311,
      143,
      43,
      31,
      98,
      2,
      10,
      2105,
      110,
      50,
      86,
      119,
      10,
      2,
      10,
      60,
      106,
      205,
      139,
      58,
      2,
      10,
      90,
      10,
      76,
      60,
      111,
      74,
      89,
      42,
      56,
      140,
      10,
      2,
      86,
      168,
      39,
      84,
      101,
      56,
      83,
      115,
      53,
      74,
      118,
      70,
      98,
      33,
      79,
      124,
      55,
      78,
      96,
      107,
      110,
      45,
      122,
      62,
      57,
      143,
      69,
      126,
      114,
      94,
      96,
      74,
      84,
      46,
      73,
      55,
      31,
      52,
      113,
      141,
      102,
      78,
      63,
      75,
      95,
      56,
      62,
      63,
      61,
      140,
      41,
      65,
      99,
      115,
      64,
      80,
      75,
      84,
      51,
      54,
      80,
      10,
      85,
      2,
      57,
      34,
      53,
      120,
      63,
      2,
      2,
      147,
      34,
      10,
      71,
      2,
      44,
      132,
      61,
      97,
      39,
      41,
      110,
      47,
      126,
      52,
      65,
      48,
      141,
      183,
      125,
      10,
      66,
      146,
      45,
      61,
      71,
      96,
      40,
      103,
      178,
      152,
      46,
      93,
      105,
      60,
      41,
      71,
      83,
      10,
      52,
      86,
      67,
      74,
      65,
      94,
      95,
      78,
      95,
      76,
      71,
      147,
      35,
      55,
      80,
      38,
      59,
      83,
      98,
      121,
      80,
      35,
      80,
      94,
      66,
      35,
      88,
      86,
      89,
      39,
      168,
      89,
      97,
      89,
      55,
      92,
      91,
      34,
      82,
      28,
      77,
      71,
      75,
      43,
      53,
      60,
      105,
      162,
      99
    ],
    "chars": {
      "n": 612,
      "min": 2,
      "max": 13025,
      "mean": 271.1519607843137,
      "std": 557.6298243687895,
      "var": 310951.0210255671,
      "p10": 30,
      "p25": 124,
      "p50": 245,
      "p75": 348,
      "p90": 440,
      "p95": 506,
      "p99": 793
    },
    "chars_histogram": {
      "edges": [
        0,
        50,
        100,
        250,
        500,
        1000,
        2500,
        5000,
        10000,
        25000,
        50000,
        100000,
        200000
      ],