{
  "primary_metric": "prompt_level_loose_acc",
  "n_items": 300,
  "n_items_correct": 118,
  "n_items_incorrect": 182,
  "n_items_unknown": 0,
  "n_generations": 300,
  "samples_per_item": [
    1
  ],
  "all_rollouts": {
    "tokens": {
      "n": 300,
      "min": 2,
      "max": 5566,
      "mean": 915.81,
      "std": 1874.4449526637657,
      "var": 3513543.880566667,
      "p10": 2,
      "p25": 2,
      "p50": 3,
      "p75": 82,
      "p90": 4728,
      "p95": 5078,
      "p99": 5146
    },
    "tokens_histogram": {
      "edges": [
        0,
        10,
        20,
        50,
        100,
        200,
        500,
        1000,
        2000,
        5000,
        10000,
        20000,
        40000
      ],
      "counts": [
        188,
        8,
        21,
        12,
        10,
        5,
        0,
        0,
        36,
        20,
        0,
        0
      ],
      "labels": [
        "[0,10)",
        "[10,20)",
        "[20,50)",
        "[50,100)",
        "[100,200)",
        "[200,500)",
        "[500,1000)",
        "[1000,2000)",
        "[2000,5000)",
        "[5000,10000)",
        "[10000,20000)",
        "[20000,40000)"
      ]
    },
    "tokens_raw": [
      30,
      5146,
      3,
      3,
      5,
      2,
      3,
      3,
      133,
      3,
      21,
      3,
      2,
      4657,
      4,
      3,
      2,
      4,
      2,
      4405,
      2,
      2,
      2,
      2,
      2,
      3,
      105,
      2,
      2,
      2,
      28,
      51,
      3,
      2,
      4738,
      74,
      4497,
      2,
      3,
      54,
      423,
      2,
      5035,
      2,
      18,
      26,
      2,
      2,
      2,
      2,
      2,
      2,
      4411,
      4918,
      2,
      4588,
      2,
      2,
      2,
      2,
      2,
      2,
      2,
      3,
      2,
      4522,
      4701,
      5078,
      5076,
      4607,
      21,
      4643,
      4686,
      3,
      22,
      248,
      2,
      3,
      3,
      3,
      2,
      2,
      3,
      2,
      2,
      2,
      19,
      2,
      2,
      3,
      2,
      2,
      3,
      3,
      2,
      139,
      31,
      135,
      3,
      44,
      2,
      3,
      2,
      2,
      2,
      2,
      2,
      2,
      219,
      3,
      28,
      4479,
      2,
      2,
      3,
      2,
      48,
      3,
      3,
      3,
      3,
      2,
      2,
      2,
      30,
      4542,
      48,
      134,
      198,
      29,
      34,
      86,
      96,
      108,
      47,
      64,
      28,
      29,
      14,
      14,
      50,
      23,
      19,
      4,
      4705,
      3,
      2,
      97,
      2,
      2,
      152,
      4955,
      3,
      2,
      4689,
      11,
      3,
      9,
      5059,
      5145,
      2,
      3,
      2,
      5103,
      2,
      2,
      2,
      2,
      3,
      2,
      2,
      5070,
      3,
      2,
      2,
      58,
      4226,
      3,
      4385,
      3,
      3,
      5108,
      5093,
      3,
      3,
      7,
      3,
      3,
      3,
      3,
      4638,
      2,
      3,
      4,
      5153,
      3,
      4,
      3,
      4715,
      3,
      2,
      12,
      2,
      2,
      2,
      2,
      3,
      3,
      4522,
      5111,
      3,
      3,
      3,
      2,
      2,
      4733,
      4441,
      2,
      4728,
      2,
      2,
      2,
      2,
      2,
      4539,
      4,
      3,
      2,
      5566,
      3,
      3,
      2,
      4728,
      2,
      4631,
      2,
      4583,
      4547,
      4952,
      4946,
      3,
      6,
      6,
      6,
      2,
      3,
      2,
      2,
      4981,
      4956,
      2,
      2,
      2,
      3,
      2,
      2,
      2,
      4757,
      13,
      4,
      2,
      2,
      9,
      3,
      2,
      3,
      4,
      5099,
      2,
      3,
      73,
      5014,
      5138,
      5112,
      104,
      3,
      5139,
      33,
      82,
      2,
      31,
      3,
      2,
      5120,
      5098,
      3,
      3,
      2,
      2,
      2,
      2,
      2,
      166,
      209,
      272,
      55,
      4678,
      3,
      2,
      24
    ],
    "chars": {
      "n": 300,
      "min": 1,
      "max": 21867,
      "mean": 1043.8366666666666,
      "std": 2267.279038110562,
      "var": 5140554.236655556,
      "p10": 1,
      "p25": 7,
      "p50": 10,
      "p75": 319,
      "p90": 4743,
      "p95": 5092,
      "p99": 5152
    },
    "chars_histogram": {
      "edges": [
        0,
        50,
        100,
        250,
        500,
        1000,
        2500,
        5000,
        10000,
        25000,
        50000,
        100000,
        200000
      ],
      "counts": [
        194,
        10,
        16,
        13,
        7,
        4,
        34,
        20,
        2,
        0,
        0,
        0
      ],
      "labels": [
        "[0,50)",
        "[50,100)",
        "[100,250)",
        "[250,500)",
        "[500,1000)",
        "[1000,2500)",
        "[2500,5000)",
        "[5000,10000)",
        "[10000,25000)",
        "[25000,50000)",
        "[50000,100000)",
        "[100000,200000)"
      ]
    }
  },
  "correct_rollouts": {
    "tokens": {
      "n": 118,
      "min": 2,
      "max": 5108,
      "mean": 463.79661016949154,
      "std": 1391.741127297831,
      "var": 1936943.3654122378,
      "p10": 2,
      "p25": 2,
      "p50": 3,
      "p75": 22,
      "p90": 272,
      "p95": 4728,
      "p99": 5103
    },
    "tokens_histogram": {
      "edges": [
        0,
        10,
        20,
        50,
        100,
        200,
        500,
        1000,
        2000,
        5000,
        10000,
        20000,
        40000
      ],
      "counts": [
        83,
        5,
        8,
        5,
        4,
        2,
        0,
        0,
        6,
        5,
        0,
        0
      ],
      "labels": [
        "[0,10)",
        "[10,20)",
        "[20,50)",
        "[50,100)",
        "[100,200)",
        "[200,500)",
        "[500,1000)",
        "[1000,2000)",
        "[2000,5000)",
        "[5000,10000)",
        "[10000,20000)",
        "[20000,40000)"
      ]
    },
    "tokens_raw": [
      4,
      105,
      2,
      2,
      2,
      2,
      2,
      3,
      22,
      2,
      3,
      3,
      3,
      19,
      2,
      2,
      3,
      2,
      2,
      3,
      2,
      28,
      2,
      3,
      2,
      48,
      3,
      48,
      134,
      198,
      29,
      34,
      86,
      96,
      47,
      64,
      14,
      14,
      50,
      23,
      19,
      2,
      4689,
      11,
      3,
      2,
      3,
      2,
      5103,
      2,
      2,
      5070,
      3,
      2,
      2,
      4226,
      3,
      4385,
      3,
      3,
      5108,
      5093,
      3,
      3,
      7,
      3,
      3,
      2,
      2,
      2,
      2,
      3,
      3,
      3,
      2,
      2,
      2,
      2,
      2,
      2,
      4539,
      4,
      3,
      2,
      3,
      3,
      2,
      4728,
      2,
      6,
      6,
      6,
      2,
      3,
      2,
      2,
      3,
      2,
      2,
      2,
      3,
      2,
      3,
      4,
      5099,
      2,
      3,
      2,
      2,
      2,
      2,
      166,
      209,
      272,
      55,
      4678,
      3,
      2
    ],
    "chars": {
      "n": 118,
      "min": 1,
      "max": 10805,
      "mean": 577.0,
      "std": 1644.0506095554542,
      "var": 2702902.406779661,
      "p10": 1,
      "p25": 2,
      "p50": 10,
      "p75": 80,
      "p90": 1225,
      "p95": 5069,
      "p99": 5107
    },
    "chars_histogram": {
      "edges": [
        0,
        50,
        100,
        250,
        500,
        1000,
        2500,
        5000,
        10000,
        25000,
        50000,
        100000,
        200000
      ],
      "counts": [
        86,
        4,
        5,
        7,
        3,
        2,
        5,
        5,
        1,
        0,
        0,
        0
      ],