{
  "primary_metric": "exact_match_flex",
  "n_items": 500,
  "n_items_correct": 115,
  "n_items_incorrect": 385,
  "n_items_unknown": 0,
  "n_generations": 500,
  "samples_per_item": [
    1
  ],
  "all_rollouts": {
    "tokens": {
      "n": 500,
      "min": 2,
      "max": 5250,
      "mean": 2262.802,
      "std": 1979.889876431515,
      "var": 3919963.922796,
      "p10": 181,
      "p25": 309,
      "p50": 1738,
      "p75": 4218,
      "p90": 4812,
      "p95": 4919,
      "p99": 5076
    },
    "tokens_histogram": {
      "edges": [
        0,
        10,
        20,
        50,
        100,
        200,
        500,
        1000,
        2000,
        5000,
        10000,
        20000,
        40000
      ],
      "counts": [
        19,
        1,
        2,
        3,
        31,
        146,
        38,
        17,
        236,
        7,
        0,
        0
      ],
      "labels": [
        "[0,10)",
        "[10,20)",
        "[20,50)",
        "[50,100)",
        "[100,200)",
        "[200,500)",
        "[500,1000)",
        "[1000,2000)",
        "[2000,5000)",
        "[5000,10000)",
        "[10000,20000)",
        "[20000,40000)"
      ]
    },
    "tokens_raw": [
      290,
      2102,
      3569,
      4,
      429,
      4197,
      4938,
      124,
      386,
      117,
      1724,
      4731,
      226,
      4779,
      2863,
      266,
      132,
      4823,
      4953,
      248,
      4525,
      5076,
      592,
      619,
      4456,
      463,
      464,
      309,
      173,
      5123,
      3300,
      2711,
      236,
      4945,
      1078,
      422,
      4124,
      4122,
      323,
      4910,
      4131,
      1020,
      299,
      2095,
      4364,
      290,
      589,
      723,
      201,
      349,
      4901,
      359,
      264,
      1738,
      23,
      238,
      118,
      4140,
      300,
      4902,
      324,
      3599,
      4273,
      657,
      242,
      80,
      4384,
      4943,
      343,
      323,
      3728,
      4118,
      3,
      4045,
      635,
      4233,
      3085,
      175,
      414,
      4061,
      456,
      484,
      312,
      177,
      2,
      4667,
      233,
      343,
      256,
      1786,
      103,
      273,
      4418,
      595,
      4664,
      2446,
      1185,
      4852,
      196,
      4541,
      217,
      3327,
      180,
      4323,
      4865,
      320,
      4218,
      4450,
      417,
      3479,
      1618,
      4107,
      446,
      5149,
      664,
      2364,
      3093,
      283,
      281,
      270,
      273,
      385,
      4087,
      397,
      4064,
      275,
      4,
      4075,
      154,
      3932,
      270,
      607,
      4013,
      350,
      688,
      4556,
      4344,
      4605,
      4877,
      4944,
      267,
      4179,
      305,
      2125,
      173,
      4733,
      3245,
      2434,
      1991,
      4887,
      3893,
      461,
      316,
      5,
      230,
      545,
      299,
      4619,
      940,
      4132,
      471,
      150,
      4141,
      3904,
      3647,
      4224,
      270,
      323,
      2765,
      4749,
      4028,
      4139,
      525,
      382,
      369,
      2095,
      5052,
      181,
      4624,
      1611,
      292,
      239,
      6,
      8,
      255,
      186,
      4928,
      385,
      4657,
      4324,
      605,
      127,
      4,
      324,
      4964,
      492,
      3594,
      366,
      3989,
      4726,
      4966,
      549,
      4143,
      4887,
      322,
      1913,
      472,
      4349,
      4147,
      4065,
      394,
      303,
      4809,
      178,
      5140,
      279,
      4125,
      211,
      5,
      4468,
      4036,
      2164,
      4630,
      4528,
      4669,
      4962,
      220,
      4887,
      509,
      4119,
      390,
      4491,
      4449,
      4862,
      397,
      573,
      4191,
      804,
      4089,
      4240,
      340,
      364,
      4929,
      179,
      4860,
      4158,
      321,
      651,
      4819,
      4953,
      4647,
      4082,
      4152,
      4181,
      232,
      6,
      308,
      4452,
      1449,
      213,
      1231,
      172,
      216,
      4042,
      250,
      153,
      4503,
      4874,
      4141,
      220,
      4209,
      404,
      4785,
      4901,
      4883,
      304,
      482,
      91,
      243,
      887,
      4499,
      304,
      4322,
      4762,
      2946,
      1922,
      204,
      4919,
      4326,
      3060,
      4236,
      347,
      4022,
      290,
      4364,
      4421,
      865,
      3820,
      4567,
      3134,
      3,
      11,
      150,
      4135,
      4440,
      323,
      390,
      4908,
      3994,
      1542,
      4325,
      612,
      4157,
      436,
      348,
      4076,
      4144,
      408,
      4774,
      253,
      163,
      4862,
      2128,
      4224,
      4728,
      4150,
      4194,
      469,
      255,
      194,
      4103,
      2,
      1967,
      328,
      378,
      384,
      3987,
      342,
      4144,
      4882,
      505,
      4081,
      4128,
      3120,
      467,
      778,
      479,
      4422,
      288,
      229,
      304,
      4782,
      4385,
      428,
      579,
      4024,
      557,
      371,
      195,
      479,
      4747,
      2,
      4057,
      253,
      4013,
      3946,
      380,
      145,
      245,
      236,
      4596,
      437,
      252,
      4409,
      162,
      559,
      3,
      358,
      2,
      4148,
      4874,
      990,
      4608,
      648,
      4040,
      537,
      4122,
      4183,
      348,
      1788,
      291,
      563,
      4831,
      4319,
      4857,
      267,
      371,
      389,
      136,
      4043,
      4215,
      501,
      3353,
      4635,
      3,
      189,
      3629,
      3,
      4055,
      4586,
      2202,
      4579,
      349,
      302,
      851,
      624,
      4086,
      4551,
      368,
      465,
      4275,
      1528,
      4214,
      4138,
      21,
      4152,
      4182,
      4099,
      369,
      3809,
      4976,
      725,
      297,
      124,
      3315,
      4011,
      4111,
      4172,
      4,
      316,
      331,
      375,
      249,
      4561,
      3992,
      4395,
      4687,
      4308,
      3984,
      2612,
      4066,
      4707,
      4362,
      4920,
      595,
      4040,
      4980,
      4270,
      4089,
      4110,
      159,
      4898,
      89,
      104,
      713,
      4501,
      406,
      235,
      4083,
      437,
      272,
      2923,
      4979,
      5250,
      3,
      231,
      254,
      239,
      4130,
      276,
      4116,
      242,
      3596,
      5061,
      4200,
      4798,
      297,
      250,
      4933,
      687,
      4152,
      4812,
      469,
      4389,
      206,
      405,
      2361,
      349,
      4930,
      4887
    ],
    "chars": {
      "n": 500,
      "min": 9,
      "max": 49488,
      "mean": 11014.234,
      "std": 12583.635225611239,
      "var": 158347875.491244,
      "p10": 551,
      "p25": 885,
      "p50": 4784,
      "p75": 20111,
      "p90": 29699,
      "p95": 38453,
      "p99": 44692
    },
    "chars_histogram": {
      "edges": [
        0,
        50,
        100,
        250,
        500,
        1000,
        2500,
        5000,
        10000,
        25000,
        50000,
        100000,
        200000
      ],
      "counts": [
        20,
        2,
        2,
        20,
        105,
        87,
        18,
        43,
        124,
        79,
        0,
        0
      ],
      "labels": [
        "[0,50)",
        "[50,100)",
        "[100,250)",
        "[250,500)",
        "[500,1000)",
        "[1000,2500)",
        "[2500,5000)",
        "[5000,10000)",
        "[10000,25000)",
        "[25000,50000)",
        "[50000,100000)",
        "[100000,200000)"
      ]
    }
  },
  "correct_rollouts": {
    "tokens": {
      "n": 115,