{
  "primary_metric": "prompt_level_loose_acc",
  "n_items": 300,
  "n_items_correct": 122,
  "n_items_incorrect": 178,
  "n_items_unknown": 0,
  "n_generations": 300,
  "samples_per_item": [
    1
  ],
  "all_rollouts": {
    "tokens": {
      "n": 300,
      "min": 2,
      "max": 5099,
      "mean": 174.88333333333333,
      "std": 867.0503386322055,
      "var": 751776.2897222223,
      "p10": 2,
      "p25": 2,
      "p50": 2,
      "p75": 4,
      "p90": 58,
      "p95": 223,
      "p99": 4907
    },
    "tokens_histogram": {
      "edges": [
        0,
        10,
        20,
        50,
        100,
        200,
        500,
        1000,
        2000,
        5000,
        10000,
        20000,
        40000
      ],
      "counts": [
        239,
        11,
        16,
        14,
        4,
        6,
        0,
        0,
        8,
        2,
        0,
        0
      ],
      "labels": [
        "[0,10)",
        "[10,20)",
        "[20,50)",
        "[50,100)",
        "[100,200)",
        "[200,500)",
        "[500,1000)",
        "[1000,2000)",
        "[2000,5000)",
        "[5000,10000)",
        "[10000,20000)",
        "[20000,40000)"
      ]
    },
    "tokens_raw": [
      24,
      24,
      18,
      18,
      7,
      2,
      2,
      2,
      2,
      2,
      5,
      2,
      3,
      2,
      2,
      2,
      2,
      3,
      2,
      2,
      2,
      2,
      2,
      2,
      2,
      3,
      105,
      6,
      2,
      2,
      27,
      51,
      2,
      6,
      229,
      74,
      2,
      65,
      2,
      2,
      208,
      2,
      2,
      41,
      5,
      23,
      2,
      2,
      2,
      2,
      2,
      2,
      4542,
      2,
      2,
      2,
      2,
      2,
      3,
      2,
      2,
      2,
      2,
      2,
      2,
      2,
      2,
      2,
      2,
      2,
      2,
      2,
      2,
      2,
      22,
      277,
      2,
      2,
      2,
      2,
      2,
      2,
      3,
      2,
      2,
      3,
      2,
      2,
      2,
      2,
      2,
      2,
      2,
      58,
      2,
      98,
      2,
      3,
      2,
      53,
      2,
      3,
      2,
      2,
      2,
      3,
      8,
      2,
      2,
      2,
      85,
      2,
      2,
      2,
      2,
      2,
      13,
      2,
      2,
      2,
      2,
      2,
      4907,
      3,
      2,
      2,
      33,
      143,
      37,
      29,
      10,
      81,
      71,
      5064,
      68,
      33,
      4,
      56,
      13,
      14,
      10,
      43,
      19,
      2,
      2,
      2,
      2,
      4904,
      4,
      3,
      3,
      3,
      4,
      2,
      26,
      2,
      2,
      2,
      2,
      2,
      2,
      2,
      2,
      2,
      2,
      2,
      2,
      2,
      2,
      2,
      2,
      2,
      2,
      2,
      2,
      59,
      4833,
      2,
      3,
      2,
      225,
      5099,
      4703,
      6,
      2,
      49,
      3,
      3,
      2,
      6,
      2,
      5,
      4,
      4,
      4,
      3,
      4,
      3,
      4,
      3,
      2,
      2,
      2,
      2,
      2,
      2,
      2,
      2,
      2,
      2,
      2,
      2,
      2,
      2,
      2,
      2,
      2,
      2,
      2,
      2,
      2,
      2,
      2,
      2,
      2,
      2,
      2,
      2,
      223,
      2,
      2,
      2,
      3,
      2,
      2,
      3,
      2,
      2,
      3,
      2,
      4885,
      2,
      2,
      2,
      2,
      2,
      2,
      2,
      2,
      2,
      2,
      2,
      2,
      2,
      2,
      2,
      2,
      2,
      2,
      2,
      2,
      2,
      2,
      2,
      2,
      2,
      2,
      2,
      2,
      2,
      51,
      2,
      2,
      4746,
      120,
      3,
      263,
      11,
      39,
      2,
      39,
      44,
      2,
      4685,
      2,
      2,
      2,
      2,
      2,
      2,
      2,
      2,
      12,
      137,
      12,
      61,
      2,
      2,
      2,
      2
    ],
    "chars": {
      "n": 300,
      "min": 1,
      "max": 30095,
      "mean": 404.1433333333333,
      "std": 2471.323114471724,
      "var": 6107437.936122222,
      "p10": 1,
      "p25": 1,
      "p50": 2,
      "p75": 10,
      "p90": 277,
      "p95": 654,
      "p99": 18621
    },
    "chars_histogram": {
      "edges": [
        0,
        50,
        100,
        250,
        500,
        1000,
        2500,
        5000,
        10000,
        25000,
        50000,
        100000,
        200000
      ],
      "counts": [
        246,
        12,
        12,
        14,
        4,
        2,
        5,
        2,
        2,
        1,
        0,
        0
      ],
      "labels": [
        "[0,50)",
        "[50,100)",
        "[100,250)",
        "[250,500)",
        "[500,1000)",
        "[1000,2500)",
        "[2500,5000)",
        "[5000,10000)",
        "[10000,25000)",
        "[25000,50000)",
        "[50000,100000)",
        "[100000,200000)"
      ]
    }
  },
  "correct_rollouts": {
    "tokens": {
      "n": 122,
      "min": 2,
      "max": 5099,
      "mean": 176.7295081967213,
      "std": 875.5592876433021,
      "var": 766604.0661784466,
      "p10": 2,
      "p25": 2,
      "p50": 2,
      "p75": 10,
      "p90": 68,
      "p95": 143,
      "p99": 5064
    },
    "tokens_histogram": {
      "edges": [
        0,
        10,
        20,
        50,
        100,
        200,
        500,
        1000,
        2000,
        5000,
        10000,
        20000,
        40000
      ],
      "counts": [
        91,
        8,
        9,
        4,
        4,
        2,
        0,
        0,
        2,
        2,
        0,
        0
      ],
      "labels": [
        "[0,10)",
        "[10,20)",
        "[20,50)",
        "[50,100)",
        "[100,200)",
        "[200,500)",
        "[500,1000)",
        "[1000,2000)",
        "[2000,5000)",
        "[5000,10000)",
        "[10000,20000)",
        "[20000,40000)"
      ]
    },
    "tokens_raw": [
      24,
      24,
      105,
      6,
      2,
      2,
      2,
      2,
      2,
      2,
      22,
      2,
      2,
      2,
      2,
      2,
      2,
      2,
      2,
      2,
      3,
      2,
      2,
      2,
      2,
      13,
      2,
      33,
      143,
      37,
      29,
      10,
      81,
      71,
      5064,
      68,
      33,
      13,
      14,
      10,
      19,
      2,
      2,
      2,
      2,
      2,
      2,
      2,
      2,
      2,
      2,
      2,
      2,
      2,
      2,
      4833,
      2,
      3,
      2,
      225,
      5099,
      4703,
      6,
      2,
      49,
      3,
      3,
      2,
      2,
      2,
      2,
      2,
      2,
      2,
      2,
      2,
      2,
      2,
      2,
      2,
      2,
      2,
      2,
      2,
      2,
      2,
      3,
      2,
      2,
      2,
      2,
      2,
      2,
      2,
      2,
      2,
      2,
      2,
      2,
      2,
      2,
      2,
      2,
      2,
      2,
      2,
      2,
      120,
      263,
      39,
      2,
      2,
      2,
      2,
      12,
      137,
      12,
      61,
      2,
      2,
      2,
      2
    ],
    "chars": {
      "n": 122,
      "min": 1,
      "max": 30095,
      "mean": 529.8770491803278,
      "std": 3224.658943912554,
      "var": 10398425.304555228,
      "p10": 1,
      "p25": 1,
      "p50": 4,
      "p75": 23,
      "p90": 334,
      "p95": 608,
      "p99": 18621
    },
    "chars_histogram": {
      "edges": [
        0,
        50,
        100,
        250,
        500,
        1000,
        2500,
        5000,
        10000,
        25000,
        50000,
        100000,
        200000
      ],
      "counts": [
        97,
        6,
        6,
        6,
        3,
        0,
        1,
        1,
        1,
        1,
        0,
        0
      ],