{
  "primary_metric": "exact_match_flex",
  "n_items": 500,
  "n_items_correct": 120,
  "n_items_incorrect": 380,
  "n_items_unknown": 0,
  "n_generations": 500,
  "samples_per_item": [
    1
  ],
  "all_rollouts": {
    "tokens": {
      "n": 500,
      "min": 5,
      "max": 53,
      "mean": 8.476,
      "std": 4.535793646099875,
      "var": 20.573424,
      "p10": 6,
      "p25": 6,
      "p50": 7,
      "p75": 9,
      "p90": 12,
      "p95": 16,
      "p99": 30
    },
    "tokens_histogram": {
      "edges": [
        0,
        10,
        20,
        50,
        100,
        200,
        500,
        1000,
        2000,
        5000,
        10000,
        20000,
        40000
      ],
      "counts": [
        390,
        94,
        15,
        1,
        0,
        0,
        0,
        0,
        0,
        0,
        0,
        0
      ],
      "labels": [
        "[0,10)",
        "[10,20)",
        "[20,50)",
        "[50,100)",
        "[100,200)",
        "[200,500)",
        "[500,1000)",
        "[1000,2000)",
        "[2000,5000)",
        "[5000,10000)",
        "[10000,20000)",
        "[20000,40000)"
      ]
    },
    "tokens_raw": [
      12,
      10,
      11,
      6,
      7,
      8,
      6,
      7,
      10,
      7,
      9,
      11,
      8,
      7,
      6,
      10,
      7,
      6,
      7,
      6,
      10,
      9,
      6,
      6,
      6,
      6,
      9,
      8,
      10,
      7,
      9,
      11,
      8,
      10,
      9,
      6,
      6,
      7,
      9,
      7,
      7,
      7,
      7,
      8,
      9,
      6,
      6,
      6,
      10,
      7,
      8,
      33,
      6,
      11,
      9,
      6,
      7,
      8,
      9,
      7,
      11,
      8,
      6,
      6,
      6,
      6,
      41,
      9,
      7,
      6,
      9,
      9,
      6,
      23,
      6,
      10,
      6,
      6,
      10,
      6,
      6,
      6,
      10,
      8,
      6,
      8,
      8,
      6,
      6,
      7,
      7,
      6,
      13,
      7,
      9,
      6,
      6,
      6,
      10,
      23,
      8,
      7,
      12,
      9,
      6,
      8,
      10,
      7,
      6,
      9,
      6,
      8,
      7,
      9,
      7,
      9,
      6,
      6,
      7,
      6,
      6,
      6,
      6,
      6,
      11,
      6,
      12,
      11,
      6,
      7,
      6,
      6,
      6,
      8,
      7,
      6,
      6,
      9,
      10,
      6,
      6,
      6,
      9,
      14,
      11,
      6,
      10,
      7,
      7,
      7,
      6,
      8,
      7,
      11,
      9,
      10,
      7,
      7,
      9,
      6,
      7,
      6,
      11,
      11,
      9,
      12,
      11,
      7,
      6,
      7,
      6,
      12,
      8,
      6,
      6,
      6,
      14,
      7,
      7,
      19,
      6,
      11,
      9,
      7,
      10,
      6,
      6,
      6,
      6,
      7,
      10,
      6,
      7,
      6,
      16,
      8,
      9,
      6,
      9,
      7,
      8,
      7,
      10,
      6,
      6,
      23,
      13,
      7,
      6,
      7,
      6,
      7,
      7,
      6,
      8,
      6,
      6,
      17,
      11,
      10,
      6,
      7,
      6,
      6,
      6,
      7,
      6,
      6,
      8,
      7,
      6,
      6,
      6,
      7,
      6,
      12,
      7,
      7,
      11,
      7,
      7,
      7,
      10,
      6,
      6,
      9,
      7,
      6,
      26,
      6,
      7,
      7,
      8,
      10,
      8,
      6,
      13,
      8,
      7,
      7,
      7,
      7,
      6,
      7,
      12,
      9,
      10,
      8,
      6,
      6,
      7,
      8,
      9,
      8,
      7,
      7,
      6,
      9,
      8,
      7,
      6,
      9,
      8,
      20,
      5,
      8,
      6,
      8,
      6,
      7,
      6,
      7,
      6,
      17,
      7,
      7,
      8,
      8,
      27,
      7,
      7,
      8,
      6,
      7,
      7,
      10,
      6,
      12,
      10,
      7,
      6,
      6,
      10,
      7,
      9,
      6,
      6,
      6,
      30,
      7,
      12,
      8,
      6,
      10,
      8,
      6,
      6,
      8,
      6,
      9,
      9,
      11,
      6,
      6,
      8,
      6,
      10,
      6,
      11,
      7,
      7,
      6,
      6,
      10,
      6,
      6,
      9,
      18,
      9,
      9,
      6,
      10,
      7,
      8,
      9,
      7,
      10,
      7,
      6,
      6,
      6,
      6,
      10,
      6,
      17,
      6,
      6,
      6,
      7,
      8,
      7,
      6,
      9,
      20,
      6,
      7,
      9,
      6,
      6,
      13,
      28,
      10,
      10,
      21,
      12,
      7,
      6,
      7,
      6,
      10,
      7,
      6,
      7,
      10,
      6,
      6,
      6,
      7,
      7,
      10,
      10,
      6,
      6,
      6,
      6,
      7,
      6,
      6,
      20,
      7,
      6,
      7,
      8,
      9,
      7,
      6,
      10,
      6,
      15,
      53,
      18,
      7,
      15,
      9,
      8,
      16,
      10,
      7,
      7,
      7,
      8,
      13,
      6,
      12,
      8,
      15,
      6,
      6,
      6,
      36,
      28,
      9,
      6,
      7,
      10,
      6,
      6,
      6,
      6,
      7,
      6,
      12,
      8,
      7,
      13,
      6,
      9,
      6,
      7,
      10,
      7,
      7,
      6,
      6,
      6,
      7,
      6,
      6,
      7,
      7,
      16,
      7,
      14,
      6,
      6,
      8,
      8,
      6,
      6,
      7,
      6,
      7,
      8,
      6,
      6,
      6,
      8,
      6,
      7,
      9,
      7,
      8,
      9,
      7,
      6,
      11,
      6,
      16,
      6,
      10
    ],
    "chars": {
      "n": 500,
      "min": 9,
      "max": 116,
      "mean": 13.338,
      "std": 8.857299588475033,
      "var": 78.451756,
      "p10": 9,
      "p25": 9,
      "p50": 10,
      "p75": 13,
      "p90": 21,
      "p95": 27,
      "p99": 54
    },
    "chars_histogram": {
      "edges": [
        0,
        50,
        100,
        250,
        500,
        1000,
        2500,
        5000,
        10000,
        25000,
        50000,
        100000,
        200000
      ],
      "counts": [
        492,
        7,
        1,
        0,
        0,
        0,
        0,
        0,
        0,
        0,
        0,
        0
      ],
      "labels": [
        "[0,50)",
        "[50,100)",
        "[100,250)",
        "[250,500)",
        "[500,1000)",
        "[1000,2500)",
        "[2500,5000)",
        "[5000,10000)",
        "[10000,25000)",
        "[25000,50000)",
        "[50000,100000)",
        "[100000,200000)"
      ]
    }
  },
  "correct_rollouts": {
    "tokens": {
      "n": 120,
      "min": 6,
      "max": 36,
      "mean": 8.066666666666666,
      "std": 3.767698973585278,
      "var": 14.195555555555556,
      "p10": 6,
      "p25": 6,
      "p50": 7,
      "p75": 9,
      "p90": 11,
      "p95": 12,
      "p99": 28
    },
    "tokens_histogram": {
      "edges": [
        0,
        10,
        20,
        50,
        100,
        200,
        500,
        1000,
        2000,
        5000,
        10000,
        20000,
        40000
      ],
      "counts": [
        94,
        24,
        2,
        0,
        0,
        0,
        0,
        0,
        0,
        0,
        0,
        0
      ],
      "labels": [
        "[0,10)",
        "[10,20)",
        "[20,50)",
        "[50,100)",
        "[100,200)",
        "[200,500)",
        "[500,1000)",
        "[1000,2000)",
        "[2000,5000)",
        "[5000,10000)",
        "[10000,20000)",
        "[20000,40000)"
      ]
    },