{
  "primary_metric": "pass_at_1",
  "n_items": 612,
  "n_items_correct": 27,
  "n_items_incorrect": 585,
  "n_items_unknown": 0,
  "n_generations": 612,
  "samples_per_item": [
    1
  ],
  "all_rollouts": {
    "tokens": {
      "n": 612,
      "min": 2,
      "max": 250,
      "mean": 48.97222222222222,
      "std": 51.9931890929494,
      "var": 2703.2917120551924,
      "p10": 2,
      "p25": 2,
      "p50": 29,
      "p75": 88,
      "p90": 125,
      "p95": 146,
      "p99": 191
    },
    "tokens_histogram": {
      "edges": [
        0,
        10,
        20,
        50,
        100,
        200,
        500,
        1000,
        2000,
        5000,
        10000,
        20000,
        40000
      ],
      "counts": [
        192,
        90,
        74,
        145,
        105,
        6,
        0,
        0,
        0,
        0,
        0,
        0
      ],
      "labels": [
        "[0,10)",
        "[10,20)",
        "[20,50)",
        "[50,100)",
        "[100,200)",
        "[200,500)",
        "[500,1000)",
        "[1000,2000)",
        "[2000,5000)",
        "[5000,10000)",
        "[10000,20000)",
        "[20000,40000)"
      ]
    },
    "tokens_raw": [
      41,
      2,
      2,
      2,
      120,
      2,
      10,
      173,
      2,
      2,
      70,
      29,
      50,
      2,
      62,
      39,
      75,
      114,
      112,
      2,
      2,
      110,
      79,
      2,
      2,
      2,
      2,
      72,
      2,
      2,
      250,
      42,
      84,
      2,
      91,
      2,
      96,
      138,
      40,
      2,
      86,
      41,
      75,
      2,
      72,
      25,
      116,
      2,
      2,
      103,
      2,
      92,
      153,
      126,
      2,
      2,
      157,
      2,
      130,
      57,
      2,
      68,
      2,
      59,
      152,
      2,
      2,
      2,
      2,
      89,
      92,
      48,
      131,
      124,
      117,
      89,
      95,
      74,
      25,
      30,
      97,
      103,
      100,
      2,
      2,
      102,
      114,
      2,
      77,
      125,
      2,
      76,
      46,
      29,
      137,
      84,
      2,
      59,
      88,
      2,
      86,
      25,
      68,
      2,
      54,
      109,
      66,
      2,
      2,
      200,
      154,
      2,
      2,
      86,
      29,
      2,
      80,
      78,
      165,
      2,
      152,
      62,
      128,
      87,
      122,
      81,
      167,
      2,
      96,
      2,
      2,
      2,
      83,
      2,
      2,
      96,
      2,
      88,
      143,
      2,
      27,
      85,
      2,
      2,
      77,
      2,
      76,
      117,
      63,
      116,
      104,
      2,
      2,
      108,
      2,
      89,
      43,
      25,
      142,
      29,
      61,
      96,
      70,
      2,
      2,
      67,
      2,
      2,
      31,
      84,
      2,
      98,
      24,
      175,
      2,
      2,
      2,
      2,
      94,
      25,
      2,
      2,
      64,
      2,
      2,
      113,
      73,
      2,
      59,
      92,
      10,
      10,
      17,
      2,
      226,
      38,
      28,
      2,
      10,
      112,
      10,
      10,
      2,
      127,
      10,
      99,
      10,
      55,
      172,
      10,
      2,
      10,
      41,
      10,
      10,
      10,
      3,
      23,
      37,
      2,
      10,
      10,
      52,
      2,
      10,
      2,
      10,
      10,
      102,
      10,
      3,
      108,
      2,
      2,
      10,
      2,
      10,
      166,
      51,
      10,
      86,
      138,
      10,
      24,
      10,
      2,
      43,
      10,
      2,
      2,
      10,
      107,
      10,
      10,
      200,
      43,
      2,
      10,
      123,
      137,
      2,
      2,
      10,
      115,
      2,
      89,
      10,
      3,
      10,
      2,
      61,
      10,
      106,
      146,
      81,
      85,
      2,
      2,
      2,
      25,
      2,
      10,
      10,
      10,
      80,
      10,
      50,
      87,
      10,
      57,
      3,
      96,
      2,
      10,
      46,
      2,
      106,
      178,
      10,
      10,
      2,
      2,
      3,
      3,
      125,
      20,
      71,
      2,
      135,
      2,
      42,
      38,
      71,
      10,
      10,
      71,
      78,
      44,
      159,
      2,
      153,
      55,
      2,
      2,
      31,
      2,
      2,
      2,
      3,
      2,
      115,
      98,
      52,
      67,
      90,
      26,
      10,
      82,
      20,
      67,
      2,
      81,
      2,
      97,
      2,
      10,
      17,
      10,
      33,
      112,
      10,
      34,
      73,
      150,
      10,
      10,
      30,
      53,
      191,
      2,
      24,
      59,
      42,
      97,
      98,
      30,
      83,
      2,
      10,
      2,
      3,
      10,
      119,
      146,
      49,
      24,
      250,
      2,
      10,
      2,
      10,
      13,
      10,
      140,
      31,
      135,
      2,
      79,
      142,
      2,
      3,
      2,
      3,
      2,
      2,
      20,
      10,
      2,
      56,
      10,
      10,
      39,
      140,
      10,
      10,
      207,
      26,
      140,
      100,
      2,
      47,
      54,
      81,
      57,
      94,
      3,
      98,
      183,
      56,
      10,
      10,
      34,
      32,
      2,
      2,
      10,
      2,
      10,
      79,
      2,
      138,
      10,
      3,
      2,
      60,
      10,
      2,
      2,
      68,
      121,
      2,
      2,
      66,
      82,
      65,
      10,
      10,
      90,
      2,
      27,
      10,
      10,
      2,
      88,
      10,
      39,
      2,
      101,
      64,
      2,
      29,
      2,
      2,
      2,
      34,
      2,
      65,
      129,
      138,
      65,
      108,
      124,
      111,
      2,
      2,
      2,
      2,
      72,
      32,
      77,
      32,
      2,
      96,
      31,
      102,
      101,
      2,
      79,
      2,
      42,
      53,
      113,
      2,
      106,
      97,
      126,
      2,
      2,
      154,
      60,
      114,
      92,
      132,
      2,
      86,
      2,
      34,
      2,
      2,
      81,
      96,
      52,
      10,
      80,
      2,
      109,
      3,
      67,
      2,
      2,
      105,
      10,
      2,
      10,
      140,
      42,
      10,
      103,
      10,
      2,
      10,
      99,
      3,
      40,
      2,
      162,
      18,
      10,
      54,
      100,
      10,
      10,
      2,
      159,
      2,
      57,
      10,
      2,
      10,
      84,
      25,
      2,
      187,
      10,
      139,
      10,
      10,
      142,
      10,
      2,
      71,
      72,
      18,
      84,
      88,
      96,
      91,
      73,
      2,
      112,
      78,
      99,
      152,
      2,
      155,
      2,
      80,
      25,
      39,
      2,
      2,
      29,
      127,
      89,
      128,
      80,
      2,
      2,
      79,
      88,
      100,
      2,
      2,
      168,
      33,
      2,
      121,
      77,
      139,
      29,
      59,
      25,
      32,
      2,
      112,
      88,
      47,
      2,
      29,
      97,
      2,
      2
    ],
    "chars": {
      "n": 612,
      "min": 1,
      "max": 812,
      "mean": 172.15032679738562,
      "std": 192.45467240694822,
      "var": 37038.80093126575,
      "p10": 1,
      "p25": 9,
      "p50": 95,
      "p75": 313,
      "p90": 447,
      "p95": 557,
      "p99": 734
    },
    "chars_histogram": {
      "edges": [
        0,
        50,
        100,
        250,
        500,
        1000,
        2500,
        5000,
        10000,
        25000,
        50000,
        100000,
        200000
      ],
      "counts": [
        279,
        36,
        95,
        158,
        44,
        0,
        0,
        0,
        0,
        0,
        0,
        0
      ],