{
  "primary_metric": "length_controlled_winrate",
  "n_items": 805,
  "n_items_correct": 0,
  "n_items_incorrect": 0,
  "n_items_unknown": 805,
  "n_generations": 805,
  "samples_per_item": [
    1
  ],
  "all_rollouts": {
    "tokens": {
      "n": 805,
      "min": 2,
      "max": 6156,
      "mean": 538.1155279503106,
      "std": 1212.571235664167,
      "var": 1470329.001560125,
      "p10": 2,
      "p25": 17,
      "p50": 152,
      "p75": 315,
      "p90": 819,
      "p95": 4179,
      "p99": 5137
    },
    "tokens_histogram": {
      "edges": [
        0,
        10,
        20,
        50,
        100,
        200,
        500,
        1000,
        2000,
        5000,
        10000,
        20000,
        40000
      ],
      "counts": [
        181,
        29,
        63,
        65,
        135,
        213,
        42,
        8,
        54,
        15,
        0,
        0
      ],
      "labels": [
        "[0,10)",
        "[10,20)",
        "[20,50)",
        "[50,100)",
        "[100,200)",
        "[200,500)",
        "[500,1000)",
        "[1000,2000)",
        "[2000,5000)",
        "[5000,10000)",
        "[10000,20000)",
        "[20000,40000)"
      ]
    },
    "tokens_raw": [
      128,
      555,
      307,
      3,
      276,
      140,
      36,
      141,
      152,
      70,
      95,
      205,
      4910,
      476,
      2,
      240,
      174,
      425,
      266,
      4163,
      301,
      191,
      203,
      371,
      13,
      3,
      286,
      543,
      288,
      229,
      220,
      598,
      5138,
      191,
      34,
      402,
      227,
      2,
      2798,
      4903,
      309,
      11,
      178,
      63,
      226,
      218,
      415,
      528,
      106,
      209,
      18,
      80,
      531,
      4197,
      184,
      175,
      3052,
      334,
      282,
      77,
      58,
      393,
      4160,
      661,
      5099,
      690,
      28,
      1004,
      271,
      227,
      84,
      41,
      162,
      195,
      402,
      398,
      485,
      641,
      247,
      2297,
      174,
      65,
      4198,
      186,
      160,
      300,
      937,
      360,
      41,
      5036,
      2,
      111,
      4141,
      60,
      494,
      4148,
      219,
      157,
      96,
      154,
      2,
      51,
      56,
      305,
      732,
      54,
      140,
      4179,
      2,
      40,
      239,
      380,
      4115,
      7,
      43,
      4079,
      4454,
      217,
      133,
      158,
      20,
      91,
      47,
      201,
      654,
      32,
      209,
      214,
      41,
      421,
      7,
      86,
      269,
      271,
      4100,
      10,
      251,
      150,
      4140,
      577,
      4103,
      395,
      89,
      2,
      11,
      566,
      211,
      2,
      4742,
      277,
      265,
      4170,
      399,
      2,
      4617,
      5,
      448,
      171,
      47,
      51,
      344,
      64,
      533,
      3,
      3,
      108,
      397,
      62,
      25,
      4175,
      593,
      4076,
      195,
      46,
      98,
      2,
      1327,
      383,
      198,
      141,
      4228,
      2,
      174,
      4528,
      3,
      4940,
      342,
      161,
      575,
      18,
      3,
      181,
      177,
      720,
      1547,
      16,
      3,
      39,
      107,
      3,
      184,
      2,
      84,
      2,
      2,
      2597,
      231,
      27,
      2,
      112,
      46,
      65,
      1145,
      4207,
      2,
      239,
      529,
      174,
      145,
      276,
      164,
      358,
      2,
      286,
      137,
      24,
      173,
      137,
      4251,
      196,
      118,
      72,
      46,
      309,
      333,
      5137,
      416,
      4168,
      158,
      269,
      5172,
      522,
      216,
      4953,
      316,
      17,
      194,
      283,
      5,
      43,
      3,
      3,
      437,
      4133,
      339,
      265,
      831,
      350,
      175,
      35,
      39,
      215,
      2,
      288,
      489,
      711,
      27,
      281,
      205,
      446,
      5094,
      266,
      302,
      2,
      112,
      197,
      322,
      121,
      161,
      3,
      5149,
      710,
      2,
      642,
      6156,
      77,
      79,
      1289,
      232,
      5150,
      183,
      350,
      6,
      113,
      16,
      213,
      3,
      313,
      377,
      3,
      432,
      152,
      210,
      3,
      403,
      2,
      240,
      76,
      191,
      688,
      395,
      51,
      443,
      330,
      150,
      497,
      177,
      45,
      108,
      2,
      427,
      2,
      4154,
      299,
      377,
      248,
      2,
      219,
      2,
      260,
      137,
      2,
      51,
      10,
      34,
      165,
      2,
      350,
      25,
      57,
      24,
      498,
      3,
      593,
      266,
      339,
      189,
      225,
      11,
      2,
      4953,
      186,
      130,
      273,
      166,
      4293,
      159,
      270,
      196,
      123,
      3,
      369,
      164,
      4945,
      334,
      294,
      40,
      188,
      408,
      2920,
      8,
      3,
      399,
      34,
      5233,
      157,
      17,
      106,
      516,
      480,
      166,
      819,
      1486,
      257,
      275,
      63,
      2,
      190,
      193,
      9,
      2,
      89,
      284,
      4190,
      271,
      256,
      43,
      575,
      2,
      4199,
      223,
      225,
      53,
      223,
      38,
      204,
      115,
      98,
      21,
      50,
      2,
      243,
      129,
      387,
      321,
      431,
      203,
      282,
      276,
      115,
      58,
      2,
      4219,
      44,
      34,
      4197,
      425,
      116,
      4136,
      153,
      81,
      3,
      2,
      2,
      585,
      5005,
      68,
      221,
      8,
      13,
      32,
      233,
      137,
      2,
      198,
      28,
      58,
      156,
      141,
      2,
      1505,
      744,
      141,
      177,
      206,
      133,
      5161,
      3,
      15,
      132,
      216,
      67,
      2,
      232,
      506,
      97,
      3,
      189,
      2,
      2,
      32,
      17,
      102,
      2,
      2,
      31,
      3,
      3,
      145,
      7,
      3,
      2,
      2,
      141,
      2,
      55,
      82,
      3,
      96,
      51,
      327,
      103,
      56,
      3,
      9,
      6,
      481,
      134,
      2,
      859,
      2,
      86,
      653,
      187,
      139,
      170,
      44,
      211,
      4592,
      52,
      31,
      229,
      2,
      54,
      2,
      347,
      153,
      180,
      152,
      190,
      174,
      2,
      3,
      3,
      147,
      2,
      2,
      50,
      82,
      2,
      177,
      2,
      139,
      125,
      98,
      378,
      44,
      3,
      2,
      2,
      3,
      2,
      70,
      4,
      2,
      3,
      4,
      144,
      139,
      2,
      4114,
      342,
      2,
      2,
      27,
      135,
      3,
      273,
      364,
      535,
      413,
      268,
      2,
      2,
      2,
      3,
      338,
      2,
      2,
      2,
      162,
      2,
      2,
      3,
      2,
      3,
      335,
      2,
      221,
      3,
      2,
      234,
      21,
      297,
      206,
      268,
      2840,
      2,
      43,
      309,
      172,
      172,
      216,
      282,
      45,
      3,
      283,
      3,
      3,
      238,
      2,
      582,
      49,
      206,
      5068,
      356,
      202,
      115,
      3,
      226,
      61,
      331,
      22,
      703,
      270,
      2,
      306,
      415,
      35,
      112,
      21,
      2,
      2,
      6,
      6,
      3,
      2,
      3,
      15,
      18,
      40,
      8,
      41,
      90,
      3,
      3,
      37,
      2,
      2,
      2,
      3,
      67,
      124,
      2,
      221,
      2,
      327,
