{
  "primary_metric": "prompt_level_loose_acc",
  "n_items": 300,
  "n_items_correct": 67,
  "n_items_incorrect": 233,
  "n_items_unknown": 0,
  "n_generations": 300,
  "samples_per_item": [
    1
  ],
  "all_rollouts": {
    "tokens": {
      "n": 300,
      "min": 2,
      "max": 5803,
      "mean": 1552.2966666666666,
      "std": 2140.4917959795025,
      "var": 4581705.128655556,
      "p10": 10,
      "p25": 49,
      "p50": 154,
      "p75": 4386,
      "p90": 4895,
      "p95": 5023,
      "p99": 5692
    },
    "tokens_histogram": {
      "edges": [
        0,
        10,
        20,
        50,
        100,
        200,
        500,
        1000,
        2000,
        5000,
        10000,
        20000,
        40000
      ],
      "counts": [
        29,
        17,
        31,
        43,
        45,
        31,
        9,
        3,
        75,
        17,
        0,
        0
      ],
      "labels": [
        "[0,10)",
        "[10,20)",
        "[20,50)",
        "[50,100)",
        "[100,200)",
        "[200,500)",
        "[500,1000)",
        "[1000,2000)",
        "[2000,5000)",
        "[5000,10000)",
        "[10000,20000)",
        "[20000,40000)"
      ]
    },
    "tokens_raw": [
      22,
      58,
      5180,
      198,
      4925,
      116,
      66,
      5081,
      4895,
      94,
      26,
      4330,
      96,
      4918,
      2,
      2,
      7,
      12,
      172,
      55,
      8,
      43,
      8,
      6,
      198,
      4460,
      105,
      43,
      5023,
      4820,
      4570,
      5305,
      101,
      8,
      1307,
      824,
      658,
      92,
      4313,
      4779,
      550,
      32,
      10,
      41,
      4862,
      101,
      53,
      2,
      4937,
      324,
      159,
      4652,
      4722,
      78,
      81,
      5740,
      161,
      272,
      4927,
      245,
      16,
      28,
      4967,
      366,
      10,
      5684,
      154,
      4538,
      4721,
      4548,
      27,
      121,
      49,
      247,
      22,
      159,
      4893,
      280,
      5118,
      4944,
      11,
      74,
      17,
      4757,
      62,
      67,
      271,
      4647,
      34,
      95,
      4919,
      4179,
      268,
      49,
      4960,
      4785,
      5103,
      223,
      101,
      110,
      2,
      3,
      4519,
      2,
      4511,
      4777,
      5803,
      19,
      238,
      132,
      176,
      190,
      50,
      4212,
      663,
      75,
      48,
      108,
      67,
      4103,
      4345,
      4255,
      116,
      487,
      1032,
      109,
      70,
      225,
      4960,
      340,
      2,
      114,
      279,
      136,
      120,
      188,
      4713,
      91,
      117,
      4720,
      86,
      57,
      4587,
      37,
      341,
      476,
      5053,
      4860,
      6,
      61,
      151,
      4820,
      4836,
      4235,
      110,
      5120,
      19,
      41,
      548,
      5590,
      242,
      13,
      62,
      4571,
      81,
      132,
      2,
      2,
      2,
      2,
      4094,
      166,
      124,
      15,
      24,
      4138,
      614,
      49,
      132,
      66,
      4660,
      4583,
      4839,
      4462,
      90,
      4256,
      4720,
      4386,
      4706,
      53,
      4887,
      5299,
      1570,
      73,
      270,
      4409,
      5005,
      59,
      84,
      218,
      3927,
      62,
      3,
      40,
      2,
      654,
      88,
      144,
      49,
      25,
      4638,
      116,
      52,
      4271,
      315,
      47,
      4823,
      13,
      210,
      2,
      3,
      5692,
      2,
      134,
      125,
      14,
      4609,
      151,
      5682,
      256,
      4786,
      4698,
      212,
      49,
      11,
      16,
      77,
      534,
      4898,
      171,
      279,
      2,
      50,
      2,
      4820,
      32,
      76,
      20,
      5020,
      4701,
      4255,
      106,
      4924,
      495,
      113,
      183,
      36,
      11,
      819,
      4667,
      4363,
      4553,
      4107,
      4824,
      23,
      3084,
      52,
      14,
      51,
      8,
      264,
      97,
      52,
      32,
      134,
      69,
      264,
      132,
      65,
      226,
      46,
      14,
      4865,
      32,
      78,
      3,
      86,
      47,
      299,
      240,
      4992,
      9,
      178,
      192,
      204,
      144,
      2,
      5,
      4776,
      41
    ],
    "chars": {
      "n": 300,
      "min": 2,
      "max": 48125,
      "mean": 6910.903333333334,
      "std": 10203.543303545206,
      "var": 104112295.94732222,
      "p10": 31,
      "p25": 215,
      "p50": 666,
      "p75": 16406,
      "p90": 22702,
      "p95": 25041,
      "p99": 41238
    },
    "chars_histogram": {
      "edges": [
        0,
        50,
        100,
        250,
        500,
        1000,
        2500,
        5000,
        10000,
        25000,
        50000,
        100000,
        200000
      ],
      "counts": [
        38,
        15,
        30,
        46,
        40,
        31,
        7,
        6,
        72,
        15,
        0,
        0
      ],
      "labels": [
        "[0,50)",
        "[50,100)",
        "[100,250)",
        "[250,500)",
        "[500,1000)",
        "[1000,2500)",
        "[2500,5000)",
        "[5000,10000)",
        "[10000,25000)",
        "[25000,50000)",
        "[50000,100000)",
        "[100000,200000)"
      ]
    }
  },
  "correct_rollouts": {
    "tokens": {
      "n": 67,
      "min": 2,
      "max": 5740,
      "mean": 1268.8059701492537,
      "std": 2045.9228785658036,
      "var": 4185800.425038984,
      "p10": 2,
      "p25": 13,
      "p50": 124,
      "p75": 1307,
      "p90": 4919,
      "p95": 5023,
      "p99": 5740
    },
    "tokens_histogram": {
      "edges": [
        0,
        10,
        20,
        50,
        100,
        200,
        500,
        1000,
        2000,
        5000,
        10000,
        20000,
        40000
      ],
      "counts": [
        15,
        3,
        6,
        5,
        13,
        6,
        2,
        1,
        12,
        4,
        0,
        0
      ],
      "labels": [
        "[0,10)",
        "[10,20)",
        "[20,50)",
        "[50,100)",
        "[100,200)",
        "[200,500)",
        "[500,1000)",
        "[1000,2000)",
        "[2000,5000)",
        "[5000,10000)",
        "[10000,20000)",
        "[20000,40000)"
      ]
    },
    "tokens_raw": [
      66,
      12,
      8,
      105,
      5023,
      4820,
      5305,
      1307,
      2,
      324,
      159,
      4652,
      78,
      5740,
      22,
      4757,
      62,
      271,
      4919,
      4960,
      2,
      3,
      2,
      19,
      4212,
      663,
      48,
      108,
      70,
      225,
      4960,
      340,
      2,
      114,
      279,
      120,
      188,
      86,
      13,
      166,
      124,
      614,
      49,
      4660,
      4583,
      4462,
      2,
      2,
      3,
      5692,
      2,
      134,
      2,
      2,
      4820,
      32,
      36,
      4667,
      132,
      46,
      9,
      178,
      192,
      204,
      144,
      2,
      5
    ],
    "chars": {
      "n": 67,
      "min": 2,
      "max": 41587,
      "mean": 5810.373134328358,
      "std": 10667.12472252225,
      "var": 113787549.8458454,
      "p10": 6,
      "p25": 26,
      "p50": 475,
      "p75": 7561,
      "p90": 22566,
      "p95": 31838,
      "p99": 41587
    },
    "chars_histogram": {
      "edges": [
        0,
        50,
        100,
        250,
        500,
        1000,
        2500,
        5000,
        10000,
        25000,
        50000,
        100000,
        200000
      ],
      "counts": [
        17,
        3,
        5,
        9,
        8,
        7,
        1,
        4,
        8,
        5,
        0,
        0
      ],