{
  "primary_metric": "pass_at_1",
  "n_items": 612,
  "n_items_correct": 23,
  "n_items_incorrect": 589,
  "n_items_unknown": 0,
  "n_generations": 612,
  "samples_per_item": [
    1
  ],
  "all_rollouts": {
    "tokens": {
      "n": 612,
      "min": 2,
      "max": 4519,
      "mean": 73.64869281045752,
      "std": 188.1664863445629,
      "var": 35406.62658325858,
      "p10": 8,
      "p25": 28,
      "p50": 53,
      "p75": 94,
      "p90": 128,
      "p95": 164,
      "p99": 283
    },
    "tokens_histogram": {
      "edges": [
        0,
        10,
        20,
        50,
        100,
        200,
        500,
        1000,
        2000,
        5000,
        10000,
        20000,
        40000
      ],
      "counts": [
        68,
        47,
        172,
        190,
        118,
        16,
        0,
        0,
        1,
        0,
        0,
        0
      ],
      "labels": [
        "[0,10)",
        "[10,20)",
        "[20,50)",
        "[50,100)",
        "[100,200)",
        "[200,500)",
        "[500,1000)",
        "[1000,2000)",
        "[2000,5000)",
        "[5000,10000)",
        "[10000,20000)",
        "[20000,40000)"
      ]
    },
    "tokens_raw": [
      10,
      7,
      6,
      118,
      70,
      49,
      15,
      2,
      6,
      42,
      40,
      41,
      54,
      31,
      55,
      41,
      63,
      98,
      111,
      101,
      155,
      91,
      28,
      53,
      128,
      176,
      162,
      39,
      37,
      80,
      115,
      31,
      72,
      27,
      109,
      92,
      99,
      123,
      25,
      38,
      43,
      103,
      52,
      48,
      73,
      189,
      115,
      35,
      32,
      122,
      42,
      92,
      112,
      69,
      82,
      137,
      103,
      28,
      84,
      35,
      127,
      52,
      30,
      50,
      122,
      40,
      96,
      56,
      124,
      105,
      52,
      45,
      157,
      84,
      92,
      23,
      78,
      84,
      160,
      32,
      27,
      87,
      84,
      39,
      42,
      79,
      122,
      39,
      24,
      127,
      104,
      38,
      35,
      23,
      102,
      51,
      45,
      48,
      44,
      68,
      104,
      27,
      59,
      28,
      28,
      38,
      46,
      79,
      56,
      101,
      166,
      148,
      103,
      43,
      23,
      58,
      72,
      78,
      198,
      97,
      92,
      62,
      120,
      77,
      31,
      53,
      90,
      39,
      82,
      36,
      47,
      32,
      81,
      118,
      42,
      53,
      65,
      28,
      119,
      28,
      114,
      92,
      27,
      101,
      62,
      32,
      44,
      112,
      63,
      115,
      32,
      50,
      68,
      108,
      33,
      65,
      42,
      105,
      35,
      29,
      60,
      94,
      28,
      36,
      40,
      42,
      127,
      92,
      37,
      86,
      31,
      25,
      26,
      166,
      36,
      77,
      102,
      42,
      137,
      27,
      104,
      79,
      47,
      55,
      41,
      80,
      40,
      26,
      40,
      86,
      101,
      17,
      7,
      81,
      400,
      10,
      28,
      49,
      41,
      87,
      71,
      10,
      150,
      4,
      201,
      72,
      78,
      17,
      4,
      162,
      283,
      85,
      15,
      87,
      65,
      105,
      125,
      22,
      10,
      78,
      10,
      67,
      69,
      91,
      10,
      21,
      97,
      7,
      119,
      4519,
      291,
      4,
      6,
      7,
      182,
      105,
      10,
      174,
      43,
      152,
      48,
      6,
      59,
      10,
      50,
      129,
      38,
      181,
      133,
      44,
      185,
      101,
      267,
      32,
      10,
      38,
      4,
      37,
      122,
      111,
      115,
      100,
      10,
      10,
      29,
      9,
      7,
      175,
      101,
      10,
      8,
      58,
      52,
      47,
      87,
      4,
      10,
      151,
      74,
      18,
      7,
      33,
      151,
      77,
      7,
      80,
      8,
      78,
      10,
      53,
      6,
      21,
      10,
      160,
      34,
      11,
      71,
      6,
      67,
      49,
      7,
      268,
      103,
      64,
      175,
      5,
      107,
      215,
      6,
      18,
      231,
      7,
      70,
      6,
      83,
      81,
      38,
      4,
      10,
      7,
      25,
      23,
      7,
      98,
      35,
      49,
      10,
      47,
      79,
      113,
      7,
      66,
      52,
      15,
      16,
      7,
      71,
      81,
      20,
      65,
      10,
      85,
      9,
      93,
      71,
      10,
      7,
      7,
      27,
      43,
      134,
      7,
      57,
      31,
      53,
      10,
      11,
      55,
      82,
      79,
      4,
      24,
      9,
      6,
      102,
      32,
      72,
      131,
      70,
      7,
      7,
      6,
      87,
      7,
      10,
      26,
      414,
      9,
      333,
      16,
      79,
      37,
      49,
      56,
      21,
      73,
      149,
      38,
      144,
      73,
      6,
      73,
      54,
      86,
      10,
      30,
      64,
      69,
      78,
      10,
      10,
      12,
      166,
      36,
      15,
      50,
      24,
      122,
      20,
      164,
      18,
      51,
      81,
      112,
      80,
      31,
      10,
      132,
      54,
      330,
      10,
      76,
      48,
      7,
      10,
      10,
      51,
      24,
      4,
      95,
      47,
      4,
      81,
      222,
      30,
      31,
      209,
      251,
      69,
      103,
      53,
      108,
      73,
      87,
      68,
      102,
      10,
      87,
      5,
      6,
      97,
      11,
      8,
      89,
      233,
      4,
      89,
      101,
      64,
      119,
      104,
      45,
      78,
      87,
      26,
      119,
      33,
      96,
      143,
      33,
      82,
      122,
      31,
      54,
      57,
      31,
      68,
      42,
      41,
      39,
      95,
      91,
      32,
      97,
      69,
      97,
      46,
      48,
      40,
      33,
      56,
      127,
      113,
      94,
      28,
      40,
      92,
      110,
      36,
      47,
      40,
      56,
      123,
      45,
      69,
      131,
      34,
      29,
      80,
      67,
      96,
      57,
      51,
      39,
      138,
      106,
      103,
      6,
      14,
      4,
      94,
      72,
      122,
      38,
      138,
      7,
      64,
      6,
      112,
      50,
      10,
      90,
      112,
      37,
      29,
      4,
      6,
      7,
      8,
      54,
      93,
      7,
      95,
      6,
      32,
      4,
      152,
      33,
      13,
      80,
      126,
      41,
      86,
      200,
      4,
      152,
      98,
      6,
      72,
      41,
      66,
      7,
      6,
      4,
      86,
      37,
      42,
      34,
      104,
      124,
      41,
      40,
      151,
      90,
      148,
      28,
      63,
      21,
      51,
      51,
      81,
      23,
      130,
      86,
      35,
      47,
      26,
      69,
      39,
      80,
      87,
      49,
      27,
      165,
      106,
      105,
      41,
      65,
      85,
      23,
      40,
      37,
      24,
      80,
      86,
      75,
      46,
      53,
      23,
      77,
      139,
      36
    ],
    "chars": {
      "n": 612,
      "min": 1,
      "max": 14724,
      "mean": 254.4264705882353,
      "std": 620.4482957754664,
      "var": 384956.08773068053,
      "p10": 14,
      "p25": 95,
      "p50": 171,
      "p75": 334,
      "p90": 482,
      "p95": 596,
      "p99": 1011
    },
    "chars_histogram": {
      "edges": [
        0,
        50,
        100,
        250,
        500,
        1000,
        2500,
        5000,
        10000,
        25000,
        50000,
        100000,
        200000
      ],