{
  "primary_metric": "pass_at_1",
  "n_items": 612,
  "n_items_correct": 0,
  "n_items_incorrect": 612,
  "n_items_unknown": 0,
  "n_generations": 612,
  "samples_per_item": [
    1
  ],
  "all_rollouts": {
    "tokens": {
      "n": 612,
      "min": 2,
      "max": 10,
      "mean": 2.423202614379085,
      "std": 0.5793146205091398,
      "var": 0.3356054295356487,
      "p10": 2,
      "p25": 2,
      "p50": 2,
      "p75": 3,
      "p90": 3,
      "p95": 3,
      "p99": 3
    },
    "tokens_histogram": {
      "edges": [
        0,
        10,
        20,
        50,
        100,
        200,
        500,
        1000,
        2000,
        5000,
        10000,
        20000,
        40000
      ],
      "counts": [
        611,
        1,
        0,
        0,
        0,
        0,
        0,
        0,
        0,
        0,
        0,
        0
      ],
      "labels": [
        "[0,10)",
        "[10,20)",
        "[20,50)",
        "[50,100)",
        "[100,200)",
        "[200,500)",
        "[500,1000)",
        "[1000,2000)",
        "[2000,5000)",
        "[5000,10000)",
        "[10000,20000)",
        "[20000,40000)"
      ]
    },
    "tokens_raw": [
      2,
      2,
      2,
      3,
      2,
      3,
      2,
      2,
      2,
      2,
      2,
      2,
      2,
      3,
      2,
      3,
      2,
      3,
      2,
      2,
      2,
      2,
      2,
      2,
      2,
      2,
      2,
      3,
      3,
      2,
      3,
      3,
      3,
      2,
      2,
      2,
      2,
      2,
      2,
      3,
      2,
      3,
      3,
      2,
      3,
      2,
      3,
      2,
      3,
      2,
      3,
      2,
      2,
      2,
      3,
      3,
      2,
      2,
      3,
      3,
      3,
      2,
      2,
      2,
      2,
      2,
      2,
      3,
      2,
      3,
      3,
      2,
      2,
      2,
      3,
      3,
      3,
      2,
      2,
      2,
      2,
      3,
      2,
      2,
      2,
      2,
      3,
      3,
      2,
      2,
      3,
      3,
      3,
      2,
      3,
      3,
      2,
      2,
      2,
      2,
      2,
      3,
      3,
      3,
      3,
      2,
      2,
      2,
      2,
      3,
      3,
      3,
      2,
      2,
      3,
      2,
      3,
      2,
      2,
      3,
      2,
      2,
      2,
      3,
      2,
      2,
      3,
      2,
      3,
      2,
      2,
      2,
      2,
      3,
      2,
      2,
      3,
      2,
      2,
      3,
      2,
      2,
      3,
      2,
      3,
      3,
      2,
      2,
      2,
      2,
      3,
      2,
      2,
      2,
      2,
      3,
      3,
      3,
      2,
      2,
      2,
      2,
      2,
      2,
      3,
      2,
      2,
      3,
      3,
      3,
      2,
      2,
      2,
      2,
      2,
      3,
      2,
      2,
      2,
      3,
      2,
      2,
      3,
      2,
      2,
      3,
      2,
      2,
      2,
      2,
      2,
      3,
      3,
      2,
      2,
      3,
      3,
      2,
      3,
      3,
      2,
      3,
      3,
      3,
      2,
      2,
      3,
      3,
      2,
      2,
      3,
      3,
      2,
      3,
      2,
      2,
      3,
      3,
      2,
      3,
      2,
      2,
      3,
      3,
      2,
      2,
      3,
      3,
      2,
      3,
      2,
      2,
      2,
      3,
      2,
      3,
      3,
      2,
      2,
      2,
      3,
      2,
      3,
      3,
      2,
      2,
      2,
      2,
      2,
      2,
      2,
      2,
      2,
      2,
      2,
      3,
      3,
      3,
      3,
      2,
      2,
      2,
      2,
      2,
      3,
      3,
      2,
      2,
      3,
      3,
      3,
      2,
      3,
      3,
      3,
      3,
      3,
      3,
      2,
      2,
      2,
      3,
      3,
      2,
      3,
      2,
      3,
      3,
      2,
      3,
      3,
      2,
      10,
      3,
      2,
      3,
      3,
      3,
      2,
      3,
      3,
      2,
      3,
      3,
      2,
      2,
      2,
      3,
      2,
      2,
      3,
      2,
      3,
      3,
      2,
      3,
      3,
      2,
      2,
      2,
      3,
      3,
      3,
      3,
      3,
      2,
      3,
      2,
      3,
      2,
      2,
      2,
      2,
      3,
      2,
      2,
      2,
      3,
      3,
      2,
      2,
      2,
      2,
      2,
      2,
      3,
      3,
      3,
      2,
      2,
      3,
      3,
      3,
      2,
      3,
      3,
      3,
      3,
      2,
      3,
      3,
      2,
      3,
      2,
      2,
      3,
      2,
      3,
      2,
      3,
      3,
      2,
      2,
      2,
      2,
      3,
      2,
      2,
      2,
      3,
      3,
      2,
      2,
      2,
      3,
      3,
      2,
      3,
      2,
      3,
      3,
      3,
      3,
      2,
      2,
      3,
      3,
      3,
      2,
      3,
      2,
      2,
      2,
      2,
      3,
      2,
      3,
      2,
      2,
      2,
      3,
      3,
      2,
      3,
      3,
      3,
      3,
      2,
      3,
      2,
      2,
      2,
      2,
      3,
      2,
      3,
      3,
      2,
      2,
      2,
      3,
      2,
      3,
      2,
      3,
      3,
      3,
      3,
      3,
      2,
      2,
      2,
      2,
      2,
      2,
      2,
      3,
      3,
      3,
      2,
      3,
      3,
      2,
      2,
      3,
      2,
      2,
      3,
      2,
      3,
      2,
      3,
      2,
      2,
      2,
      3,
      2,
      3,
      2,
      2,
      3,
      2,
      3,
      3,
      3,
      3,
      3,
      2,
      2,
      2,
      2,
      2,
      3,
      2,
      2,
      3,
      2,
      2,
      2,
      2,
      2,
      2,
      3,
      2,
      3,
      2,
      2,
      2,
      2,
      2,
      2,
      2,
      3,
      3,
      2,
      2,
      2,
      2,
      2,
      2,
      2,
      3,
      3,
      2,
      2,
      2,
      3,
      3,
      3,
      3,
      2,
      2,
      3,
      2,
      2,
      2,
      2,
      2,
      2,
      3,
      2,
      2,
      3,
      2,
      2,
      3,
      2,
      3,
      3,
      3,
      2,
      2,
      2,
      2,
      3,
      2,
      2,
      3,
      3,
      3,
      3,
      2,
      2,
      2,
      3,
      3,
      3,
      3,
      2,
      3,
      2,
      2,
      3,
      2,
      2,
      2,
      2,
      2,
      3,
      2,
      2,
      2,
      2,
      3,
      2,
      3,
      2,
      2,
      2,
      3,
      3,
      2,
      3,
      3,
      2,
      2,
      2,
      2,
      2,
      3,
      2,
      2,
      2,
      2,
      2,
      2,
      2,
      3,
      2,
      3,
      2,
      3,
      2,
      3,
      2,
      2,
      2,
      2,
      2,
      2,
      3,
      2
    ],
    "chars": {
      "n": 612,
      "min": 1,
      "max": 30,
      "mean": 5.104575163398692,
      "std": 4.547014245084796,
      "var": 20.67533854500406,
      "p10": 1,
      "p25": 1,
      "p50": 1,
      "p75": 10,
      "p90": 10,
      "p95": 10,
      "p99": 10
    },
    "chars_histogram": {
      "edges": [
        0,
        50,
        100,
        250,
        500,
        1000,
        2500,
        5000,
        10000,
        25000,
        50000,
        100000,
        200000
      ],
      "counts": [
        612,
        0,
        0,
        0,
        0,
        0,
        0,
        0,
        0,
        0,
        0,
        0
      ],
      "labels": [
        "[0,50)",
        "[50,100)",
        "[100,250)",
        "[250,500)",
        "[500,1000)",
        "[1000,2500)",
        "[2500,5000)",
        "[5000,10000)",
        "[10000,25000)",
        "[25000,50000)",
        "[50000,100000)",
        "[100000,200000)"
      ]
    }
  },
  "correct_rollouts": {
    "tokens": {
      "n": 0
    },
    "tokens_histogram": null,
    "tokens_raw": [],
    "chars": {
      "n": 0
    },
    "chars_histogram": null
  },
  "incorrect_rollouts": {
    "tokens": {
      "n": 612,
      "min": 2,
      "max": 10,
      "mean": 2.423202614379085,