{
  "primary_metric": "exact_match_flex",
  "n_items": 500,
  "n_items_correct": 39,
  "n_items_incorrect": 461,
  "n_items_unknown": 0,
  "n_generations": 500,
  "samples_per_item": [
    1
  ],
  "all_rollouts": {
    "tokens": {
      "n": 500,
      "min": 2,
      "max": 5097,
      "mean": 410.418,
      "std": 1125.9239154028126,
      "var": 1267704.663276,
      "p10": 2,
      "p25": 2,
      "p50": 3,
      "p75": 103,
      "p90": 942,
      "p95": 4043,
      "p99": 4883
    },
    "tokens_histogram": {
      "edges": [
        0,
        10,
        20,
        50,
        100,
        200,
        500,
        1000,
        2000,
        5000,
        10000,
        20000,
        40000
      ],
      "counts": [
        342,
        18,
        9,
        5,
        17,
        55,
        5,
        4,
        42,
        3,
        0,
        0
      ],
      "labels": [
        "[0,10)",
        "[10,20)",
        "[20,50)",
        "[50,100)",
        "[100,200)",
        "[200,500)",
        "[500,1000)",
        "[1000,2000)",
        "[2000,5000)",
        "[5000,10000)",
        "[10000,20000)",
        "[20000,40000)"
      ]
    },
    "tokens_raw": [
      2,
      130,
      2,
      2,
      122,
      5053,
      25,
      2,
      3,
      300,
      16,
      3,
      3,
      3,
      158,
      6,
      145,
      635,
      3,
      418,
      344,
      2,
      4172,
      6,
      334,
      3634,
      2,
      3,
      2,
      4,
      2,
      4250,
      3,
      2,
      586,
      294,
      3,
      2,
      2,
      3,
      3,
      6,
      2,
      2,
      2,
      3,
      2,
      2,
      2,
      2,
      3206,
      2,
      21,
      2,
      3,
      5,
      2,
      276,
      2,
      4171,
      2,
      2,
      2,
      392,
      2,
      229,
      4233,
      2,
      166,
      2,
      2,
      4262,
      2,
      2,
      2,
      37,
      233,
      165,
      2,
      3961,
      3,
      65,
      377,
      249,
      11,
      2,
      18,
      2,
      3,
      4,
      3,
      2,
      4114,
      2,
      2,
      2,
      2,
      2,
      211,
      2,
      2,
      2,
      10,
      2429,
      2,
      2,
      5,
      2,
      3,
      4,
      3,
      365,
      1763,
      3,
      3,
      411,
      3,
      4,
      9,
      314,
      6,
      291,
      2,
      1359,
      2,
      2,
      4883,
      387,
      3,
      2,
      438,
      4024,
      245,
      4,
      3,
      2,
      2,
      317,
      2,
      157,
      3,
      6,
      2,
      101,
      54,
      3,
      4,
      2,
      2,
      4,
      3908,
      2,
      3,
      2,
      3967,
      2,
      19,
      262,
      3,
      18,
      18,
      5,
      2,
      1794,
      397,
      3,
      2,
      2,
      2,
      2,
      3,
      336,
      3,
      3,
      2,
      539,
      16,
      2,
      2,
      2,
      2,
      2,
      50,
      4667,
      3,
      4,
      3,
      2,
      2,
      2,
      5,
      4,
      2,
      3,
      2,
      3,
      25,
      3475,
      3,
      6,
      2583,
      2,
      2,
      2,
      3,
      2,
      3,
      284,
      2,
      3,
      3,
      1110,
      2,
      2,
      4,
      2,
      2,
      2,
      4,
      7,
      3,
      2,
      2,
      2,
      4,
      13,
      4,
      65,
      2,
      5,
      2,
      4150,
      3,
      2,
      10,
      2,
      409,
      391,
      3,
      2568,
      2,
      2,
      4,
      2,
      2,
      4,
      6,
      4747,
      2,
      243,
      2,
      6,
      3,
      4,
      210,
      4,
      6,
      2,
      942,
      3,
      476,
      3,
      2,
      27,
      2,
      5,
      5,
      103,
      2,
      4158,
      3,
      271,
      3,
      2,
      3,
      2,
      3,
      29,
      187,
      4,
      2,
      10,
      3486,
      3,
      2,
      3,
      2,
      5097,
      134,
      328,
      276,
      289,
      263,
      2,
      3,
      4085,
      364,
      2,
      2,
      3,
      2,
      11,
      16,
      282,
      4,
      2,
      6,
      117,
      2,
      12,
      2,
      2,
      2,
      19,
      2,
      4,
      5,
      183,
      3,
      2,
      2,
      2,
      2,
      4043,
      4,
      2,
      4,
      2,
      2,
      3,
      2,
      2,
      4104,
      2,
      2,
      3,
      4,
      6,
      2,
      2,
      2,
      2232,
      2,
      2,
      4251,
      6,
      4003,
      5,
      314,
      3,
      2,
      2,
      2033,
      6,
      289,
      232,
      10,
      2,
      2,
      2,
      3,
      3,
      4,
      38,
      3,
      2,
      2,
      250,
      3,
      8,
      2,
      2,
      2,
      3,
      5,
      2,
      3,
      166,
      14,
      2,
      2,
      4104,
      3,
      314,
      2,
      3,
      2,
      142,
      310,
      3,
      2,
      2,
      3287,
      5,
      3187,
      3,
      235,
      344,
      133,
      2,
      2,
      303,
      2,
      4,
      4052,
      3,
      3,
      5,
      3,
      92,
      579,
      3,
      3043,
      3,
      3,
      2,
      199,
      2,
      5,
      2,
      453,
      6,
      26,
      2,
      3,
      295,
      5,
      2,
      2,
      336,
      2,
      5016,
      4,
      2,
      4328,
      3,
      419,
      3,
      2029,
      2,
      2,
      2,
      4271,
      2,
      2,
      4,
      3,
      2,
      7,
      2,
      4,
      2,
      4110,
      3,
      2,
      2,
      2,
      2,
      2,
      5,
      11,
      2,
      403,
      4062,
      2,
      37,
      2,
      2,
      2,
      2,
      381,
      3,
      265,
      3714,
      3,
      5,
      6,
      2,
      2,
      2,
      3,
      3,
      4,
      3,
      2,
      2,
      2,
      2,
      2,
      363,
      2,
      2,
      239,
      6,
      4909,
      4031,
      3,
      243,
      4,
      4
    ],
    "chars": {
      "n": 500,
      "min": 0,
      "max": 49317,
      "mean": 1534.312,
      "std": 4990.416736772191,
      "var": 24904259.206656,
      "p10": 4,
      "p25": 9,
      "p50": 11,
      "p75": 279,
      "p90": 2333,
      "p95": 12334,
      "p99": 24182
    },
    "chars_histogram": {
      "edges": [
        0,
        50,
        100,
        250,
        500,
        1000,
        2500,
        5000,
        10000,
        25000,
        50000,
        100000,
        200000
      ],
      "counts": [
        352,
        8,
        14,
        12,
        47,
        19,
        4,
        15,
        26,
        3,
        0,
        0
      ],
      "labels": [
        "[0,50)",
        "[50,100)",
        "[100,250)",
        "[250,500)",
        "[500,1000)",
        "[1000,2500)",
        "[2500,5000)",
        "[5000,10000)",
        "[10000,25000)",
        "[25000,50000)",
        "[50000,100000)",
        "[100000,200000)"
      ]
    }
  },
  "correct_rollouts": {
    "tokens": {
      "n": 39,
      "min": 11,
      "max": 942,
      "mean": 257.79487179487177,
      "std": 162.82288308389823,
      "var": 26511.291255752792,
      "p10": 25,
      "p25": 165,
      "p50": 250,
      "p75": 328,
      "p90": 387,
      "p95": 539,
      "p99": 942
    },
    "tokens_histogram": {
      "edges": [
        0,
        10,
        20,
        50,
        100,
        200,
        500,
        1000,
        2000,
        5000,
        10000,
        20000,
        40000
      ],
      "counts": [
        0,
        3,
        1,
        2,
        5,
        26,
        2,
        0,
        0,
        0,
        0,
        0
      ],