{
  "primary_metric": "length_controlled_winrate",
  "n_items": 805,
  "n_items_correct": 0,
  "n_items_incorrect": 0,
  "n_items_unknown": 805,
  "n_generations": 805,
  "samples_per_item": [
    1
  ],
  "all_rollouts": {
    "tokens": {
      "n": 805,
      "min": 2,
      "max": 6206,
      "mean": 411.7888198757764,
      "std": 1142.2337666884146,
      "var": 1304697.9777632037,
      "p10": 2,
      "p25": 3,
      "p50": 26,
      "p75": 206,
      "p90": 532,
      "p95": 4253,
      "p99": 5024
    },
    "tokens_histogram": {
      "edges": [
        0,
        10,
        20,
        50,
        100,
        200,
        500,
        1000,
        2000,
        5000,
        10000,
        20000,
        40000
      ],
      "counts": [
        311,
        69,
        61,
        47,
        108,
        125,
        27,
        2,
        45,
        10,
        0,
        0
      ],
      "labels": [
        "[0,10)",
        "[10,20)",
        "[20,50)",
        "[50,100)",
        "[100,200)",
        "[200,500)",
        "[500,1000)",
        "[1000,2000)",
        "[2000,5000)",
        "[5000,10000)",
        "[10000,20000)",
        "[20000,40000)"
      ]
    },
    "tokens_raw": [
      123,
      2,
      4479,
      232,
      9,
      4376,
      28,
      24,
      3,
      381,
      67,
      180,
      5006,
      150,
      4931,
      11,
      168,
      5081,
      4945,
      2,
      12,
      28,
      181,
      424,
      11,
      75,
      7,
      173,
      53,
      6,
      9,
      383,
      2,
      314,
      15,
      41,
      2,
      9,
      4129,
      4994,
      7,
      161,
      212,
      13,
      139,
      10,
      2,
      557,
      63,
      2,
      11,
      56,
      222,
      4348,
      190,
      147,
      4379,
      2,
      318,
      74,
      4238,
      339,
      54,
      8,
      4,
      44,
      4769,
      332,
      53,
      555,
      2,
      16,
      2,
      176,
      4,
      13,
      4110,
      2,
      2,
      9,
      338,
      246,
      27,
      11,
      191,
      344,
      337,
      284,
      44,
      4955,
      15,
      13,
      23,
      35,
      411,
      467,
      39,
      26,
      98,
      163,
      388,
      9,
      10,
      2,
      4263,
      5,
      35,
      12,
      3,
      74,
      246,
      285,
      89,
      7,
      37,
      4108,
      4112,
      166,
      2,
      8,
      4994,
      14,
      61,
      2,
      2,
      8,
      186,
      179,
      9,
      352,
      4493,
      57,
      160,
      27,
      3,
      10,
      4,
      72,
      2,
      562,
      167,
      304,
      43,
      2,
      60,
      4251,
      131,
      5,
      5024,
      1860,
      76,
      2,
      10,
      4849,
      15,
      14,
      2,
      133,
      2,
      29,
      2,
      6,
      3,
      225,
      6,
      61,
      160,
      4,
      25,
      2,
      2,
      283,
      139,
      2,
      19,
      2,
      831,
      4942,
      8,
      151,
      6206,
      3,
      400,
      204,
      18,
      4921,
      238,
      397,
      2,
      18,
      2,
      236,
      144,
      241,
      846,
      2,
      4946,
      20,
      74,
      5,
      9,
      2,
      2,
      3,
      13,
      163,
      175,
      26,
      2,
      2,
      9,
      6,
      166,
      12,
      3,
      462,
      18,
      140,
      101,
      2,
      3,
      3,
      80,
      3,
      46,
      2,
      198,
      177,
      4384,
      4615,
      186,
      167,
      4242,
      2,
      180,
      383,
      11,
      149,
      206,
      202,
      221,
      13,
      50,
      4309,
      128,
      2,
      282,
      4959,
      206,
      3,
      3,
      142,
      7,
      9,
      74,
      18,
      773,
      367,
      727,
      15,
      170,
      2,
      2,
      688,
      15,
      640,
      20,
      73,
      137,
      2,
      4465,
      351,
      195,
      2,
      73,
      197,
      3,
      2,
      221,
      2,
      2,
      380,
      6,
      595,
      5682,
      109,
      39,
      144,
      17,
      9,
      175,
      2,
      5,
      105,
      17,
      185,
      14,
      282,
      369,
      5,
      228,
      103,
      51,
      2,
      332,
      26,
      233,
      92,
      454,
      7,
      238,
      4255,
      604,
      327,
      32,
      40,
      170,
      37,
      16,
      210,
      184,
      2,
      15,
      143,
      143,
      334,
      7,
      73,
      245,
      319,
      248,
      3,
      11,
      10,
      4528,
      2,
      3,
      32,
      49,
      54,
      10,
      2084,
      2,
      280,
      215,
      3,
      189,
      194,
      10,
      3,
      7,
      124,
      4961,
      219,
      289,
      206,
      2,
      223,
      206,
      104,
      20,
      608,
      7,
      2,
      359,
      8,
      2,
      280,
      4253,
      300,
      8,
      8,
      419,
      32,
      236,
      7,
      2,
      157,
      199,
      623,
      7,
      328,
      207,
      14,
      114,
      46,
      2,
      9,
      2,
      4256,
      2,
      39,
      316,
      878,
      5073,
      264,
      29,
      150,
      2,
      28,
      242,
      177,
      88,
      8,
      7,
      162,
      297,
      5039,
      18,
      66,
      455,
      322,
      91,
      399,
      2,
      2,
      140,
      453,
      150,
      45,
      11,
      255,
      3347,
      19,
      2,
      397,
      283,
      2,
      5058,
      148,
      23,
      3,
      40,
      678,
      4835,
      572,
      3,
      9,
      9,
      13,
      5,
      9,
      2,
      183,
      301,
      2,
      24,
      210,
      35,
      3,
      181,
      477,
      160,
      198,
      191,
      152,
      3,
      2,
      7,
      13,
      144,
      9,
      3,
      100,
      196,
      94,
      86,
      2,
      3,
      3,
      5108,
      4758,
      75,
      2,
      2,
      31,
      215,
      3,
      172,
      2,
      4,
      15,
      2,
      2,
      2,
      26,
      3,
      2,
      2,
      2,
      2,
      116,
      75,
      2,
      3,
      3,
      590,
      317,
      125,
      588,
      3,
      61,
      2,
      40,
      2,
      166,
      2,
      2,
      97,
      14,
      2,
      135,
      969,
      3,
      4215,
      281,
      9,
      202,
      303,
      228,
      102,
      213,
      2,
      3,
      2,
      3,
      2,
      20,
      65,
      2,
      187,
      2,
      223,
      2,
      2,
      2,
      101,
      2,
      2,
      2,
      2,
      2,
      59,
      2,
      2,
      45,
      2,
      150,
      21,
      2,
      442,
      309,
      2,
      2,
      2,
      203,
      2,
      5,
      271,
      532,
      178,
      4059,
      115,
      79,
      249,
      7,
      2,
      19,
      153,
      239,
      2,
      2,
      3,
      15,
      2,
      3,
      4273,
      2,
      2,
      2,
      2,
      16,
      17,
      295,
      478,
      2,
      2,
      189,
      2,
      167,
      15,
      183,
      297,
      176,
      2,
      15,
      2,
      3,
      2,
      13,
      2,
      739,
      38,
      181,
      2,
      245,
      298,
      2,
      26,
      2,
      2,
      2,
      37,
      556,
      306,
      2,
      277,
      2,
      2,
      2,
      10,
      2,
      2,
      24,
      3,
      2,
      2,
      2,
      4,
      2,
      31,
      8,
      221,
      99,
      2,
      2,
      2,
      2,
      15,
      2,
      2,
      69,
      22,
      2,
      3,
      4810,
      2,
      2,
      4037,
      111,
      295,
      10,
      2,
      20,
      2,
      2,
      2,
      2,
      26,
      123,
      23,
      2,
      2,
      2,
      2,
      383,
      2,
      2,
      2,
