{
  "primary_metric": "length_controlled_winrate",
  "n_items": 805,
  "n_items_correct": 0,
  "n_items_incorrect": 0,
  "n_items_unknown": 805,
  "n_generations": 805,
  "samples_per_item": [
    1
  ],
  "all_rollouts": {
    "tokens": {
      "n": 805,
      "min": 2,
      "max": 5752,
      "mean": 565.0248447204968,
      "std": 1294.827008039761,
      "var": 1676576.9807491994,
      "p10": 2,
      "p25": 13,
      "p50": 115,
      "p75": 279,
      "p90": 1078,
      "p95": 4499,
      "p99": 4903
    },
    "tokens_histogram": {
      "edges": [
        0,
        10,
        20,
        50,
        100,
        200,
        500,
        1000,
        2000,
        5000,
        10000,
        20000,
        40000
      ],
      "counts": [
        178,
        45,
        77,
        79,
        139,
        171,
        34,
        5,
        69,
        8,
        0,
        0
      ],
      "labels": [
        "[0,10)",
        "[10,20)",
        "[20,50)",
        "[50,100)",
        "[100,200)",
        "[200,500)",
        "[500,1000)",
        "[1000,2000)",
        "[2000,5000)",
        "[5000,10000)",
        "[10000,20000)",
        "[20000,40000)"
      ]
    },
    "tokens_raw": [
      137,
      10,
      223,
      16,
      43,
      10,
      34,
      60,
      292,
      830,
      753,
      4197,
      382,
      4,
      2,
      216,
      204,
      389,
      55,
      725,
      64,
      139,
      62,
      9,
      55,
      6,
      31,
      227,
      143,
      11,
      9,
      339,
      251,
      57,
      31,
      6,
      10,
      2,
      298,
      289,
      2,
      4585,
      473,
      50,
      4190,
      216,
      2,
      548,
      55,
      184,
      18,
      68,
      477,
      286,
      270,
      96,
      4484,
      253,
      219,
      113,
      725,
      443,
      275,
      263,
      384,
      100,
      4612,
      659,
      251,
      128,
      58,
      15,
      210,
      45,
      188,
      15,
      215,
      635,
      35,
      28,
      43,
      135,
      27,
      4796,
      149,
      318,
      253,
      4660,
      52,
      450,
      244,
      9,
      458,
      24,
      415,
      4146,
      12,
      198,
      63,
      123,
      498,
      2,
      40,
      271,
      471,
      41,
      126,
      264,
      3,
      108,
      373,
      211,
      87,
      43,
      4383,
      377,
      4613,
      30,
      90,
      114,
      20,
      44,
      55,
      2,
      427,
      8,
      305,
      20,
      11,
      398,
      5,
      82,
      170,
      184,
      186,
      10,
      4060,
      676,
      4228,
      448,
      4715,
      274,
      33,
      129,
      4486,
      233,
      111,
      3,
      1114,
      61,
      45,
      506,
      135,
      2,
      332,
      23,
      438,
      48,
      13,
      39,
      548,
      9,
      313,
      165,
      2,
      101,
      277,
      34,
      9,
      2,
      284,
      4185,
      900,
      2,
      120,
      545,
      530,
      362,
      9,
      111,
      379,
      203,
      167,
      195,
      144,
      555,
      305,
      154,
      4816,
      41,
      2,
      173,
      313,
      269,
      990,
      36,
      2,
      4,
      138,
      6,
      220,
      2,
      80,
      4429,
      305,
      180,
      4613,
      52,
      673,
      2,
      23,
      34,
      288,
      332,
      2,
      5234,
      255,
      319,
      108,
      3,
      150,
      5752,
      67,
      250,
      4866,
      41,
      133,
      107,
      4249,
      144,
      39,
      200,
      3,
      202,
      173,
      475,
      261,
      361,
      196,
      234,
      208,
      186,
      54,
      7,
      132,
      15,
      203,
      157,
      1078,
      20,
      4600,
      3,
      166,
      870,
      5092,
      4130,
      343,
      236,
      164,
      137,
      3,
      81,
      2,
      565,
      15,
      880,
      361,
      201,
      167,
      155,
      3137,
      249,
      177,
      99,
      144,
      152,
      2,
      73,
      171,
      246,
      191,
      4091,
      5127,
      258,
      1410,
      125,
      48,
      2344,
      19,
      9,
      307,
      4527,
      5,
      38,
      4227,
      120,
      14,
      28,
      404,
      74,
      293,
      151,
      3,
      31,
      183,
      4396,
      392,
      86,
      674,
      177,
      143,
      14,
      374,
      361,
      116,
      130,
      115,
      51,
      150,
      12,
      157,
      4466,
      314,
      155,
      122,
      200,
      7,
      92,
      395,
      182,
      136,
      4685,
      48,
      10,
      4339,
      175,
      2,
      346,
      27,
      59,
      9,
      663,
      3,
      260,
      237,
      32,
      2,
      160,
      12,
      3,
      7,
      244,
      140,
      172,
      203,
      199,
      5132,
      269,
      279,
      42,
      1368,
      4903,
      71,
      4143,
      4882,
      273,
      37,
      148,
      9,
      809,
      8,
      8,
      221,
      28,
      420,
      4747,
      12,
      142,
      219,
      480,
      217,
      228,
      459,
      2,
      57,
      2,
      3,
      104,
      273,
      4761,
      2,
      100,
      2,
      256,
      243,
      189,
      37,
      5173,
      2,
      4414,
      222,
      122,
      81,
      236,
      37,
      170,
      82,
      9,
      27,
      61,
      385,
      161,
      57,
      702,
      4764,
      265,
      117,
      234,
      55,
      46,
      19,
      144,
      5275,
      26,
      3,
      666,
      273,
      103,
      388,
      86,
      155,
      79,
      60,
      3,
      269,
      296,
      51,
      176,
      19,
      3,
      25,
      197,
      164,
      34,
      277,
      2,
      43,
      103,
      52,
      310,
      328,
      592,
      112,
      2,
      251,
      115,
      4499,
      2,
      15,
      160,
      43,
      4,
      4838,
      165,
      255,
      10,
      64,
      4837,
      3,
      4640,
      338,
      77,
      64,
      2,
      2,
      31,
      173,
      3,
      92,
      125,
      5124,
      2,
      44,
      122,
      3,
      17,
      95,
      2,
      63,
      55,
      143,
      125,
      67,
      4564,
      3,
      6,
      702,
      264,
      61,
      4064,
      4266,
      78,
      6,
      2,
      2,
      94,
      51,
      3,
      2,
      2,
      2,
      150,
      222,
      37,
      149,
      312,
      167,
      356,
      3,
      195,
      187,
      172,
      2,
      4135,
      262,
      109,
      2,
      30,
      31,
      206,
      4388,
      67,
      33,
      39,
      4352,
      4529,
      23,
      2,
      2,
      2,
      2,
      2,
      53,
      2,
      2,
      6,
      2,
      131,
      98,
      2,
      340,
      367,
      2,
      4608,
      58,
      45,
      2,
      835,
      149,
      262,
      189,
      439,
      105,
      98,
      8,
      144,
      2,
      290,
      154,
      29,
      52,
      2,
      2,
      15,
      2,
      2,
      296,
      64,
      2,
      2,
      647,
      581,
      3,
      3894,
      152,
      2,
      367,
      2,
      43,
      173,
      212,
      382,
      95,
      190,
      47,
      4899,
      157,
      3,
      3,
      4,
      29,
      111,
      44,
      222,
      421,
      345,
      172,
      3,
      43,
      2,
      2,
      2,
      3,
      1063,
      181,
      2,
      26,
      4645,
      2,
      53,
      21,
      144,
      66,
      4135,
      2,
      4630,
      3,
      13,
      2,
      18,
      20,
      4,
      33,
      4348,
      3,
      2,
      2,
      2,
      4639,
      2,
      12,
      44,
      4656,
      2,
      2,
      2,
      94,
