{
  "primary_metric": "prompt_level_loose_acc",
  "n_items": 300,
  "n_items_correct": 122,
  "n_items_incorrect": 178,
  "n_items_unknown": 0,
  "n_generations": 300,
  "samples_per_item": [
    1
  ],
  "all_rollouts": {
    "tokens": {
      "n": 300,
      "min": 2,
      "max": 4965,
      "mean": 124.3,
      "std": 704.1308519491719,
      "var": 495800.25666666665,
      "p10": 2,
      "p25": 2,
      "p50": 2,
      "p75": 4,
      "p90": 53,
      "p95": 154,
      "p99": 4742
    },
    "tokens_histogram": {
      "edges": [
        0,
        10,
        20,
        50,
        100,
        200,
        500,
        1000,
        2000,
        5000,
        10000,
        20000,
        40000
      ],
      "counts": [
        236,
        10,
        22,
        11,
        8,
        6,
        0,
        0,
        7,
        0,
        0,
        0
      ],
      "labels": [
        "[0,10)",
        "[10,20)",
        "[20,50)",
        "[50,100)",
        "[100,200)",
        "[200,500)",
        "[500,1000)",
        "[1000,2000)",
        "[2000,5000)",
        "[5000,10000)",
        "[10000,20000)",
        "[20000,40000)"
      ]
    },
    "tokens_raw": [
      24,
      24,
      34,
      18,
      7,
      2,
      2,
      2,
      2,
      2,
      5,
      2,
      3,
      2,
      2,
      2,
      2,
      3,
      2,
      15,
      2,
      2,
      2,
      2,
      2,
      3,
      105,
      6,
      2,
      56,
      27,
      51,
      2,
      2,
      154,
      38,
      318,
      65,
      2,
      2,
      206,
      2,
      2,
      2,
      20,
      25,
      2,
      2,
      2,
      2,
      2,
      2,
      2,
      2,
      2,
      2,
      2,
      2,
      3,
      2,
      2,
      2,
      2,
      2,
      2,
      2,
      4,
      4,
      4,
      2,
      4,
      3,
      2,
      2,
      16,
      236,
      2,
      2,
      2,
      2,
      2,
      2,
      3,
      4,
      2,
      3,
      19,
      2,
      2,
      2,
      2,
      2,
      2,
      59,
      3,
      154,
      2,
      3,
      3,
      53,
      2,
      3,
      2,
      2,
      2,
      2,
      8,
      3,
      237,
      2,
      73,
      2,
      2,
      4084,
      2,
      2,
      13,
      2,
      2,
      3,
      3,
      3,
      3,
      2,
      2,
      2,
      33,
      170,
      35,
      29,
      34,
      48,
      71,
      4713,
      100,
      98,
      26,
      33,
      20,
      14,
      34,
      43,
      19,
      2,
      2,
      2,
      2,
      222,
      4,
      4,
      3,
      3,
      4,
      2,
      25,
      2,
      2,
      2,
      2,
      2,
      2,
      2,
      2,
      2,
      2,
      2,
      2,
      2,
      2,
      2,
      2,
      2,
      2,
      2,
      2,
      56,
      112,
      2,
      2,
      2,
      3,
      4742,
      4703,
      25,
      2,
      2,
      7,
      2,
      2,
      6,
      2,
      5,
      4,
      3,
      4,
      3,
      4,
      3,
      4,
      3,
      2,
      2,
      2,
      2,
      2,
      2,
      2,
      2,
      2,
      2,
      2,
      2,
      2,
      2,
      2,
      2,
      2,
      2,
      2,
      2,
      2,
      2,
      2,
      2,
      2,
      2,
      2,
      2,
      4965,
      2,
      2,
      2,
      3,
      2,
      2,
      3,
      2,
      2,
      3,
      2,
      3,
      2,
      2,
      2,
      2,
      2,
      2,
      2,
      2,
      2,
      2,
      2,
      2,
      2,
      2,
      2,
      2,
      2,
      2,
      2,
      2,
      2,
      2,
      2,
      2,
      2,
      2,
      2,
      2,
      2,
      48,
      2,
      2,
      4762,
      120,
      3,
      277,
      11,
      69,
      2,
      39,
      44,
      2,
      4686,
      2,
      2,
      2,
      2,
      4,
      2,
      2,
      2,
      12,
      110,
      12,
      50,
      2,
      2,
      2,
      2
    ],
    "chars": {
      "n": 300,
      "min": 1,
      "max": 22772,
      "mean": 316.6933333333333,
      "std": 2041.2284159190895,
      "var": 4166613.4459555554,
      "p10": 1,
      "p25": 1,
      "p50": 6,
      "p75": 10,
      "p90": 213,
      "p95": 554,
      "p99": 14722
    },
    "chars_histogram": {
      "edges": [
        0,
        50,
        100,
        250,
        500,
        1000,
        2500,
        5000,
        10000,
        25000,
        50000,
        100000,
        200000
      ],
      "counts": [
        241,
        14,
        16,
        10,
        10,
        2,
        4,
        0,
        3,
        0,
        0,
        0
      ],
      "labels": [
        "[0,50)",
        "[50,100)",
        "[100,250)",
        "[250,500)",
        "[500,1000)",
        "[1000,2500)",
        "[2500,5000)",
        "[5000,10000)",
        "[10000,25000)",
        "[25000,50000)",
        "[50000,100000)",
        "[100000,200000)"
      ]
    }
  },
  "correct_rollouts": {
    "tokens": {
      "n": 122,
      "min": 2,
      "max": 4742,
      "mean": 125.30327868852459,
      "std": 698.6743992867911,
      "var": 488145.9162187584,
      "p10": 2,
      "p25": 2,
      "p50": 2,
      "p75": 6,
      "p90": 50,
      "p95": 110,
      "p99": 4703
    },
    "tokens_histogram": {
      "edges": [
        0,
        10,
        20,
        50,
        100,
        200,
        500,
        1000,
        2000,
        5000,
        10000,
        20000,
        40000
      ],
      "counts": [
        93,
        7,
        9,
        4,
        5,
        1,
        0,
        0,
        3,
        0,
        0,
        0
      ],
      "labels": [
        "[0,10)",
        "[10,20)",
        "[20,50)",
        "[50,100)",
        "[100,200)",
        "[200,500)",
        "[500,1000)",
        "[1000,2000)",
        "[2000,5000)",
        "[5000,10000)",
        "[10000,20000)",
        "[20000,40000)"
      ]
    },
    "tokens_raw": [
      24,
      24,
      105,
      6,
      56,
      2,
      2,
      2,
      2,
      2,
      4,
      4,
      2,
      16,
      2,
      2,
      2,
      2,
      19,
      2,
      2,
      2,
      3,
      2,
      3,
      2,
      4084,
      2,
      2,
      13,
      2,
      33,
      170,
      35,
      29,
      34,
      48,
      71,
      100,
      98,
      14,
      19,
      2,
      2,
      2,
      2,
      2,
      2,
      2,
      2,
      2,
      2,
      2,
      2,
      2,
      2,
      2,
      2,
      2,
      3,
      4742,
      4703,
      25,
      2,
      2,
      7,
      2,
      2,
      2,
      2,
      2,
      2,
      2,
      2,
      2,
      2,
      2,
      2,
      2,
      2,
      2,
      2,
      2,
      2,
      2,
      2,
      3,
      2,
      2,
      2,
      2,
      2,
      2,
      2,
      2,
      2,
      2,
      2,
      2,
      2,
      2,
      2,
      2,
      2,
      2,
      2,
      2,
      120,
      277,
      39,
      4,
      2,
      2,
      2,
      12,
      110,
      12,
      50,
      2,
      2,
      2,
      2
    ],
    "chars": {
      "n": 122,
      "min": 1,
      "max": 14722,
      "mean": 252.71311475409837,
      "std": 1449.2588466461407,
      "var": 2100351.2045821017,
      "p10": 1,
      "p25": 1,
      "p50": 9,
      "p75": 18,
      "p90": 199,
      "p95": 538,
      "p99": 4741
    },
    "chars_histogram": {
      "edges": [
        0,
        50,
        100,
        250,
        500,
        1000,
        2500,
        5000,
        10000,
        25000,
        50000,
        100000,
        200000
      ],
      "counts": [
        96,
        8,
        6,
        4,
        5,
        0,
        2,
        0,
        1,
        0,
        0,
        0
      ],