{
  "primary_metric": "length_controlled_winrate",
  "n_items": 805,
  "n_items_correct": 0,
  "n_items_incorrect": 0,
  "n_items_unknown": 805,
  "n_generations": 805,
  "samples_per_item": [
    1
  ],
  "all_rollouts": {
    "tokens": {
      "n": 805,
      "min": 2,
      "max": 7682,
      "mean": 2871.63850931677,
      "std": 2260.1216506054857,
      "var": 5108149.875535666,
      "p10": 76,
      "p25": 288,
      "p50": 4155,
      "p75": 4939,
      "p90": 5110,
      "p95": 5293,
      "p99": 6231
    },
    "tokens_histogram": {
      "edges": [
        0,
        10,
        20,
        50,
        100,
        200,
        500,
        1000,
        2000,
        5000,
        10000,
        20000,
        40000
      ],
      "counts": [
        9,
        13,
        31,
        46,
        60,
        117,
        52,
        19,
        337,
        121,
        0,
        0
      ],
      "labels": [
        "[0,10)",
        "[10,20)",
        "[20,50)",
        "[50,100)",
        "[100,200)",
        "[200,500)",
        "[500,1000)",
        "[1000,2000)",
        "[2000,5000)",
        "[5000,10000)",
        "[10000,20000)",
        "[20000,40000)"
      ]
    },
    "tokens_raw": [
      4721,
      4225,
      4319,
      194,
      4966,
      5167,
      4855,
      4940,
      5042,
      5168,
      5263,
      4946,
      1026,
      4973,
      4719,
      58,
      4187,
      4938,
      4399,
      4665,
      4139,
      175,
      4984,
      5052,
      57,
      223,
      5059,
      4117,
      4863,
      4218,
      5339,
      4524,
      5085,
      660,
      39,
      4906,
      4978,
      4110,
      4896,
      4684,
      101,
      4231,
      5149,
      1780,
      62,
      4999,
      4340,
      5067,
      41,
      4946,
      4177,
      4148,
      4667,
      313,
      4258,
      375,
      1286,
      588,
      5070,
      73,
      4122,
      451,
      843,
      930,
      4111,
      4962,
      4951,
      4240,
      4284,
      3810,
      4930,
      89,
      340,
      5083,
      221,
      4981,
      4073,
      4115,
      178,
      5066,
      4865,
      446,
      4795,
      4102,
      4193,
      4954,
      4541,
      4946,
      614,
      4726,
      782,
      131,
      4721,
      4184,
      4090,
      295,
      4942,
      277,
      4560,
      4574,
      4886,
      4957,
      4633,
      4160,
      5036,
      54,
      4745,
      5149,
      745,
      85,
      4936,
      5146,
      4945,
      4958,
      214,
      4917,
      4949,
      4451,
      4954,
      4703,
      61,
      60,
      89,
      4598,
      4394,
      5166,
      470,
      74,
      50,
      423,
      5157,
      172,
      5860,
      298,
      305,
      185,
      4167,
      4138,
      5283,
      4091,
      4228,
      4521,
      1313,
      4246,
      42,
      4113,
      283,
      122,
      5154,
      204,
      113,
      5382,
      790,
      4954,
      4709,
      168,
      1298,
      4603,
      4781,
      174,
      4115,
      122,
      370,
      4945,
      170,
      135,
      486,
      4911,
      19,
      224,
      822,
      5038,
      257,
      51,
      4947,
      5177,
      5197,
      4750,
      375,
      4960,
      5649,
      322,
      4521,
      4509,
      5063,
      5201,
      425,
      468,
      6176,
      4143,
      5032,
      5390,
      362,
      4116,
      5722,
      31,
      349,
      4833,
      42,
      5447,
      288,
      4552,
      146,
      4981,
      4263,
      4963,
      4975,
      4937,
      4153,
      325,
      88,
      31,
      40,
      5150,
      37,
      4346,
      6010,
      240,
      5112,
      4254,
      1322,
      5163,
      5198,
      222,
      289,
      79,
      4346,
      4068,
      5158,
      545,
      234,
      5014,
      75,
      5111,
      4950,
      5397,
      4194,
      357,
      4975,
      4693,
      4984,
      829,
      5066,
      2654,
      4823,
      31,
      1122,
      740,
      5624,
      20,
      4910,
      5016,
      5137,
      4592,
      5033,
      5343,
      268,
      4132,
      4837,
      482,
      4939,
      180,
      4,
      1189,
      4531,
      4126,
      242,
      124,
      296,
      3955,
      4468,
      873,
      4948,
      120,
      92,
      491,
      4581,
      4840,
      4824,
      40,
      4592,
      4923,
      224,
      4808,
      4625,
      5336,
      4090,
      4155,
      4976,
      5036,
      4949,
      850,
      309,
      240,
      5181,
      276,
      31,
      5172,
      4121,
      99,
      377,
      378,
      7682,
      4981,
      5702,
      4894,
      4897,
      339,
      472,
      4942,
      673,
      4141,
      5222,
      389,
      4938,
      4942,
      4925,
      4973,
      68,
      4910,
      4706,
      507,
      4188,
      4727,
      5583,
      259,
      17,
      4113,
      691,
      413,
      5041,
      4986,
      47,
      10,
      5162,
      5158,
      404,
      316,
      232,
      4941,
      281,
      5404,
      38,
      5535,
      5114,
      5054,
      4950,
      4837,
      4159,
      104,
      5117,
      5736,
      4079,
      499,
      4126,
      4883,
      4904,
      4250,
      731,
      4922,
      4940,
      4957,
      4692,
      4089,
      6274,
      4951,
      4178,
      5018,
      333,
      597,
      8,
      15,
      4095,
      44,
      4840,
      12,
      4262,
      545,
      4942,
      5356,
      4961,
      5137,
      758,
      4633,
      4907,
      72,
      315,
      8,
      4920,
      46,
      4921,
      119,
      5153,
      4956,
      4833,
      4837,
      4906,
      4145,
      4689,
      4383,
      4152,
      5683,
      4463,
      353,
      44,
      4929,
      659,
      4951,
      712,
      4808,
      560,
      114,
      4281,
      4943,
      4949,
      933,
      4950,
      174,
      563,
      4386,
      5052,
      252,
      5026,
      124,
      84,
      5275,
      401,
      182,
      4705,
      4152,
      80,
      4721,
      290,
      4912,
      5126,
      4142,
      84,
      4707,
      12,
      4850,
      4442,
      552,
      6585,
      4945,
      1188,
      5286,
      30,
      237,
      4703,
      5741,
      6105,
      875,
      664,
      4339,
      4912,
      4283,
      5160,
      145,
      16,
      1172,
      4950,
      178,
      4953,
      288,
      5582,
      207,
      193,
      4240,
      4144,
      51,
      4922,
      2689,
      4515,
      57,
      65,
      31,
      212,
      4764,
      174,
      110,
      4940,
      4563,
      308,
      213,
      273,
      4976,
      535,
      4950,
      341,
      123,
      743,
      101,
      4916,
      45,
      258,
      4371,
      1246,
      5156,
      150,
      868,
      81,
      4649,
      4951,
      360,
      390,
      212,
      3966,
      4,
      4556,
      48,
      78,
      5068,
      535,
      37,
      321,
      5094,
      5097,
      5110,
      4975,
      4119,
      193,
      451,
      4894,
      130,
      254,
      428,
      4533,
      94,
      52,
      443,
      241,
      4910,
      4954,
      146,
      5751,
      1742,
      4589,
      4963,
      4708,
      4922,
      6538,
      389,
      4002,
      3,
      643,
      23,
      4927,
      233,
      503,
      4923,
      672,
      369,
      4564,
      291,
      4075,
      298,
      5100,
      6231,
      4143,
      839,
      1362,
      4454,
      4883,
      622,
      419,
      968,
      4892,
      4160,
      4026,
      557,
      4047,
      5719,
      1799,
      156,
      1260,
      4715,
      5035,
      313,
      5110,
      4956,
      4934,
      1521,
      619,
      6534,
      288,
      4195,
      4598,
      4807,
      45,
