{
  "primary_metric": "exact_match_flex",
  "n_items": 500,
  "n_items_correct": 242,
  "n_items_incorrect": 258,
  "n_items_unknown": 0,
  "n_generations": 500,
  "samples_per_item": [
    1
  ],
  "all_rollouts": {
    "tokens": {
      "n": 500,
      "min": 6,
      "max": 5121,
      "mean": 357.878,
      "std": 767.0857729850034,
      "var": 588420.583116,
      "p10": 42,
      "p25": 130,
      "p50": 203,
      "p75": 300,
      "p90": 427,
      "p95": 673,
      "p99": 4781
    },
    "tokens_histogram": {
      "edges": [
        0,
        10,
        20,
        50,
        100,
        200,
        500,
        1000,
        2000,
        5000,
        10000,
        20000,
        40000
      ],
      "counts": [
        32,
        7,
        18,
        35,
        148,
        225,
        15,
        4,
        14,
        2,
        0,
        0
      ],
      "labels": [
        "[0,10)",
        "[10,20)",
        "[20,50)",
        "[50,100)",
        "[100,200)",
        "[200,500)",
        "[500,1000)",
        "[1000,2000)",
        "[2000,5000)",
        "[5000,10000)",
        "[10000,20000)",
        "[20000,40000)"
      ]
    },
    "tokens_raw": [
      55,
      153,
      324,
      148,
      8,
      144,
      32,
      367,
      340,
      42,
      180,
      4189,
      104,
      172,
      194,
      384,
      145,
      18,
      183,
      241,
      119,
      222,
      37,
      885,
      6,
      364,
      329,
      245,
      180,
      244,
      240,
      144,
      8,
      380,
      297,
      311,
      181,
      7,
      4778,
      181,
      135,
      193,
      252,
      71,
      285,
      91,
      229,
      266,
      193,
      243,
      8,
      195,
      235,
      12,
      25,
      127,
      130,
      158,
      155,
      258,
      113,
      248,
      90,
      443,
      105,
      6,
      208,
      365,
      1018,
      274,
      814,
      222,
      182,
      260,
      204,
      311,
      174,
      158,
      171,
      194,
      406,
      262,
      193,
      78,
      145,
      249,
      8,
      246,
      168,
      325,
      77,
      171,
      4059,
      362,
      54,
      458,
      63,
      6,
      115,
      286,
      306,
      95,
      154,
      95,
      130,
      8,
      8,
      214,
      1302,
      34,
      48,
      249,
      395,
      223,
      408,
      237,
      234,
      158,
      92,
      171,
      6,
      202,
      241,
      205,
      254,
      227,
      205,
      223,
      179,
      336,
      173,
      319,
      136,
      270,
      476,
      8,
      345,
      32,
      140,
      187,
      191,
      75,
      9,
      388,
      201,
      217,
      198,
      299,
      117,
      637,
      85,
      173,
      174,
      259,
      238,
      248,
      7,
      185,
      485,
      251,
      424,
      66,
      314,
      295,
      235,
      245,
      188,
      192,
      6,
      271,
      190,
      258,
      321,
      293,
      301,
      203,
      232,
      108,
      125,
      733,
      273,
      4781,
      210,
      368,
      110,
      139,
      161,
      304,
      40,
      122,
      286,
      111,
      4237,
      194,
      246,
      330,
      194,
      376,
      201,
      246,
      367,
      244,
      145,
      158,
      95,
      535,
      431,
      151,
      249,
      186,
      6,
      215,
      251,
      61,
      8,
      237,
      4400,
      164,
      11,
      10,
      1619,
      280,
      287,
      5121,
      332,
      116,
      6,
      32,
      225,
      7,
      180,
      673,
      170,
      366,
      231,
      476,
      107,
      343,
      425,
      223,
      240,
      244,
      511,
      239,
      427,
      407,
      157,
      444,
      327,
      220,
      344,
      131,
      200,
      133,
      207,
      107,
      204,
      308,
      381,
      130,
      520,
      253,
      201,
      326,
      161,
      235,
      432,
      135,
      290,
      149,
      111,
      8,
      344,
      282,
      253,
      173,
      267,
      29,
      96,
      341,
      287,
      9,
      8,
      290,
      239,
      138,
      150,
      4838,
      254,
      196,
      269,
      232,
      183,
      277,
      234,
      99,
      27,
      393,
      534,
      202,
      174,
      208,
      6,
      199,
      389,
      898,
      134,
      165,
      315,
      153,
      222,
      186,
      108,
      287,
      10,
      339,
      266,
      20,
      323,
      239,
      215,
      273,
      221,
      63,
      84,
      4777,
      118,
      196,
      225,
      165,
      273,
      214,
      92,
      155,
      413,
      157,
      206,
      342,
      264,
      169,
      189,
      379,
      298,
      369,
      201,
      151,
      313,
      335,
      192,
      106,
      191,
      110,
      124,
      255,
      327,
      154,
      489,
      220,
      60,
      1163,
      333,
      154,
      10,
      143,
      322,
      349,
      456,
      182,
      232,
      250,
      121,
      120,
      9,
      348,
      125,
      373,
      655,
      112,
      70,
      12,
      209,
      4091,
      448,
      255,
      112,
      290,
      291,
      180,
      368,
      4076,
      206,
      368,
      119,
      119,
      302,
      212,
      87,
      307,
      7,
      68,
      294,
      189,
      542,
      6,
      219,
      85,
      75,
      5006,
      196,
      402,
      292,
      138,
      172,
      173,
      385,
      524,
      162,
      124,
      420,
      172,
      4579,
      95,
      191,
      129,
      4972,
      297,
      445,
      215,
      244,
      228,
      8,
      266,
      141,
      66,
      3418,
      200,
      265,
      253,
      55,
      190,
      229,
      9,
      168,
      266,
      171,
      21,
      427,
      203,
      245,
      186,
      300,
      312,
      366,
      188,
      271,
      6,
      44,
      58,
      7,
      664,
      121,
      359,
      79,
      164,
      265,
      80,
      3889,
      139,
      191,
      185,
      300,
      192,
      328,
      91,
      150,
      137,
      8,
      178,
      200,
      158,
      325,
      108,
      664,
      387,
      155,
      46,
      159,
      215,
      166,
      111,
      357,
      7,
      42,
      429,
      48,
      48,
      441,
      68,
      189,
      213
    ],
    "chars": {
      "n": 500,
      "min": 9,
      "max": 9811,
      "mean": 847.502,
      "std": 1417.379678842617,
      "var": 2008965.153996,
      "p10": 130,
      "p25": 382,
      "p50": 558,
      "p75": 804,
      "p90": 1064,
      "p95": 1984,
      "p99": 9002
    },
    "chars_histogram": {
      "edges": [
        0,
        50,
        100,
        250,
        500,
        1000,
        2500,
        5000,
        10000,
        25000,
        50000,
        100000,
        200000
      ],
      "counts": [
        40,
        6,
        25,
        131,
        240,
        35,
        7,
        16,
        0,
        0,
        0,
        0
      ],
      "labels": [
        "[0,50)",
        "[50,100)",
        "[100,250)",
        "[250,500)",
        "[500,1000)",
        "[1000,2500)",
        "[2500,5000)",
        "[5000,10000)",
        "[10000,25000)",
        "[25000,50000)",
        "[50000,100000)",
        "[100000,200000)"
      ]
    }
  },
  "correct_rollouts": {
    "tokens": {
      "n": 242,
      "min": 6,
      "max": 4778,
      "mean": 258.76446280991735,
      "std": 400.86434286643185,
      "var": 160692.22138173622,
      "p10": 66,
      "p25": 145,
      "p50": 215,
      "p75": 301,
      "p90": 380,
      "p95": 444,
      "p99": 733
    },