{
  "primary_metric": "exact_match_flex",
  "n_items": 500,
  "n_items_correct": 207,
  "n_items_incorrect": 293,
  "n_items_unknown": 0,
  "n_generations": 500,
  "samples_per_item": [
    1
  ],
  "all_rollouts": {
    "tokens": {
      "n": 500,
      "min": 6,
      "max": 6807,
      "mean": 1441.964,
      "std": 2050.9355735137074,
      "var": 4206336.726704,
      "p10": 9,
      "p25": 236,
      "p50": 384,
      "p75": 1017,
      "p90": 5152,
      "p95": 5444,
      "p99": 6535
    },
    "tokens_histogram": {
      "edges": [
        0,
        10,
        20,
        50,
        100,
        200,
        500,
        1000,
        2000,
        5000,
        10000,
        20000,
        40000
      ],
      "counts": [
        57,
        15,
        5,
        1,
        20,
        211,
        66,
        6,
        39,
        80,
        0,
        0
      ],
      "labels": [
        "[0,10)",
        "[10,20)",
        "[20,50)",
        "[50,100)",
        "[100,200)",
        "[200,500)",
        "[500,1000)",
        "[1000,2000)",
        "[2000,5000)",
        "[5000,10000)",
        "[10000,20000)",
        "[20000,40000)"
      ]
    },
    "tokens_raw": [
      342,
      9,
      5104,
      328,
      8,
      221,
      24,
      3483,
      393,
      403,
      5154,
      5148,
      529,
      212,
      5132,
      658,
      181,
      409,
      392,
      3445,
      285,
      322,
      717,
      684,
      7,
      576,
      334,
      574,
      175,
      296,
      20,
      317,
      229,
      5311,
      5441,
      416,
      281,
      7,
      5051,
      261,
      307,
      446,
      273,
      5729,
      367,
      486,
      491,
      444,
      270,
      273,
      427,
      789,
      5085,
      165,
      243,
      231,
      204,
      641,
      9,
      342,
      547,
      4898,
      451,
      904,
      286,
      152,
      225,
      419,
      332,
      5412,
      343,
      429,
      5315,
      293,
      44,
      392,
      6,
      4784,
      4101,
      5148,
      553,
      413,
      4979,
      294,
      844,
      9,
      200,
      614,
      10,
      390,
      7,
      287,
      5486,
      403,
      164,
      621,
      540,
      6,
      201,
      681,
      8,
      445,
      260,
      257,
      7,
      8,
      10,
      332,
      378,
      9,
      3945,
      322,
      535,
      322,
      678,
      473,
      280,
      218,
      5451,
      5294,
      303,
      302,
      5311,
      596,
      5998,
      229,
      395,
      5474,
      7,
      5232,
      331,
      4077,
      169,
      8,
      6,
      392,
      4002,
      466,
      10,
      252,
      327,
      6807,
      9,
      684,
      237,
      5152,
      5167,
      5067,
      225,
      7,
      4875,
      8,
      461,
      364,
      10,
      5158,
      6602,
      5027,
      603,
      326,
      477,
      157,
      489,
      3346,
      5019,
      344,
      343,
      7,
      7,
      7,
      3700,
      284,
      446,
      810,
      344,
      6,
      5291,
      248,
      271,
      1067,
      379,
      3306,
      271,
      4934,
      351,
      253,
      252,
      6,
      208,
      5002,
      341,
      163,
      5583,
      384,
      251,
      333,
      9,
      5162,
      372,
      236,
      533,
      5630,
      5792,
      488,
      407,
      2449,
      3425,
      219,
      317,
      7,
      6,
      237,
      5192,
      3986,
      5098,
      258,
      6422,
      16,
      286,
      10,
      10,
      434,
      352,
      5143,
      4368,
      254,
      6,
      122,
      552,
      7,
      301,
      774,
      4861,
      454,
      292,
      530,
      289,
      5362,
      505,
      504,
      188,
      5068,
      5625,
      228,
      5053,
      878,
      325,
      4932,
      532,
      1324,
      540,
      7,
      5061,
      208,
      202,
      4947,
      5605,
      334,
      5028,
      94,
      6356,
      253,
      201,
      312,
      6520,
      285,
      5279,
      8,
      227,
      337,
      318,
      3521,
      723,
      8,
      299,
      248,
      6,
      9,
      330,
      511,
      401,
      303,
      271,
      8,
      2840,
      212,
      4193,
      5192,
      4969,
      4933,
      486,
      439,
      4715,
      5070,
      415,
      4014,
      464,
      466,
      5265,
      290,
      7,
      10,
      7,
      7,
      722,
      337,
      6,
      13,
      553,
      501,
      346,
      502,
      149,
      329,
      275,
      962,
      447,
      253,
      525,
      293,
      5638,
      5413,
      294,
      261,
      6060,
      505,
      565,
      6535,
      736,
      203,
      418,
      1587,
      448,
      5177,
      510,
      6,
      248,
      4964,
      335,
      405,
      593,
      491,
      405,
      12,
      9,
      198,
      321,
      331,
      362,
      217,
      321,
      409,
      5319,
      8,
      324,
      296,
      711,
      330,
      355,
      337,
      4846,
      16,
      173,
      289,
      592,
      5444,
      5167,
      156,
      348,
      292,
      7,
      509,
      9,
      484,
      221,
      605,
      693,
      5013,
      548,
      17,
      435,
      5129,
      499,
      476,
      206,
      8,
      217,
      7,
      364,
      4543,
      7,
      4014,
      3506,
      335,
      6687,
      273,
      311,
      293,
      20,
      187,
      10,
      5077,
      582,
      6,
      285,
      398,
      413,
      5677,
      4947,
      552,
      315,
      7,
      5121,
      261,
      438,
      718,
      5215,
      237,
      444,
      4963,
      5306,
      5537,
      519,
      9,
      6,
      1017,
      588,
      7,
      282,
      5017,
      25,
      4983,
      391,
      579,
      889,
      399,
      686,
      6,
      192,
      315,
      520,
      9,
      186,
      353,
      303,
      11,
      5113,
      377,
      5070,
      221,
      676,
      5031,
      595,
      169,
      5813,
      229,
      1277,
      176,
      250,
      1106,
      280,
      527,
      300,
      6,
      5298,
      349,
      437,
      454,
      275,
      214,
      5082,
      10,
      5106,
      311,
      267,
      369,
      374,
      547,
      4036,
      324,
      783,
      243,
      560,
      6704,
      350,
      177,
      7,
      267,
      5063,
      493,
      5008,
      8,
      3799,
      5971,
      5136,
      389,
      511,
      4943,
      458,
      370
    ],
    "chars": {
      "n": 500,
      "min": 9,
      "max": 31034,
      "mean": 3341.058,
      "std": 5110.18032192955,
      "var": 26113942.922636,
      "p10": 13,
      "p25": 666,
      "p50": 1084,
      "p75": 2522,
      "p90": 10185,
      "p95": 13100,
      "p99": 24839
    },
    "chars_histogram": {
      "edges": [
        0,
        50,
        100,
        250,
        500,
        1000,
        2500,
        5000,
        10000,
        25000,
        50000,
        100000,
        200000
      ],
      "counts": [
        73,
        2,
        3,
        14,
        130,
        153,
        6,
        66,
        49,
        4,
        0,
        0
      ],
      "labels": [
        "[0,50)",
        "[50,100)",
        "[100,250)",
        "[250,500)",
        "[500,1000)",
        "[1000,2500)",
        "[2500,5000)",
        "[5000,10000)",
        "[10000,25000)",
        "[25000,50000)",
        "[50000,100000)",
        "[100000,200000)"
      ]
    }
  },
  "correct_rollouts": {
    "tokens": {
      "n": 207,
      "min": 6,
      "max": 5998,
      "mean": 419.5024154589372,
      "std": 650.0844083016227,
      "var": 422609.73791687086,
      "p10": 94,
      "p25": 221,
      "p50": 322,
      "p75": 444,
      "p90": 641,
      "p95": 789,