{
  "primary_metric": "length_controlled_winrate",
  "n_items": 805,
  "n_items_correct": 0,
  "n_items_incorrect": 0,
  "n_items_unknown": 805,
  "n_generations": 805,
  "samples_per_item": [
    1
  ],
  "all_rollouts": {
    "tokens": {
      "n": 805,
      "min": 2,
      "max": 7841,
      "mean": 1961.4211180124223,
      "std": 2425.893920207686,
      "var": 5884961.3121006135,
      "p10": 56,
      "p25": 170,
      "p50": 428,
      "p75": 4476,
      "p90": 5775,
      "p95": 6556,
      "p99": 7233
    },
    "tokens_histogram": {
      "edges": [
        0,
        10,
        20,
        50,
        100,
        200,
        500,
        1000,
        2000,
        5000,
        10000,
        20000,
        40000
      ],
      "counts": [
        7,
        20,
        41,
        64,
        102,
        197,
        86,
        24,
        90,
        174,
        0,
        0
      ],
      "labels": [
        "[0,10)",
        "[10,20)",
        "[20,50)",
        "[50,100)",
        "[100,200)",
        "[200,500)",
        "[500,1000)",
        "[1000,2000)",
        "[2000,5000)",
        "[5000,10000)",
        "[10000,20000)",
        "[20000,40000)"
      ]
    },
    "tokens_raw": [
      222,
      1257,
      5106,
      377,
      7813,
      428,
      4490,
      266,
      5110,
      1047,
      967,
      295,
      4117,
      683,
      6556,
      388,
      610,
      5013,
      142,
      5313,
      93,
      521,
      143,
      4134,
      80,
      5645,
      4424,
      6722,
      4688,
      4158,
      5451,
      5092,
      622,
      876,
      14,
      4131,
      295,
      4100,
      4087,
      5114,
      41,
      5836,
      7139,
      145,
      4337,
      6180,
      6880,
      5695,
      239,
      5860,
      56,
      244,
      890,
      522,
      203,
      203,
      4142,
      660,
      4136,
      238,
      5764,
      575,
      189,
      5457,
      4107,
      503,
      241,
      160,
      257,
      4121,
      214,
      42,
      255,
      335,
      192,
      5863,
      4174,
      5103,
      7233,
      6196,
      226,
      504,
      4209,
      5106,
      5258,
      658,
      7350,
      5061,
      107,
      5065,
      114,
      154,
      5032,
      50,
      4201,
      5112,
      5333,
      193,
      5834,
      208,
      4820,
      46,
      43,
      4208,
      6193,
      95,
      254,
      362,
      6227,
      116,
      4269,
      380,
      98,
      160,
      235,
      5190,
      5088,
      292,
      189,
      184,
      45,
      112,
      170,
      1338,
      6692,
      587,
      4683,
      5629,
      73,
      528,
      285,
      209,
      312,
      326,
      5185,
      216,
      5123,
      875,
      5066,
      6705,
      648,
      4794,
      247,
      6868,
      41,
      5712,
      275,
      421,
      4653,
      345,
      5266,
      6834,
      4165,
      990,
      6707,
      228,
      1347,
      201,
      4517,
      42,
      4145,
      61,
      6333,
      734,
      588,
      4879,
      5084,
      249,
      28,
      324,
      656,
      4908,
      197,
      337,
      313,
      4521,
      5937,
      454,
      311,
      193,
      6443,
      476,
      2025,
      5334,
      5199,
      5212,
      6558,
      185,
      5871,
      542,
      13,
      389,
      290,
      5129,
      5543,
      47,
      634,
      91,
      135,
      2,
      425,
      810,
      367,
      743,
      4213,
      5132,
      182,
      65,
      5160,
      271,
      50,
      359,
      814,
      6397,
      48,
      4534,
      6839,
      269,
      5256,
      289,
      5050,
      4306,
      181,
      584,
      5162,
      58,
      4255,
      160,
      5677,
      240,
      216,
      4152,
      105,
      560,
      449,
      6748,
      4755,
      402,
      501,
      261,
      6593,
      487,
      179,
      5197,
      476,
      15,
      530,
      212,
      4083,
      51,
      166,
      111,
      5432,
      5094,
      413,
      5024,
      4302,
      7217,
      7841,
      104,
      91,
      154,
      2,
      837,
      481,
      1027,
      6625,
      830,
      225,
      990,
      5577,
      647,
      214,
      167,
      174,
      263,
      4518,
      358,
      415,
      480,
      357,
      1232,
      166,
      4022,
      7192,
      4693,
      118,
      491,
      1100,
      4967,
      977,
      5662,
      403,
      233,
      4242,
      504,
      5040,
      5771,
      5121,
      211,
      666,
      269,
      133,
      4182,
      335,
      101,
      5286,
      5993,
      5900,
      5154,
      690,
      4045,
      6404,
      648,
      599,
      41,
      788,
      91,
      4470,
      261,
      797,
      309,
      4489,
      502,
      2168,
      5382,
      5199,
      340,
      385,
      380,
      307,
      5584,
      49,
      10,
      4408,
      197,
      410,
      4996,
      73,
      53,
      17,
      5834,
      192,
      7687,
      5536,
      160,
      170,
      415,
      4529,
      231,
      33,
      220,
      311,
      490,
      4476,
      7282,
      232,
      330,
      679,
      196,
      4187,
      4074,
      187,
      399,
      4121,
      257,
      61,
      349,
      274,
      5711,
      11,
      25,
      866,
      138,
      6499,
      719,
      5162,
      6901,
      366,
      494,
      6115,
      615,
      1153,
      5306,
      391,
      68,
      234,
      513,
      483,
      68,
      321,
      145,
      533,
      1499,
      5057,
      317,
      108,
      7117,
      5824,
      5887,
      6997,
      5189,
      46,
      187,
      39,
      445,
      339,
      153,
      319,
      79,
      899,
      331,
      126,
      1504,
      701,
      541,
      364,
      353,
      382,
      65,
      624,
      133,
      6362,
      121,
      63,
      5287,
      4146,
      175,
      5088,
      499,
      278,
      5701,
      174,
      6654,
      7323,
      199,
      97,
      489,
      26,
      155,
      53,
      481,
      7274,
      103,
      170,
      5172,
      53,
      145,
      542,
      3751,
      5776,
      1010,
      5296,
      4076,
      401,
      5250,
      6706,
      195,
      16,
      791,
      177,
      27,
      4104,
      534,
      5432,
      120,
      5738,
      1769,
      5378,
      52,
      5310,
      346,
      252,
      150,
      1127,
      32,
      57,
      18,
      166,
      105,
      5120,
      33,
      5040,
      330,
      200,
      164,
      353,
      5269,
      305,
      51,
      207,
      194,
      82,
      14,
      5016,
      95,
      1587,
      449,
      60,
      1075,
      201,
      62,
      454,
      325,
      176,
      221,
      88,
      2520,
      676,
      132,
      69,
      260,
      946,
      85,
      306,
      6683,
      250,
      449,
      838,
      303,
      6253,
      6112,
      5812,
      118,
      149,
      150,
      142,
      68,
      58,
      647,
      237,
      164,
      5943,
      147,
      5002,
      340,
      42,
      8,
      225,
      7067,
      75,
      231,
      298,
      4986,
      1914,
      57,
      141,
      206,
      170,
      47,
      6704,
      742,
      49,
      296,
      107,
      236,
      429,
      650,
      4153,
      923,
      698,
      4047,
      5152,
      6830,
      554,
      270,
      351,
      4091,
      215,
      637,
      244,
      190,
      385,
      156,
      495,
      4837,
      4167,
      5732,
      577,
      4271,
      990,
      4128,
      1962,
      4289,
      350,
      203,
      6043,
      372,
      66,
      5674,
      1133,
      6649,
      216,
      5867,
      239,
      373,
      283,
      16,
      41,
      2109,
      55,
      4167,
