{
  "primary_metric": "prompt_level_loose_acc",
  "n_items": 300,
  "n_items_correct": 66,
  "n_items_incorrect": 234,
  "n_items_unknown": 0,
  "n_generations": 300,
  "samples_per_item": [
    1
  ],
  "all_rollouts": {
    "tokens": {
      "n": 300,
      "min": 2,
      "max": 8948,
      "mean": 1096.9433333333334,
      "std": 1992.4601761278832,
      "var": 3969897.5534555553,
      "p10": 2,
      "p25": 2,
      "p50": 45,
      "p75": 196,
      "p90": 4808,
      "p95": 4925,
      "p99": 6166
    },
    "tokens_histogram": {
      "edges": [
        0,
        10,
        20,
        50,
        100,
        200,
        500,
        1000,
        2000,
        5000,
        10000,
        20000,
        40000
      ],
      "counts": [
        110,
        10,
        34,
        40,
        32,
        5,
        3,
        0,
        56,
        10,
        0,
        0
      ],
      "labels": [
        "[0,10)",
        "[10,20)",
        "[20,50)",
        "[50,100)",
        "[100,200)",
        "[200,500)",
        "[500,1000)",
        "[1000,2000)",
        "[2000,5000)",
        "[5000,10000)",
        "[10000,20000)",
        "[20000,40000)"
      ]
    },
    "tokens_raw": [
      132,
      2,
      2,
      4860,
      44,
      116,
      2,
      154,
      135,
      94,
      2,
      2,
      3,
      2,
      3,
      2,
      2,
      50,
      2,
      2,
      2,
      2,
      2,
      43,
      2,
      2,
      4500,
      2,
      4818,
      196,
      4544,
      4574,
      2,
      6,
      4583,
      132,
      4259,
      92,
      79,
      53,
      919,
      120,
      20,
      2,
      2,
      34,
      64,
      3,
      60,
      2,
      4290,
      4905,
      13,
      4862,
      93,
      167,
      4599,
      4758,
      4446,
      121,
      61,
      32,
      133,
      7,
      4,
      4180,
      5088,
      5090,
      103,
      82,
      18,
      2,
      52,
      4930,
      22,
      4797,
      4894,
      2,
      4631,
      4624,
      2,
      2,
      2,
      34,
      4691,
      2,
      36,
      117,
      2,
      4551,
      3749,
      2,
      4269,
      5036,
      2,
      54,
      61,
      114,
      35,
      139,
      38,
      4841,
      4196,
      2,
      4511,
      2,
      81,
      118,
      40,
      132,
      8948,
      137,
      2,
      5062,
      2,
      2,
      48,
      124,
      4678,
      4298,
      2,
      4690,
      2,
      2,
      2,
      2,
      4099,
      49,
      124,
      4883,
      2,
      4845,
      717,
      80,
      53,
      60,
      76,
      637,
      4549,
      4693,
      45,
      57,
      229,
      2,
      38,
      6789,
      3,
      4716,
      3,
      4915,
      152,
      65,
      4921,
      5098,
      74,
      6166,
      19,
      2,
      439,
      88,
      91,
      20,
      108,
      39,
      80,
      132,
      3,
      2,
      2,
      2,
      2,
      79,
      56,
      3,
      65,
      4781,
      21,
      2,
      2,
      50,
      80,
      101,
      61,
      3,
      2,
      29,
      3,
      3,
      70,
      53,
      4307,
      2,
      2,
      2,
      4,
      66,
      4639,
      8,
      2,
      193,
      2,
      4885,
      2,
      2,
      2,
      2,
      88,
      110,
      10,
      25,
      123,
      2,
      2,
      2,
      2,
      2,
      2,
      2,
      2,
      2,
      4775,
      3,
      3,
      134,
      61,
      34,
      4646,
      3,
      4720,
      5055,
      4963,
      33,
      4925,
      29,
      2,
      2,
      2,
      2,
      2,
      2,
      2,
      2,
      4666,
      2,
      2,
      2,
      30,
      2,
      26,
      2,
      15,
      76,
      4866,
      4142,
      3,
      5046,
      16,
      11,
      19,
      2,
      4986,
      2,
      141,
      4861,
      4319,
      4091,
      25,
      92,
      137,
      4824,
      166,
      8,
      43,
      2,
      134,
      2,
      2,
      2,
      2,
      234,
      46,
      17,
      20,
      2,
      52,
      60,
      2,
      2,
      56,
      42,
      4808,
      28,
      371,
      42,
      223,
      161,
      42,
      20,
      4947,
      16
    ],
    "chars": {
      "n": 300,
      "min": 1,
      "max": 42093,
      "mean": 5508.123333333333,
      "std": 10359.596722272649,
      "var": 107321244.24812222,
      "p10": 9,
      "p25": 9,
      "p50": 205,
      "p75": 895,
      "p90": 23729,
      "p95": 25853,
      "p99": 40774
    },
    "chars_histogram": {
      "edges": [
        0,
        50,
        100,
        250,
        500,
        1000,
        2500,
        5000,
        10000,
        25000,
        50000,
        100000,
        200000
      ],
      "counts": [
        112,
        13,
        36,
        37,
        29,
        4,
        3,
        0,
        49,
        17,
        0,
        0
      ],
      "labels": [
        "[0,50)",
        "[50,100)",
        "[100,250)",
        "[250,500)",
        "[500,1000)",
        "[1000,2500)",
        "[2500,5000)",
        "[5000,10000)",
        "[10000,25000)",
        "[25000,50000)",
        "[50000,100000)",
        "[100000,200000)"
      ]
    }
  },
  "correct_rollouts": {
    "tokens": {
      "n": 66,
      "min": 2,
      "max": 6166,
      "mean": 1049.2424242424242,
      "std": 1946.6481064438422,
      "var": 3789438.850321396,
      "p10": 2,
      "p25": 2,
      "p50": 3,
      "p75": 223,
      "p90": 4781,
      "p95": 5036,
      "p99": 6166
    },
    "tokens_histogram": {
      "edges": [
        0,
        10,
        20,
        50,
        100,
        200,
        500,
        1000,
        2000,
        5000,
        10000,
        20000,
        40000
      ],
      "counts": [
        34,
        1,
        6,
        3,
        5,
        2,
        1,
        0,
        10,
        4,
        0,
        0
      ],
      "labels": [
        "[0,10)",
        "[10,20)",
        "[20,50)",
        "[50,100)",
        "[100,200)",
        "[200,500)",
        "[500,1000)",
        "[1000,2000)",
        "[2000,5000)",
        "[5000,10000)",
        "[10000,20000)",
        "[20000,40000)"
      ]
    },
    "tokens_raw": [
      50,
      196,
      4574,
      3,
      2,
      4290,
      22,
      2,
      4691,
      3749,
      2,
      5036,
      2,
      5062,
      2,
      2,
      48,
      124,
      4099,
      49,
      124,
      4883,
      2,
      4845,
      717,
      5098,
      6166,
      2,
      56,
      3,
      4781,
      2,
      2,
      50,
      3,
      2,
      29,
      3,
      3,
      2,
      2,
      2,
      2,
      2,
      2,
      2,
      2,
      2,
      2,
      4775,
      3,
      3,
      134,
      3,
      2,
      4666,
      2,
      2,
      2,
      3,
      16,
      46,
      371,
      42,
      223,
      161
    ],
    "chars": {
      "n": 66,
      "min": 9,
      "max": 41985,
      "mean": 6112.378787878788,
      "std": 11818.656676172932,
      "var": 139680645.629247,
      "p10": 9,
      "p25": 9,
      "p50": 19,
      "p75": 895,
      "p90": 25853,
      "p95": 33732,
      "p99": 41985
    },
    "chars_histogram": {
      "edges": [
        0,
        50,
        100,
        250,
        500,
        1000,
        2500,
        5000,
        10000,
        25000,
        50000,
        100000,
        200000
      ],
      "counts": [
        34,
        2,
        5,
        5,
        4,
        1,
        1,
        0,
        7,
        7,
        0,
        0
      ],
      "labels": [
        "[0,50)",
        "[50,100)",
        "[100,250)",
        "[250,500)",
        "[500,1000)",
        "[1000,2500)",
        "[2500,5000)",
        "[5000,10000)",
        "[10000,25000)",
        "[25000,50000)",
        "[50000,100000)",
        "[100000,200000)"
      ]
    }
  },