{
  "primary_metric": "exact_match_flex",
  "n_items": 500,
  "n_items_correct": 121,
  "n_items_incorrect": 379,
  "n_items_unknown": 0,
  "n_generations": 500,
  "samples_per_item": [
    1
  ],
  "all_rollouts": {
    "tokens": {
      "n": 500,
      "min": 5,
      "max": 4896,
      "mean": 32.484,
      "std": 263.64997580883636,
      "var": 69511.309744,
      "p10": 6,
      "p25": 6,
      "p50": 7,
      "p75": 10,
      "p90": 14,
      "p95": 23,
      "p99": 586
    },
    "tokens_histogram": {
      "edges": [
        0,
        10,
        20,
        50,
        100,
        200,
        500,
        1000,
        2000,
        5000,
        10000,
        20000,
        40000
      ],
      "counts": [
        367,
        101,
        18,
        1,
        4,
        3,
        4,
        0,
        2,
        0,
        0,
        0
      ],
      "labels": [
        "[0,10)",
        "[10,20)",
        "[20,50)",
        "[50,100)",
        "[100,200)",
        "[200,500)",
        "[500,1000)",
        "[1000,2000)",
        "[2000,5000)",
        "[5000,10000)",
        "[10000,20000)",
        "[20000,40000)"
      ]
    },
    "tokens_raw": [
      13,
      10,
      10,
      6,
      8,
      7,
      6,
      7,
      10,
      7,
      9,
      11,
      8,
      6,
      6,
      15,
      7,
      6,
      7,
      6,
      159,
      8,
      6,
      689,
      6,
      6,
      8,
      8,
      10,
      6,
      9,
      11,
      8,
      10,
      7,
      6,
      7,
      7,
      9,
      7,
      7,
      7,
      7,
      8,
      9,
      6,
      6,
      6,
      10,
      7,
      8,
      24,
      6,
      11,
      9,
      6,
      7,
      8,
      9,
      7,
      12,
      4896,
      6,
      6,
      6,
      31,
      26,
      9,
      8,
      6,
      9,
      9,
      6,
      31,
      11,
      10,
      6,
      6,
      14,
      6,
      6,
      6,
      10,
      8,
      6,
      13,
      8,
      10,
      6,
      7,
      7,
      6,
      13,
      7,
      7,
      6,
      9,
      6,
      10,
      23,
      8,
      7,
      12,
      9,
      6,
      8,
      10,
      7,
      6,
      9,
      6,
      8,
      7,
      8,
      6,
      8,
      10,
      6,
      7,
      6,
      6,
      6,
      6,
      6,
      11,
      6,
      5,
      11,
      7,
      7,
      6,
      6,
      6,
      8,
      6,
      6,
      6,
      9,
      10,
      6,
      6,
      6,
      8,
      15,
      193,
      6,
      10,
      6,
      8,
      7,
      77,
      6,
      7,
      11,
      10,
      12,
      7,
      6,
      9,
      8,
      7,
      196,
      12,
      171,
      9,
      10,
      11,
      7,
      7,
      7,
      6,
      18,
      8,
      6,
      6,
      6,
      14,
      7,
      7,
      21,
      6,
      11,
      9,
      7,
      6,
      6,
      6,
      6,
      6,
      7,
      10,
      6,
      7,
      6,
      11,
      7,
      20,
      6,
      8,
      7,
      7,
      7,
      10,
      6,
      7,
      23,
      12,
      7,
      6,
      7,
      6,
      7,
      7,
      6,
      8,
      242,
      7,
      17,
      10,
      10,
      6,
      7,
      6,
      7,
      14,
      7,
      6,
      6,
      679,
      7,
      6,
      6,
      6,
      7,
      7,
      11,
      7,
      7,
      13,
      11,
      7,
      7,
      10,
      6,
      6,
      7,
      6,
      6,
      586,
      7,
      7,
      7,
      8,
      10,
      7,
      6,
      11,
      8,
      7,
      7,
      7,
      7,
      6,
      7,
      12,
      9,
      10,
      7,
      6,
      6,
      7,
      8,
      7,
      8,
      7,
      7,
      6,
      9,
      8,
      7,
      6,
      7,
      8,
      6,
      11,
      8,
      6,
      7,
      6,
      7,
      6,
      7,
      6,
      19,
      7,
      6,
      8,
      8,
      31,
      7,
      7,
      8,
      6,
      7,
      7,
      10,
      6,
      12,
      10,
      7,
      10,
      6,
      11,
      7,
      8,
      7,
      6,
      6,
      22,
      7,
      221,
      8,
      6,
      10,
      7,
      6,
      9,
      8,
      6,
      9,
      8,
      12,
      6,
      6,
      7,
      346,
      17,
      6,
      11,
      6,
      9,
      6,
      6,
      10,
      6,
      6,
      9,
      37,
      9,
      7,
      6,
      11,
      7,
      8,
      7,
      7,
      11,
      7,
      6,
      6,
      6,
      6,
      10,
      6,
      17,
      6,
      6,
      6,
      7,
      8,
      7,
      6,
      9,
      11,
      6,
      6,
      8,
      6,
      6,
      17,
      19,
      10,
      10,
      21,
      12,
      7,
      6,
      7,
      6,
      10,
      6,
      6,
      7,
      10,
      8,
      6,
      10,
      7,
      7,
      10,
      10,
      6,
      10,
      6,
      6,
      7,
      6,
      6,
      20,
      10,
      6,
      7,
      8,
      9,
      6,
      7,
      10,
      6,
      15,
      48,
      11,
      7,
      15,
      9,
      8,
      16,
      10,
      7,
      7,
      7,
      8,
      12,
      6,
      12,
      8,
      15,
      6,
      6,
      6,
      36,
      29,
      9,
      6,
      7,
      10,
      6,
      3054,
      7,
      6,
      7,
      6,
      20,
      7,
      7,
      13,
      6,
      9,
      6,
      7,
      11,
      7,
      7,
      6,
      6,
      6,
      7,
      8,
      13,
      6,
      7,
      19,
      7,
      14,
      6,
      6,
      8,
      8,
      6,
      6,
      6,
      6,
      9,
      545,
      7,
      8,
      7,
      8,
      6,
      7,
      10,
      6,
      7,
      10,
      7,
      6,
      20,
      13,
      15,
      6,
      9
    ],
    "chars": {
      "n": 500,
      "min": 9,
      "max": 10058,
      "mean": 73.434,
      "std": 613.821874523872,
      "var": 376777.293644,
      "p10": 9,
      "p25": 9,
      "p50": 10,
      "p75": 16,
      "p90": 23,
      "p95": 38,
      "p99": 1754
    },
    "chars_histogram": {
      "edges": [
        0,
        50,
        100,
        250,
        500,
        1000,
        2500,
        5000,
        10000,
        25000,
        50000,
        100000,
        200000
      ],
      "counts": [
        479,
        6,
        1,
        3,
        5,
        4,
        0,
        1,
        1,
        0,
        0,
        0
      ],
      "labels": [
        "[0,50)",
        "[50,100)",
        "[100,250)",
        "[250,500)",
        "[500,1000)",
        "[1000,2500)",
        "[2500,5000)",
        "[5000,10000)",
        "[10000,25000)",
        "[25000,50000)",
        "[50000,100000)",
        "[100000,200000)"
      ]
    }
  },
  "correct_rollouts": {
    "tokens": {
      "n": 121,
      "min": 6,
      "max": 689,
      "mean": 19.479338842975206,
      "std": 68.31866257298381,
      "var": 4667.439655761218,
      "p10": 6,
      "p25": 6,
      "p50": 7,
      "p75": 10,
      "p90": 17,
      "p95": 31,
      "p99": 242
    },
    "tokens_histogram": {
      "edges": [
        0,
        10,
        20,
        50,
        100,
        200,
        500,
        1000,
        2000,
        5000,
        10000,
        20000,
        40000
      ],
      "counts": [
        87,
        23,
        7,
        0,
        2,
        1,
        1,
        0,
        0,
        0,
        0,
        0
      ],
      "labels": [
        "[0,10)",
        "[10,20)",
        "[20,50)",
        "[50,100)",
        "[100,200)",
        "[200,500)",
        "[500,1000)",
        "[1000,2000)",
        "[2000,5000)",
        "[5000,10000)",
        "[10000,20000)",
        "[20000,40000)"
      ]
    },