{
  "primary_metric": "length_controlled_winrate",
  "n_items": 805,
  "n_items_correct": 0,
  "n_items_incorrect": 0,
  "n_items_unknown": 805,
  "n_generations": 805,
  "samples_per_item": [
    1
  ],
  "all_rollouts": {
    "tokens": {
      "n": 805,
      "min": 2,
      "max": 5678,
      "mean": 623.2770186335404,
      "std": 1363.9669415607602,
      "var": 1860405.8176706145,
      "p10": 2,
      "p25": 9,
      "p50": 113,
      "p75": 313,
      "p90": 4074,
      "p95": 4534,
      "p99": 5060
    },
    "tokens_histogram": {
      "edges": [
        0,
        10,
        20,
        50,
        100,
        200,
        500,
        1000,
        2000,
        5000,
        10000,
        20000,
        40000
      ],
      "counts": [
        204,
        58,
        63,
        65,
        119,
        160,
        44,
        4,
        78,
        10,
        0,
        0
      ],
      "labels": [
        "[0,10)",
        "[10,20)",
        "[20,50)",
        "[50,100)",
        "[100,200)",
        "[200,500)",
        "[500,1000)",
        "[1000,2000)",
        "[2000,5000)",
        "[5000,10000)",
        "[10000,20000)",
        "[20000,40000)"
      ]
    },
    "tokens_raw": [
      144,
      517,
      328,
      159,
      4782,
      273,
      25,
      31,
      12,
      82,
      51,
      399,
      483,
      4494,
      4148,
      278,
      172,
      4167,
      4948,
      1566,
      242,
      136,
      4,
      8,
      79,
      2,
      32,
      846,
      455,
      214,
      5149,
      4145,
      989,
      175,
      8,
      2,
      9,
      4134,
      567,
      149,
      68,
      521,
      3,
      85,
      431,
      3,
      14,
      430,
      4803,
      9,
      28,
      79,
      793,
      179,
      4107,
      2,
      4750,
      479,
      282,
      6,
      10,
      597,
      311,
      545,
      4093,
      253,
      4753,
      3898,
      4176,
      4,
      81,
      16,
      194,
      231,
      2,
      255,
      487,
      819,
      4140,
      554,
      389,
      2,
      4089,
      10,
      255,
      333,
      341,
      359,
      66,
      4130,
      2,
      4346,
      5038,
      63,
      361,
      408,
      152,
      201,
      316,
      4463,
      4098,
      192,
      61,
      809,
      565,
      49,
      130,
      696,
      4726,
      83,
      208,
      4115,
      145,
      27,
      32,
      557,
      684,
      233,
      187,
      126,
      54,
      97,
      53,
      4,
      412,
      69,
      46,
      353,
      75,
      398,
      4792,
      108,
      183,
      232,
      15,
      11,
      2,
      180,
      57,
      508,
      105,
      330,
      107,
      24,
      4632,
      625,
      154,
      3,
      1072,
      228,
      103,
      489,
      10,
      2,
      11,
      59,
      727,
      173,
      15,
      49,
      51,
      17,
      565,
      4955,
      4823,
      179,
      193,
      70,
      2,
      4,
      50,
      3963,
      201,
      14,
      84,
      4835,
      1587,
      4152,
      4814,
      196,
      928,
      6,
      212,
      2474,
      2673,
      275,
      2,
      163,
      507,
      18,
      3,
      209,
      246,
      14,
      4257,
      32,
      86,
      5123,
      122,
      5,
      202,
      115,
      28,
      987,
      4,
      499,
      309,
      61,
      4908,
      161,
      35,
      230,
      140,
      287,
      4,
      295,
      677,
      2,
      119,
      269,
      2,
      382,
      84,
      224,
      4125,
      49,
      143,
      135,
      5100,
      117,
      50,
      154,
      12,
      131,
      4,
      4201,
      196,
      7,
      190,
      8,
      381,
      197,
      183,
      4,
      314,
      17,
      6,
      5,
      4,
      28,
      2,
      3,
      3815,
      254,
      209,
      183,
      476,
      2129,
      340,
      15,
      4640,
      66,
      2,
      266,
      256,
      866,
      144,
      313,
      214,
      552,
      388,
      3,
      214,
      4,
      108,
      154,
      279,
      3,
      95,
      445,
      279,
      4074,
      14,
      227,
      5678,
      198,
      81,
      5130,
      172,
      4196,
      258,
      805,
      4,
      2,
      3,
      140,
      4269,
      942,
      25,
      3,
      441,
      155,
      176,
      2,
      384,
      25,
      456,
      220,
      4750,
      276,
      489,
      4221,
      929,
      201,
      4592,
      434,
      2,
      11,
      156,
      3,
      262,
      3,
      314,
      173,
      215,
      166,
      2,
      220,
      371,
      162,
      4836,
      4273,
      41,
      10,
      318,
      151,
      3,
      32,
      4,
      55,
      39,
      696,
      164,
      347,
      316,
      11,
      47,
      295,
      2,
      80,
      7,
      291,
      180,
      137,
      113,
      4136,
      175,
      267,
      137,
      4485,
      3,
      2,
      51,
      322,
      266,
      301,
      6,
      209,
      85,
      1074,
      8,
      8,
      128,
      31,
      6,
      77,
      12,
      155,
      483,
      43,
      126,
      220,
      274,
      5293,
      119,
      12,
      18,
      173,
      174,
      9,
      2,
      96,
      2,
      297,
      260,
      222,
      2,
      4374,
      4154,
      621,
      247,
      237,
      53,
      80,
      37,
      182,
      325,
      23,
      22,
      63,
      544,
      281,
      4250,
      900,
      4112,
      2,
      200,
      198,
      269,
      3,
      24,
      72,
      426,
      9,
      3,
      31,
      159,
      3,
      404,
      99,
      70,
      3,
      2,
      515,
      47,
      312,
      40,
      216,
      8,
      2,
      21,
      165,
      279,
      130,
      277,
      2,
      23,
      138,
      63,
      2,
      4,
      264,
      388,
      4947,
      179,
      107,
      18,
      2,
      15,
      188,
      65,
      10,
      9,
      211,
      365,
      81,
      196,
      12,
      3,
      9,
      547,
      100,
      228,
      2,
      4,
      31,
      16,
      3,
      2,
      2,
      8,
      54,
      4276,
      4,
      25,
      20,
      123,
      2,
      109,
      3,
      273,
      3,
      83,
      2,
      12,
      7,
      473,
      12,
      6,
      4,
      4534,
      75,
      228,
      53,
      108,
      169,
      21,
      335,
      474,
      99,
      40,
      173,
      4835,
      2,
      31,
      509,
      206,
      380,
      365,
      230,
      494,
      586,
      2,
      2,
      241,
      126,
      2,
      25,
      2,
      2,
      139,
      2,
      3,
      206,
      4839,
      159,
      29,
      2,
      2,
      2,
      60,
      2,
      72,
      4,
      121,
      3,
      4,
      153,
      129,
      2,
      334,
      350,
      2,
      4576,
      4,
      199,
      17,
      461,
      393,
      4,
      224,
      2,
      712,
      74,
      2,
      267,
      136,
      19,
      154,
      29,
      230,
      40,
      2,
      157,
      2,
      2,
      2,
      2,
      3,
      2,
      639,
      483,
      16,
      352,
      214,
      197,
      4933,
      2,
      4,
      4,
      759,
      141,
      194,
      196,
      27,
      6,
      3,
      23,
      3,
      4,
      2,
      5060,
      54,
      459,
      568,
      4956,
      123,
      63,
      3,
      168,
      13,
      2,
      48,
      501,
      4,
      5,
      262,
      234,
      2,
      152,
      10,
      2,
      22,
      3,
      6,
      4266,
      2,
      10,
      20,
      23,
      2,
      27,
      84,
      2,
      2,
      131,
      2,
      2,
      6,
      2,
      18,
      101,
      170,
      2971,
      131,
      4749,
      2,
      2,
