{
  "primary_metric": "pass_at_1",
  "n_items": 612,
  "n_items_correct": 4,
  "n_items_incorrect": 608,
  "n_items_unknown": 0,
  "n_generations": 612,
  "samples_per_item": [
    1
  ],
  "all_rollouts": {
    "tokens": {
      "n": 612,
      "min": 2,
      "max": 5051,
      "mean": 287.40686274509807,
      "std": 1063.747226973626,
      "var": 1131558.1628940792,
      "p10": 2,
      "p25": 2,
      "p50": 2,
      "p75": 10,
      "p90": 88,
      "p95": 4108,
      "p99": 4769
    },
    "tokens_histogram": {
      "edges": [
        0,
        10,
        20,
        50,
        100,
        200,
        500,
        1000,
        2000,
        5000,
        10000,
        20000,
        40000
      ],
      "counts": [
        434,
        79,
        22,
        24,
        13,
        1,
        0,
        0,
        38,
        1,
        0,
        0
      ],
      "labels": [
        "[0,10)",
        "[10,20)",
        "[20,50)",
        "[50,100)",
        "[100,200)",
        "[200,500)",
        "[500,1000)",
        "[1000,2000)",
        "[2000,5000)",
        "[5000,10000)",
        "[10000,20000)",
        "[20000,40000)"
      ]
    },
    "tokens_raw": [
      10,
      2,
      2,
      2,
      2,
      2,
      2,
      2,
      2,
      3,
      25,
      88,
      2,
      3705,
      2,
      3,
      76,
      2,
      113,
      2,
      2,
      2,
      3,
      2,
      2,
      2,
      2,
      72,
      3896,
      3,
      3,
      2,
      3,
      2,
      2,
      4550,
      98,
      31,
      38,
      70,
      32,
      2,
      2,
      2,
      3,
      3,
      2,
      2,
      2,
      3,
      91,
      2,
      2,
      2,
      2,
      2,
      2,
      2,
      2,
      43,
      3,
      2,
      3534,
      4278,
      2,
      2,
      2,
      2,
      4577,
      131,
      3,
      2,
      2,
      3,
      2,
      3,
      78,
      2,
      23,
      2,
      2,
      2,
      2,
      2,
      3,
      2,
      2,
      3,
      2,
      3641,
      3,
      2,
      3,
      2,
      29,
      28,
      34,
      3,
      2,
      3,
      3,
      25,
      3,
      2,
      2,
      2,
      66,
      2,
      3,
      2,
      2,
      2,
      2,
      99,
      2,
      3,
      82,
      2,
      2,
      3853,
      2,
      3,
      3,
      2,
      117,
      2,
      30,
      2,
      99,
      2,
      2,
      2,
      83,
      3,
      3,
      76,
      3,
      2,
      4385,
      2,
      263,
      3,
      2,
      2,
      2,
      4841,
      29,
      2,
      2,
      2,
      3,
      3,
      2,
      112,
      30,
      2,
      3,
      2,
      2,
      3,
      3,
      36,
      2,
      2,
      2,
      2,
      3,
      3,
      31,
      2,
      2,
      2,
      4792,
      167,
      2,
      2,
      143,
      74,
      2,
      2,
      4486,
      2,
      2,
      4108,
      4240,
      2,
      4384,
      2,
      2,
      2,
      2,
      2,
      2,
      10,
      2,
      2,
      2,
      2,
      10,
      10,
      2,
      2,
      3,
      2,
      2,
      2,
      2,
      2,
      10,
      2,
      10,
      2,
      2,
      2,
      2,
      10,
      2,
      2,
      2,
      2,
      10,
      10,
      2,
      2,
      2,
      3,
      2,
      2,
      10,
      2,
      2,
      2,
      2,
      10,
      2,
      10,
      2,
      2,
      2,
      10,
      2,
      2,
      2,
      2,
      10,
      2,
      2,
      2,
      2,
      53,
      2,
      10,
      2,
      2,
      10,
      2,
      2,
      2,
      2,
      2,
      2,
      2,
      10,
      10,
      2,
      2,
      10,
      3,
      2,
      2,
      10,
      10,
      2,
      2,
      2,
      2,
      2,
      2,
      10,
      2,
      2,
      2,
      2,
      2,
      2,
      2,
      2,
      2,
      10,
      10,
      2,
      2,
      10,
      2,
      10,
      2,
      2,
      2,
      2,
      2,
      2,
      2,
      2,
      2,
      2,
      2,
      2,
      2,
      2,
      2,
      2,
      2,
      10,
      2,
      2,
      2,
      2,
      10,
      2,
      10,
      2,
      10,
      10,
      2,
      2,
      10,
      2,
      10,
      4254,
      2,
      2,
      2,
      2,
      2,
      10,
      2,
      10,
      2,
      2,
      2,
      10,
      2,
      10,
      2,
      2,
      2,
      2,
      2,
      2,
      2,
      10,
      10,
      2,
      2,
      10,
      2,
      2,
      2,
      2,
      2,
      2,
      3,
      3885,
      2,
      10,
      2,
      2,
      2,
      2,
      3,
      2,
      2,
      2,
      2,
      10,
      10,
      2,
      2,
      10,
      2,
      2,
      3,
      2,
      2,
      2,
      2,
      10,
      2,
      2,
      10,
      2,
      2,
      2,
      2,
      2,
      2,
      2,
      3,
      2,
      3,
      2,
      2,
      10,
      2,
      2,
      10,
      3660,
      2,
      2,
      2,
      2,
      2,
      10,
      2,
      2,
      2,
      10,
      2,
      10,
      2,
      2,
      3,
      2,
      2,
      2,
      2,
      2,
      2,
      2,
      2,
      10,
      10,
      2,
      10,
      10,
      10,
      10,
      10,
      10,
      2,
      2,
      2,
      2,
      10,
      10,
      2,
      2,
      10,
      2,
      2,
      10,
      10,
      2,
      2,
      2,
      2,
      10,
      2,
      2,
      4137,
      29,
      3,
      4898,
      4254,
      34,
      4405,
      4137,
      2,
      2,
      65,
      4469,
      2,
      2,
      4697,
      97,
      2,
      3,
      3,
      30,
      4383,
      2,
      164,
      2,
      3,
      127,
      2,
      4453,
      80,
      4706,
      2,
      53,
      29,
      4423,
      2,
      2,
      2,
      2,
      26,
      2,
      2,
      2,
      2,
      133,
      98,
      2,
      2,
      2,
      4789,
      3872,
      89,
      90,
      2,
      10,
      2,
      10,
      2,
      2,
      10,
      2,
      10,
      2,
      2,
      2,
      2,
      2,
      2,
      10,
      2,
      2,
      2,
      10,
      2,
      2,
      2,
      2,
      2,
      2,
      2,
      10,
      10,
      2,
      2,
      2,
      10,
      2,
      10,
      2,
      2,
      2,
      2,
      2,
      3,
      2,
      2,
      2,
      10,
      10,
      2,
      10,
      2,
      2,
      2,
      10,
      2,
      103,
      29,
      2,
      2,
      105,
      2,
      2,
      2,
      3,
      2,
      187,
      2,
      3,
      3,
      37,
      4383,
      2,
      3,
      3,
      3,
      2,
      2,
      2,
      3,
      2,
      2,
      4788,
      2,
      4466,
      2,
      2,
      2,
      3,
      3,
      153,
      4380,
      72,
      3,
      3,
      86,
      2,
      4764,
      4769,
      5051,
      2,
      3,
      4249,
      2
    ],
    "chars": {
      "n": 612,
      "min": 1,
      "max": 7036,
      "mean": 320.5408496732026,
      "std": 1101.0131281969452,
      "var": 1212229.9084620231,
      "p10": 1,
      "p25": 1,
      "p50": 4,
      "p75": 30,
      "p90": 325,
      "p95": 4109,
      "p99": 4790
    },
    "chars_histogram": {
      "edges": [
        0,
        50,
        100,
        250,
        500,
        1000,
        2500,
        5000,
        10000,
        25000,
        50000,
        100000,
        200000
      ],
      "counts": [
        514,
        3,
        22,
        28,
        5,
        1,
        35,
        4,
        0,
        0,
        0,
        0
      ],
      "labels": [
        "[0,50)",
        "[50,100)",
        "[100,250)",
        "[250,500)",
        "[500,1000)",
        "[1000,2500)",
        "[2500,5000)",
        "[5000,10000)",
        "[10000,25000)",
        "[25000,50000)",
        "[50000,100000)",
        "[100000,200000)"
      ]
    }
  },