{
  "primary_metric": "prompt_level_loose_acc",
  "n_items": 300,
  "n_items_correct": 107,
  "n_items_incorrect": 193,
  "n_items_unknown": 0,
  "n_generations": 300,
  "samples_per_item": [
    1
  ],
  "all_rollouts": {
    "tokens": {
      "n": 300,
      "min": 2,
      "max": 4926,
      "mean": 206.67333333333335,
      "std": 906.3099947712274,
      "var": 821397.8066222222,
      "p10": 2,
      "p25": 2,
      "p50": 2,
      "p75": 2,
      "p90": 80,
      "p95": 223,
      "p99": 4848
    },
    "tokens_histogram": {
      "edges": [
        0,
        10,
        20,
        50,
        100,
        200,
        500,
        1000,
        2000,
        5000,
        10000,
        20000,
        40000
      ],
      "counts": [
        241,
        4,
        14,
        15,
        11,
        2,
        0,
        0,
        13,
        0,
        0,
        0
      ],
      "labels": [
        "[0,10)",
        "[10,20)",
        "[20,50)",
        "[50,100)",
        "[100,200)",
        "[200,500)",
        "[500,1000)",
        "[1000,2000)",
        "[2000,5000)",
        "[5000,10000)",
        "[10000,20000)",
        "[20000,40000)"
      ]
    },
    "tokens_raw": [
      2,
      2,
      2,
      4345,
      2,
      2,
      2,
      2,
      2,
      2,
      2,
      2,
      2,
      2,
      2,
      2,
      2,
      23,
      2,
      2,
      2,
      2,
      2,
      2,
      2,
      2,
      2,
      2,
      4051,
      2,
      2,
      2,
      2,
      7,
      2,
      132,
      139,
      92,
      2,
      54,
      2,
      2,
      2,
      2,
      2,
      2,
      2,
      2,
      2,
      2,
      2,
      2,
      2,
      2,
      19,
      2,
      2,
      24,
      22,
      2,
      2,
      2,
      134,
      2,
      2,
      2,
      65,
      2,
      2,
      2,
      2,
      2,
      2,
      2,
      22,
      4848,
      2,
      2,
      3,
      2,
      2,
      2,
      2,
      4103,
      2,
      2,
      34,
      2,
      2,
      2,
      2,
      2,
      2,
      2,
      2,
      53,
      2,
      2,
      35,
      24,
      39,
      2,
      148,
      53,
      2,
      2,
      81,
      2,
      2,
      2,
      2,
      2,
      2,
      3,
      2,
      2,
      57,
      2,
      4081,
      2,
      2,
      2,
      2,
      2,
      2,
      2,
      2,
      2,
      2,
      2,
      2,
      2,
      2,
      81,
      3,
      2,
      2,
      6,
      62,
      71,
      2,
      58,
      2,
      2,
      38,
      2,
      2,
      100,
      111,
      2,
      2,
      2,
      2,
      4923,
      2,
      2,
      2,
      2,
      2,
      2,
      2,
      2,
      2,
      40,
      80,
      142,
      2,
      2,
      2,
      2,
      2,
      431,
      2,
      2,
      2,
      2,
      2,
      2,
      2,
      51,
      2,
      4556,
      4725,
      4016,
      2,
      65,
      2,
      6,
      2,
      2,
      2,
      2,
      2,
      2,
      2,
      2,
      2,
      2,
      2,
      2,
      2,
      4702,
      2,
      2,
      2,
      2,
      2,
      2,
      2,
      2,
      2,
      2,
      2,
      2,
      2,
      2,
      2,
      4513,
      2,
      2,
      3,
      2,
      3,
      137,
      2,
      12,
      4029,
      2,
      2,
      2,
      2,
      7,
      2,
      2,
      2,
      2,
      2,
      2,
      2,
      2,
      2,
      2,
      2,
      2,
      3,
      2,
      2,
      2,
      2,
      2,
      16,
      76,
      2,
      2,
      2,
      2,
      2,
      2,
      19,
      2,
      2,
      2,
      143,
      2,
      2,
      4926,
      2,
      2,
      2,
      2,
      2,
      2,
      2,
      2,
      2,
      2,
      2,
      2,
      44,
      2,
      2,
      2,
      2,
      2,
      2,
      2,
      2,
      2,
      2,
      42,
      2,
      2,
      223,
      2,
      151,
      164,
      42,
      2,
      5,
      26
    ],
    "chars": {
      "n": 300,
      "min": 1,
      "max": 25530,
      "mean": 834.5733333333334,
      "std": 3718.1339582227115,
      "var": 13824520.13128889,
      "p10": 6,
      "p25": 6,
      "p50": 6,
      "p75": 9,
      "p90": 366,
      "p95": 1223,
      "p99": 20244
    },
    "chars_histogram": {
      "edges": [
        0,
        50,
        100,
        250,
        500,
        1000,
        2500,
        5000,
        10000,
        25000,
        50000,
        100000,
        200000
      ],
      "counts": [
        241,
        5,
        17,
        13,
        9,
        2,
        0,
        1,
        11,
        1,
        0,
        0
      ],
      "labels": [
        "[0,50)",
        "[50,100)",
        "[100,250)",
        "[250,500)",
        "[500,1000)",
        "[1000,2500)",
        "[2500,5000)",
        "[5000,10000)",
        "[10000,25000)",
        "[25000,50000)",
        "[50000,100000)",
        "[100000,200000)"
      ]
    }
  },
  "correct_rollouts": {
    "tokens": {
      "n": 107,
      "min": 2,
      "max": 4923,
      "mean": 263.57943925233644,
      "std": 1043.3487784992835,
      "var": 1088576.6735959472,
      "p10": 2,
      "p25": 2,
      "p50": 2,
      "p75": 2,
      "p90": 65,
      "p95": 4016,
      "p99": 4848
    },
    "tokens_histogram": {
      "edges": [
        0,
        10,
        20,
        50,
        100,
        200,
        500,
        1000,
        2000,
        5000,
        10000,
        20000,
        40000
      ],
      "counts": [
        93,
        1,
        1,
        2,
        3,
        1,
        0,
        0,
        6,
        0,
        0,
        0
      ],
      "labels": [
        "[0,10)",
        "[10,20)",
        "[20,50)",
        "[50,100)",
        "[100,200)",
        "[200,500)",
        "[500,1000)",
        "[1000,2000)",
        "[2000,5000)",
        "[5000,10000)",
        "[10000,20000)",
        "[20000,40000)"
      ]
    },
    "tokens_raw": [
      2,
      2,
      2,
      2,
      2,
      2,
      22,
      4848,
      2,
      2,
      3,
      2,
      4103,
      2,
      2,
      2,
      2,
      2,
      3,
      2,
      2,
      57,
      2,
      2,
      2,
      2,
      2,
      2,
      2,
      2,
      3,
      2,
      2,
      4923,
      2,
      2,
      2,
      2,
      2,
      2,
      2,
      2,
      2,
      2,
      2,
      2,
      2,
      2,
      2,
      2,
      2,
      4556,
      4725,
      4016,
      2,
      65,
      2,
      6,
      2,
      2,
      2,
      2,
      2,
      2,
      2,
      2,
      2,
      2,
      2,
      2,
      2,
      2,
      3,
      2,
      3,
      137,
      2,
      12,
      2,
      2,
      2,
      2,
      7,
      2,
      2,
      2,
      2,
      2,
      3,
      2,
      2,
      2,
      2,
      2,
      2,
      2,
      2,
      2,
      2,
      2,
      2,
      2,
      2,
      2,
      223,
      151,
      164
    ],
    "chars": {
      "n": 107,
      "min": 2,
      "max": 25530,
      "mean": 1146.5607476635514,
      "std": 4579.058900531202,
      "var": 20967780.41453402,
      "p10": 6,
      "p25": 6,
      "p50": 6,
      "p75": 9,
      "p90": 366,
      "p95": 15850,
      "p99": 21414
    },
    "chars_histogram": {
      "edges": [
        0,
        50,
        100,
        250,
        500,
        1000,
        2500,
        5000,
        10000,
        25000,
        50000,
        100000,
        200000
      ],
      "counts": [
        93,
        1,
        1,
        3,
        2,
        1,
        0,
        0,
        5,
        1,
        0,
        0
      ],