{
  "primary_metric": "length_controlled_winrate",
  "n_items": 805,
  "n_items_correct": 0,
  "n_items_incorrect": 0,
  "n_items_unknown": 805,
  "n_generations": 805,
  "samples_per_item": [
    1
  ],
  "all_rollouts": {
    "tokens": {
      "n": 805,
      "min": 2,
      "max": 5680,
      "mean": 1059.5701863354038,
      "std": 1835.0203096966923,
      "var": 3367299.5369993444,
      "p10": 2,
      "p25": 6,
      "p50": 56,
      "p75": 448,
      "p90": 4537,
      "p95": 4928,
      "p99": 5092
    },
    "tokens_histogram": {
      "edges": [
        0,
        10,
        20,
        50,
        100,
        200,
        500,
        1000,
        2000,
        5000,
        10000,
        20000,
        40000
      ],
      "counts": [
        232,
        74,
        83,
        55,
        64,
        98,
        19,
        7,
        155,
        18,
        0,
        0
      ],
      "labels": [
        "[0,10)",
        "[10,20)",
        "[20,50)",
        "[50,100)",
        "[100,200)",
        "[200,500)",
        "[500,1000)",
        "[1000,2000)",
        "[2000,5000)",
        "[5000,10000)",
        "[10000,20000)",
        "[20000,40000)"
      ]
    },
    "tokens_raw": [
      2,
      4949,
      5026,
      38,
      10,
      4210,
      55,
      4140,
      221,
      61,
      697,
      16,
      380,
      288,
      337,
      4416,
      701,
      224,
      165,
      176,
      16,
      4456,
      2,
      4797,
      10,
      328,
      4275,
      560,
      242,
      4879,
      21,
      4174,
      10,
      288,
      2,
      4127,
      2,
      4326,
      4112,
      2,
      2,
      211,
      4,
      4994,
      199,
      4993,
      4676,
      313,
      107,
      3,
      12,
      2,
      4240,
      17,
      329,
      2,
      2,
      319,
      391,
      4,
      280,
      5,
      4182,
      9,
      5049,
      85,
      4310,
      4815,
      218,
      4087,
      52,
      2,
      2,
      5081,
      467,
      4926,
      3,
      3,
      2,
      4346,
      222,
      31,
      60,
      4949,
      15,
      4107,
      2,
      944,
      93,
      2207,
      15,
      4121,
      4123,
      2,
      4964,
      5151,
      26,
      27,
      12,
      11,
      2,
      10,
      4521,
      4254,
      2,
      15,
      29,
      14,
      299,
      2,
      120,
      4375,
      15,
      4956,
      40,
      425,
      54,
      4,
      4308,
      4193,
      4531,
      4673,
      87,
      260,
      534,
      15,
      4249,
      174,
      9,
      305,
      4184,
      4942,
      4944,
      27,
      239,
      4252,
      4916,
      5057,
      2,
      472,
      4018,
      144,
      148,
      50,
      2,
      786,
      128,
      4270,
      5160,
      5,
      42,
      4302,
      4871,
      2,
      264,
      6,
      536,
      4948,
      2,
      2,
      2,
      4173,
      70,
      52,
      4,
      61,
      306,
      4939,
      70,
      2,
      2,
      4127,
      6,
      285,
      19,
      4911,
      5081,
      383,
      10,
      229,
      2,
      9,
      4202,
      35,
      4131,
      379,
      174,
      5255,
      4839,
      50,
      2,
      4190,
      268,
      3995,
      1044,
      29,
      4,
      24,
      28,
      4293,
      366,
      2,
      29,
      122,
      5279,
      312,
      4952,
      53,
      4907,
      3,
      4217,
      12,
      43,
      13,
      2,
      4161,
      19,
      2,
      560,
      50,
      166,
      448,
      27,
      230,
      7,
      46,
      212,
      4809,
      4721,
      18,
      17,
      13,
      4306,
      2,
      2,
      2,
      11,
      2,
      4852,
      4021,
      28,
      30,
      4262,
      4959,
      284,
      12,
      5003,
      28,
      2,
      2,
      33,
      142,
      8,
      393,
      4936,
      2,
      252,
      267,
      2,
      16,
      17,
      16,
      56,
      4943,
      4946,
      48,
      147,
      64,
      4960,
      4,
      2,
      424,
      180,
      2,
      23,
      4809,
      31,
      3,
      153,
      17,
      20,
      3,
      17,
      874,
      360,
      123,
      72,
      27,
      213,
      1730,
      241,
      39,
      4918,
      22,
      17,
      436,
      2,
      4355,
      4227,
      2,
      358,
      169,
      4616,
      4515,
      44,
      26,
      718,
      147,
      387,
      4517,
      389,
      14,
      4154,
      2,
      44,
      39,
      85,
      49,
      4822,
      2,
      5680,
      2,
      4519,
      247,
      183,
      43,
      7,
      64,
      3,
      313,
      5300,
      2,
      4325,
      10,
      664,
      13,
      10,
      4127,
      181,
      5,
      10,
      133,
      27,
      112,
      307,
      4206,
      4947,
      112,
      4645,
      85,
      6,
      166,
      32,
      415,
      253,
      50,
      4572,
      25,
      5244,
      44,
      20,
      4191,
      45,
      4138,
      73,
      4881,
      8,
      4337,
      87,
      4231,
      4367,
      8,
      98,
      34,
      4947,
      4170,
      93,
      138,
      4142,
      2,
      16,
      26,
      3,
      103,
      108,
      12,
      18,
      4352,
      2,
      4617,
      4,
      20,
      286,
      543,
      207,
      97,
      4,
      184,
      2,
      41,
      14,
      66,
      352,
      4235,
      5092,
      3,
      105,
      4267,
      22,
      23,
      4893,
      56,
      12,
      23,
      2,
      4,
      200,
      237,
      95,
      4102,
      110,
      256,
      515,
      149,
      8,
      2,
      19,
      3965,
      516,
      4784,
      4,
      148,
      104,
      2,
      114,
      422,
      6,
      4800,
      152,
      3921,
      25,
      210,
      2,
      34,
      18,
      2,
      21,
      56,
      2,
      4217,
      4064,
      71,
      4130,
      13,
      108,
      3977,
      445,
      3,
      18,
      4348,
      72,
      4532,
      7,
      265,
      2,
      4103,
      202,
      4214,
      6,
      32,
      326,
      4908,
      65,
      2,
      2,
      45,
      4,
      2,
      148,
      12,
      4041,
      4725,
      4918,
      14,
      6,
      24,
      103,
      3,
      155,
      7,
      4941,
      18,
      3,
      4895,
      12,
      6,
      1215,
      13,
      17,
      4250,
      3,
      69,
      2,
      2,
      158,
      5010,
      21,
      3,
      439,
      2,
      39,
      211,
      445,
      2,
      4799,
      411,
      2,
      3,
      4242,
      10,
      231,
      262,
      3,
      2,
      207,
      22,
      3,
      8,
      2,
      2,
      2,
      2,
      2,
      2,
      5021,
      3,
      2,
      2,
      6,
      6,
      60,
      3,
      4,
      2,
      4942,
      17,
      2,
      150,
      4537,
      3,
      733,
      374,
      2,
      2,
      2,
      197,
      4949,
      2,
      226,
      934,
      2,
      107,
      585,
      171,
      250,
      2,
      262,
      20,
      153,
      271,
      67,
      2,
      10,
      128,
      2,
      2,
      3,
      21,
      4128,
      3,
      295,
      17,
      17,
      265,
      4928,
      21,
      4,
      2,
      36,
      145,
      16,
      6,
      18,
      205,
      2,
      414,
      2,
      3,
      2,
      13,
      2,
      207,
      68,
      539,
      8,
      424,
      154,
      68,
      4471,
      4791,
      2,
      2,
      15,
      430,
      2,
      2,
      271,
      4,
      2,
      2,
      7,
      2,
      2,
      4,
      6,
      2,
      2,
      2,
      19,
      39,
      29,
      8,
      171,
      2,
      50,
      2,
      36,
      53,
      2,
      2,
      6,
      4145,
      2,
      2,
      53,
      3849,
      2,
      3932,
      62,
