{
  "primary_metric": "exact_match_flex",
  "n_items": 500,
  "n_items_correct": 120,
  "n_items_incorrect": 380,
  "n_items_unknown": 0,
  "n_generations": 500,
  "samples_per_item": [
    1
  ],
  "all_rollouts": {
    "tokens": {
      "n": 500,
      "min": 2,
      "max": 6628,
      "mean": 2598.564,
      "std": 2049.9095233458474,
      "var": 4202129.053904,
      "p10": 222,
      "p25": 336,
      "p50": 3683,
      "p75": 4536,
      "p90": 4933,
      "p95": 5027,
      "p99": 5387
    },
    "tokens_histogram": {
      "edges": [
        0,
        10,
        20,
        50,
        100,
        200,
        500,
        1000,
        2000,
        5000,
        10000,
        20000,
        40000
      ],
      "counts": [
        5,
        2,
        1,
        3,
        28,
        146,
        28,
        9,
        248,
        30,
        0,
        0
      ],
      "labels": [
        "[0,10)",
        "[10,20)",
        "[20,50)",
        "[50,100)",
        "[100,200)",
        "[200,500)",
        "[500,1000)",
        "[1000,2000)",
        "[2000,5000)",
        "[5000,10000)",
        "[10000,20000)",
        "[20000,40000)"
      ]
    },
    "tokens_raw": [
      278,
      4417,
      360,
      428,
      3,
      3225,
      296,
      870,
      4227,
      334,
      4402,
      309,
      4361,
      4939,
      4924,
      890,
      164,
      4733,
      4919,
      3820,
      4664,
      4352,
      4137,
      3280,
      4478,
      399,
      4939,
      4640,
      3075,
      295,
      3320,
      246,
      4079,
      4392,
      5598,
      654,
      3775,
      4254,
      189,
      169,
      3812,
      4338,
      435,
      4022,
      460,
      5004,
      321,
      657,
      4040,
      4423,
      4175,
      273,
      4295,
      4043,
      249,
      279,
      4168,
      234,
      4953,
      389,
      218,
      350,
      4018,
      624,
      4021,
      56,
      4144,
      308,
      203,
      3980,
      296,
      4200,
      253,
      4739,
      2286,
      324,
      4644,
      5057,
      2598,
      198,
      584,
      3328,
      349,
      4055,
      4675,
      4259,
      4134,
      530,
      223,
      368,
      108,
      4675,
      2825,
      383,
      4550,
      577,
      4253,
      306,
      172,
      4021,
      4737,
      4759,
      174,
      4839,
      2853,
      4652,
      225,
      4107,
      543,
      575,
      6628,
      4971,
      3992,
      254,
      300,
      4375,
      1390,
      187,
      355,
      4675,
      271,
      4536,
      313,
      4899,
      593,
      4933,
      4434,
      276,
      5042,
      222,
      259,
      2694,
      161,
      388,
      530,
      4873,
      421,
      387,
      251,
      4855,
      343,
      2121,
      4881,
      4118,
      178,
      2432,
      2693,
      5035,
      4049,
      3947,
      4731,
      4550,
      4892,
      4973,
      585,
      4002,
      3,
      4790,
      3899,
      245,
      4241,
      4662,
      4196,
      521,
      4294,
      287,
      4933,
      208,
      4835,
      4390,
      4287,
      4917,
      537,
      4588,
      6143,
      5187,
      4685,
      4801,
      175,
      4575,
      328,
      4423,
      2,
      3430,
      4350,
      130,
      4916,
      309,
      9,
      4663,
      4995,
      142,
      4112,
      4230,
      242,
      222,
      4247,
      539,
      164,
      228,
      341,
      4902,
      2709,
      389,
      4691,
      4304,
      4969,
      264,
      4096,
      456,
      4457,
      250,
      4957,
      4143,
      5036,
      430,
      4168,
      296,
      4215,
      500,
      417,
      394,
      3955,
      3758,
      4970,
      199,
      39,
      5152,
      4582,
      170,
      234,
      5049,
      166,
      487,
      456,
      506,
      542,
      326,
      193,
      4652,
      4991,
      4233,
      4287,
      4252,
      3893,
      4205,
      5076,
      585,
      238,
      4067,
      5055,
      183,
      3466,
      204,
      294,
      4517,
      296,
      4144,
      334,
      161,
      4270,
      242,
      151,
      1931,
      4270,
      195,
      4032,
      2057,
      218,
      4155,
      324,
      399,
      4126,
      247,
      216,
      299,
      4210,
      353,
      199,
      437,
      4513,
      3683,
      400,
      4089,
      4069,
      3192,
      307,
      514,
      4646,
      4198,
      353,
      448,
      218,
      3659,
      4155,
      5022,
      392,
      4004,
      4584,
      4366,
      4931,
      10,
      4995,
      4773,
      4098,
      3992,
      3704,
      3148,
      284,
      4925,
      5021,
      4505,
      184,
      4028,
      339,
      4660,
      445,
      211,
      1892,
      4586,
      5027,
      381,
      236,
      303,
      5152,
      2093,
      4676,
      3981,
      4546,
      223,
      4422,
      5386,
      382,
      4933,
      4954,
      1841,
      4086,
      4178,
      336,
      430,
      4900,
      4648,
      4068,
      481,
      339,
      191,
      499,
      4970,
      5343,
      4245,
      4009,
      1744,
      4875,
      354,
      445,
      5098,
      641,
      4875,
      4897,
      4214,
      4855,
      4022,
      4218,
      251,
      4881,
      3499,
      4179,
      4141,
      4219,
      4801,
      4905,
      191,
      293,
      4904,
      61,
      323,
      5003,
      292,
      558,
      3925,
      383,
      4236,
      4689,
      404,
      225,
      243,
      260,
      5096,
      4873,
      299,
      4145,
      4936,
      4582,
      18,
      4890,
      4179,
      4773,
      195,
      3923,
      140,
      4749,
      328,
      4952,
      4086,
      2439,
      4168,
      270,
      352,
      4889,
      3977,
      297,
      4112,
      4045,
      277,
      424,
      224,
      499,
      221,
      818,
      5043,
      1933,
      2756,
      3628,
      3925,
      4911,
      4143,
      429,
      4124,
      4891,
      3985,
      2635,
      402,
      289,
      240,
      5033,
      4677,
      1879,
      4717,
      4119,
      325,
      4283,
      307,
      4153,
      275,
      363,
      4833,
      820,
      4297,
      3362,
      296,
      479,
      377,
      397,
      4561,
      887,
      4950,
      1010,
      443,
      4373,
      639,
      4,
      455,
      4167,
      1432,
      699,
      4122,
      4573,
      376,
      75,
      230,
      5039,
      4167,
      5031,
      5724,
      4994,
      305,
      4104,
      228,
      4948,
      240,
      385,
      211,
      4302,
      420,
      4338,
      4891,
      237,
      5025,
      4844,
      209,
      470,
      4128,
      4091,
      418,
      4781,
      3204,
      5387,
      4788,
      5027,
      475
    ],
    "chars": {
      "n": 500,
      "min": 5,
      "max": 150106,
      "mean": 9905.092,
      "std": 12284.839157902556,
      "var": 150917273.135536,
      "p10": 643,
      "p25": 966,
      "p50": 7526,
      "p75": 15947,
      "p90": 23127,
      "p95": 29275,
      "p99": 52077
    },
    "chars_histogram": {
      "edges": [
        0,
        50,
        100,
        250,
        500,
        1000,
        2500,
        5000,
        10000,
        25000,
        50000,
        100000,
        200000
      ],
      "counts": [
        6,
        1,
        4,
        22,
        102,
        77,
        11,
        77,
        164,
        31,
        4,
        1
      ],
      "labels": [
        "[0,50)",
        "[50,100)",
        "[100,250)",
        "[250,500)",
        "[500,1000)",
        "[1000,2500)",
        "[2500,5000)",
        "[5000,10000)",
        "[10000,25000)",
        "[25000,50000)",
        "[50000,100000)",
        "[100000,200000)"
      ]
    }
  },