{
  "primary_metric": "exact_match_flex",
  "n_items": 500,
  "n_items_correct": 124,
  "n_items_incorrect": 376,
  "n_items_unknown": 0,
  "n_generations": 500,
  "samples_per_item": [
    1
  ],
  "all_rollouts": {
    "tokens": {
      "n": 500,
      "min": 6,
      "max": 48,
      "mean": 8.124,
      "std": 3.6960281384210267,
      "var": 13.660624,
      "p10": 6,
      "p25": 6,
      "p50": 7,
      "p75": 9,
      "p90": 11,
      "p95": 14,
      "p99": 24
    },
    "tokens_histogram": {
      "edges": [
        0,
        10,
        20,
        50,
        100,
        200,
        500,
        1000,
        2000,
        5000,
        10000,
        20000,
        40000
      ],
      "counts": [
        397,
        93,
        10,
        0,
        0,
        0,
        0,
        0,
        0,
        0,
        0,
        0
      ],
      "labels": [
        "[0,10)",
        "[10,20)",
        "[20,50)",
        "[50,100)",
        "[100,200)",
        "[200,500)",
        "[500,1000)",
        "[1000,2000)",
        "[2000,5000)",
        "[5000,10000)",
        "[10000,20000)",
        "[20000,40000)"
      ]
    },
    "tokens_raw": [
      13,
      10,
      12,
      6,
      7,
      7,
      7,
      7,
      10,
      7,
      9,
      11,
      8,
      7,
      7,
      8,
      7,
      6,
      7,
      6,
      12,
      9,
      6,
      6,
      6,
      6,
      7,
      8,
      10,
      6,
      9,
      11,
      8,
      10,
      8,
      6,
      6,
      7,
      9,
      7,
      7,
      7,
      7,
      7,
      9,
      6,
      6,
      6,
      10,
      7,
      8,
      24,
      6,
      11,
      9,
      6,
      7,
      8,
      9,
      7,
      13,
      7,
      6,
      6,
      6,
      6,
      6,
      7,
      8,
      6,
      9,
      9,
      6,
      18,
      6,
      10,
      6,
      6,
      9,
      6,
      6,
      6,
      10,
      6,
      6,
      8,
      8,
      6,
      6,
      7,
      7,
      6,
      13,
      7,
      7,
      6,
      9,
      6,
      10,
      23,
      8,
      7,
      12,
      6,
      6,
      8,
      10,
      7,
      6,
      7,
      6,
      8,
      7,
      10,
      6,
      9,
      6,
      6,
      7,
      6,
      6,
      6,
      6,
      7,
      11,
      6,
      6,
      11,
      6,
      7,
      6,
      6,
      6,
      8,
      7,
      6,
      6,
      9,
      10,
      6,
      6,
      6,
      9,
      16,
      11,
      6,
      10,
      7,
      7,
      7,
      6,
      8,
      7,
      10,
      9,
      10,
      7,
      6,
      9,
      8,
      7,
      6,
      12,
      11,
      9,
      10,
      11,
      7,
      7,
      7,
      6,
      12,
      8,
      6,
      6,
      6,
      15,
      7,
      7,
      21,
      6,
      10,
      9,
      7,
      6,
      6,
      6,
      6,
      6,
      7,
      10,
      6,
      7,
      6,
      6,
      7,
      9,
      6,
      9,
      7,
      7,
      7,
      10,
      6,
      8,
      23,
      12,
      7,
      6,
      6,
      6,
      6,
      7,
      6,
      7,
      6,
      7,
      17,
      10,
      10,
      6,
      7,
      6,
      6,
      13,
      7,
      6,
      6,
      7,
      7,
      6,
      6,
      6,
      7,
      6,
      10,
      7,
      7,
      6,
      7,
      7,
      7,
      10,
      6,
      6,
      10,
      6,
      6,
      26,
      7,
      7,
      6,
      8,
      10,
      9,
      6,
      11,
      8,
      7,
      7,
      7,
      7,
      6,
      7,
      12,
      9,
      10,
      7,
      6,
      6,
      7,
      8,
      9,
      8,
      7,
      6,
      8,
      9,
      8,
      7,
      6,
      7,
      8,
      6,
      6,
      8,
      10,
      8,
      6,
      7,
      6,
      7,
      6,
      15,
      7,
      7,
      8,
      8,
      28,
      7,
      7,
      9,
      6,
      7,
      7,
      10,
      6,
      12,
      10,
      7,
      6,
      6,
      10,
      7,
      9,
      7,
      7,
      6,
      16,
      7,
      12,
      7,
      6,
      10,
      7,
      6,
      9,
      8,
      6,
      7,
      9,
      11,
      6,
      6,
      8,
      6,
      10,
      6,
      11,
      7,
      9,
      6,
      6,
      10,
      6,
      6,
      8,
      18,
      9,
      7,
      6,
      10,
      7,
      8,
      7,
      8,
      11,
      6,
      6,
      6,
      6,
      6,
      10,
      6,
      16,
      6,
      6,
      6,
      7,
      8,
      7,
      6,
      7,
      20,
      6,
      6,
      8,
      6,
      6,
      13,
      18,
      10,
      10,
      11,
      12,
      6,
      6,
      7,
      6,
      10,
      7,
      6,
      7,
      10,
      6,
      6,
      6,
      7,
      7,
      10,
      10,
      10,
      6,
      6,
      6,
      7,
      6,
      6,
      20,
      10,
      6,
      7,
      8,
      9,
      6,
      6,
      10,
      6,
      15,
      48,
      11,
      7,
      15,
      9,
      8,
      16,
      10,
      7,
      7,
      7,
      8,
      8,
      6,
      12,
      8,
      18,
      6,
      6,
      6,
      36,
      7,
      9,
      7,
      7,
      10,
      6,
      6,
      7,
      6,
      7,
      7,
      12,
      7,
      6,
      14,
      6,
      9,
      6,
      7,
      9,
      8,
      7,
      6,
      6,
      7,
      7,
      6,
      7,
      6,
      7,
      10,
      7,
      14,
      7,
      6,
      6,
      8,
      6,
      6,
      7,
      6,
      9,
      6,
      6,
      6,
      7,
      7,
      6,
      7,
      7,
      7,
      7,
      14,
      7,
      6,
      9,
      6,
      6,
      6,
      8
    ],
    "chars": {
      "n": 500,
      "min": 9,
      "max": 102,
      "mean": 12.72,
      "std": 7.561851625098181,
      "var": 57.1816,
      "p10": 9,
      "p25": 9,
      "p50": 10,
      "p75": 12,
      "p90": 20,
      "p95": 23,
      "p99": 52
    },
    "chars_histogram": {
      "edges": [
        0,
        50,
        100,
        250,
        500,
        1000,
        2500,
        5000,
        10000,
        25000,
        50000,
        100000,
        200000
      ],
      "counts": [
        494,
        5,
        1,
        0,
        0,
        0,
        0,
        0,
        0,
        0,
        0,
        0
      ],
      "labels": [
        "[0,50)",
        "[50,100)",
        "[100,250)",
        "[250,500)",
        "[500,1000)",
        "[1000,2500)",
        "[2500,5000)",
        "[5000,10000)",
        "[10000,25000)",
        "[25000,50000)",
        "[50000,100000)",
        "[100000,200000)"
      ]
    }
  },
  "correct_rollouts": {
    "tokens": {
      "n": 124,
      "min": 6,
      "max": 36,
      "mean": 7.903225806451613,
      "std": 3.408763267451639,
      "var": 11.619667013527575,
      "p10": 6,
      "p25": 6,
      "p50": 7,
      "p75": 9,
      "p90": 11,
      "p95": 12,
      "p99": 21
    },
    "tokens_histogram": {
      "edges": [
        0,
        10,
        20,
        50,
        100,
        200,
        500,
        1000,
        2000,
        5000,
        10000,
        20000,
        40000
      ],
      "counts": [
        100,
        22,
        2,
        0,
        0,
        0,
        0,
        0,
        0,
        0,
        0,
        0
      ],
      "labels": [
        "[0,10)",
        "[10,20)",
        "[20,50)",
        "[50,100)",
        "[100,200)",
        "[200,500)",
        "[500,1000)",
        "[1000,2000)",
        "[2000,5000)",
        "[5000,10000)",
        "[10000,20000)",
        "[20000,40000)"
      ]
    },