{
  "primary_metric": "pass_at_1",
  "n_items": 612,
  "n_items_correct": 5,
  "n_items_incorrect": 607,
  "n_items_unknown": 0,
  "n_generations": 612,
  "samples_per_item": [
    1
  ],
  "all_rollouts": {
    "tokens": {
      "n": 612,
      "min": 2,
      "max": 4860,
      "mean": 248.62581699346404,
      "std": 851.5011267230402,
      "var": 725054.168810607,
      "p10": 2,
      "p25": 2,
      "p50": 2,
      "p75": 21,
      "p90": 493,
      "p95": 803,
      "p99": 4474
    },
    "tokens_histogram": {
      "edges": [
        0,
        10,
        20,
        50,
        100,
        200,
        500,
        1000,
        2000,
        5000,
        10000,
        20000,
        40000
      ],
      "counts": [
        434,
        25,
        6,
        21,
        29,
        36,
        32,
        3,
        26,
        0,
        0,
        0
      ],
      "labels": [
        "[0,10)",
        "[10,20)",
        "[20,50)",
        "[50,100)",
        "[100,200)",
        "[200,500)",
        "[500,1000)",
        "[1000,2000)",
        "[2000,5000)",
        "[5000,10000)",
        "[10000,20000)",
        "[20000,40000)"
      ]
    },
    "tokens_raw": [
      503,
      90,
      4641,
      2,
      2,
      4,
      2,
      10,
      6,
      2,
      4275,
      152,
      2,
      2,
      2,
      4,
      70,
      3,
      2,
      295,
      2,
      2,
      2,
      3,
      2,
      109,
      2,
      2,
      2,
      2,
      2,
      2,
      2,
      2,
      2,
      741,
      123,
      2,
      2,
      2,
      2,
      2,
      2,
      2,
      2,
      2,
      2,
      3,
      2,
      107,
      2,
      2,
      528,
      401,
      82,
      166,
      2,
      2,
      4,
      2,
      2,
      2,
      2,
      3,
      1035,
      2,
      2,
      2,
      5,
      2,
      2,
      7,
      2,
      2,
      68,
      2,
      2,
      74,
      2,
      2,
      178,
      2,
      2,
      2,
      2,
      2,
      2,
      2,
      2,
      2,
      2,
      80,
      2,
      2,
      266,
      2,
      188,
      2,
      77,
      2,
      2,
      2,
      2,
      2,
      34,
      304,
      4,
      2,
      5,
      2,
      237,
      2,
      2,
      81,
      6,
      2,
      39,
      2,
      2,
      2,
      2,
      2,
      132,
      112,
      2,
      441,
      2,
      4253,
      2,
      2,
      2,
      117,
      2,
      2,
      2,
      2,
      2,
      2,
      2,
      2,
      2,
      2,
      2,
      2,
      76,
      2,
      2,
      3,
      63,
      2,
      603,
      2,
      2,
      2,
      2,
      4444,
      4610,
      94,
      2,
      2,
      2,
      6,
      100,
      4421,
      2,
      2,
      2,
      2,
      127,
      2,
      2,
      2,
      2,
      2,
      2,
      2,
      2,
      2,
      3,
      2,
      2,
      2,
      3,
      2,
      2,
      2,
      2,
      2,
      2,
      91,
      2,
      3,
      462,
      2,
      2,
      2,
      2,
      2,
      2,
      137,
      3,
      803,
      492,
      2,
      135,
      2,
      10,
      2,
      2,
      2,
      2,
      570,
      2,
      2,
      717,
      2,
      2,
      4,
      3597,
      2,
      2,
      2,
      2,
      524,
      4459,
      2,
      2,
      2,
      3,
      471,
      2,
      2,
      10,
      2,
      2,
      718,
      2,
      2,
      2,
      2,
      2,
      21,
      270,
      2,
      369,
      117,
      2,
      706,
      2,
      3,
      359,
      504,
      2,
      2,
      638,
      2,
      2,
      3,
      2,
      8,
      2,
      2,
      2,
      2,
      2,
      3,
      567,
      2,
      2,
      2,
      10,
      140,
      2688,
      2,
      2,
      2,
      2,
      2,
      2,
      2,
      2,
      789,
      2,
      2,
      2,
      10,
      3,
      2,
      2,
      2,
      2,
      3,
      10,
      3570,
      386,
      3612,
      4,
      2,
      2,
      2,
      369,
      2,
      2,
      2,
      2,
      2,
      2,
      5,
      2,
      2,
      2,
      10,
      215,
      2,
      730,
      2,
      2,
      112,
      2,
      2,
      2,
      2,
      2,
      2,
      2,
      10,
      2,
      2,
      2,
      2,
      2,
      2,
      2,
      2,
      10,
      2,
      2,
      529,
      2,
      2,
      2,
      10,
      2,
      2,
      2,
      2,
      2,
      386,
      2,
      2,
      2,
      10,
      2,
      2,
      6,
      493,
      2,
      663,
      10,
      3,
      2,
      188,
      10,
      2,
      195,
      2,
      726,
      587,
      90,
      4625,
      2,
      2,
      2,
      10,
      771,
      2,
      2,
      2,
      2,
      2,
      657,
      2,
      2,
      2,
      474,
      2,
      2,
      2,
      10,
      4197,
      3,
      139,
      2,
      2,
      2,
      2,
      2,
      2,
      2,
      1149,
      2,
      2,
      2,
      2,
      726,
      270,
      2,
      2,
      2,
      2,
      2,
      2,
      10,
      2,
      2,
      2,
      2,
      2,
      163,
      3,
      2,
      2,
      2,
      356,
      2,
      744,
      2,
      2,
      321,
      2,
      380,
      692,
      2,
      10,
      2,
      385,
      760,
      515,
      125,
      10,
      2,
      2,
      2,
      4314,
      10,
      2,
      343,
      4571,
      2,
      2,
      163,
      263,
      3997,
      3,
      10,
      2,
      2,
      2,
      2,
      2,
      2,
      2,
      4699,
      4,
      4,
      2,
      2,
      224,
      128,
      2,
      123,
      4474,
      2,
      2,
      86,
      2,
      2,
      2,
      39,
      206,
      229,
      2,
      2,
      2,
      2,
      2,
      60,
      6,
      2,
      42,
      4860,
      4,
      2,
      2,
      2,
      191,
      3,
      2,
      2,
      4446,
      2,
      3964,
      2,
      2,
      80,
      2,
      2,
      375,
      2,
      2,
      2,
      2,
      2,
      2,
      2,
      10,
      442,
      2,
      2,
      2,
      2,
      2,
      2,
      2,
      598,
      2,
      2,
      2,
      2,
      2,
      2,
      2,
      2,
      3,
      399,
      2,
      574,
      10,
      2,
      26,
      10,
      552,
      4,
      2,
      2,
      297,
      349,
      10,
      305,
      10,
      2,
      319,
      2,
      973,
      2,
      3413,
      2,
      3,
      374,
      2,
      3672,
      2,
      527,
      2,
      2,
      2,
      3,
      2,
      130,
      2,
      2,
      2,
      2,
      77,
      114,
      96,
      2,
      2,
      2,
      3,
      2,
      2,
      2,
      2,
      2,
      2,
      2,
      7,
      2,
      2,
      2,
      4328,
      68,
      2,
      503,
      2,
      2,
      2,
      153,
      1100,
      3,
      2,
      2,
      4127,
      2,
      60,
      4234,
      6,
      2,
      79,
      2,
      2
    ],
    "chars": {
      "n": 612,
      "min": 0,
      "max": 32364,
      "mean": 873.2434640522875,
      "std": 3227.803920352287,
      "var": 10418718.148241594,
      "p10": 2,
      "p25": 3,
      "p50": 9,
      "p75": 92,
      "p90": 1646,
      "p95": 2877,
      "p99": 17337
    },
    "chars_histogram": {
      "edges": [
        0,
        50,
        100,
        250,
        500,
        1000,
        2500,
        5000,
        10000,
        25000,
        50000,
        100000,
        200000
      ],
      "counts": [
        458,
        2,
        7,
        33,
        22,
        56,
        9,
        4,
        19,
        2,
        0,
        0
      ],