{
  "primary_metric": "pass_at_1",
  "n_items": 612,
  "n_items_correct": 42,
  "n_items_incorrect": 570,
  "n_items_unknown": 0,
  "n_generations": 612,
  "samples_per_item": [
    1
  ],
  "all_rollouts": {
    "tokens": {
      "n": 612,
      "min": 10,
      "max": 6620,
      "mean": 848.5767973856209,
      "std": 1462.6269239324038,
      "var": 2139277.5186119657,
      "p10": 82,
      "p25": 131,
      "p50": 233,
      "p75": 581,
      "p90": 4336,
      "p95": 4702,
      "p99": 5038
    },
    "tokens_histogram": {
      "edges": [
        0,
        10,
        20,
        50,
        100,
        200,
        500,
        1000,
        2000,
        5000,
        10000,
        20000,
        40000
      ],
      "counts": [
        0,
        17,
        4,
        77,
        165,
        175,
        81,
        14,
        71,
        8,
        0,
        0
      ],
      "labels": [
        "[0,10)",
        "[10,20)",
        "[20,50)",
        "[50,100)",
        "[100,200)",
        "[200,500)",
        "[500,1000)",
        "[1000,2000)",
        "[2000,5000)",
        "[5000,10000)",
        "[10000,20000)",
        "[20000,40000)"
      ]
    },
    "tokens_raw": [
      13,
      125,
      4856,
      221,
      353,
      174,
      446,
      228,
      4886,
      68,
      95,
      281,
      199,
      226,
      113,
      144,
      770,
      137,
      131,
      619,
      494,
      293,
      5435,
      85,
      197,
      177,
      92,
      174,
      40,
      78,
      213,
      34,
      76,
      553,
      456,
      260,
      712,
      951,
      4622,
      261,
      162,
      4909,
      182,
      79,
      76,
      231,
      670,
      6620,
      851,
      134,
      124,
      95,
      153,
      75,
      186,
      244,
      132,
      88,
      128,
      65,
      358,
      72,
      280,
      524,
      121,
      174,
      391,
      161,
      131,
      239,
      92,
      715,
      127,
      205,
      192,
      121,
      359,
      542,
      224,
      250,
      158,
      232,
      207,
      75,
      195,
      598,
      111,
      122,
      150,
      130,
      112,
      198,
      689,
      5382,
      749,
      5046,
      198,
      63,
      167,
      395,
      193,
      119,
      303,
      677,
      4702,
      399,
      69,
      82,
      333,
      229,
      823,
      196,
      152,
      163,
      831,
      88,
      76,
      88,
      274,
      204,
      298,
      66,
      140,
      80,
      726,
      145,
      386,
      171,
      639,
      368,
      74,
      267,
      201,
      168,
      135,
      95,
      249,
      91,
      136,
      85,
      139,
      417,
      498,
      188,
      76,
      120,
      128,
      117,
      67,
      203,
      685,
      336,
      73,
      103,
      403,
      93,
      287,
      132,
      119,
      760,
      129,
      214,
      169,
      190,
      561,
      165,
      122,
      177,
      162,
      87,
      97,
      229,
      270,
      175,
      251,
      94,
      191,
      157,
      114,
      259,
      118,
      631,
      67,
      204,
      302,
      121,
      60,
      160,
      64,
      97,
      170,
      242,
      13,
      234,
      3308,
      4591,
      390,
      1050,
      4632,
      283,
      292,
      4019,
      323,
      4613,
      15,
      5441,
      4500,
      448,
      722,
      836,
      236,
      863,
      128,
      207,
      704,
      148,
      1122,
      312,
      568,
      132,
      1007,
      4597,
      329,
      233,
      1347,
      420,
      446,
      227,
      144,
      154,
      703,
      13,
      332,
      67,
      4873,
      10,
      4688,
      4634,
      497,
      4696,
      746,
      552,
      968,
      297,
      392,
      210,
      201,
      827,
      746,
      337,
      10,
      194,
      223,
      4531,
      1177,
      190,
      95,
      4839,
      236,
      4474,
      4416,
      4199,
      4089,
      10,
      78,
      149,
      160,
      706,
      4897,
      4574,
      537,
      239,
      4657,
      4651,
      358,
      13,
      1871,
      4553,
      10,
      13,
      456,
      194,
      165,
      10,
      203,
      285,
      130,
      4361,
      895,
      95,
      202,
      269,
      356,
      366,
      467,
      520,
      3700,
      823,
      4846,
      126,
      275,
      1091,
      835,
      4845,
      298,
      45,
      244,
      203,
      260,
      4604,
      4440,
      144,
      132,
      1202,
      296,
      416,
      399,
      388,
      2078,
      4833,
      331,
      89,
      250,
      4985,
      190,
      3980,
      53,
      109,
      593,
      4427,
      345,
      154,
      77,
      4816,
      302,
      3670,
      168,
      104,
      326,
      702,
      884,
      10,
      4336,
      13,
      254,
      403,
      240,
      569,
      151,
      249,
      4110,
      51,
      180,
      223,
      4744,
      822,
      131,
      719,
      855,
      5072,
      129,
      95,
      593,
      693,
      223,
      483,
      218,
      781,
      4398,
      364,
      163,
      938,
      979,
      139,
      1786,
      178,
      697,
      89,
      4572,
      392,
      535,
      395,
      1146,
      564,
      306,
      4596,
      999,
      533,
      104,
      13,
      72,
      563,
      208,
      131,
      10,
      89,
      140,
      213,
      149,
      4215,
      567,
      387,
      208,
      152,
      4538,
      4763,
      148,
      331,
      235,
      441,
      435,
      497,
      221,
      196,
      5038,
      92,
      297,
      208,
      96,
      891,
      4864,
      163,
      90,
      263,
      1129,
      177,
      4945,
      4193,
      291,
      260,
      498,
      4545,
      4503,
      226,
      460,
      13,
      2331,
      794,
      193,
      4145,
      232,
      305,
      545,
      4985,
      144,
      170,
      226,
      219,
      144,
      812,
      766,
      581,
      4660,
      229,
      4163,
      5010,
      399,
      189,
      181,
      245,
      385,
      133,
      78,
      142,
      247,
      337,
      64,
      271,
      203,
      59,
      82,
      112,
      164,
      112,
      111,
      4772,
      186,
      219,
      806,
      84,
      197,
      897,
      775,
      115,
      81,
      125,
      63,
      123,
      123,
      50,
      82,
      188,
      460,
      196,
      283,
      133,
      83,
      123,
      281,
      135,
      89,
      98,
      165,
      281,
      80,
      104,
      250,
      536,
      177,
      254,
      179,
      178,
      4979,
      216,
      437,
      552,
      620,
      530,
      232,
      399,
      518,
      4470,
      321,
      4107,
      4702,
      62,
      82,
      179,
      890,
      160,
      4750,
      1126,
      452,
      4804,
      150,
      779,
      4852,
      384,
      174,
      137,
      286,
      729,
      1179,
      13,
      4594,
      507,
      199,
      100,
      4653,
      314,
      3268,
      94,
      374,
      4129,
      306,
      1598,
      852,
      351,
      454,
      407,
      156,
      96,
      714,
      253,
      98,
      250,
      119,
      150,
      104,
      135,
      79,
      106,
      331,
      520,
      100,
      193,
      159,
      116,
      414,
      422,
      339,
      253,
      152,
      186,
      783,
      86,
      219,
      150,
      45,
      86,
      183,
      60,
      368,
      281,
      677,
      155,
      106,
      61,
      110,
      119,
      314,
      149,
      127,
      113,
      379,
      63,
      108,
      100,
      184,
      125,
      209,
      245
    ],
    "chars": {
      "n": 612,
      "min": 30,