{
  "primary_metric": "exact_match_flex",
  "n_items": 500,
  "n_items_correct": 62,
  "n_items_incorrect": 438,
  "n_items_unknown": 0,
  "n_generations": 500,
  "samples_per_item": [
    1
  ],
  "all_rollouts": {
    "tokens": {
      "n": 500,
      "min": 2,
      "max": 5055,
      "mean": 1278.218,
      "std": 1791.2237097794346,
      "var": 3208482.378476,
      "p10": 2,
      "p25": 3,
      "p50": 206,
      "p75": 3371,
      "p90": 4209,
      "p95": 4569,
      "p99": 4935
    },
    "tokens_histogram": {
      "edges": [
        0,
        10,
        20,
        50,
        100,
        200,
        500,
        1000,
        2000,
        5000,
        10000,
        20000,
        40000
      ],
      "counts": [
        182,
        11,
        17,
        14,
        24,
        79,
        17,
        12,
        143,
        1,
        0,
        0
      ],
      "labels": [
        "[0,10)",
        "[10,20)",
        "[20,50)",
        "[50,100)",
        "[100,200)",
        "[200,500)",
        "[500,1000)",
        "[1000,2000)",
        "[2000,5000)",
        "[5000,10000)",
        "[10000,20000)",
        "[20000,40000)"
      ]
    },
    "tokens_raw": [
      2,
      3322,
      3,
      6,
      324,
      2,
      5,
      4,
      2,
      2,
      6,
      4700,
      6,
      3,
      3907,
      3,
      335,
      455,
      21,
      184,
      4231,
      4143,
      4070,
      6,
      2,
      330,
      3146,
      14,
      3559,
      4,
      2190,
      318,
      3,
      4950,
      428,
      3291,
      201,
      4,
      3720,
      3,
      136,
      4452,
      4033,
      4860,
      4006,
      4043,
      2,
      3,
      2,
      38,
      116,
      585,
      55,
      225,
      2,
      181,
      2,
      70,
      211,
      417,
      208,
      361,
      6,
      533,
      3412,
      4130,
      300,
      3762,
      2,
      2,
      4486,
      4479,
      2,
      3,
      89,
      56,
      135,
      160,
      5,
      3667,
      2,
      9,
      3,
      291,
      47,
      231,
      4152,
      226,
      6,
      3,
      71,
      3596,
      2,
      4143,
      171,
      3,
      4247,
      2,
      143,
      4316,
      4540,
      293,
      7,
      2,
      34,
      3,
      3,
      3,
      4209,
      2,
      4,
      4073,
      325,
      4347,
      1085,
      467,
      4077,
      2,
      3,
      4123,
      3056,
      488,
      2,
      554,
      4156,
      4329,
      4150,
      30,
      3090,
      4547,
      25,
      1922,
      157,
      2,
      521,
      4,
      726,
      2,
      157,
      238,
      605,
      90,
      2,
      2,
      181,
      461,
      3948,
      12,
      3,
      4,
      3732,
      3,
      6,
      2,
      4314,
      4850,
      16,
      2565,
      2,
      4048,
      4,
      12,
      7,
      372,
      252,
      4696,
      2398,
      6,
      2925,
      2,
      3288,
      64,
      1534,
      546,
      2,
      3,
      3541,
      2,
      192,
      615,
      12,
      4,
      3,
      4200,
      3991,
      2,
      9,
      314,
      3894,
      3,
      27,
      4209,
      362,
      3,
      220,
      4952,
      10,
      5,
      14,
      2,
      409,
      2,
      2,
      488,
      232,
      2278,
      2,
      4137,
      4106,
      4115,
      328,
      4051,
      4156,
      261,
      2,
      402,
      6,
      278,
      7,
      957,
      21,
      4055,
      318,
      303,
      4912,
      4132,
      26,
      5,
      88,
      180,
      6,
      2,
      3218,
      413,
      335,
      714,
      68,
      6,
      339,
      4853,
      2,
      4092,
      4777,
      4216,
      2,
      3256,
      21,
      4937,
      4244,
      1188,
      2,
      123,
      4114,
      23,
      2,
      6,
      412,
      3,
      5,
      3611,
      38,
      4,
      4730,
      229,
      2,
      4355,
      4062,
      295,
      6,
      4070,
      4637,
      3588,
      4835,
      2448,
      5,
      174,
      3612,
      3,
      23,
      471,
      2,
      1777,
      2,
      4746,
      282,
      4589,
      4681,
      3919,
      4,
      267,
      271,
      274,
      140,
      4,
      2,
      83,
      3591,
      4071,
      733,
      215,
      41,
      12,
      12,
      3,
      4197,
      228,
      3,
      4082,
      4,
      3572,
      3,
      2,
      2,
      4055,
      2,
      3,
      2,
      159,
      5,
      206,
      332,
      5,
      1795,
      164,
      3,
      4,
      385,
      1623,
      4,
      2,
      3841,
      4227,
      36,
      4307,
      3108,
      3,
      4130,
      4054,
      3,
      3374,
      276,
      2,
      18,
      4,
      3,
      2,
      3639,
      2,
      3,
      3,
      4149,
      4844,
      285,
      69,
      470,
      3,
      3,
      4169,
      7,
      5,
      3,
      395,
      2,
      4746,
      426,
      1983,
      3,
      4138,
      5,
      2,
      4569,
      229,
      2,
      3,
      3,
      2,
      4011,
      160,
      4,
      253,
      47,
      64,
      3,
      4111,
      4244,
      4136,
      247,
      4154,
      4044,
      3,
      4663,
      320,
      4667,
      280,
      2,
      3,
      216,
      4283,
      17,
      134,
      4156,
      2,
      227,
      5,
      4047,
      3,
      3832,
      3,
      2,
      618,
      1549,
      3,
      4,
      3,
      2,
      3,
      245,
      3,
      487,
      2,
      2429,
      393,
      3,
      750,
      5,
      3,
      591,
      4700,
      273,
      4935,
      3,
      4269,
      2,
      2217,
      4274,
      201,
      4117,
      3,
      154,
      1237,
      239,
      3329,
      2,
      2,
      3980,
      252,
      649,
      3,
      4706,
      4,
      2,
      5055,
      435,
      332,
      2,
      2,
      1415,
      4285,
      396,
      2,
      3,
      3966,
      2,
      2,
      641,
      110,
      4,
      2,
      55,
      221,
      3532,
      4,
      4015,
      3714,
      206,
      3196,
      3,
      2,
      146,
      4065,
      4097,
      3,
      1127,
      3,
      3744,
      3371,
      5,
      174,
      80,
      444,
      450,
      21,
      3,
      657,
      4275,
      4235,
      2,
      3,
      4265,
      292
    ],
    "chars": {
      "n": 500,
      "min": 2,
      "max": 43975,
      "mean": 5697.688,
      "std": 9605.407366200352,
      "var": 92263850.670656,
      "p10": 9,
      "p25": 13,
      "p50": 595,
      "p75": 8836,
      "p90": 21044,
      "p95": 28229,
      "p99": 40409
    },
    "chars_histogram": {
      "edges": [
        0,
        50,
        100,
        250,
        500,
        1000,
        2500,
        5000,
        10000,
        25000,
        50000,
        100000,
        200000
      ],
      "counts": [
        189,
        9,
        22,
        20,
        62,
        41,
        11,
        31,
        86,
        29,
        0,
        0
      ],
      "labels": [
        "[0,50)",
        "[50,100)",
        "[100,250)",
        "[250,500)",
        "[500,1000)",
        "[1000,2500)",
        "[2500,5000)",
        "[5000,10000)",
        "[10000,25000)",
        "[25000,50000)",
        "[50000,100000)",
        "[100000,200000)"
      ]
    }
  },
  "correct_rollouts": {
    "tokens": {
      "n": 62,
      "min": 110,
      "max": 2565,
      "mean": 382.33870967741933,
      "std": 369.20127142812163,
      "var": 136309.57882414153,
      "p10": 157,
      "p25": 206,
      "p50": 295,
      "p75": 413,
      "p90": 605,
      "p95": 726,
      "p99": 2565
    },