{
  "primary_metric": "length_controlled_winrate",
  "n_items": 805,
  "n_items_correct": 0,
  "n_items_incorrect": 0,
  "n_items_unknown": 805,
  "n_generations": 805,
  "samples_per_item": [
    1
  ],
  "all_rollouts": {
    "tokens": {
      "n": 805,
      "min": 2,
      "max": 5949,
      "mean": 543.7590062111801,
      "std": 1247.5567970227928,
      "var": 1556397.96179777,
      "p10": 20,
      "p25": 52,
      "p50": 150,
      "p75": 282,
      "p90": 629,
      "p95": 4177,
      "p99": 5265
    },
    "tokens_histogram": {
      "edges": [
        0,
        10,
        20,
        50,
        100,
        200,
        500,
        1000,
        2000,
        5000,
        10000,
        20000,
        40000
      ],
      "counts": [
        38,
        41,
        116,
        103,
        204,
        192,
        40,
        4,
        44,
        23,
        0,
        0
      ],
      "labels": [
        "[0,10)",
        "[10,20)",
        "[20,50)",
        "[50,100)",
        "[100,200)",
        "[200,500)",
        "[500,1000)",
        "[1000,2000)",
        "[2000,5000)",
        "[5000,10000)",
        "[10000,20000)",
        "[20000,40000)"
      ]
    },
    "tokens_raw": [
      98,
      474,
      262,
      106,
      128,
      159,
      234,
      32,
      155,
      706,
      126,
      386,
      532,
      327,
      104,
      143,
      193,
      5009,
      218,
      356,
      194,
      130,
      61,
      427,
      13,
      58,
      56,
      371,
      134,
      361,
      583,
      4214,
      533,
      4051,
      16,
      217,
      278,
      783,
      362,
      32,
      43,
      404,
      4070,
      73,
      232,
      1452,
      4130,
      239,
      43,
      694,
      22,
      58,
      4180,
      4572,
      4938,
      139,
      5133,
      248,
      181,
      153,
      300,
      275,
      4803,
      166,
      516,
      142,
      505,
      312,
      267,
      138,
      58,
      15,
      109,
      274,
      144,
      200,
      217,
      489,
      53,
      34,
      126,
      175,
      342,
      395,
      136,
      363,
      357,
      4126,
      23,
      568,
      192,
      19,
      4149,
      22,
      424,
      337,
      4126,
      143,
      254,
      208,
      578,
      65,
      35,
      596,
      506,
      57,
      75,
      333,
      49,
      4934,
      157,
      324,
      137,
      31,
      220,
      600,
      5133,
      194,
      43,
      86,
      18,
      42,
      45,
      126,
      411,
      23,
      371,
      460,
      65,
      375,
      132,
      57,
      202,
      44,
      211,
      18,
      242,
      206,
      5076,
      463,
      185,
      184,
      71,
      150,
      6,
      538,
      237,
      160,
      5184,
      117,
      68,
      371,
      167,
      535,
      209,
      34,
      443,
      46,
      17,
      19,
      4114,
      59,
      274,
      189,
      24,
      120,
      292,
      41,
      9,
      36,
      513,
      4569,
      109,
      33,
      33,
      86,
      354,
      399,
      12,
      102,
      381,
      185,
      164,
      168,
      52,
      280,
      269,
      135,
      5288,
      251,
      4,
      143,
      129,
      244,
      513,
      15,
      131,
      52,
      45,
      2,
      177,
      333,
      107,
      365,
      4292,
      4179,
      245,
      21,
      537,
      172,
      9,
      50,
      5097,
      4120,
      2,
      512,
      189,
      153,
      120,
      119,
      85,
      316,
      71,
      184,
      182,
      31,
      299,
      135,
      4105,
      114,
      76,
      52,
      7,
      188,
      83,
      709,
      164,
      182,
      203,
      5748,
      373,
      4145,
      41,
      772,
      26,
      5,
      155,
      244,
      2066,
      42,
      89,
      52,
      5106,
      223,
      37,
      393,
      500,
      199,
      36,
      155,
      64,
      75,
      2,
      483,
      178,
      719,
      21,
      151,
      60,
      191,
      5690,
      308,
      137,
      49,
      41,
      177,
      147,
      92,
      56,
      296,
      37,
      469,
      103,
      1136,
      5949,
      82,
      57,
      255,
      202,
      5196,
      268,
      298,
      5009,
      36,
      5393,
      153,
      13,
      138,
      390,
      66,
      393,
      283,
      165,
      36,
      500,
      4713,
      541,
      66,
      861,
      273,
      189,
      46,
      4175,
      226,
      90,
      660,
      226,
      32,
      49,
      205,
      555,
      565,
      209,
      112,
      261,
      253,
      54,
      102,
      331,
      222,
      176,
      446,
      12,
      10,
      4133,
      92,
      142,
      113,
      37,
      41,
      33,
      136,
      9,
      191,
      30,
      473,
      180,
      229,
      33,
      17,
      28,
      290,
      129,
      226,
      234,
      143,
      141,
      127,
      144,
      98,
      267,
      413,
      7,
      347,
      189,
      149,
      21,
      75,
      129,
      4170,
      8,
      25,
      259,
      36,
      392,
      50,
      9,
      198,
      293,
      480,
      137,
      404,
      224,
      247,
      186,
      13,
      126,
      145,
      184,
      9,
      10,
      111,
      128,
      198,
      185,
      186,
      49,
      154,
      138,
      618,
      191,
      125,
      20,
      60,
      37,
      195,
      212,
      50,
      19,
      49,
      460,
      179,
      79,
      298,
      4104,
      154,
      187,
      245,
      186,
      363,
      31,
      185,
      215,
      130,
      22,
      626,
      286,
      153,
      5115,
      79,
      56,
      152,
      113,
      9,
      454,
      363,
      45,
      152,
      9,
      3,
      21,
      176,
      194,
      40,
      119,
      5155,
      36,
      44,
      36,
      146,
      475,
      98,
      107,
      161,
      328,
      101,
      281,
      32,
      34,
      139,
      83,
      45,
      23,
      193,
      240,
      87,
      4976,
      29,
      41,
      3,
      174,
      52,
      79,
      19,
      240,
      31,
      57,
      49,
      162,
      103,
      43,
      53,
      53,
      38,
      146,
      36,
      183,
      150,
      57,
      26,
      193,
      100,
      65,
      47,
      5,
      4559,
      216,
      187,
      79,
      1077,
      41,
      47,
      149,
      172,
      32,
      88,
      48,
      99,
      207,
      19,
      33,
      113,
      107,
      51,
      137,
      218,
      5018,
      257,
      220,
      149,
      80,
      266,
      121,
      33,
      91,
      124,
      117,
      27,
      12,
      518,
      181,
      73,
      235,
      88,
      85,
      134,
      19,
      3,
      83,
      4765,
      12,
      128,
      36,
      124,
      68,
      9,
      93,
      125,
      87,
      6,
      446,
      325,
      6,
      122,
      34,
      32,
      449,
      250,
      4177,
      375,
      119,
      464,
      514,
      63,
      205,
      170,
      241,
      259,
      180,
      236,
      68,
      71,
      404,
      152,
      227,
      384,
      4247,
      189,
      143,
      4138,
      4135,
      161,
      16,
      343,
      165,
      146,
      333,
      136,
      50,
      250,
      455,
      83,
      64,
      437,
      73,
      282,
      107,
      13,
      10,
      104,
      29,
      208,
      30,
      227,
      321,
      193,
      114,
      298,
      9,
      198,
      31,
      217,
      3,
      260,
      236,
      145,
      277,
      210,
      595,
      65,
      25,
      143,
      81,
      5,
      43,
      28,
      46,
      20,
      15,
      24,
      20,
      4,
      37,
      87,
