{
  "primary_metric": "length_controlled_winrate",
  "n_items": 805,
  "n_items_correct": 0,
  "n_items_incorrect": 0,
  "n_items_unknown": 805,
  "n_generations": 805,
  "samples_per_item": [
    1
  ],
  "all_rollouts": {
    "tokens": {
      "n": 805,
      "min": 2,
      "max": 5656,
      "mean": 308.1801242236025,
      "std": 813.8820941680914,
      "var": 662404.063207438,
      "p10": 2,
      "p25": 29,
      "p50": 132,
      "p75": 241,
      "p90": 421,
      "p95": 648,
      "p99": 4720
    },
    "tokens_histogram": {
      "edges": [
        0,
        10,
        20,
        50,
        100,
        200,
        500,
        1000,
        2000,
        5000,
        10000,
        20000,
        40000
      ],
      "counts": [
        144,
        35,
        99,
        89,
        175,
        203,
        28,
        4,
        24,
        4,
        0,
        0
      ],
      "labels": [
        "[0,10)",
        "[10,20)",
        "[20,50)",
        "[50,100)",
        "[100,200)",
        "[200,500)",
        "[500,1000)",
        "[1000,2000)",
        "[2000,5000)",
        "[5000,10000)",
        "[10000,20000)",
        "[20000,40000)"
      ]
    },
    "tokens_raw": [
      117,
      205,
      323,
      15,
      211,
      175,
      283,
      33,
      198,
      420,
      228,
      171,
      388,
      145,
      96,
      179,
      189,
      181,
      54,
      361,
      149,
      132,
      44,
      237,
      7,
      54,
      70,
      4221,
      344,
      161,
      285,
      393,
      222,
      63,
      31,
      87,
      261,
      632,
      4128,
      205,
      38,
      175,
      799,
      65,
      389,
      4091,
      257,
      256,
      59,
      176,
      15,
      85,
      461,
      550,
      184,
      144,
      4145,
      177,
      352,
      95,
      603,
      354,
      143,
      330,
      397,
      30,
      9,
      428,
      43,
      183,
      65,
      16,
      132,
      227,
      234,
      178,
      194,
      464,
      466,
      178,
      157,
      125,
      4211,
      218,
      208,
      502,
      1010,
      4525,
      51,
      5070,
      215,
      2,
      514,
      22,
      388,
      355,
      150,
      256,
      351,
      124,
      372,
      2,
      30,
      294,
      583,
      48,
      156,
      236,
      46,
      100,
      235,
      278,
      36,
      8,
      31,
      4137,
      334,
      188,
      36,
      142,
      20,
      48,
      62,
      173,
      367,
      51,
      215,
      194,
      72,
      345,
      4,
      178,
      182,
      203,
      153,
      115,
      4127,
      92,
      570,
      544,
      269,
      138,
      77,
      181,
      6,
      474,
      203,
      3,
      1228,
      170,
      122,
      152,
      13,
      430,
      230,
      24,
      2,
      256,
      48,
      39,
      170,
      88,
      260,
      127,
      6,
      136,
      186,
      48,
      15,
      2,
      374,
      4044,
      163,
      2,
      84,
      143,
      773,
      379,
      260,
      165,
      215,
      24,
      175,
      214,
      106,
      4720,
      310,
      146,
      343,
      18,
      5,
      222,
      271,
      2,
      468,
      11,
      51,
      43,
      134,
      5,
      26,
      55,
      87,
      2,
      1890,
      208,
      200,
      49,
      970,
      132,
      9,
      76,
      260,
      303,
      2,
      180,
      169,
      125,
      117,
      168,
      191,
      526,
      45,
      180,
      348,
      44,
      137,
      134,
      250,
      57,
      89,
      180,
      11,
      75,
      212,
      756,
      227,
      152,
      4402,
      279,
      199,
      447,
      185,
      7,
      151,
      31,
      190,
      171,
      124,
      21,
      142,
      2,
      129,
      315,
      87,
      157,
      260,
      438,
      194,
      19,
      146,
      71,
      2,
      217,
      32,
      603,
      27,
      49,
      47,
      209,
      500,
      245,
      190,
      68,
      92,
      179,
      262,
      2,
      237,
      349,
      52,
      443,
      63,
      376,
      4731,
      90,
      48,
      401,
      141,
      4205,
      325,
      14,
      4,
      37,
      2,
      226,
      13,
      248,
      268,
      74,
      374,
      120,
      75,
      41,
      144,
      2,
      192,
      64,
      175,
      271,
      250,
      130,
      356,
      119,
      29,
      40,
      174,
      14,
      56,
      200,
      204,
      2,
      238,
      81,
      234,
      329,
      7,
      89,
      268,
      141,
      3,
      2,
      36,
      10,
      161,
      196,
      3,
      155,
      33,
      47,
      30,
      505,
      2,
      285,
      154,
      134,
      218,
      144,
      10,
      2,
      6,
      110,
      54,
      165,
      349,
      123,
      160,
      329,
      189,
      98,
      4601,
      447,
      7,
      4036,
      301,
      188,
      2,
      160,
      342,
      4171,
      8,
      7,
      311,
      35,
      578,
      42,
      13,
      158,
      447,
      462,
      116,
      172,
      285,
      91,
      222,
      50,
      82,
      196,
      222,
      7,
      2,
      80,
      278,
      255,
      210,
      246,
      29,
      185,
      216,
      552,
      286,
      174,
      148,
      175,
      39,
      165,
      185,
      219,
      22,
      70,
      480,
      284,
      44,
      612,
      180,
      126,
      250,
      179,
      76,
      44,
      21,
      68,
      479,
      161,
      32,
      843,
      34,
      138,
      272,
      85,
      101,
      115,
      84,
      4,
      651,
      154,
      20,
      295,
      19,
      4,
      31,
      233,
      183,
      4,
      221,
      2,
      35,
      115,
      37,
      223,
      224,
      279,
      49,
      177,
      221,
      70,
      4125,
      2,
      9,
      123,
      116,
      40,
      24,
      256,
      255,
      106,
      4951,
      2,
      2,
      27,
      493,
      5083,
      101,
      2,
      23,
      30,
      215,
      3,
      74,
      2,
      3,
      14,
      2,
      68,
      21,
      44,
      58,
      80,
      49,
      2,
      2,
      96,
      82,
      2,
      2,
      5,
      282,
      151,
      117,
      421,
      2,
      94,
      297,
      46,
      6,
      122,
      57,
      5,
      168,
      21,
      45,
      154,
      2,
      2,
      131,
      612,
      219,
      320,
      218,
      122,
      191,
      296,
      2,
      2,
      199,
      2,
      2,
      41,
      54,
      2,
      142,
      22,
      198,
      216,
      2,
      105,
      32,
      2,
      2,
      2,
      2,
      2,
      48,
      3,
      2,
      14,
      2,
      159,
      134,
      2,
      343,
      327,
      15,
      2,
      86,
      48,
      2,
      491,
      304,
      405,
      264,
      283,
      123,
      70,
      98,
      21,
      136,
      374,
      18,
      7,
      68,
      2,
      2,
      2,
      2,
      2,
      2,
      2,
      150,
      2,
      619,
      198,
      16,
      385,
      244,
      150,
      250,
      109,
      2,
      455,
      4998,
      229,
      99,
      98,
      62,
      2,
      166,
      2,
      42,
      45,
      31,
      260,
      44,
      144,
      491,
      232,
      156,
      2,
      19,
      95,
      34,
      184,
      22,
      400,
      181,
      2,
      194,
      302,
      3,
      73,
      30,
      2,
      12,
      3,
      2,
      2,
      2,
      2,
      56,
      2,
      20,
      29,
      37,
      98,
      2,
      2,
      35,
      35,
      6,
      2,
      4,
      67,
      18,
      2,
      304,
      2,
      133,
      188,
      40,
      86,
