{
  "primary_metric": "length_controlled_winrate",
  "n_items": 805,
  "n_items_correct": 0,
  "n_items_incorrect": 0,
  "n_items_unknown": 805,
  "n_generations": 805,
  "samples_per_item": [
    1
  ],
  "all_rollouts": {
    "tokens": {
      "n": 805,
      "min": 2,
      "max": 6144,
      "mean": 420.8248447204969,
      "std": 1046.6593448813517,
      "var": 1095495.7842274604,
      "p10": 2,
      "p25": 28,
      "p50": 142,
      "p75": 268,
      "p90": 569,
      "p95": 4102,
      "p99": 5084
    },
    "tokens_histogram": {
      "edges": [
        0,
        10,
        20,
        50,
        100,
        200,
        500,
        1000,
        2000,
        5000,
        10000,
        20000,
        40000
      ],
      "counts": [
        160,
        25,
        65,
        90,
        176,
        189,
        50,
        4,
        30,
        16,
        0,
        0
      ],
      "labels": [
        "[0,10)",
        "[10,20)",
        "[20,50)",
        "[50,100)",
        "[100,200)",
        "[200,500)",
        "[500,1000)",
        "[1000,2000)",
        "[2000,5000)",
        "[5000,10000)",
        "[10000,20000)",
        "[20000,40000)"
      ]
    },
    "tokens_raw": [
      142,
      159,
      5049,
      152,
      264,
      160,
      195,
      72,
      452,
      287,
      171,
      325,
      680,
      72,
      129,
      425,
      107,
      386,
      37,
      4517,
      20,
      142,
      57,
      4134,
      12,
      32,
      94,
      208,
      163,
      123,
      861,
      2076,
      239,
      131,
      42,
      253,
      214,
      77,
      270,
      296,
      54,
      347,
      198,
      64,
      144,
      692,
      169,
      4112,
      53,
      216,
      23,
      58,
      496,
      322,
      225,
      139,
      4301,
      241,
      263,
      43,
      279,
      219,
      780,
      264,
      986,
      163,
      859,
      274,
      863,
      357,
      58,
      16,
      175,
      817,
      340,
      261,
      199,
      455,
      206,
      4140,
      153,
      126,
      443,
      176,
      328,
      489,
      275,
      4978,
      73,
      512,
      184,
      54,
      4184,
      22,
      402,
      1261,
      97,
      370,
      163,
      84,
      717,
      57,
      54,
      547,
      531,
      69,
      115,
      233,
      47,
      71,
      285,
      4159,
      58,
      18,
      189,
      317,
      339,
      192,
      84,
      146,
      23,
      31,
      85,
      203,
      640,
      54,
      196,
      351,
      47,
      569,
      193,
      258,
      213,
      244,
      231,
      10,
      275,
      2,
      2,
      360,
      195,
      99,
      72,
      234,
      51,
      4337,
      186,
      2,
      545,
      169,
      84,
      260,
      232,
      538,
      4117,
      145,
      376,
      66,
      56,
      29,
      194,
      70,
      576,
      94,
      3,
      2,
      251,
      48,
      9,
      108,
      633,
      501,
      149,
      185,
      310,
      4,
      4112,
      574,
      241,
      109,
      6144,
      276,
      4119,
      142,
      112,
      261,
      365,
      176,
      269,
      627,
      3,
      254,
      159,
      319,
      551,
      29,
      8,
      53,
      125,
      7,
      148,
      2,
      2,
      512,
      5764,
      531,
      175,
      44,
      2,
      3,
      13,
      89,
      187,
      216,
      2,
      266,
      43,
      158,
      268,
      181,
      155,
      4877,
      2,
      215,
      154,
      22,
      185,
      135,
      725,
      107,
      84,
      265,
      45,
      278,
      279,
      530,
      578,
      211,
      431,
      135,
      5512,
      534,
      119,
      162,
      4141,
      30,
      304,
      184,
      1056,
      49,
      142,
      2,
      327,
      178,
      5008,
      234,
      208,
      350,
      46,
      111,
      28,
      77,
      3,
      1399,
      211,
      786,
      27,
      180,
      187,
      308,
      338,
      464,
      112,
      2,
      4826,
      179,
      2,
      2,
      162,
      417,
      1553,
      3470,
      138,
      2,
      5216,
      73,
      44,
      223,
      161,
      5092,
      183,
      608,
      2,
      133,
      2,
      228,
      3,
      412,
      222,
      116,
      459,
      152,
      180,
      2,
      224,
      2,
      255,
      70,
      232,
      537,
      533,
      53,
      441,
      205,
      46,
      325,
      185,
      55,
      49,
      2,
      261,
      2,
      255,
      210,
      250,
      558,
      2,
      70,
      750,
      174,
      165,
      2,
      42,
      10,
      4181,
      150,
      3,
      105,
      51,
      56,
      16,
      529,
      2,
      4781,
      357,
      165,
      119,
      166,
      10,
      2,
      55,
      112,
      49,
      159,
      128,
      145,
      153,
      248,
      155,
      94,
      834,
      403,
      7,
      4103,
      174,
      253,
      57,
      130,
      136,
      714,
      8,
      3,
      232,
      28,
      306,
      84,
      2,
      155,
      183,
      2,
      205,
      216,
      347,
      434,
      88,
      13,
      2,
      331,
      221,
      9,
      2,
      97,
      2,
      5041,
      457,
      241,
      59,
      399,
      2,
      4060,
      317,
      210,
      53,
      154,
      36,
      157,
      231,
      66,
      29,
      33,
      422,
      241,
      119,
      5084,
      5013,
      202,
      148,
      203,
      136,
      65,
      31,
      93,
      426,
      154,
      31,
      189,
      383,
      174,
      434,
      290,
      73,
      166,
      60,
      2,
      218,
      458,
      38,
      285,
      6,
      2,
      19,
      29,
      180,
      84,
      278,
      2,
      33,
      97,
      35,
      253,
      5009,
      366,
      240,
      323,
      272,
      105,
      569,
      2,
      11,
      25,
      79,
      41,
      37,
      149,
      574,
      78,
      3,
      170,
      2,
      43,
      5059,
      8,
      52,
      2,
      2,
      31,
      2,
      2,
      138,
      2,
      116,
      14,
      2,
      140,
      143,
      16,
      58,
      197,
      58,
      74,
      198,
      5057,
      61,
      2,
      2,
      2,
      297,
      262,
      92,
      286,
      2,
      111,
      107,
      156,
      123,
      104,
      78,
      193,
      183,
      25,
      58,
      86,
      205,
      2,
      4,
      252,
      198,
      202,
      2,
      140,
      149,
      483,
      2,
      3,
      114,
      133,
      2,
      40,
      14,
      2,
      185,
      2,
      2,
      2,
      211,
      4,
      29,
      2,
      2,
      2,
      2,
      2,
      56,
      2,
      2,
      2,
      2,
      139,
      145,
      2,
      277,
      335,
      16,
      99,
      2,
      2,
      2,
      4102,
      123,
      303,
      161,
      327,
      104,
      71,
      2,
      202,
      67,
      5122,
      190,
      2,
      2,
      2,
      2,
      2,
      2,
      2,
      287,
      2,
      92,
      2,
      2,
      182,
      16,
      723,
      260,
      2,
      344,
      147,
      76,
      167,
      257,
      150,
      116,
      154,
      53,
      3,
      159,
      2,
      13,
      78,
      49,
      734,
      35,
      127,
      533,
      301,
      208,
      722,
      22,
      166,
      2,
      303,
      61,
      3128,
      97,
      148,
      298,
      225,
      41,
      123,
      21,
      2,
      130,
      2,
      3,
      2,
      2,
      2,
      10,
      2,
      31,
      7,
      25,
      110,
      2,
      2,
      2,
      2,
      25,
      2,
      2,
      59,
      4,
      2,
      3,
      2,
      118,
