{
  "primary_metric": "pass_at_1",
  "n_items": 612,
  "n_items_correct": 37,
  "n_items_incorrect": 575,
  "n_items_unknown": 0,
  "n_generations": 612,
  "samples_per_item": [
    1
  ],
  "all_rollouts": {
    "tokens": {
      "n": 612,
      "min": 20,
      "max": 6274,
      "mean": 721.624183006536,
      "std": 1316.36618534699,
      "var": 1732819.933924986,
      "p10": 101,
      "p25": 145,
      "p50": 238,
      "p75": 424,
      "p90": 3110,
      "p95": 4634,
      "p99": 5084
    },
    "tokens_histogram": {
      "edges": [
        0,
        10,
        20,
        50,
        100,
        200,
        500,
        1000,
        2000,
        5000,
        10000,
        20000,
        40000
      ],
      "counts": [
        0,
        0,
        7,
        52,
        184,
        240,
        50,
        16,
        52,
        11,
        0,
        0
      ],
      "labels": [
        "[0,10)",
        "[10,20)",
        "[20,50)",
        "[50,100)",
        "[100,200)",
        "[200,500)",
        "[500,1000)",
        "[1000,2000)",
        "[2000,5000)",
        "[5000,10000)",
        "[10000,20000)",
        "[20000,40000)"
      ]
    },
    "tokens_raw": [
      127,
      173,
      377,
      4266,
      4250,
      171,
      236,
      256,
      156,
      42,
      118,
      209,
      386,
      578,
      180,
      157,
      83,
      580,
      270,
      80,
      131,
      270,
      5010,
      65,
      293,
      115,
      180,
      4791,
      101,
      238,
      378,
      96,
      130,
      103,
      180,
      629,
      110,
      5293,
      276,
      114,
      96,
      665,
      75,
      79,
      73,
      168,
      121,
      6274,
      389,
      134,
      347,
      761,
      182,
      115,
      137,
      154,
      301,
      101,
      132,
      43,
      412,
      3776,
      613,
      241,
      113,
      204,
      352,
      59,
      251,
      257,
      297,
      209,
      4948,
      203,
      230,
      300,
      154,
      437,
      361,
      210,
      212,
      219,
      152,
      498,
      43,
      182,
      115,
      174,
      119,
      226,
      364,
      187,
      221,
      311,
      123,
      384,
      347,
      365,
      225,
      326,
      156,
      249,
      4674,
      246,
      154,
      264,
      199,
      218,
      170,
      336,
      240,
      513,
      159,
      169,
      1640,
      98,
      74,
      84,
      96,
      200,
      70,
      122,
      137,
      178,
      281,
      137,
      357,
      519,
      460,
      69,
      335,
      242,
      87,
      335,
      201,
      117,
      425,
      87,
      503,
      71,
      201,
      111,
      195,
      100,
      152,
      330,
      617,
      402,
      232,
      5799,
      264,
      238,
      134,
      104,
      5148,
      91,
      276,
      148,
      149,
      358,
      195,
      243,
      132,
      159,
      42,
      452,
      127,
      193,
      5463,
      84,
      42,
      708,
      5012,
      177,
      287,
      4894,
      3579,
      127,
      601,
      5084,
      82,
      361,
      67,
      70,
      3462,
      172,
      240,
      394,
      311,
      284,
      338,
      331,
      309,
      233,
      365,
      706,
      311,
      4847,
      4634,
      184,
      4635,
      115,
      337,
      251,
      412,
      307,
      3863,
      305,
      655,
      482,
      896,
      918,
      88,
      120,
      118,
      165,
      1160,
      101,
      110,
      772,
      1060,
      170,
      164,
      276,
      4679,
      277,
      238,
      159,
      387,
      261,
      232,
      225,
      458,
      173,
      3558,
      250,
      4335,
      3557,
      356,
      187,
      458,
      426,
      1501,
      142,
      211,
      279,
      4440,
      478,
      4541,
      227,
      782,
      227,
      146,
      291,
      223,
      134,
      253,
      651,
      231,
      4159,
      424,
      189,
      4121,
      875,
      77,
      223,
      214,
      4415,
      4346,
      357,
      73,
      478,
      272,
      417,
      242,
      223,
      4577,
      1062,
      428,
      96,
      104,
      499,
      805,
      77,
      371,
      1663,
      4733,
      113,
      383,
      88,
      673,
      202,
      498,
      296,
      104,
      438,
      4288,
      4684,
      4829,
      67,
      213,
      730,
      574,
      214,
      139,
      62,
      125,
      613,
      339,
      1195,
      4593,
      175,
      129,
      211,
      290,
      297,
      247,
      643,
      1271,
      645,
      4412,
      241,
      163,
      208,
      130,
      2893,
      424,
      4696,
      91,
      1270,
      162,
      418,
      104,
      152,
      158,
      569,
      102,
      137,
      741,
      86,
      5027,
      218,
      169,
      241,
      222,
      3476,
      87,
      570,
      5167,
      4699,
      421,
      53,
      244,
      296,
      587,
      326,
      322,
      101,
      265,
      145,
      63,
      121,
      248,
      3717,
      126,
      119,
      359,
      1194,
      4027,
      101,
      306,
      225,
      132,
      4761,
      4379,
      187,
      424,
      74,
      1047,
      166,
      114,
      321,
      20,
      296,
      127,
      907,
      317,
      4581,
      212,
      506,
      313,
      165,
      676,
      477,
      972,
      141,
      152,
      110,
      220,
      3996,
      158,
      277,
      242,
      69,
      1081,
      415,
      120,
      169,
      155,
      1140,
      72,
      437,
      207,
      112,
      383,
      224,
      278,
      243,
      78,
      1654,
      398,
      262,
      127,
      214,
      978,
      282,
      121,
      4040,
      212,
      200,
      311,
      436,
      300,
      193,
      98,
      351,
      796,
      366,
      261,
      4501,
      299,
      594,
      437,
      182,
      124,
      124,
      112,
      151,
      132,
      5046,
      304,
      295,
      1775,
      148,
      338,
      206,
      114,
      126,
      246,
      215,
      146,
      206,
      271,
      122,
      205,
      123,
      145,
      238,
      524,
      92,
      150,
      460,
      128,
      4992,
      122,
      188,
      275,
      191,
      594,
      122,
      245,
      279,
      195,
      112,
      91,
      169,
      60,
      611,
      187,
      96,
      173,
      114,
      206,
      353,
      123,
      103,
      357,
      136,
      173,
      207,
      101,
      202,
      457,
      119,
      80,
      243,
      319,
      359,
      246,
      169,
      176,
      107,
      186,
      150,
      387,
      141,
      383,
      198,
      280,
      154,
      4566,
      373,
      394,
      244,
      261,
      78,
      101,
      286,
      614,
      81,
      215,
      4673,
      549,
      112,
      130,
      270,
      4743,
      510,
      101,
      422,
      197,
      4745,
      1431,
      4503,
      214,
      511,
      273,
      203,
      3803,
      199,
      359,
      121,
      37,
      3110,
      206,
      215,
      267,
      507,
      126,
      214,
      123,
      669,
      868,
      248,
      95,
      170,
      185,
      170,
      127,
      352,
      262,
      271,
      209,
      359,
      178,
      280,
      4842,
      165,
      659,
      77,
      113,
      452,
      131,
      189,
      167,
      348,
      198,
      183,
      192,
      86,
      135,
      133,
      4650,
      295,
      175,
      328,
      241,
      224,
      732,
      184,
      54,
      168,
      396,
      256,
      166,
      312,
      395,
      219,
      254,
      399,
      175,
      220
    ],
    "chars": {
      "n": 612,