{
  "primary_metric": "prompt_level_loose_acc",
  "n_items": 300,
  "n_items_correct": 68,
  "n_items_incorrect": 232,
  "n_items_unknown": 0,
  "n_generations": 300,
  "samples_per_item": [
    1
  ],
  "all_rollouts": {
    "tokens": {
      "n": 300,
      "min": 2,
      "max": 13017,
      "mean": 2202.5833333333335,
      "std": 2410.9901596070904,
      "var": 5812873.549722223,
      "p10": 16,
      "p25": 86,
      "p50": 394,
      "p75": 4768,
      "p90": 5001,
      "p95": 5128,
      "p99": 7230
    },
    "tokens_histogram": {
      "edges": [
        0,
        10,
        20,
        50,
        100,
        200,
        500,
        1000,
        2000,
        5000,
        10000,
        20000,
        40000
      ],
      "counts": [
        27,
        4,
        20,
        31,
        48,
        27,
        12,
        1,
        100,
        29,
        1,
        0
      ],
      "labels": [
        "[0,10)",
        "[10,20)",
        "[20,50)",
        "[50,100)",
        "[100,200)",
        "[200,500)",
        "[500,1000)",
        "[1000,2000)",
        "[2000,5000)",
        "[5000,10000)",
        "[10000,20000)",
        "[20000,40000)"
      ]
    },
    "tokens_raw": [
      133,
      4905,
      7230,
      161,
      29,
      116,
      5222,
      4816,
      4414,
      181,
      26,
      92,
      4700,
      4917,
      4,
      3,
      7,
      4589,
      2,
      4977,
      4,
      394,
      5240,
      112,
      386,
      3935,
      184,
      6,
      4819,
      3996,
      4570,
      5128,
      102,
      103,
      4818,
      5031,
      5303,
      92,
      660,
      4905,
      929,
      134,
      46,
      42,
      4887,
      60,
      303,
      35,
      66,
      549,
      5145,
      4280,
      13,
      4862,
      5385,
      399,
      161,
      4698,
      4939,
      280,
      124,
      28,
      4109,
      2,
      6,
      4133,
      4591,
      4777,
      103,
      4548,
      179,
      121,
      53,
      4583,
      22,
      4767,
      4893,
      5092,
      4617,
      86,
      2,
      5062,
      75,
      4208,
      5144,
      4574,
      198,
      5016,
      4884,
      133,
      4882,
      88,
      4598,
      210,
      5188,
      4797,
      118,
      4098,
      5092,
      139,
      4,
      3,
      4091,
      2,
      283,
      2,
      81,
      4269,
      8963,
      132,
      4935,
      137,
      172,
      4147,
      4,
      4269,
      82,
      2,
      4705,
      4201,
      3751,
      4609,
      617,
      4830,
      646,
      4845,
      256,
      4805,
      756,
      4730,
      4869,
      4849,
      6833,
      183,
      4598,
      580,
      4143,
      4910,
      4549,
      4787,
      46,
      57,
      4644,
      5001,
      58,
      213,
      4210,
      4805,
      4842,
      51,
      170,
      4625,
      4529,
      5090,
      110,
      4867,
      82,
      4279,
      555,
      13017,
      210,
      113,
      108,
      4638,
      81,
      132,
      3,
      2,
      2,
      2,
      2,
      208,
      124,
      64,
      38,
      189,
      716,
      4886,
      132,
      162,
      4661,
      94,
      61,
      4725,
      90,
      30,
      4896,
      4386,
      4706,
      4837,
      125,
      5432,
      5018,
      52,
      4546,
      4734,
      4639,
      200,
      77,
      421,
      107,
      62,
      2,
      16,
      2,
      4836,
      88,
      178,
      49,
      5096,
      4191,
      134,
      100,
      4657,
      376,
      47,
      4515,
      4698,
      263,
      4917,
      4775,
      49,
      178,
      136,
      84,
      34,
      5146,
      378,
      70,
      54,
      602,
      4809,
      4925,
      106,
      16,
      162,
      3763,
      782,
      4898,
      171,
      262,
      5010,
      4666,
      4943,
      5107,
      4829,
      5061,
      4108,
      5013,
      4768,
      4831,
      106,
      4680,
      466,
      4992,
      498,
      4838,
      11,
      4695,
      5077,
      4838,
      24,
      143,
      4858,
      81,
      4907,
      103,
      57,
      68,
      4399,
      5143,
      128,
      5119,
      2,
      134,
      111,
      279,
      1751,
      278,
      221,
      41,
      58,
      601,
      32,
      4529,
      61,
      2,
      47,
      437,
      42,
      4855,
      409,
      188,
      330,
      378,
      362,
      4,
      5,
      5,
      24
    ],
    "chars": {
      "n": 300,
      "min": 3,
      "max": 58951,
      "mean": 10807.783333333333,
      "std": 13529.305956936183,
      "var": 183042119.6763889,
      "p10": 59,
      "p25": 349,
      "p50": 1750,
      "p75": 21334,
      "p90": 28421,
      "p95": 41604,
      "p99": 45970
    },
    "chars_histogram": {
      "edges": [
        0,
        50,
        100,
        250,
        500,
        1000,
        2500,
        5000,
        10000,
        25000,
        50000,
        100000,
        200000
      ],
      "counts": [
        30,
        3,
        27,
        34,
        43,
        24,
        9,
        12,
        80,
        37,
        1,
        0
      ],
      "labels": [
        "[0,50)",
        "[50,100)",
        "[100,250)",
        "[250,500)",
        "[500,1000)",
        "[1000,2500)",
        "[2500,5000)",
        "[5000,10000)",
        "[10000,25000)",
        "[25000,50000)",
        "[50000,100000)",
        "[100000,200000)"
      ]
    }
  },
  "correct_rollouts": {
    "tokens": {
      "n": 68,
      "min": 2,
      "max": 6833,
      "mean": 2265.205882352941,
      "std": 2325.4891804092945,
      "var": 5407899.928200692,
      "p10": 4,
      "p25": 94,
      "p50": 660,
      "p75": 4829,
      "p90": 5010,
      "p95": 5145,
      "p99": 6833
    },
    "tokens_histogram": {
      "edges": [
        0,
        10,
        20,
        50,
        100,
        200,
        500,
        1000,
        2000,
        5000,
        10000,
        20000,
        40000
      ],
      "counts": [
        10,
        0,
        2,
        6,
        9,
        5,
        5,
        1,
        23,
        7,
        0,
        0
      ],
      "labels": [
        "[0,10)",
        "[10,20)",
        "[20,50)",
        "[50,100)",
        "[100,200)",
        "[200,500)",
        "[500,1000)",
        "[1000,2000)",
        "[2000,5000)",
        "[5000,10000)",
        "[10000,20000)",
        "[20000,40000)"
      ]
    },
    "tokens_raw": [
      5222,
      184,
      6,
      3996,
      103,
      660,
      60,
      66,
      549,
      5145,
      4280,
      22,
      86,
      75,
      198,
      4882,
      4598,
      5188,
      3,
      2,
      172,
      4147,
      4,
      4269,
      82,
      2,
      256,
      4805,
      756,
      4730,
      4869,
      4849,
      6833,
      4598,
      4910,
      5090,
      4867,
      124,
      716,
      4886,
      94,
      4725,
      4896,
      107,
      2,
      2,
      4515,
      4917,
      4775,
      178,
      136,
      5010,
      4666,
      4943,
      5107,
      4829,
      4768,
      1751,
      41,
      601,
      409,
      188,
      330,
      378,
      362,
      4,
      5,
      5
    ],
    "chars": {
      "n": 68,
      "min": 3,
      "max": 45970,
      "mean": 10931.75,
      "std": 14276.985446942428,
      "var": 203832313.4522059,
      "p10": 9,
      "p25": 322,
      "p50": 1957,
      "p75": 19312,
      "p90": 40626,
      "p95": 43958,
      "p99": 45970
    },
    "chars_histogram": {
      "edges": [
        0,
        50,
        100,
        250,
        500,
        1000,
        2500,
        5000,
        10000,
        25000,
        50000,
        100000,
        200000
      ],