{
  "primary_metric": "pass_at_1",
  "n_items": 612,
  "n_items_correct": 27,
  "n_items_incorrect": 585,
  "n_items_unknown": 0,
  "n_generations": 612,
  "samples_per_item": [
    1
  ],
  "all_rollouts": {
    "tokens": {
      "n": 612,
      "min": 2,
      "max": 211,
      "mean": 30.76143790849673,
      "std": 36.78965936021854,
      "var": 1353.479035840916,
      "p10": 2,
      "p25": 2,
      "p50": 10,
      "p75": 37,
      "p90": 87,
      "p95": 107,
      "p99": 149
    },
    "tokens_histogram": {
      "edges": [
        0,
        10,
        20,
        50,
        100,
        200,
        500,
        1000,
        2000,
        5000,
        10000,
        20000,
        40000
      ],
      "counts": [
        166,
        147,
        171,
        85,
        40,
        3,
        0,
        0,
        0,
        0,
        0,
        0
      ],
      "labels": [
        "[0,10)",
        "[10,20)",
        "[20,50)",
        "[50,100)",
        "[100,200)",
        "[200,500)",
        "[500,1000)",
        "[1000,2000)",
        "[2000,5000)",
        "[5000,10000)",
        "[10000,20000)",
        "[20000,40000)"
      ]
    },
    "tokens_raw": [
      2,
      2,
      2,
      2,
      2,
      2,
      10,
      10,
      10,
      66,
      25,
      27,
      25,
      28,
      59,
      37,
      77,
      31,
      24,
      72,
      133,
      29,
      90,
      53,
      116,
      29,
      92,
      72,
      37,
      80,
      89,
      31,
      87,
      27,
      26,
      82,
      97,
      29,
      38,
      135,
      32,
      39,
      75,
      49,
      73,
      23,
      25,
      57,
      209,
      28,
      25,
      92,
      139,
      27,
      26,
      33,
      100,
      26,
      26,
      43,
      32,
      27,
      148,
      63,
      127,
      26,
      28,
      56,
      103,
      25,
      92,
      105,
      208,
      23,
      33,
      99,
      75,
      25,
      23,
      28,
      34,
      29,
      31,
      52,
      44,
      30,
      126,
      39,
      30,
      126,
      94,
      89,
      33,
      27,
      29,
      30,
      32,
      25,
      84,
      25,
      87,
      25,
      62,
      107,
      38,
      34,
      66,
      79,
      88,
      31,
      28,
      29,
      130,
      84,
      29,
      98,
      23,
      84,
      26,
      30,
      85,
      62,
      127,
      79,
      103,
      26,
      30,
      34,
      26,
      56,
      86,
      28,
      83,
      128,
      33,
      78,
      36,
      102,
      124,
      85,
      25,
      28,
      32,
      102,
      76,
      28,
      29,
      29,
      63,
      29,
      31,
      112,
      70,
      28,
      31,
      31,
      41,
      23,
      31,
      27,
      60,
      38,
      26,
      35,
      71,
      58,
      28,
      100,
      29,
      86,
      42,
      29,
      24,
      30,
      47,
      24,
      32,
      65,
      24,
      23,
      82,
      80,
      64,
      67,
      28,
      86,
      82,
      31,
      64,
      93,
      2,
      2,
      39,
      2,
      10,
      2,
      10,
      10,
      2,
      2,
      2,
      10,
      2,
      2,
      2,
      2,
      2,
      10,
      211,
      2,
      2,
      2,
      10,
      2,
      10,
      10,
      2,
      2,
      2,
      2,
      10,
      2,
      2,
      10,
      10,
      2,
      10,
      10,
      2,
      10,
      2,
      2,
      2,
      2,
      2,
      10,
      10,
      2,
      10,
      10,
      10,
      10,
      10,
      10,
      2,
      10,
      2,
      2,
      10,
      51,
      10,
      10,
      2,
      10,
      2,
      10,
      2,
      2,
      10,
      10,
      2,
      2,
      10,
      10,
      2,
      2,
      2,
      10,
      10,
      2,
      2,
      2,
      10,
      2,
      2,
      2,
      10,
      2,
      10,
      2,
      2,
      10,
      2,
      10,
      10,
      10,
      2,
      10,
      10,
      2,
      2,
      2,
      10,
      10,
      45,
      2,
      10,
      2,
      10,
      10,
      2,
      2,
      2,
      2,
      10,
      29,
      2,
      10,
      2,
      10,
      2,
      2,
      10,
      10,
      10,
      10,
      10,
      2,
      10,
      2,
      10,
      2,
      10,
      10,
      2,
      10,
      2,
      44,
      2,
      10,
      2,
      2,
      2,
      2,
      10,
      2,
      10,
      2,
      10,
      10,
      10,
      10,
      10,
      2,
      10,
      10,
      17,
      10,
      2,
      10,
      10,
      2,
      2,
      10,
      2,
      10,
      21,
      10,
      2,
      2,
      24,
      2,
      24,
      2,
      10,
      10,
      2,
      10,
      10,
      10,
      4,
      10,
      10,
      10,
      2,
      2,
      10,
      2,
      10,
      2,
      2,
      2,
      10,
      10,
      2,
      10,
      10,
      34,
      10,
      10,
      10,
      2,
      10,
      10,
      10,
      2,
      2,
      2,
      10,
      10,
      2,
      10,
      2,
      2,
      2,
      2,
      26,
      2,
      2,
      10,
      2,
      2,
      2,
      10,
      2,
      2,
      2,
      10,
      56,
      10,
      2,
      2,
      2,
      2,
      10,
      10,
      43,
      10,
      2,
      10,
      10,
      2,
      10,
      10,
      2,
      10,
      10,
      2,
      10,
      2,
      10,
      2,
      2,
      2,
      10,
      2,
      2,
      10,
      2,
      2,
      10,
      2,
      10,
      2,
      10,
      2,
      2,
      111,
      64,
      25,
      27,
      59,
      80,
      125,
      32,
      25,
      40,
      33,
      31,
      55,
      84,
      25,
      27,
      94,
      31,
      130,
      24,
      30,
      30,
      76,
      33,
      127,
      28,
      29,
      23,
      29,
      60,
      24,
      55,
      42,
      106,
      27,
      125,
      31,
      26,
      37,
      26,
      26,
      32,
      61,
      27,
      95,
      25,
      109,
      87,
      100,
      32,
      117,
      28,
      67,
      36,
      57,
      10,
      10,
      10,
      2,
      2,
      2,
      2,
      58,
      10,
      2,
      10,
      2,
      10,
      42,
      10,
      2,
      10,
      2,
      10,
      2,
      2,
      10,
      2,
      10,
      2,
      2,
      2,
      10,
      2,
      2,
      10,
      2,
      10,
      2,
      2,
      2,
      2,
      10,
      2,
      10,
      10,
      10,
      2,
      2,
      10,
      10,
      10,
      10,
      2,
      10,
      2,
      4,
      86,
      29,
      138,
      73,
      113,
      25,
      79,
      102,
      33,
      77,
      149,
      109,
      90,
      23,
      37,
      67,
      23,
      27,
      32,
      152,
      38,
      101,
      190,
      24,
      49,
      78,
      90,
      165,
      36,
      32,
      33,
      29,
      24,
      58,
      31,
      27,
      49,
      23,
      30,
      25,
      31,
      28,
      62,
      107,
      27,
      30,
      26,
      26
    ],
    "chars": {
      "n": 612,
      "min": 1,
      "max": 802,
      "mean": 109.73039215686275,
      "std": 138.97102318637195,
      "var": 19312.94528546713,
      "p10": 1,
      "p25": 1,
      "p50": 30,
      "p75": 126,
      "p90": 322,
      "p95": 405,
      "p99": 584
    },
    "chars_histogram": {
      "edges": [
        0,
        50,
        100,
        250,
        500,
        1000,
        2500,
        5000,
        10000,
        25000,
        50000,
        100000,
        200000
      ],
      "counts": [
        314,
        48,
        149,
        88,
        13,
        0,
        0,
        0,
        0,
        0,
        0,
        0
      ],