{
  "primary_metric": "length_controlled_winrate",
  "n_items": 805,
  "n_items_correct": 0,
  "n_items_incorrect": 0,
  "n_items_unknown": 805,
  "n_generations": 805,
  "samples_per_item": [
    1
  ],
  "all_rollouts": {
    "tokens": {
      "n": 805,
      "min": 2,
      "max": 5730,
      "mean": 403.54037267080747,
      "std": 948.5721024061455,
      "var": 899789.0334632151,
      "p10": 20,
      "p25": 57,
      "p50": 164,
      "p75": 299,
      "p90": 577,
      "p95": 1321,
      "p99": 5046
    },
    "tokens_histogram": {
      "edges": [
        0,
        10,
        20,
        50,
        100,
        200,
        500,
        1000,
        2000,
        5000,
        10000,
        20000,
        40000
      ],
      "counts": [
        43,
        37,
        103,
        105,
        183,
        238,
        49,
        11,
        24,
        12,
        0,
        0
      ],
      "labels": [
        "[0,10)",
        "[10,20)",
        "[20,50)",
        "[50,100)",
        "[100,200)",
        "[200,500)",
        "[500,1000)",
        "[1000,2000)",
        "[2000,5000)",
        "[5000,10000)",
        "[10000,20000)",
        "[20000,40000)"
      ]
    },
    "tokens_raw": [
      369,
      65,
      249,
      221,
      153,
      137,
      31,
      143,
      162,
      635,
      169,
      232,
      660,
      248,
      141,
      265,
      162,
      393,
      58,
      4146,
      171,
      131,
      57,
      1833,
      13,
      53,
      26,
      208,
      260,
      158,
      577,
      426,
      266,
      95,
      16,
      204,
      212,
      441,
      500,
      4378,
      47,
      182,
      276,
      56,
      183,
      4163,
      187,
      452,
      40,
      269,
      16,
      78,
      451,
      90,
      238,
      143,
      605,
      359,
      189,
      129,
      282,
      188,
      306,
      4826,
      573,
      245,
      971,
      643,
      87,
      208,
      58,
      16,
      125,
      264,
      208,
      240,
      330,
      4057,
      101,
      254,
      157,
      147,
      568,
      2491,
      212,
      390,
      493,
      340,
      43,
      321,
      215,
      53,
      918,
      22,
      613,
      347,
      155,
      88,
      276,
      240,
      629,
      43,
      42,
      318,
      343,
      70,
      280,
      212,
      466,
      67,
      178,
      295,
      129,
      9,
      42,
      516,
      382,
      171,
      77,
      164,
      13,
      69,
      83,
      139,
      1321,
      45,
      309,
      422,
      32,
      199,
      212,
      90,
      175,
      19,
      146,
      114,
      4964,
      219,
      700,
      483,
      4760,
      514,
      51,
      178,
      6,
      463,
      177,
      166,
      5130,
      205,
      30,
      283,
      4161,
      703,
      264,
      146,
      317,
      134,
      39,
      11,
      564,
      8,
      4057,
      246,
      5,
      108,
      405,
      40,
      15,
      5046,
      337,
      288,
      201,
      25,
      33,
      139,
      669,
      494,
      9,
      121,
      496,
      167,
      493,
      327,
      129,
      320,
      384,
      193,
      4884,
      385,
      5,
      143,
      131,
      289,
      2138,
      35,
      469,
      39,
      63,
      2,
      141,
      630,
      105,
      373,
      677,
      362,
      195,
      27,
      605,
      112,
      11,
      92,
      328,
      260,
      2,
      203,
      1577,
      133,
      118,
      135,
      138,
      223,
      86,
      281,
      160,
      23,
      184,
      155,
      5524,
      127,
      90,
      125,
      7,
      75,
      83,
      372,
      139,
      4942,
      241,
      145,
      263,
      137,
      26,
      687,
      238,
      5,
      277,
      252,
      5020,
      76,
      238,
      71,
      364,
      367,
      67,
      267,
      312,
      387,
      43,
      342,
      86,
      61,
      2,
      511,
      141,
      831,
      22,
      493,
      55,
      4864,
      507,
      192,
      138,
      71,
      81,
      170,
      119,
      20,
      5181,
      295,
      125,
      4102,
      80,
      365,
      4061,
      64,
      55,
      624,
      4162,
      5132,
      320,
      58,
      54,
      61,
      38,
      166,
      13,
      189,
      321,
      69,
      312,
      154,
      299,
      27,
      703,
      4807,
      324,
      69,
      821,
      252,
      445,
      62,
      330,
      280,
      264,
      38,
      186,
      55,
      44,
      140,
      319,
      266,
      461,
      134,
      486,
      521,
      38,
      102,
      319,
      166,
      116,
      467,
      12,
      10,
      272,
      176,
      133,
      88,
      61,
      4956,
      12,
      69,
      15,
      395,
      279,
      210,
      109,
      249,
      49,
      17,
      35,
      229,
      225,
      211,
      218,
      166,
      28,
      187,
      337,
      112,
      1009,
      594,
      7,
      236,
      326,
      250,
      27,
      87,
      132,
      5130,
      8,
      23,
      414,
      31,
      449,
      37,
      16,
      180,
      268,
      489,
      200,
      365,
      280,
      100,
      172,
      27,
      83,
      233,
      223,
      8,
      8,
      122,
      180,
      263,
      649,
      316,
      1165,
      382,
      37,
      1038,
      273,
      105,
      41,
      57,
      30,
      172,
      191,
      126,
      20,
      63,
      430,
      119,
      91,
      474,
      4083,
      349,
      188,
      281,
      102,
      28,
      27,
      157,
      878,
      5170,
      13,
      663,
      212,
      97,
      448,
      219,
      44,
      89,
      133,
      8,
      427,
      275,
      39,
      498,
      9,
      6,
      16,
      184,
      307,
      204,
      131,
      574,
      60,
      59,
      34,
      179,
      735,
      5004,
      420,
      571,
      292,
      96,
      194,
      57,
      49,
      181,
      82,
      166,
      24,
      252,
      234,
      112,
      44,
      29,
      45,
      31,
      356,
      97,
      73,
      9,
      44,
      30,
      57,
      32,
      105,
      79,
      65,
      176,
      512,
      41,
      17,
      43,
      187,
      156,
      58,
      26,
      255,
      99,
      56,
      70,
      5,
      5,
      256,
      787,
      31,
      342,
      70,
      41,
      450,
      128,
      34,
      164,
      54,
      135,
      141,
      36,
      67,
      173,
      244,
      53,
      144,
      333,
      133,
      186,
      199,
      191,
      169,
      256,
      123,
      65,
      172,
      93,
      122,
      31,
      21,
      523,
      133,
      65,
      151,
      225,
      92,
      165,
      22,
      5,
      20,
      355,
      14,
      124,
      53,
      140,
      85,
      9,
      131,
      161,
      111,
      16,
      420,
      372,
      49,
      112,
      35,
      28,
      148,
      259,
      134,
      252,
      194,
      316,
      668,
      66,
      33,
      228,
      271,
      308,
      282,
      188,
      246,
      74,
      280,
      152,
      230,
      209,
      652,
      5730,
      189,
      129,
      677,
      266,
      16,
      274,
      158,
      149,
      351,
      232,
      56,
      290,
      129,
      50,
      106,
      184,
      78,
      83,
      115,
      13,
      9,
      4395,
      29,
      217,
      48,
      114,
      650,
      280,
      196,
      57,
      14,
      229,
      90,
      183,
      34,
      225,
      334,
      190,
      395,
      284,
      151,
      80,
      14,
      164,
      126,
      19,
      49,
      18,
      46,
      14,
      22,
      21,
      20,
      4,
      14,
      75,
