{
  "primary_metric": "length_controlled_winrate",
  "n_items": 805,
  "n_items_correct": 0,
  "n_items_incorrect": 0,
  "n_items_unknown": 805,
  "n_generations": 805,
  "samples_per_item": [
    1
  ],
  "all_rollouts": {
    "tokens": {
      "n": 805,
      "min": 2,
      "max": 5387,
      "mean": 152.81242236024843,
      "std": 505.1997067463684,
      "var": 255226.74369661664,
      "p10": 5,
      "p25": 15,
      "p50": 47,
      "p75": 152,
      "p90": 281,
      "p95": 380,
      "p99": 4052
    },
    "tokens_histogram": {
      "edges": [
        0,
        10,
        20,
        50,
        100,
        200,
        500,
        1000,
        2000,
        5000,
        10000,
        20000,
        40000
      ],
      "counts": [
        148,
        94,
        166,
        113,
        149,
        113,
        11,
        2,
        4,
        5,
        0,
        0
      ],
      "labels": [
        "[0,10)",
        "[10,20)",
        "[20,50)",
        "[50,100)",
        "[100,200)",
        "[200,500)",
        "[500,1000)",
        "[1000,2000)",
        "[2000,5000)",
        "[5000,10000)",
        "[10000,20000)",
        "[20000,40000)"
      ]
    },
    "tokens_raw": [
      124,
      18,
      143,
      113,
      84,
      19,
      23,
      13,
      45,
      336,
      70,
      170,
      281,
      3,
      39,
      155,
      156,
      218,
      188,
      654,
      79,
      97,
      9,
      191,
      5,
      3,
      8,
      69,
      28,
      105,
      181,
      31,
      234,
      117,
      8,
      6,
      126,
      7,
      235,
      23,
      13,
      9,
      61,
      38,
      22,
      3,
      22,
      394,
      15,
      233,
      5,
      17,
      258,
      189,
      187,
      111,
      110,
      164,
      296,
      37,
      104,
      117,
      25,
      176,
      374,
      30,
      16,
      302,
      47,
      67,
      33,
      3,
      125,
      15,
      116,
      32,
      535,
      317,
      12,
      172,
      137,
      76,
      453,
      11,
      9,
      222,
      226,
      196,
      16,
      172,
      89,
      5,
      534,
      2,
      351,
      32,
      19,
      3,
      58,
      54,
      346,
      15,
      4,
      157,
      361,
      9,
      93,
      144,
      34,
      21,
      342,
      716,
      33,
      3,
      20,
      381,
      615,
      30,
      28,
      66,
      5,
      21,
      47,
      9,
      235,
      6,
      138,
      20,
      3,
      177,
      133,
      28,
      194,
      12,
      193,
      12,
      153,
      22,
      287,
      335,
      110,
      107,
      27,
      20,
      6,
      129,
      130,
      5,
      349,
      8,
      8,
      21,
      8,
      837,
      225,
      19,
      231,
      32,
      16,
      2,
      289,
      7,
      201,
      64,
      2,
      82,
      30,
      5,
      6,
      6,
      251,
      251,
      7,
      25,
      3,
      49,
      393,
      441,
      11,
      104,
      243,
      143,
      443,
      171,
      27,
      11,
      22,
      126,
      117,
      15,
      5,
      133,
      38,
      276,
      317,
      4,
      14,
      20,
      6,
      2,
      41,
      42,
      43,
      264,
      144,
      214,
      106,
      7,
      4104,
      156,
      2,
      3,
      38,
      176,
      3,
      184,
      34,
      112,
      112,
      127,
      44,
      363,
      37,
      149,
      9,
      9,
      6,
      142,
      599,
      233,
      46,
      109,
      2,
      36,
      70,
      5114,
      152,
      111,
      60,
      256,
      390,
      365,
      14,
      1288,
      36,
      2,
      54,
      5076,
      2,
      17,
      224,
      3,
      119,
      21,
      12,
      170,
      149,
      77,
      23,
      13,
      33,
      52,
      2,
      166,
      37,
      722,
      11,
      160,
      7,
      18,
      351,
      169,
      7,
      19,
      85,
      192,
      304,
      52,
      54,
      3,
      36,
      397,
      56,
      241,
      4052,
      143,
      17,
      66,
      52,
      5131,
      183,
      90,
      2,
      33,
      4141,
      17,
      13,
      31,
      218,
      91,
      186,
      120,
      23,
      17,
      308,
      4,
      157,
      28,
      277,
      23,
      531,
      3,
      227,
      99,
      12,
      44,
      53,
      50,
      6,
      112,
      223,
      275,
      156,
      51,
      98,
      37,
      33,
      44,
      159,
      109,
      22,
      388,
      3,
      2,
      57,
      28,
      128,
      38,
      28,
      26,
      10,
      196,
      3,
      103,
      28,
      19,
      26,
      151,
      24,
      15,
      4,
      102,
      3,
      133,
      140,
      166,
      9,
      109,
      155,
      9,
      110,
      359,
      2,
      340,
      65,
      94,
      13,
      91,
      20,
      583,
      3,
      9,
      36,
      35,
      204,
      3,
      10,
      22,
      34,
      480,
      127,
      106,
      61,
      38,
      78,
      4,
      90,
      129,
      6,
      9,
      2,
      44,
      58,
      26,
      120,
      25,
      20,
      6,
      20,
      359,
      121,
      70,
      11,
      42,
      2,
      116,
      54,
      7,
      19,
      10,
      370,
      71,
      44,
      392,
      309,
      107,
      105,
      101,
      72,
      25,
      12,
      46,
      156,
      12,
      7,
      157,
      219,
      96,
      52,
      27,
      17,
      84,
      53,
      49,
      264,
      249,
      20,
      34,
      6,
      2,
      16,
      7,
      196,
      32,
      9,
      268,
      31,
      18,
      6,
      34,
      220,
      113,
      52,
      30,
      220,
      9,
      235,
      21,
      10,
      65,
      13,
      7,
      24,
      435,
      174,
      74,
      4,
      7,
      27,
      3,
      47,
      6,
      40,
      15,
      3,
      31,
      58,
      2,
      73,
      81,
      56,
      16,
      41,
      88,
      23,
      16,
      57,
      15,
      58,
      12,
      87,
      25,
      56,
      6,
      4,
      6,
      226,
      61,
      71,
      120,
      30,
      65,
      196,
      19,
      2,
      96,
      45,
      8,
      34,
      8,
      29,
      85,
      294,
      18,
      122,
      217,
      58,
      81,
      148,
      98,
      63,
      330,
      94,
      32,
      66,
      136,
      39,
      15,
      27,
      400,
      166,
      34,
      134,
      18,
      165,
      125,
      25,
      2,
      104,
      29,
      12,
      68,
      5,
      20,
      57,
      14,
      115,
      114,
      99,
      4,
      380,
      192,
      12,
      98,
      103,
      15,
      77,
      193,
      155,
      307,
      24,
      311,
      2,
      57,
      3,
      172,
      65,
      17,
      171,
      225,
      56,
      69,
      315,
      161,
      92,
      53,
      218,
      55,
      34,
      3,
      570,
      231,
      167,
      302,
      127,
      72,
      270,
      18,
      20,
      260,
      18,
      26,
      141,
      95,
      31,
      33,
      81,
      4,
      3,
      14,
      2,
      90,
      16,
      72,
      358,
      181,
      40,
      4,
      15,
      2,
      9,
      3,
      3,
      6,
      8,
      3,
      2,
      13,
      35,
      46,
      30,
      93,
      6,
      3,
      3,
      17,
      2,
      13,
      19,
      25,
      25,
      4,
      31,
      92,
      43,
      10,
      3,
      2,
      5,
      4,
      12,
      39,
      84,
      12,
      41,
      26,
      19,
      4,
      25,
      19,
      138,
      12,
      47,
      21,
      95,
      34,
      4,
      2,
      3,
      66,
      23,
      29,
      11,
      9,
      84,
      22,
      10,
