{
  "primary_metric": "length_controlled_winrate",
  "n_items": 805,
  "n_items_correct": 0,
  "n_items_incorrect": 0,
  "n_items_unknown": 805,
  "n_generations": 805,
  "samples_per_item": [
    1
  ],
  "all_rollouts": {
    "tokens": {
      "n": 805,
      "min": 2,
      "max": 5678,
      "mean": 587.032298136646,
      "std": 1417.189452507478,
      "var": 2008425.9442984452,
      "p10": 2,
      "p25": 3,
      "p50": 24,
      "p75": 202,
      "p90": 4107,
      "p95": 4648,
      "p99": 5040
    },
    "tokens_histogram": {
      "edges": [
        0,
        10,
        20,
        50,
        100,
        200,
        500,
        1000,
        2000,
        5000,
        10000,
        20000,
        40000
      ],
      "counts": [
        265,
        115,
        96,
        47,
        77,
        89,
        25,
        1,
        79,
        11,
        0,
        0
      ],
      "labels": [
        "[0,10)",
        "[10,20)",
        "[20,50)",
        "[50,100)",
        "[100,200)",
        "[200,500)",
        "[500,1000)",
        "[1000,2000)",
        "[2000,5000)",
        "[5000,10000)",
        "[10000,20000)",
        "[20000,40000)"
      ]
    },
    "tokens_raw": [
      16,
      13,
      35,
      15,
      10,
      5021,
      25,
      94,
      5093,
      4043,
      540,
      16,
      4946,
      23,
      4947,
      196,
      165,
      207,
      4946,
      2838,
      27,
      15,
      12,
      4700,
      4066,
      12,
      4141,
      213,
      6,
      4253,
      9,
      4199,
      335,
      11,
      4624,
      12,
      35,
      11,
      30,
      514,
      7,
      161,
      4573,
      4643,
      274,
      4571,
      18,
      510,
      4148,
      12,
      11,
      65,
      722,
      16,
      212,
      10,
      11,
      379,
      5,
      142,
      10,
      19,
      52,
      9,
      2,
      24,
      11,
      342,
      4169,
      298,
      81,
      14,
      178,
      13,
      51,
      65,
      520,
      2,
      15,
      10,
      200,
      11,
      28,
      4857,
      14,
      40,
      4164,
      5040,
      32,
      4240,
      15,
      4948,
      23,
      26,
      874,
      282,
      13,
      232,
      13,
      3,
      385,
      10,
      10,
      426,
      375,
      5,
      31,
      12,
      545,
      123,
      153,
      529,
      17,
      4295,
      10,
      4141,
      26,
      174,
      185,
      9,
      4747,
      4818,
      77,
      4101,
      475,
      8,
      97,
      2,
      9,
      343,
      7,
      17,
      18,
      4237,
      2,
      10,
      2,
      4961,
      2,
      412,
      4285,
      25,
      140,
      23,
      41,
      36,
      119,
      2,
      2,
      234,
      158,
      12,
      4334,
      3,
      227,
      32,
      366,
      2,
      13,
      28,
      18,
      11,
      2,
      5,
      4941,
      2,
      37,
      21,
      4,
      2,
      686,
      228,
      2,
      5098,
      2,
      2,
      869,
      401,
      4272,
      153,
      406,
      8,
      4108,
      59,
      18,
      2,
      25,
      15,
      280,
      76,
      2,
      145,
      177,
      3916,
      5036,
      29,
      4766,
      4830,
      4060,
      5,
      10,
      2,
      28,
      124,
      4236,
      311,
      237,
      16,
      106,
      3,
      9,
      6,
      2,
      12,
      49,
      4759,
      18,
      191,
      126,
      3,
      2,
      2,
      80,
      188,
      48,
      2,
      205,
      161,
      4487,
      18,
      90,
      32,
      11,
      2,
      2,
      4383,
      11,
      4923,
      342,
      4031,
      12,
      4682,
      7,
      4767,
      44,
      2,
      26,
      189,
      2,
      11,
      2,
      144,
      7,
      4980,
      205,
      18,
      4113,
      17,
      3,
      15,
      298,
      15,
      2,
      823,
      17,
      15,
      280,
      348,
      112,
      2,
      4053,
      335,
      5282,
      115,
      2,
      6,
      2,
      2,
      152,
      16,
      62,
      527,
      18,
      106,
      5668,
      113,
      5,
      14,
      17,
      5678,
      229,
      16,
      5,
      133,
      18,
      18,
      2,
      748,
      4703,
      3,
      5,
      152,
      41,
      2,
      186,
      26,
      222,
      52,
      560,
      4128,
      420,
      48,
      4107,
      287,
      42,
      36,
      198,
      47,
      94,
      3,
      2,
      3,
      18,
      125,
      318,
      4916,
      7,
      69,
      231,
      307,
      959,
      3,
      10,
      2,
      27,
      162,
      3,
      33,
      3,
      2,
      10,
      2,
      26,
      31,
      22,
      39,
      11,
      191,
      40,
      84,
      6,
      227,
      14,
      2,
      22,
      133,
      3,
      340,
      221,
      4,
      13,
      23,
      32,
      135,
      72,
      21,
      7,
      1226,
      4161,
      17,
      8,
      8,
      97,
      30,
      26,
      4784,
      108,
      704,
      4872,
      720,
      23,
      4,
      2,
      2,
      56,
      4572,
      2,
      35,
      323,
      24,
      4123,
      20,
      353,
      4205,
      15,
      277,
      39,
      669,
      7,
      3,
      4384,
      226,
      35,
      9,
      7,
      119,
      100,
      4293,
      4181,
      16,
      2,
      56,
      11,
      18,
      15,
      9,
      155,
      155,
      39,
      3,
      11,
      255,
      431,
      84,
      8,
      4,
      19,
      201,
      4319,
      4844,
      91,
      3,
      2,
      292,
      521,
      181,
      2,
      10,
      19,
      16,
      25,
      8,
      323,
      2,
      19,
      9,
      20,
      28,
      28,
      2,
      6,
      234,
      126,
      13,
      163,
      149,
      375,
      2,
      7,
      13,
      52,
      9,
      4954,
      131,
      3,
      4790,
      3,
      57,
      65,
      3,
      481,
      5084,
      100,
      2,
      2,
      30,
      2,
      4,
      87,
      2,
      2,
      78,
      2,
      14,
      2,
      27,
      304,
      3,
      2,
      2,
      22,
      2,
      56,
      2,
      3,
      6,
      417,
      12,
      3,
      2,
      6,
      2,
      2,
      40,
      2,
      4342,
      2,
      6,
      248,
      13,
      5,
      133,
      217,
      2,
      4795,
      467,
      7,
      379,
      302,
      29,
      190,
      4724,
      2,
      4,
      238,
      2,
      3,
      14,
      2,
      108,
      25,
      2,
      2,
      3,
      110,
      2,
      192,
      2,
      2,
      3,
      2,
      2,
      2,
      2,
      2,
      97,
      2,
      151,
      8,
      2,
      449,
      362,
      3,
      2,
      2,
      152,
      17,
      2,
      162,
      4333,
      2,
      164,
      586,
      79,
      249,
      3,
      202,
      19,
      3943,
      239,
      2,
      89,
      2,
      125,
      2,
      2,
      4205,
      20,
      20,
      2,
      2,
      16,
      18,
      249,
      31,
      119,
      2,
      2,
      5,
      20,
      15,
      2,
      2,
      4109,
      2,
      3,
      2,
      3,
      2,
      13,
      2,
      290,
      55,
      3,
      2,
      396,
      559,
      756,
      22,
      2,
      3,
      2,
      23,
      3,
      3,
      2,
      29,
      205,
      2,
      106,
      41,
      2,
      2,
      5,
      3,
      4134,
      64,
      3,
      7,
      2,
      29,
      8,
      82,
      108,
      2,
      2,
      2,
      2,
      4,
      2,
      3,
      66,
      2,
      2,
      105,
      4,
      104,
      2,
      47,
      86,
      442,
      10,
      2,
      20,
      3,
      2,
      4,
      34,
      62,
      177,
      22,
      2,
      2,
      13,
      2,
      230,
