{
  "primary_metric": "pass_at_1",
  "n_items": 612,
  "n_items_correct": 36,
  "n_items_incorrect": 576,
  "n_items_unknown": 0,
  "n_generations": 612,
  "samples_per_item": [
    1
  ],
  "all_rollouts": {
    "tokens": {
      "n": 612,
      "min": 2,
      "max": 3955,
      "mean": 88.31862745098039,
      "std": 162.4451082132972,
      "var": 26388.413182429835,
      "p10": 33,
      "p25": 54,
      "p50": 79,
      "p75": 103,
      "p90": 133,
      "p95": 166,
      "p99": 222
    },
    "tokens_histogram": {
      "edges": [
        0,
        10,
        20,
        50,
        100,
        200,
        500,
        1000,
        2000,
        5000,
        10000,
        20000,
        40000
      ],
      "counts": [
        21,
        15,
        92,
        310,
        162,
        11,
        0,
        0,
        1,
        0,
        0,
        0
      ],
      "labels": [
        "[0,10)",
        "[10,20)",
        "[20,50)",
        "[50,100)",
        "[100,200)",
        "[200,500)",
        "[500,1000)",
        "[1000,2000)",
        "[2000,5000)",
        "[5000,10000)",
        "[10000,20000)",
        "[20000,40000)"
      ]
    },
    "tokens_raw": [
      41,
      85,
      64,
      2,
      70,
      41,
      103,
      97,
      3955,
      59,
      79,
      90,
      129,
      101,
      45,
      92,
      63,
      101,
      87,
      73,
      110,
      99,
      86,
      53,
      109,
      91,
      104,
      70,
      36,
      3,
      83,
      31,
      70,
      27,
      113,
      94,
      76,
      73,
      92,
      58,
      78,
      94,
      47,
      58,
      66,
      126,
      95,
      31,
      94,
      89,
      77,
      92,
      122,
      53,
      73,
      102,
      85,
      64,
      118,
      35,
      129,
      54,
      131,
      53,
      117,
      130,
      81,
      56,
      97,
      96,
      75,
      39,
      99,
      85,
      86,
      100,
      66,
      88,
      85,
      117,
      144,
      83,
      82,
      50,
      36,
      75,
      107,
      39,
      63,
      116,
      100,
      81,
      93,
      94,
      111,
      67,
      94,
      44,
      84,
      69,
      77,
      90,
      59,
      71,
      59,
      93,
      223,
      95,
      104,
      74,
      116,
      122,
      122,
      69,
      58,
      77,
      62,
      76,
      73,
      88,
      121,
      57,
      109,
      69,
      83,
      78,
      78,
      77,
      84,
      36,
      91,
      93,
      79,
      89,
      96,
      66,
      123,
      94,
      123,
      95,
      69,
      87,
      72,
      92,
      72,
      137,
      82,
      119,
      56,
      108,
      58,
      47,
      66,
      88,
      99,
      71,
      206,
      91,
      145,
      80,
      68,
      82,
      53,
      118,
      64,
      50,
      106,
      92,
      48,
      75,
      36,
      86,
      102,
      148,
      38,
      50,
      127,
      55,
      97,
      76,
      85,
      73,
      58,
      68,
      51,
      66,
      67,
      112,
      51,
      91,
      81,
      153,
      32,
      79,
      289,
      79,
      23,
      60,
      92,
      74,
      104,
      211,
      67,
      107,
      146,
      75,
      39,
      117,
      222,
      120,
      170,
      198,
      19,
      59,
      60,
      10,
      94,
      2,
      39,
      90,
      192,
      59,
      50,
      2,
      168,
      35,
      78,
      71,
      98,
      83,
      79,
      110,
      152,
      28,
      153,
      85,
      10,
      139,
      46,
      137,
      54,
      41,
      81,
      28,
      55,
      107,
      37,
      139,
      119,
      47,
      131,
      85,
      66,
      10,
      168,
      54,
      190,
      74,
      120,
      2,
      110,
      2,
      10,
      168,
      42,
      70,
      149,
      210,
      124,
      176,
      51,
      70,
      80,
      115,
      80,
      102,
      10,
      87,
      91,
      23,
      3,
      103,
      114,
      70,
      63,
      71,
      74,
      77,
      10,
      48,
      73,
      71,
      10,
      166,
      40,
      91,
      133,
      94,
      57,
      41,
      76,
      2,
      78,
      57,
      108,
      19,
      100,
      188,
      124,
      113,
      217,
      28,
      44,
      81,
      23,
      45,
      62,
      39,
      180,
      136,
      121,
      48,
      88,
      65,
      31,
      10,
      16,
      44,
      65,
      80,
      78,
      103,
      38,
      57,
      71,
      149,
      69,
      46,
      98,
      60,
      2,
      108,
      61,
      98,
      63,
      106,
      16,
      55,
      26,
      39,
      192,
      29,
      57,
      71,
      67,
      32,
      21,
      54,
      190,
      73,
      24,
      22,
      36,
      101,
      90,
      24,
      66,
      126,
      79,
      33,
      2,
      111,
      80,
      134,
      39,
      42,
      131,
      44,
      314,
      31,
      69,
      19,
      92,
      105,
      28,
      114,
      117,
      65,
      102,
      108,
      2,
      55,
      2,
      81,
      2,
      33,
      66,
      2,
      51,
      146,
      131,
      26,
      138,
      65,
      100,
      40,
      22,
      119,
      78,
      148,
      49,
      41,
      66,
      44,
      84,
      2,
      92,
      129,
      37,
      253,
      145,
      57,
      37,
      97,
      2,
      10,
      42,
      56,
      55,
      127,
      164,
      75,
      71,
      145,
      59,
      89,
      167,
      174,
      52,
      112,
      2,
      101,
      66,
      72,
      65,
      103,
      73,
      86,
      44,
      137,
      148,
      30,
      10,
      79,
      198,
      55,
      84,
      103,
      55,
      95,
      98,
      53,
      74,
      116,
      82,
      110,
      31,
      100,
      116,
      52,
      71,
      109,
      91,
      104,
      47,
      126,
      96,
      74,
      258,
      70,
      111,
      128,
      92,
      91,
      68,
      81,
      57,
      73,
      55,
      33,
      51,
      116,
      2,
      88,
      72,
      76,
      75,
      104,
      102,
      62,
      81,
      73,
      83,
      101,
      65,
      112,
      110,
      95,
      119,
      75,
      81,
      49,
      53,
      80,
      170,
      87,
      2,
      51,
      34,
      54,
      103,
      82,
      65,
      53,
      108,
      33,
      44,
      73,
      87,
      37,
      121,
      61,
      119,
      94,
      41,
      114,
      23,
      111,
      47,
      61,
      41,
      54,
      45,
      120,
      105,
      57,
      176,
      46,
      2,
      79,
      99,
      36,
      201,
      2,
      131,
      46,
      89,
      94,
      79,
      43,
      71,
      81,
      169,
      54,
      86,
      73,
      87,
      66,
      99,
      102,
      78,
      89,
      134,
      66,
      149,
      66,
      61,
      74,
      38,
      94,
      80,
      147,
      116,
      94,
      118,
      80,
      110,
      66,
      34,
      71,
      86,
      97,
      73,
      153,
      155,
      105,
      85,
      66,
      130,
      89,
      34,
      94,
      135,
      77,
      69,
      80,
      49,
      53,
      127,
      105,
      124,
      159
    ],
    "chars": {
      "n": 612,
      "min": 1,
      "max": 7790,
      "mean": 294.65686274509807,
      "std": 343.758878533413,
      "var": 118170.16657054979,
      "p10": 94,
      "p25": 172,
      "p50": 270,
      "p75": 364,
      "p90": 492,
      "p95": 562,
      "p99": 810
    },