{
  "primary_metric": "prompt_level_loose_acc",
  "n_items": 300,
  "n_items_correct": 111,
  "n_items_incorrect": 189,
  "n_items_unknown": 0,
  "n_generations": 300,
  "samples_per_item": [
    1
  ],
  "all_rollouts": {
    "tokens": {
      "n": 300,
      "min": 2,
      "max": 4809,
      "mean": 52.233333333333334,
      "std": 445.79894446811886,
      "var": 198736.6988888889,
      "p10": 2,
      "p25": 2,
      "p50": 2,
      "p75": 2,
      "p90": 14,
      "p95": 39,
      "p99": 3858
    },
    "tokens_histogram": {
      "edges": [
        0,
        10,
        20,
        50,
        100,
        200,
        500,
        1000,
        2000,
        5000,
        10000,
        20000,
        40000
      ],
      "counts": [
        269,
        2,
        16,
        4,
        5,
        1,
        0,
        0,
        3,
        0,
        0,
        0
      ],
      "labels": [
        "[0,10)",
        "[10,20)",
        "[20,50)",
        "[50,100)",
        "[100,200)",
        "[200,500)",
        "[500,1000)",
        "[1000,2000)",
        "[2000,5000)",
        "[5000,10000)",
        "[10000,20000)",
        "[20000,40000)"
      ]
    },
    "tokens_raw": [
      24,
      24,
      32,
      34,
      3,
      2,
      2,
      2,
      2,
      2,
      5,
      2,
      2,
      2,
      2,
      3,
      2,
      2,
      2,
      2,
      2,
      2,
      2,
      2,
      2,
      2,
      2,
      2,
      2,
      2,
      2,
      2,
      2,
      2,
      2,
      2,
      2,
      2,
      2,
      2,
      2,
      2,
      2,
      2,
      2,
      28,
      2,
      2,
      2,
      2,
      2,
      2,
      2,
      2,
      2,
      2,
      2,
      2,
      2,
      2,
      2,
      2,
      2,
      2,
      2,
      2,
      2,
      2,
      2,
      2,
      2,
      2,
      2,
      2,
      2,
      154,
      2,
      2,
      2,
      136,
      2,
      2,
      3,
      2,
      2,
      2,
      2,
      2,
      3,
      2,
      2,
      2,
      2,
      2,
      2,
      2,
      66,
      2,
      2,
      2,
      2,
      2,
      2,
      2,
      2,
      2,
      2,
      2,
      2,
      2,
      2,
      2,
      2,
      2,
      2,
      2,
      31,
      2,
      2,
      2,
      2,
      2,
      2,
      2,
      2,
      2,
      78,
      150,
      249,
      58,
      39,
      23,
      105,
      33,
      30,
      2,
      2,
      2,
      47,
      14,
      4,
      38,
      2,
      10,
      2,
      2,
      2,
      2,
      2,
      4,
      4,
      2,
      4,
      2,
      2,
      2,
      2,
      2,
      2,
      2,
      2,
      2,
      2,
      2,
      2,
      2,
      2,
      2,
      2,
      2,
      2,
      2,
      2,
      2,
      2,
      2,
      2,
      2,
      2,
      62,
      2,
      3,
      3,
      3,
      2,
      3,
      3,
      3,
      2,
      2,
      2,
      5,
      2,
      3,
      4,
      4,
      4,
      3,
      4,
      3,
      2,
      2,
      2,
      2,
      2,
      2,
      2,
      2,
      2,
      2,
      2,
      2,
      2,
      2,
      2,
      2,
      2,
      2,
      2,
      2,
      2,
      2,
      2,
      3,
      2,
      2,
      2,
      2,
      4809,
      2,
      2,
      2,
      3,
      2,
      2,
      2,
      2,
      2,
      2,
      2,
      3858,
      2,
      2,
      2,
      2,
      2,
      2,
      2,
      2,
      2,
      2,
      2,
      2,
      4716,
      2,
      2,
      2,
      2,
      2,
      2,
      2,
      2,
      2,
      2,
      2,
      2,
      2,
      2,
      2,
      2,
      2,
      2,
      2,
      2,
      120,
      3,
      2,
      33,
      2,
      2,
      39,
      3,
      2,
      2,
      2,
      2,
      2,
      2,
      2,
      2,
      2,
      2,
      2,
      2,
      22,
      31,
      2,
      2,
      2,
      2
    ],
    "chars": {
      "n": 300,
      "min": 1,
      "max": 19191,
      "mean": 161.36333333333334,
      "std": 1516.0342073940444,
      "var": 2298359.7179888887,
      "p10": 1,
      "p25": 1,
      "p50": 1,
      "p75": 9,
      "p90": 34,
      "p95": 156,
      "p99": 3857
    },
    "chars_histogram": {
      "edges": [
        0,
        50,
        100,
        250,
        500,
        1000,
        2500,
        5000,
        10000,
        25000,
        50000,
        100000,
        200000
      ],
      "counts": [
        272,
        3,
        15,
        2,
        5,
        0,
        1,
        0,
        2,
        0,
        0,
        0
      ],
      "labels": [
        "[0,50)",
        "[50,100)",
        "[100,250)",
        "[250,500)",
        "[500,1000)",
        "[1000,2500)",
        "[2500,5000)",
        "[5000,10000)",
        "[10000,25000)",
        "[25000,50000)",
        "[50000,100000)",
        "[100000,200000)"
      ]
    }
  },
  "correct_rollouts": {
    "tokens": {
      "n": 111,
      "min": 2,
      "max": 249,
      "mean": 13.0990990990991,
      "std": 34.901393904623276,
      "var": 1218.1072964856749,
      "p10": 2,
      "p25": 2,
      "p50": 2,
      "p75": 2,
      "p90": 31,
      "p95": 78,
      "p99": 154
    },
    "tokens_histogram": {
      "edges": [
        0,
        10,
        20,
        50,
        100,
        200,
        500,
        1000,
        2000,
        5000,
        10000,
        20000,
        40000
      ],
      "counts": [
        92,
        1,
        11,
        2,
        4,
        1,
        0,
        0,
        0,
        0,
        0,
        0
      ],
      "labels": [
        "[0,10)",
        "[10,20)",
        "[20,50)",
        "[50,100)",
        "[100,200)",
        "[200,500)",
        "[500,1000)",
        "[1000,2000)",
        "[2000,5000)",
        "[5000,10000)",
        "[10000,20000)",
        "[20000,40000)"
      ]
    },
    "tokens_raw": [
      24,
      24,
      2,
      2,
      2,
      2,
      2,
      2,
      2,
      154,
      2,
      2,
      2,
      2,
      2,
      2,
      2,
      2,
      2,
      2,
      2,
      2,
      2,
      31,
      2,
      78,
      150,
      249,
      58,
      39,
      23,
      105,
      33,
      30,
      2,
      2,
      2,
      14,
      38,
      2,
      2,
      2,
      2,
      2,
      2,
      2,
      2,
      2,
      2,
      2,
      2,
      2,
      2,
      2,
      2,
      2,
      2,
      2,
      2,
      3,
      3,
      3,
      2,
      3,
      3,
      3,
      2,
      2,
      2,
      2,
      2,
      2,
      2,
      2,
      2,
      2,
      3,
      2,
      2,
      2,
      2,
      2,
      2,
      2,
      3,
      2,
      2,
      2,
      2,
      2,
      2,
      2,
      2,
      2,
      2,
      2,
      2,
      2,
      2,
      2,
      2,
      2,
      2,
      120,
      39,
      22,
      31,
      2,
      2,
      2,
      2
    ],
    "chars": {
      "n": 111,
      "min": 1,
      "max": 756,
      "mean": 48.0990990990991,
      "std": 137.70623877438007,
      "var": 18963.008197386574,
      "p10": 1,
      "p25": 1,
      "p50": 4,
      "p75": 10,
      "p90": 144,
      "p95": 234,
      "p99": 733
    },
    "chars_histogram": {
      "edges": [
        0,
        50,
        100,
        250,
        500,
        1000,
        2500,
        5000,
        10000,
        25000,
        50000,
        100000,
        200000
      ],
      "counts": [
        93,
        3,
        10,
        1,
        4,
        0,
        0,
        0,
        0,
        0,
        0,
        0
      ],
      "labels": [
        "[0,50)",
        "[50,100)",
        "[100,250)",
        "[250,500)",
        "[500,1000)",
        "[1000,2500)",
        "[2500,5000)",
        "[5000,10000)",
        "[10000,25000)",
        "[25000,50000)",
        "[50000,100000)",
        "[100000,200000)"
      ]
    }
  },