{
  "primary_metric": "prompt_level_loose_acc",
  "n_items": 300,
  "n_items_correct": 86,
  "n_items_incorrect": 214,
  "n_items_unknown": 0,
  "n_generations": 300,
  "samples_per_item": [
    1
  ],
  "all_rollouts": {
    "tokens": {
      "n": 300,
      "min": 2,
      "max": 12417,
      "mean": 2525.2966666666666,
      "std": 2521.263524899547,
      "var": 6356769.7619888885,
      "p10": 14,
      "p25": 74,
      "p50": 744,
      "p75": 4919,
      "p90": 5213,
      "p95": 5713,
      "p99": 7555
    },
    "tokens_histogram": {
      "edges": [
        0,
        10,
        20,
        50,
        100,
        200,
        500,
        1000,
        2000,
        5000,
        10000,
        20000,
        40000
      ],
      "counts": [
        26,
        8,
        24,
        26,
        37,
        24,
        7,
        1,
        90,
        56,
        1,
        0
      ],
      "labels": [
        "[0,10)",
        "[10,20)",
        "[20,50)",
        "[50,100)",
        "[100,200)",
        "[200,500)",
        "[500,1000)",
        "[1000,2000)",
        "[2000,5000)",
        "[5000,10000)",
        "[10000,20000)",
        "[20000,40000)"
      ]
    },
    "tokens_raw": [
      50,
      5160,
      180,
      4503,
      5,
      116,
      91,
      4855,
      184,
      4813,
      26,
      4813,
      209,
      4578,
      2,
      3,
      4999,
      4,
      14,
      56,
      8,
      14,
      4940,
      4642,
      4128,
      8417,
      211,
      6,
      4046,
      3994,
      4596,
      4337,
      708,
      103,
      4277,
      113,
      6844,
      4111,
      5753,
      54,
      744,
      12,
      4554,
      42,
      5151,
      42,
      64,
      8,
      4730,
      4533,
      5165,
      6660,
      4934,
      144,
      4851,
      4600,
      174,
      4689,
      4957,
      96,
      183,
      28,
      4410,
      4,
      6,
      4474,
      4186,
      4583,
      4128,
      5203,
      5103,
      4908,
      52,
      4688,
      22,
      5014,
      75,
      4916,
      4568,
      4895,
      11,
      36,
      45,
      4715,
      181,
      4239,
      5024,
      4902,
      5021,
      5095,
      4919,
      4696,
      264,
      5515,
      5041,
      4736,
      74,
      4970,
      101,
      113,
      2,
      3,
      24,
      2,
      3,
      5,
      4645,
      4786,
      238,
      4475,
      108,
      276,
      205,
      5086,
      4388,
      74,
      48,
      134,
      251,
      5452,
      4529,
      4574,
      186,
      4004,
      5050,
      4548,
      116,
      198,
      5175,
      5096,
      71,
      114,
      513,
      5097,
      6100,
      6344,
      5713,
      222,
      195,
      5291,
      195,
      57,
      5284,
      14,
      738,
      523,
      459,
      5467,
      4281,
      141,
      152,
      4673,
      4836,
      5097,
      125,
      129,
      4130,
      55,
      504,
      5403,
      166,
      4383,
      108,
      5682,
      81,
      4565,
      2,
      4,
      2,
      4,
      2,
      4946,
      5155,
      15,
      20,
      4025,
      5129,
      63,
      4935,
      67,
      4280,
      4958,
      4509,
      4179,
      4498,
      4549,
      4804,
      4991,
      53,
      330,
      5026,
      4017,
      1488,
      65,
      174,
      5388,
      6770,
      5765,
      240,
      185,
      5700,
      4904,
      4919,
      2,
      2,
      4526,
      87,
      4550,
      47,
      6738,
      6913,
      204,
      5043,
      49,
      4921,
      4959,
      4078,
      14,
      4651,
      4924,
      61,
      52,
      46,
      111,
      164,
      22,
      4646,
      425,
      7555,
      253,
      455,
      12417,
      5057,
      5079,
      4243,
      398,
      5024,
      809,
      4940,
      238,
      309,
      4924,
      4684,
      4965,
      45,
      108,
      5052,
      4185,
      5556,
      4899,
      4916,
      118,
      5046,
      5730,
      9,
      35,
      37,
      4944,
      4136,
      48,
      5213,
      4091,
      5302,
      71,
      101,
      5375,
      81,
      42,
      151,
      77,
      212,
      2,
      5188,
      32,
      127,
      43,
      418,
      5308,
      66,
      272,
      41,
      28,
      222,
      8,
      200,
      4285,
      86,
      5014,
      4926,
      5249,
      4887,
      9,
      191,
      193,
      239,
      127,
      2,
      6199,
      10,
      45
    ],
    "chars": {
      "n": 300,
      "min": 2,
      "max": 61717,
      "mean": 9790.44,
      "std": 11504.5116859894,
      "var": 132353789.13306667,
      "p10": 59,
      "p25": 321,
      "p50": 2758,
      "p75": 18990,
      "p90": 25878,
      "p95": 29249,
      "p99": 44680
    },
    "chars_histogram": {
      "edges": [
        0,
        50,
        100,
        250,
        500,
        1000,
        2500,
        5000,
        10000,
        25000,
        50000,
        100000,
        200000
      ],
      "counts": [
        30,
        8,
        28,
        22,
        37,
        23,
        6,
        28,
        83,
        34,
        1,
        0
      ],
      "labels": [
        "[0,50)",
        "[50,100)",
        "[100,250)",
        "[250,500)",
        "[500,1000)",
        "[1000,2500)",
        "[2500,5000)",
        "[5000,10000)",
        "[10000,25000)",
        "[25000,50000)",
        "[50000,100000)",
        "[100000,200000)"
      ]
    }
  },
  "correct_rollouts": {
    "tokens": {
      "n": 86,
      "min": 2,
      "max": 6660,
      "mean": 2180.3953488372094,
      "std": 2389.5866202739585,
      "var": 5710124.21579232,
      "p10": 6,
      "p25": 45,
      "p50": 195,
      "p75": 4730,
      "p90": 5129,
      "p95": 5249,
      "p99": 6660
    },
    "tokens_histogram": {
      "edges": [
        0,
        10,
        20,
        50,
        100,
        200,
        500,
        1000,
        2000,
        5000,
        10000,
        20000,
        40000
      ],
      "counts": [
        12,
        3,
        10,
        7,
        13,
        2,
        1,
        0,
        25,
        13,
        0,
        0
      ],
      "labels": [
        "[0,10)",
        "[10,20)",
        "[20,50)",
        "[50,100)",
        "[100,200)",
        "[200,500)",
        "[500,1000)",
        "[1000,2000)",
        "[2000,5000)",
        "[5000,10000)",
        "[10000,20000)",
        "[20000,40000)"
      ]
    },
    "tokens_raw": [
      91,
      3,
      4,
      14,
      8,
      14,
      211,
      6,
      4046,
      3994,
      103,
      4277,
      42,
      8,
      4730,
      5165,
      6660,
      144,
      22,
      75,
      45,
      4239,
      5024,
      4919,
      4696,
      5515,
      5041,
      2,
      3,
      2,
      3,
      4475,
      5086,
      4388,
      48,
      134,
      5452,
      116,
      198,
      5175,
      5096,
      71,
      114,
      513,
      195,
      195,
      4130,
      4383,
      4565,
      4946,
      5155,
      20,
      5129,
      63,
      4280,
      4958,
      4179,
      4549,
      53,
      2,
      4550,
      4924,
      61,
      52,
      46,
      111,
      4924,
      4684,
      4965,
      4899,
      9,
      35,
      37,
      48,
      4091,
      127,
      41,
      4926,
      5249,
      191,
      193,
      239,
      127,
      2,
      6199,
      10
    ],
    "chars": {
      "n": 86,
      "min": 2,
      "max": 44680,
      "mean": 7521.011627906977,
      "std": 9910.576778435256,
      "var": 98219532.08126014,
      "p10": 13,
      "p25": 161,
      "p50": 1006,
      "p75": 14016,
      "p90": 23879,
      "p95": 24936,
      "p99": 44680
    },