{
  "primary_metric": "prompt_level_loose_acc",
  "n_items": 300,
  "n_items_correct": 111,
  "n_items_incorrect": 189,
  "n_items_unknown": 0,
  "n_generations": 300,
  "samples_per_item": [
    1
  ],
  "all_rollouts": {
    "tokens": {
      "n": 300,
      "min": 2,
      "max": 5502,
      "mean": 679.7633333333333,
      "std": 1639.210993330497,
      "var": 2687012.6806555553,
      "p10": 2,
      "p25": 2,
      "p50": 2,
      "p75": 5,
      "p90": 4589,
      "p95": 4742,
      "p99": 5003
    },
    "tokens_histogram": {
      "edges": [
        0,
        10,
        20,
        50,
        100,
        200,
        500,
        1000,
        2000,
        5000,
        10000,
        20000,
        40000
      ],
      "counts": [
        227,
        6,
        8,
        10,
        3,
        3,
        0,
        0,
        40,
        3,
        0,
        0
      ],
      "labels": [
        "[0,10)",
        "[10,20)",
        "[20,50)",
        "[50,100)",
        "[100,200)",
        "[200,500)",
        "[500,1000)",
        "[1000,2000)",
        "[2000,5000)",
        "[5000,10000)",
        "[10000,20000)",
        "[20000,40000)"
      ]
    },
    "tokens_raw": [
      20,
      2,
      18,
      2,
      14,
      2,
      3,
      4589,
      2,
      2,
      4922,
      2,
      2,
      2,
      2,
      2,
      3,
      2,
      2,
      2,
      2,
      3,
      4879,
      4870,
      2,
      2,
      2,
      2,
      2,
      2,
      2,
      2,
      4628,
      3,
      2,
      2,
      2,
      3,
      2,
      55,
      2,
      2,
      2,
      3,
      2,
      2,
      2,
      2,
      2,
      2,
      2,
      2,
      4740,
      2,
      2,
      2,
      2,
      2,
      2,
      2,
      16,
      32,
      2,
      2,
      2,
      2,
      4450,
      2,
      3,
      3,
      3,
      2,
      3,
      2,
      22,
      220,
      2,
      2,
      2,
      2,
      2,
      2,
      2,
      2,
      2,
      2,
      2,
      2,
      2,
      2,
      2,
      2,
      2,
      2,
      2,
      54,
      63,
      2,
      2,
      24,
      2,
      6,
      2,
      2,
      3,
      2,
      2,
      2,
      229,
      2,
      2,
      4869,
      2,
      3,
      3,
      2,
      168,
      2,
      3,
      2,
      3,
      3,
      2,
      5093,
      2,
      4280,
      97,
      218,
      83,
      139,
      42,
      83,
      73,
      132,
      2,
      2,
      2,
      2,
      14,
      61,
      4,
      15,
      3,
      2,
      2,
      2,
      2,
      4714,
      2,
      4,
      4,
      3,
      4,
      2,
      2,
      2,
      2,
      4,
      4511,
      4606,
      2,
      2,
      2,
      3,
      2,
      2,
      2,
      2,
      2,
      2,
      2,
      3,
      2,
      2,
      2,
      3,
      2,
      2,
      2,
      3,
      2,
      4585,
      4601,
      2,
      3,
      2,
      2,
      3,
      2,
      2,
      3,
      5,
      2,
      4,
      4,
      4,
      4,
      3,
      4,
      3,
      3,
      3,
      3,
      3,
      3,
      3,
      4742,
      2,
      4439,
      2,
      4819,
      2,
      2,
      2,
      2,
      4512,
      4822,
      2,
      4592,
      2,
      3,
      3,
      3,
      3,
      66,
      2,
      4625,
      4271,
      5502,
      3,
      3,
      4581,
      2,
      2,
      4703,
      4759,
      4901,
      4647,
      2,
      4907,
      4892,
      2,
      2,
      2,
      2,
      2,
      2,
      4595,
      4546,
      4541,
      3,
      2,
      2,
      2,
      2,
      2,
      4677,
      2,
      2,
      5,
      2,
      2,
      2,
      2,
      2,
      2,
      2,
      4676,
      5003,
      2,
      83,
      4273,
      4647,
      4624,
      2,
      3,
      3,
      2,
      4896,
      2,
      31,
      4146,
      3,
      4589,
      3,
      3,
      2,
      2,
      3,
      2,
      2,
      3,
      15,
      2,
      23,
      23,
      3,
      2,
      2,
      2
    ],
    "chars": {
      "n": 300,
      "min": 1,
      "max": 23641,
      "mean": 870.99,
      "std": 2512.4109264277076,
      "var": 6312208.663233333,
      "p10": 1,
      "p25": 4,
      "p50": 7,
      "p75": 18,
      "p90": 4591,
      "p95": 4818,
      "p99": 16585
    },
    "chars_histogram": {
      "edges": [
        0,
        50,
        100,
        250,
        500,
        1000,
        2500,
        5000,
        10000,
        25000,
        50000,
        100000,
        200000
      ],
      "counts": [
        229,
        8,
        7,
        8,
        3,
        2,
        37,
        2,
        4,
        0,
        0,
        0
      ],
      "labels": [
        "[0,50)",
        "[50,100)",
        "[100,250)",
        "[250,500)",
        "[500,1000)",
        "[1000,2500)",
        "[2500,5000)",
        "[5000,10000)",
        "[10000,25000)",
        "[25000,50000)",
        "[50000,100000)",
        "[100000,200000)"
      ]
    }
  },
  "correct_rollouts": {
    "tokens": {
      "n": 111,
      "min": 2,
      "max": 5003,
      "mean": 382.8198198198198,
      "std": 1247.109834981697,
      "var": 1555282.9405080758,
      "p10": 2,
      "p25": 2,
      "p50": 2,
      "p75": 3,
      "p90": 139,
      "p95": 4585,
      "p99": 4677
    },
    "tokens_histogram": {
      "edges": [
        0,
        10,
        20,
        50,
        100,
        200,
        500,
        1000,
        2000,
        5000,
        10000,
        20000,
        40000
      ],
      "counts": [
        87,
        2,
        4,
        6,
        2,
        1,
        0,
        0,
        8,
        1,
        0,
        0
      ],
      "labels": [
        "[0,10)",
        "[10,20)",
        "[20,50)",
        "[50,100)",
        "[100,200)",
        "[200,500)",
        "[500,1000)",
        "[1000,2000)",
        "[2000,5000)",
        "[5000,10000)",
        "[10000,20000)",
        "[20000,40000)"
      ]
    },
    "tokens_raw": [
      2,
      2,
      2,
      2,
      2,
      2,
      22,
      2,
      2,
      2,
      2,
      2,
      2,
      2,
      2,
      2,
      2,
      6,
      2,
      3,
      3,
      2,
      168,
      2,
      97,
      218,
      83,
      139,
      42,
      83,
      73,
      2,
      2,
      2,
      14,
      61,
      2,
      2,
      2,
      2,
      4,
      2,
      2,
      2,
      3,
      2,
      2,
      3,
      2,
      2,
      2,
      3,
      2,
      2,
      2,
      3,
      2,
      4585,
      4601,
      2,
      3,
      2,
      2,
      3,
      3,
      3,
      3,
      3,
      3,
      2,
      2,
      2,
      2,
      3,
      3,
      3,
      3,
      66,
      2,
      4625,
      4271,
      3,
      3,
      4581,
      2,
      2,
      2,
      2,
      2,
      2,
      2,
      2,
      3,
      2,
      2,
      2,
      2,
      4677,
      2,
      2,
      2,
      2,
      4676,
      5003,
      2,
      4146,
      2,
      15,
      23,
      23,
      3
    ],
    "chars": {
      "n": 111,
      "min": 1,
      "max": 16585,
      "mean": 531.2882882882883,
      "std": 1941.0336680937935,
      "var": 3767611.7006736468,
      "p10": 1,
      "p25": 2,
      "p50": 7,
      "p75": 13,
      "p90": 490,
      "p95": 4600,
      "p99": 5002
    },
    "chars_histogram": {
      "edges": [
        0,
        50,
        100,
        250,
        500,
        1000,
        2500,
        5000,
        10000,
        25000,
        50000,
        100000,
        200000
      ],
      "counts": [
        88,
        4,
        2,
        6,
        1,
        1,
        7,
        1,
        1,
        0,
        0,
        0
      ],