{
  "primary_metric": "prompt_level_loose_acc",
  "n_items": 300,
  "n_items_correct": 117,
  "n_items_incorrect": 183,
  "n_items_unknown": 0,
  "n_generations": 300,
  "samples_per_item": [
    1
  ],
  "all_rollouts": {
    "tokens": {
      "n": 300,
      "min": 2,
      "max": 5302,
      "mean": 31.976666666666667,
      "std": 308.6079650984761,
      "var": 95238.87612222222,
      "p10": 2,
      "p25": 2,
      "p50": 2,
      "p75": 2,
      "p90": 26,
      "p95": 94,
      "p99": 376
    },
    "tokens_histogram": {
      "edges": [
        0,
        10,
        20,
        50,
        100,
        200,
        500,
        1000,
        2000,
        5000,
        10000,
        20000,
        40000
      ],
      "counts": [
        259,
        8,
        12,
        7,
        7,
        6,
        0,
        0,
        0,
        1,
        0,
        0
      ],
      "labels": [
        "[0,10)",
        "[10,20)",
        "[20,50)",
        "[50,100)",
        "[100,200)",
        "[200,500)",
        "[500,1000)",
        "[1000,2000)",
        "[2000,5000)",
        "[5000,10000)",
        "[10000,20000)",
        "[20000,40000)"
      ]
    },
    "tokens_raw": [
      2,
      2,
      2,
      2,
      3,
      2,
      2,
      2,
      2,
      2,
      4,
      2,
      2,
      2,
      2,
      2,
      2,
      4,
      2,
      24,
      2,
      2,
      2,
      2,
      2,
      2,
      105,
      2,
      2,
      2,
      39,
      2,
      2,
      2,
      2,
      2,
      2,
      3,
      2,
      2,
      448,
      2,
      2,
      48,
      2,
      26,
      2,
      2,
      2,
      2,
      2,
      2,
      2,
      2,
      2,
      2,
      2,
      2,
      2,
      2,
      2,
      2,
      13,
      2,
      2,
      2,
      2,
      2,
      2,
      2,
      2,
      2,
      2,
      2,
      2,
      321,
      2,
      2,
      2,
      2,
      2,
      2,
      3,
      2,
      2,
      3,
      2,
      2,
      2,
      2,
      2,
      2,
      34,
      2,
      2,
      206,
      2,
      173,
      2,
      66,
      2,
      3,
      2,
      2,
      3,
      2,
      215,
      2,
      12,
      2,
      2,
      2,
      2,
      66,
      2,
      2,
      18,
      2,
      3,
      2,
      2,
      3,
      3,
      3,
      3,
      2,
      77,
      138,
      203,
      26,
      55,
      26,
      81,
      94,
      126,
      2,
      2,
      2,
      10,
      13,
      2,
      3,
      19,
      2,
      2,
      2,
      2,
      376,
      2,
      4,
      3,
      3,
      4,
      2,
      26,
      2,
      2,
      2,
      2,
      2,
      2,
      2,
      2,
      2,
      2,
      2,
      2,
      2,
      2,
      2,
      2,
      2,
      2,
      2,
      2,
      2,
      2,
      2,
      2,
      2,
      2,
      2,
      2,
      2,
      2,
      2,
      2,
      2,
      2,
      2,
      2,
      5,
      4,
      3,
      4,
      3,
      4,
      3,
      4,
      3,
      3,
      3,
      2,
      2,
      2,
      2,
      2,
      2,
      2,
      2,
      2,
      2,
      2,
      2,
      2,
      2,
      2,
      2,
      2,
      2,
      2,
      2,
      2,
      2,
      60,
      2,
      2,
      2,
      5302,
      3,
      2,
      2,
      2,
      2,
      2,
      2,
      2,
      2,
      2,
      2,
      2,
      2,
      2,
      2,
      2,
      2,
      2,
      2,
      2,
      2,
      2,
      2,
      2,
      2,
      2,
      2,
      2,
      2,
      2,
      2,
      2,
      2,
      2,
      2,
      2,
      2,
      2,
      2,
      2,
      2,
      2,
      2,
      2,
      2,
      120,
      3,
      3,
      33,
      38,
      2,
      39,
      20,
      2,
      2,
      2,
      2,
      2,
      2,
      2,
      2,
      2,
      2,
      176,
      137,
      12,
      12,
      2,
      2,
      2,
      2
    ],
    "chars": {
      "n": 300,
      "min": 1,
      "max": 23384,
      "mean": 128.75333333333333,
      "std": 1357.6091825296737,
      "var": 1843102.692488889,
      "p10": 1,
      "p25": 1,
      "p50": 1,
      "p75": 9,
      "p90": 79,
      "p95": 399,
      "p99": 1396
    },
    "chars_histogram": {
      "edges": [
        0,
        50,
        100,
        250,
        500,
        1000,
        2500,
        5000,
        10000,
        25000,
        50000,
        100000,
        200000
      ],
      "counts": [
        268,
        4,
        8,
        8,
        8,
        3,
        0,
        0,
        1,
        0,
        0,
        0
      ],
      "labels": [
        "[0,50)",
        "[50,100)",
        "[100,250)",
        "[250,500)",
        "[500,1000)",
        "[1000,2500)",
        "[2500,5000)",
        "[5000,10000)",
        "[10000,25000)",
        "[25000,50000)",
        "[50000,100000)",
        "[100000,200000)"
      ]
    }
  },
  "correct_rollouts": {
    "tokens": {
      "n": 117,
      "min": 2,
      "max": 203,
      "mean": 14.341880341880342,
      "std": 36.03705651989574,
      "var": 1298.6694426181605,
      "p10": 2,
      "p25": 2,
      "p50": 2,
      "p75": 2,
      "p90": 39,
      "p95": 120,
      "p99": 176
    },
    "tokens_histogram": {
      "edges": [
        0,
        10,
        20,
        50,
        100,
        200,
        500,
        1000,
        2000,
        5000,
        10000,
        20000,
        40000
      ],
      "counts": [
        97,
        5,
        4,
        4,
        6,
        1,
        0,
        0,
        0,
        0,
        0,
        0
      ],
      "labels": [
        "[0,10)",
        "[10,20)",
        "[20,50)",
        "[50,100)",
        "[100,200)",
        "[200,500)",
        "[500,1000)",
        "[1000,2000)",
        "[2000,5000)",
        "[5000,10000)",
        "[10000,20000)",
        "[20000,40000)"
      ]
    },
    "tokens_raw": [
      4,
      105,
      2,
      2,
      2,
      2,
      2,
      2,
      2,
      2,
      2,
      2,
      2,
      2,
      2,
      34,
      2,
      2,
      2,
      3,
      2,
      3,
      2,
      2,
      18,
      2,
      77,
      138,
      203,
      26,
      55,
      26,
      81,
      126,
      2,
      2,
      2,
      13,
      19,
      2,
      2,
      2,
      2,
      2,
      2,
      2,
      2,
      2,
      2,
      2,
      2,
      2,
      2,
      2,
      2,
      2,
      2,
      2,
      2,
      2,
      2,
      2,
      2,
      2,
      2,
      2,
      3,
      3,
      2,
      2,
      2,
      2,
      2,
      2,
      2,
      2,
      60,
      2,
      2,
      2,
      3,
      2,
      2,
      2,
      2,
      2,
      2,
      2,
      2,
      2,
      2,
      2,
      2,
      2,
      2,
      2,
      2,
      2,
      2,
      2,
      2,
      2,
      2,
      120,
      39,
      2,
      2,
      2,
      2,
      176,
      137,
      12,
      12,
      2,
      2,
      2,
      2
    ],
    "chars": {
      "n": 117,
      "min": 1,
      "max": 986,
      "mean": 55.256410256410255,
      "std": 163.313978646354,
      "var": 26671.455621301775,
      "p10": 1,
      "p25": 1,
      "p50": 1,
      "p75": 9,
      "p90": 126,
      "p95": 435,
      "p99": 752
    },
    "chars_histogram": {
      "edges": [
        0,
        50,
        100,
        250,
        500,
        1000,
        2500,
        5000,
        10000,
        25000,
        50000,
        100000,
        200000
      ],
      "counts": [
        100,
        4,
        4,
        4,
        5,
        0,
        0,
        0,
        0,
        0,
        0,
        0
      ],