{
  "primary_metric": "length_controlled_winrate",
  "n_items": 805,
  "n_items_correct": 0,
  "n_items_incorrect": 0,
  "n_items_unknown": 805,
  "n_generations": 805,
  "samples_per_item": [
    1
  ],
  "all_rollouts": {
    "tokens": {
      "n": 805,
      "min": 2,
      "max": 5997,
      "mean": 467.29689440993786,
      "std": 1261.7411513348218,
      "var": 1591990.7329717218,
      "p10": 2,
      "p25": 2,
      "p50": 12,
      "p75": 154,
      "p90": 690,
      "p95": 4276,
      "p99": 4975
    },
    "tokens_histogram": {
      "edges": [
        0,
        10,
        20,
        50,
        100,
        200,
        500,
        1000,
        2000,
        5000,
        10000,
        20000,
        40000
      ],
      "counts": [
        367,
        104,
        78,
        31,
        50,
        78,
        22,
        3,
        66,
        6,
        0,
        0
      ],
      "labels": [
        "[0,10)",
        "[10,20)",
        "[20,50)",
        "[50,100)",
        "[100,200)",
        "[200,500)",
        "[500,1000)",
        "[1000,2000)",
        "[2000,5000)",
        "[5000,10000)",
        "[10000,20000)",
        "[20000,40000)"
      ]
    },
    "tokens_raw": [
      3,
      11,
      91,
      15,
      9,
      4959,
      28,
      38,
      2,
      4171,
      1468,
      263,
      414,
      4432,
      4823,
      5165,
      166,
      138,
      4132,
      3,
      190,
      15,
      12,
      9,
      4972,
      13,
      62,
      4140,
      179,
      234,
      4161,
      1079,
      4144,
      2,
      8,
      6,
      9,
      62,
      624,
      3,
      8,
      4484,
      3,
      12,
      2,
      12,
      349,
      394,
      2,
      12,
      48,
      36,
      2,
      241,
      201,
      11,
      10,
      208,
      473,
      3,
      10,
      184,
      24,
      4786,
      283,
      4791,
      4739,
      572,
      5066,
      6,
      2,
      41,
      165,
      4269,
      4586,
      3976,
      362,
      4358,
      4663,
      4108,
      232,
      11,
      613,
      3,
      14,
      56,
      523,
      5057,
      11,
      2443,
      2,
      7,
      22,
      3,
      419,
      4185,
      11,
      11,
      312,
      102,
      3,
      10,
      10,
      2,
      3,
      6,
      98,
      12,
      2,
      2,
      2,
      2,
      33,
      7,
      2,
      2,
      25,
      30,
      8,
      9,
      13,
      14,
      2,
      325,
      3,
      8,
      311,
      24,
      9,
      404,
      4512,
      2,
      352,
      4237,
      263,
      11,
      6,
      116,
      2,
      448,
      974,
      2,
      95,
      185,
      4169,
      36,
      159,
      2,
      2318,
      2,
      42,
      12,
      11,
      2,
      4728,
      10,
      837,
      31,
      35,
      2,
      2,
      8,
      13,
      3,
      3,
      61,
      187,
      4820,
      2,
      2,
      206,
      4170,
      2,
      2,
      3,
      2,
      2,
      4713,
      33,
      3,
      7,
      8,
      201,
      19,
      142,
      4,
      25,
      218,
      2,
      18,
      2,
      529,
      3,
      4583,
      4171,
      29,
      3,
      11,
      24,
      6,
      10,
      2,
      28,
      4,
      13,
      273,
      3,
      16,
      12,
      56,
      32,
      4944,
      2,
      13,
      35,
      34,
      18,
      2,
      147,
      2,
      4992,
      4,
      2,
      228,
      46,
      18,
      169,
      173,
      1821,
      18,
      87,
      29,
      11,
      2,
      2,
      672,
      12,
      39,
      255,
      189,
      2,
      14,
      33,
      4960,
      452,
      5,
      27,
      4608,
      2,
      12,
      2,
      4,
      7,
      8,
      2,
      3,
      190,
      3,
      3,
      15,
      3,
      126,
      2,
      2,
      15,
      14,
      84,
      84,
      2,
      2,
      4068,
      313,
      130,
      4,
      3,
      246,
      2,
      2,
      3,
      2,
      2,
      797,
      4076,
      3979,
      5997,
      4247,
      2,
      14,
      17,
      4524,
      218,
      17,
      5,
      3,
      2,
      18,
      3,
      3,
      366,
      3,
      5,
      118,
      2,
      3,
      324,
      4603,
      194,
      104,
      3,
      23,
      3,
      14,
      463,
      351,
      10,
      44,
      225,
      16,
      4975,
      2,
      506,
      3,
      16,
      213,
      241,
      43,
      2,
      64,
      2,
      178,
      4134,
      2,
      10,
      12,
      2,
      3,
      3,
      31,
      3,
      2,
      11,
      396,
      6,
      333,
      22,
      12,
      11,
      240,
      10,
      2,
      2,
      2,
      99,
      2,
      22,
      398,
      13,
      310,
      195,
      2,
      15,
      24,
      55,
      2,
      2,
      8,
      7,
      214,
      9,
      4201,
      10,
      8,
      98,
      27,
      348,
      9,
      24,
      23,
      21,
      587,
      9,
      2,
      18,
      4122,
      57,
      85,
      18,
      6,
      2,
      6,
      2,
      88,
      39,
      3856,
      4,
      175,
      4,
      10,
      2,
      41,
      4929,
      199,
      34,
      10,
      7,
      176,
      79,
      23,
      3,
      2,
      484,
      56,
      3,
      375,
      15,
      2,
      53,
      163,
      231,
      11,
      10,
      255,
      5074,
      19,
      9,
      2,
      19,
      3,
      597,
      10,
      2,
      3,
      2,
      4994,
      48,
      470,
      3,
      5096,
      9,
      20,
      38,
      9,
      3,
      2,
      18,
      2,
      25,
      130,
      27,
      2,
      2,
      466,
      3,
      13,
      2,
      3,
      19,
      2,
      8,
      14,
      3,
      4819,
      19,
      198,
      4267,
      10,
      666,
      12,
      3,
      3,
      13,
      217,
      90,
      2,
      2,
      31,
      314,
      3,
      185,
      3,
      2,
      2,
      2,
      5,
      2,
      27,
      2,
      2,
      2,
      2,
      21,
      3,
      44,
      4372,
      3,
      3,
      760,
      77,
      3,
      2,
      2,
      4,
      4,
      2,
      2,
      4095,
      21,
      2,
      15,
      3,
      2,
      2,
      246,
      2,
      27,
      306,
      4,
      223,
      2,
      2,
      4298,
      575,
      2,
      3,
      2,
      23,
      2,
      20,
      2,
      2,
      4,
      2,
      2,
      2,
      83,
      2,
      2,
      2,
      2,
      3,
      2,
      2,
      62,
      4,
      24,
      97,
      2,
      4243,
      3,
      3,
      260,
      3,
      2,
      100,
      2,
      216,
      3,
      2,
      546,
      4948,
      2,
      2,
      442,
      79,
      249,
      2,
      541,
      20,
      154,
      240,
      2,
      28,
      2,
      248,
      2,
      3,
      2,
      2,
      2,
      2,
      2,
      16,
      77,
      690,
      31,
      22,
      2,
      154,
      3,
      329,
      15,
      2,
      4,
      4,
      2,
      289,
      2,
      3,
      6,
      14,
      2,
      261,
      140,
      3,
      606,
      4757,
      163,
      2,
      3,
      2,
      2,
      2,
      2,
      617,
      2,
      3,
      2,
      2,
      2,
      2,
      6,
      2,
      2,
      2,
      6,
      4141,
      3,
      18,
      3,
      3,
      39,
      31,
      2,
      3,
      2,
      2,
      2,
      2,
      3,
      2,
      2,
      6,
      2844,
      2,
      239,
      4,
      2,
      2,
      6,
      3,
      3,
      10,
      2,
      20,
      2,
      2,
      4,
      2,
      65,
      107,
      25,
      2,
      2,
      9,
      2,
      15,
      4513,
      25,
      2,
      47,
      19,
      2,
      2,
      2,
      2,
      46,
      2,
      3,
      154,
      6,
      56,
      6,
