{
  "primary_metric": "length_controlled_winrate",
  "n_items": 805,
  "n_items_correct": 0,
  "n_items_incorrect": 0,
  "n_items_unknown": 805,
  "n_generations": 805,
  "samples_per_item": [
    1
  ],
  "all_rollouts": {
    "tokens": {
      "n": 805,
      "min": 2,
      "max": 6445,
      "mean": 1255.1503105590061,
      "std": 1862.3842885603124,
      "var": 3468475.238276301,
      "p10": 33,
      "p25": 97,
      "p50": 248,
      "p75": 953,
      "p90": 4776,
      "p95": 4964,
      "p99": 5249
    },
    "tokens_histogram": {
      "edges": [
        0,
        10,
        20,
        50,
        100,
        200,
        500,
        1000,
        2000,
        5000,
        10000,
        20000,
        40000
      ],
      "counts": [
        21,
        31,
        66,
        86,
        137,
        211,
        52,
        12,
        155,
        34,
        0,
        0
      ],
      "labels": [
        "[0,10)",
        "[10,20)",
        "[20,50)",
        "[50,100)",
        "[100,200)",
        "[200,500)",
        "[500,1000)",
        "[1000,2000)",
        "[2000,5000)",
        "[5000,10000)",
        "[10000,20000)",
        "[20000,40000)"
      ]
    },
    "tokens_raw": [
      173,
      3842,
      484,
      148,
      4168,
      498,
      74,
      65,
      194,
      4774,
      327,
      5001,
      248,
      508,
      226,
      169,
      173,
      117,
      4131,
      4121,
      4949,
      183,
      217,
      5700,
      4165,
      178,
      147,
      4154,
      234,
      2055,
      753,
      4576,
      390,
      191,
      30,
      4157,
      5059,
      437,
      249,
      419,
      4190,
      4113,
      5142,
      4115,
      4340,
      754,
      339,
      928,
      166,
      247,
      131,
      70,
      4971,
      87,
      4285,
      128,
      4206,
      4143,
      344,
      69,
      83,
      4946,
      72,
      5149,
      421,
      5038,
      5050,
      869,
      338,
      248,
      60,
      34,
      216,
      309,
      425,
      200,
      4957,
      4936,
      740,
      271,
      297,
      3444,
      4139,
      4269,
      500,
      5041,
      4930,
      4167,
      359,
      248,
      181,
      60,
      5069,
      41,
      345,
      504,
      4960,
      336,
      387,
      149,
      595,
      57,
      56,
      1419,
      1112,
      56,
      135,
      534,
      5006,
      248,
      194,
      184,
      47,
      9,
      172,
      73,
      462,
      5064,
      85,
      277,
      39,
      4246,
      80,
      362,
      241,
      86,
      95,
      309,
      79,
      493,
      83,
      60,
      152,
      199,
      285,
      200,
      455,
      393,
      291,
      398,
      220,
      432,
      129,
      4545,
      51,
      4175,
      4901,
      208,
      4485,
      193,
      4611,
      212,
      5053,
      157,
      4625,
      251,
      140,
      105,
      66,
      30,
      689,
      66,
      188,
      4982,
      4942,
      165,
      206,
      4941,
      9,
      120,
      346,
      4791,
      270,
      236,
      5170,
      4111,
      878,
      448,
      146,
      176,
      424,
      72,
      4093,
      639,
      5251,
      397,
      4150,
      141,
      2770,
      98,
      15,
      237,
      167,
      362,
      5115,
      12,
      4465,
      47,
      194,
      2,
      239,
      4219,
      1319,
      4433,
      211,
      279,
      235,
      54,
      5071,
      5108,
      19,
      300,
      45,
      238,
      19,
      4197,
      497,
      209,
      4587,
      184,
      675,
      536,
      131,
      382,
      46,
      40,
      4053,
      112,
      5675,
      150,
      284,
      194,
      4781,
      291,
      230,
      4163,
      165,
      4769,
      198,
      4941,
      157,
      1224,
      45,
      1183,
      1630,
      29,
      443,
      358,
      5290,
      19,
      188,
      125,
      165,
      309,
      233,
      184,
      4779,
      190,
      187,
      93,
      263,
      104,
      2,
      186,
      424,
      782,
      311,
      107,
      4270,
      1412,
      5099,
      340,
      152,
      331,
      110,
      177,
      4097,
      124,
      217,
      62,
      70,
      5053,
      4949,
      4854,
      5333,
      174,
      73,
      4163,
      294,
      4121,
      217,
      450,
      72,
      141,
      18,
      174,
      4909,
      180,
      328,
      72,
      277,
      103,
      350,
      26,
      273,
      26,
      731,
      101,
      731,
      776,
      334,
      57,
      411,
      191,
      61,
      5114,
      172,
      216,
      81,
      328,
      690,
      4011,
      412,
      434,
      631,
      5411,
      4859,
      4114,
      476,
      288,
      110,
      4688,
      12,
      10,
      540,
      229,
      10,
      148,
      45,
      59,
      28,
      933,
      42,
      539,
      4513,
      394,
      151,
      218,
      345,
      4223,
      4617,
      4731,
      384,
      286,
      764,
      180,
      21,
      260,
      329,
      129,
      420,
      1922,
      74,
      4295,
      4265,
      232,
      29,
      4824,
      205,
      941,
      8,
      21,
      247,
      30,
      403,
      33,
      186,
      229,
      500,
      568,
      57,
      149,
      493,
      102,
      4133,
      46,
      6,
      250,
      258,
      4571,
      184,
      129,
      4143,
      341,
      347,
      194,
      4099,
      2018,
      173,
      4722,
      177,
      310,
      357,
      395,
      38,
      236,
      286,
      93,
      26,
      77,
      762,
      329,
      123,
      434,
      4120,
      308,
      264,
      177,
      119,
      154,
      26,
      79,
      604,
      109,
      10,
      5249,
      369,
      179,
      766,
      4964,
      155,
      4562,
      39,
      4908,
      571,
      334,
      47,
      236,
      20,
      17,
      36,
      214,
      318,
      90,
      82,
      4118,
      39,
      175,
      52,
      178,
      263,
      1201,
      342,
      144,
      320,
      80,
      4135,
      51,
      11,
      119,
      68,
      71,
      397,
      120,
      327,
      4776,
      4997,
      430,
      4079,
      4862,
      5599,
      5121,
      108,
      111,
      4525,
      30,
      215,
      12,
      155,
      94,
      190,
      22,
      4281,
      4302,
      162,
      166,
      149,
      385,
      223,
      74,
      539,
      104,
      62,
      5,
      4765,
      4273,
      6445,
      422,
      100,
      402,
      4406,
      45,
      4600,
      223,
      93,
      92,
      72,
      177,
      252,
      14,
      4795,
      320,
      5026,
      36,
      4465,
      4184,
      170,
      330,
      4082,
      210,
      224,
      4812,
      196,
      4836,
      293,
      4778,
      4821,
      61,
      49,
      2,
      138,
      97,
      266,
      14,
      205,
      191,
      32,
      19,
      95,
      3339,
      19,
      4125,
      44,
      2,
      4943,
      4,
      80,
      156,
      196,
      45,
      693,
      365,
      63,
      99,
      62,
      202,
      4823,
      5103,
      201,
      352,
      214,
      953,
      311,
      79,
      4163,
      302,
      202,
      4141,
      301,
      230,
      52,
      28,
      4067,
      157,
      4822,
      3984,
      4804,
      22,
      48,
      26,
      1019,
      4944,
      64,
      305,
      321,
      197,
      469,
      320,
      67,
      374,
      240,
      314,
      322,
      611,
      909,
      242,
      302,
      17,
      4809,
      147,
      38,
      152,
      33,
      362,
      628,
      613,
      194,
      242,
      58,
      275,
      13,
      169,
      53,
      679,
      452,
