{
  "primary_metric": "pass_at_1",
  "n_items": 612,
  "n_items_correct": 8,
  "n_items_incorrect": 604,
  "n_items_unknown": 0,
  "n_generations": 612,
  "samples_per_item": [
    1
  ],
  "all_rollouts": {
    "tokens": {
      "n": 612,
      "min": 2,
      "max": 4307,
      "mean": 19.401960784313726,
      "std": 176.64924589305977,
      "var": 31204.9560745867,
      "p10": 2,
      "p25": 2,
      "p50": 3,
      "p75": 3,
      "p90": 37,
      "p95": 92,
      "p99": 141
    },
    "tokens_histogram": {
      "edges": [
        0,
        10,
        20,
        50,
        100,
        200,
        500,
        1000,
        2000,
        5000,
        10000,
        20000,
        40000
      ],
      "counts": [
        517,
        29,
        16,
        28,
        19,
        2,
        0,
        0,
        1,
        0,
        0,
        0
      ],
      "labels": [
        "[0,10)",
        "[10,20)",
        "[20,50)",
        "[50,100)",
        "[100,200)",
        "[200,500)",
        "[500,1000)",
        "[1000,2000)",
        "[2000,5000)",
        "[5000,10000)",
        "[10000,20000)",
        "[20000,40000)"
      ]
    },
    "tokens_raw": [
      2,
      3,
      3,
      2,
      2,
      3,
      10,
      2,
      10,
      2,
      92,
      3,
      2,
      3,
      112,
      2,
      71,
      2,
      2,
      2,
      3,
      2,
      2,
      2,
      2,
      2,
      2,
      3,
      37,
      3,
      3,
      47,
      3,
      2,
      2,
      3,
      98,
      2,
      39,
      2,
      3,
      41,
      2,
      2,
      3,
      3,
      3,
      40,
      3,
      2,
      3,
      92,
      3,
      3,
      2,
      2,
      130,
      2,
      3,
      2,
      3,
      2,
      3,
      3,
      113,
      2,
      2,
      3,
      3,
      3,
      2,
      45,
      2,
      84,
      2,
      3,
      95,
      3,
      141,
      3,
      170,
      2,
      90,
      2,
      2,
      2,
      3,
      39,
      3,
      3,
      132,
      2,
      3,
      2,
      139,
      3,
      431,
      2,
      55,
      77,
      83,
      3,
      3,
      28,
      2,
      3,
      2,
      78,
      2,
      2,
      152,
      2,
      2,
      2,
      3,
      3,
      3,
      2,
      2,
      3,
      3,
      2,
      137,
      2,
      3,
      92,
      3,
      3,
      2,
      3,
      2,
      2,
      83,
      3,
      2,
      3,
      3,
      2,
      2,
      2,
      2,
      3,
      2,
      101,
      77,
      2,
      2,
      2,
      3,
      95,
      2,
      3,
      3,
      2,
      2,
      2,
      224,
      3,
      3,
      179,
      3,
      2,
      49,
      3,
      3,
      2,
      2,
      103,
      37,
      3,
      3,
      2,
      124,
      2,
      2,
      2,
      2,
      2,
      2,
      2,
      2,
      2,
      64,
      3,
      2,
      78,
      2,
      2,
      2,
      2,
      2,
      3,
      2,
      2,
      3,
      3,
      2,
      2,
      3,
      3,
      2,
      10,
      2,
      3,
      2,
      3,
      3,
      3,
      3,
      3,
      2,
      2,
      2,
      3,
      10,
      2,
      3,
      3,
      3,
      2,
      2,
      10,
      2,
      3,
      4307,
      2,
      3,
      2,
      10,
      2,
      2,
      3,
      2,
      3,
      2,
      10,
      2,
      2,
      3,
      2,
      2,
      2,
      2,
      2,
      3,
      2,
      3,
      3,
      2,
      3,
      2,
      3,
      2,
      2,
      3,
      2,
      10,
      2,
      2,
      2,
      3,
      3,
      3,
      2,
      3,
      2,
      3,
      2,
      10,
      10,
      3,
      2,
      10,
      3,
      3,
      2,
      3,
      2,
      2,
      2,
      3,
      2,
      2,
      2,
      3,
      3,
      2,
      10,
      2,
      3,
      2,
      10,
      10,
      2,
      3,
      2,
      3,
      3,
      2,
      3,
      3,
      2,
      3,
      2,
      2,
      3,
      2,
      2,
      3,
      3,
      2,
      37,
      3,
      2,
      2,
      2,
      2,
      10,
      2,
      2,
      3,
      2,
      3,
      2,
      3,
      10,
      3,
      3,
      3,
      2,
      3,
      3,
      2,
      3,
      2,
      2,
      2,
      10,
      3,
      2,
      3,
      2,
      3,
      2,
      2,
      2,
      3,
      2,
      2,
      10,
      2,
      3,
      10,
      2,
      2,
      2,
      2,
      3,
      2,
      2,
      3,
      10,
      2,
      2,
      2,
      3,
      2,
      3,
      3,
      2,
      3,
      2,
      2,
      2,
      2,
      2,
      3,
      3,
      2,
      10,
      2,
      3,
      2,
      3,
      3,
      10,
      2,
      3,
      3,
      3,
      3,
      3,
      2,
      2,
      2,
      3,
      2,
      2,
      3,
      3,
      2,
      3,
      3,
      3,
      2,
      3,
      3,
      2,
      3,
      3,
      3,
      3,
      2,
      2,
      2,
      3,
      3,
      2,
      3,
      2,
      10,
      3,
      2,
      2,
      2,
      2,
      3,
      3,
      3,
      2,
      2,
      3,
      2,
      2,
      2,
      3,
      10,
      2,
      10,
      2,
      3,
      2,
      2,
      2,
      10,
      3,
      2,
      2,
      2,
      3,
      3,
      10,
      2,
      3,
      3,
      2,
      2,
      2,
      3,
      2,
      2,
      3,
      3,
      2,
      2,
      3,
      2,
      2,
      3,
      3,
      2,
      3,
      111,
      3,
      2,
      2,
      2,
      2,
      3,
      3,
      2,
      3,
      2,
      3,
      78,
      3,
      3,
      63,
      2,
      42,
      2,
      27,
      2,
      2,
      3,
      2,
      2,
      2,
      2,
      3,
      3,
      93,
      2,
      2,
      80,
      2,
      2,
      2,
      3,
      3,
      96,
      3,
      2,
      3,
      2,
      3,
      2,
      97,
      2,
      3,
      3,
      2,
      2,
      2,
      10,
      3,
      3,
      2,
      2,
      3,
      3,
      2,
      3,
      2,
      10,
      2,
      3,
      3,
      3,
      2,
      3,
      3,
      3,
      3,
      2,
      3,
      3,
      3,
      3,
      2,
      3,
      2,
      3,
      2,
      3,
      2,
      2,
      2,
      2,
      3,
      2,
      3,
      3,
      2,
      2,
      2,
      116,
      3,
      3,
      2,
      2,
      88,
      2,
      2,
      3,
      3,
      75,
      89,
      2,
      3,
      3,
      3,
      3,
      3,
      2,
      2,
      2,
      89,
      2,
      83,
      2,
      46,
      3,
      3,
      33,
      2,
      2,
      2,
      109,
      2,
      3,
      109,
      35,
      2,
      2,
      2,
      3,
      107,
      118,
      2,
      3,
      3
    ],
    "chars": {
      "n": 612,
      "min": 1,
      "max": 12169,
      "mean": 63.65522875816993,
      "std": 504.80805297506606,
      "var": 254831.17034847708,
      "p10": 1,
      "p25": 3,
      "p50": 10,
      "p75": 10,
      "p90": 118,
      "p95": 333,
      "p99": 566
    },
    "chars_histogram": {
      "edges": [
        0,
        50,
        100,
        250,
        500,
        1000,
        2500,
        5000,
        10000,
        25000,
        50000,
        100000,
        200000
      ],
      "counts": [
        546,
        1,
        16,
        39,
        8,
        1,
        0,
        0,
        1,
        0,
        0,
        0
      ],
      "labels": [
        "[0,50)",
        "[50,100)",
        "[100,250)",
        "[250,500)",
        "[500,1000)",
        "[1000,2500)",
        "[2500,5000)",
        "[5000,10000)",
        "[10000,25000)",
        "[25000,50000)",
        "[50000,100000)",
        "[100000,200000)"
      ]
    }
  },
  "correct_rollouts": {
    "tokens": {
      "n": 8,
      "min": 37,
      "max": 137,
      "mean": 86.625,
      "std": 28.29283257293267,
      "var": 800.484375,