{
  "primary_metric": "exact_match_flex",
  "n_items": 500,
  "n_items_correct": 171,
  "n_items_incorrect": 329,
  "n_items_unknown": 0,
  "n_generations": 500,
  "samples_per_item": [
    1
  ],
  "all_rollouts": {
    "tokens": {
      "n": 500,
      "min": 2,
      "max": 5043,
      "mean": 376.688,
      "std": 922.105589754232,
      "var": 850278.718656,
      "p10": 2,
      "p25": 20,
      "p50": 166,
      "p75": 260,
      "p90": 398,
      "p95": 2818,
      "p99": 4919
    },
    "tokens_histogram": {
      "edges": [
        0,
        10,
        20,
        50,
        100,
        200,
        500,
        1000,
        2000,
        5000,
        10000,
        20000,
        40000
      ],
      "counts": [
        98,
        26,
        42,
        24,
        105,
        169,
        6,
        2,
        27,
        1,
        0,
        0
      ],
      "labels": [
        "[0,10)",
        "[10,20)",
        "[20,50)",
        "[50,100)",
        "[100,200)",
        "[200,500)",
        "[500,1000)",
        "[1000,2000)",
        "[2000,5000)",
        "[5000,10000)",
        "[10000,20000)",
        "[20000,40000)"
      ]
    },
    "tokens_raw": [
      13,
      179,
      316,
      6,
      4293,
      132,
      2,
      243,
      248,
      80,
      2,
      178,
      2,
      137,
      143,
      500,
      133,
      19,
      17,
      261,
      280,
      224,
      446,
      6,
      6,
      377,
      89,
      8,
      164,
      4157,
      170,
      206,
      2,
      3802,
      387,
      314,
      7,
      4140,
      191,
      44,
      11,
      54,
      202,
      2818,
      280,
      268,
      314,
      409,
      176,
      143,
      2,
      223,
      38,
      18,
      2,
      132,
      7,
      153,
      187,
      230,
      170,
      346,
      26,
      319,
      120,
      2,
      41,
      215,
      2,
      343,
      295,
      2,
      195,
      239,
      45,
      2,
      164,
      112,
      331,
      2,
      59,
      2,
      31,
      167,
      6,
      151,
      2,
      211,
      335,
      330,
      82,
      139,
      179,
      7,
      119,
      906,
      120,
      2,
      177,
      327,
      2,
      226,
      173,
      111,
      28,
      2,
      2,
      2,
      98,
      34,
      211,
      276,
      144,
      249,
      246,
      2,
      202,
      184,
      38,
      22,
      58,
      192,
      6,
      3,
      259,
      217,
      175,
      214,
      2,
      3559,
      224,
      336,
      6,
      294,
      211,
      2,
      73,
      315,
      4189,
      45,
      38,
      86,
      6,
      5043,
      181,
      324,
      274,
      134,
      161,
      2,
      74,
      9,
      201,
      110,
      312,
      263,
      21,
      4919,
      365,
      274,
      7,
      10,
      337,
      223,
      10,
      20,
      272,
      164,
      7,
      4800,
      292,
      238,
      398,
      182,
      2,
      162,
      199,
      136,
      177,
      26,
      2,
      299,
      2,
      2077,
      94,
      138,
      186,
      6,
      33,
      128,
      254,
      111,
      411,
      6,
      110,
      294,
      2,
      20,
      2,
      2,
      457,
      245,
      18,
      534,
      18,
      452,
      339,
      7,
      2,
      458,
      221,
      13,
      291,
      77,
      8,
      260,
      2,
      2,
      210,
      10,
      13,
      2,
      21,
      263,
      294,
      56,
      2,
      15,
      54,
      2,
      166,
      2,
      236,
      308,
      205,
      194,
      158,
      362,
      2,
      203,
      165,
      247,
      405,
      17,
      6,
      615,
      2,
      476,
      413,
      145,
      366,
      4063,
      2,
      2,
      250,
      12,
      227,
      230,
      306,
      90,
      499,
      261,
      198,
      2,
      193,
      243,
      4,
      7,
      2,
      14,
      7,
      4,
      290,
      4117,
      11,
      170,
      247,
      2,
      180,
      36,
      350,
      9,
      1202,
      2257,
      48,
      211,
      131,
      4213,
      305,
      211,
      201,
      249,
      1805,
      259,
      300,
      57,
      36,
      15,
      381,
      153,
      74,
      10,
      2,
      190,
      191,
      307,
      15,
      2,
      119,
      206,
      4160,
      336,
      163,
      8,
      137,
      243,
      312,
      20,
      286,
      227,
      218,
      8,
      220,
      28,
      94,
      363,
      129,
      365,
      8,
      2,
      268,
      55,
      358,
      143,
      2,
      217,
      207,
      195,
      2,
      181,
      205,
      20,
      43,
      2,
      210,
      2,
      493,
      263,
      241,
      2,
      191,
      39,
      253,
      32,
      132,
      18,
      342,
      202,
      2,
      328,
      118,
      188,
      4948,
      2,
      312,
      2,
      199,
      155,
      238,
      4972,
      2,
      144,
      21,
      335,
      125,
      356,
      335,
      75,
      2,
      2,
      254,
      167,
      379,
      231,
      131,
      79,
      2,
      118,
      49,
      180,
      200,
      4059,
      99,
      323,
      146,
      161,
      215,
      184,
      2,
      22,
      205,
      104,
      373,
      2,
      2,
      130,
      2,
      30,
      21,
      422,
      243,
      3,
      187,
      15,
      26,
      3,
      193,
      219,
      419,
      325,
      362,
      108,
      22,
      4171,
      3820,
      139,
      343,
      4392,
      349,
      211,
      3,
      234,
      130,
      2,
      306,
      2,
      212,
      6,
      2,
      299,
      228,
      4088,
      20,
      206,
      43,
      21,
      373,
      206,
      2436,
      128,
      346,
      227,
      369,
      217,
      237,
      2,
      44,
      30,
      930,
      4154,
      21,
      66,
      4121,
      161,
      674,
      2,
      20,
      152,
      211,
      13,
      4988,
      180,
      183,
      4020,
      173,
      92,
      248,
      200,
      142,
      169,
      145,
      18,
      234,
      180,
      18,
      123,
      128,
      238,
      187,
      45,
      200,
      237,
      16,
      254,
      124,
      188,
      350,
      159,
      206,
      210
    ],
    "chars": {
      "n": 500,
      "min": 1,
      "max": 13396,
      "mean": 762.296,
      "std": 1541.8171747597053,
      "var": 2377200.200384,
      "p10": 9,
      "p25": 56,
      "p50": 470,
      "p75": 704,
      "p90": 1039,
      "p95": 4120,
      "p99": 9366
    },
    "chars_histogram": {
      "edges": [
        0,
        50,
        100,
        250,
        500,
        1000,
        2500,
        5000,
        10000,
        25000,
        50000,
        100000,
        200000
      ],
      "counts": [
        116,
        36,
        23,
        98,
        177,
        19,
        18,
        10,
        3,
        0,
        0,
        0
      ],
      "labels": [
        "[0,50)",
        "[50,100)",
        "[100,250)",
        "[250,500)",
        "[500,1000)",
        "[1000,2500)",
        "[2500,5000)",
        "[5000,10000)",
        "[10000,25000)",
        "[25000,50000)",
        "[50000,100000)",
        "[100000,200000)"
      ]
    }
  },
  "correct_rollouts": {
    "tokens": {
      "n": 171,
      "min": 6,
      "max": 4948,
      "mean": 227.8654970760234,
      "std": 380.21906509868626,
      "var": 144566.537464519,
      "p10": 18,
      "p25": 133,
      "p50": 206,
      "p75": 268,
      "p90": 346,
      "p95": 387,
      "p99": 674
    },
    "tokens_histogram": {
      "edges": [
        0,
        10,
        20,
        50,
        100,
        200,
        500,
        1000,
        2000,
        5000,
        10000,
        20000,
        40000
      ],