{
  "primary_metric": "length_controlled_winrate",
  "n_items": 805,
  "n_items_correct": 0,
  "n_items_incorrect": 0,
  "n_items_unknown": 805,
  "n_generations": 805,
  "samples_per_item": [
    1
  ],
  "all_rollouts": {
    "tokens": {
      "n": 805,
      "min": 2,
      "max": 5654,
      "mean": 609.1863354037267,
      "std": 1455.6482025210348,
      "var": 2118911.68950272,
      "p10": 2,
      "p25": 3,
      "p50": 21,
      "p75": 159,
      "p90": 4151,
      "p95": 4576,
      "p99": 4955
    },
    "tokens_histogram": {
      "edges": [
        0,
        10,
        20,
        50,
        100,
        200,
        500,
        1000,
        2000,
        5000,
        10000,
        20000,
        40000
      ],
      "counts": [
        297,
        92,
        114,
        58,
        67,
        66,
        10,
        2,
        92,
        7,
        0,
        0
      ],
      "labels": [
        "[0,10)",
        "[10,20)",
        "[20,50)",
        "[50,100)",
        "[100,200)",
        "[200,500)",
        "[500,1000)",
        "[1000,2000)",
        "[2000,5000)",
        "[5000,10000)",
        "[10000,20000)",
        "[20000,40000)"
      ]
    },
    "tokens_raw": [
      21,
      4,
      75,
      155,
      9,
      1708,
      40,
      28,
      3,
      401,
      50,
      16,
      746,
      123,
      12,
      4475,
      4151,
      118,
      4,
      4576,
      2,
      8,
      51,
      4955,
      7,
      139,
      7,
      5654,
      4951,
      11,
      4749,
      166,
      28,
      3,
      4174,
      4227,
      10,
      475,
      30,
      2,
      4650,
      119,
      4136,
      4702,
      323,
      2,
      4953,
      282,
      38,
      11,
      11,
      46,
      16,
      285,
      15,
      22,
      4161,
      280,
      292,
      70,
      393,
      186,
      209,
      3823,
      829,
      37,
      13,
      2,
      4123,
      135,
      2,
      15,
      9,
      2,
      14,
      31,
      2,
      3,
      29,
      49,
      188,
      12,
      61,
      24,
      2,
      2,
      3,
      43,
      2,
      262,
      16,
      10,
      4164,
      3,
      276,
      182,
      99,
      7,
      31,
      86,
      4229,
      9,
      4583,
      117,
      6,
      6,
      29,
      27,
      12,
      18,
      2,
      5,
      81,
      4147,
      20,
      5167,
      2,
      28,
      70,
      4359,
      13,
      32,
      24,
      9,
      328,
      4066,
      91,
      83,
      24,
      332,
      4,
      26,
      12,
      4197,
      4,
      10,
      3,
      284,
      113,
      962,
      180,
      161,
      46,
      23,
      3,
      234,
      2,
      854,
      29,
      97,
      55,
      334,
      12,
      2,
      4339,
      89,
      28,
      2,
      4577,
      2,
      420,
      4226,
      69,
      25,
      2,
      56,
      93,
      4740,
      2,
      47,
      4748,
      140,
      3,
      2,
      19,
      2,
      4,
      536,
      8,
      4,
      3,
      9,
      27,
      11,
      19,
      41,
      2,
      12,
      280,
      18,
      2,
      901,
      4133,
      36,
      10,
      29,
      2,
      11,
      25,
      4685,
      10,
      2,
      3,
      126,
      4935,
      4128,
      31,
      2,
      52,
      56,
      9,
      4277,
      33,
      114,
      6,
      9,
      4245,
      2,
      16,
      243,
      16,
      4,
      73,
      171,
      2,
      4770,
      251,
      57,
      4296,
      18,
      44,
      4590,
      11,
      6,
      2,
      2,
      4152,
      2,
      4155,
      2,
      29,
      261,
      77,
      4377,
      48,
      3,
      26,
      4151,
      2,
      4283,
      5,
      3,
      7,
      193,
      2,
      231,
      4956,
      2,
      35,
      2,
      55,
      16,
      56,
      2,
      2,
      14,
      35,
      5155,
      46,
      4,
      27,
      215,
      19,
      121,
      2,
      15,
      31,
      2,
      194,
      17,
      3,
      2,
      4,
      5,
      65,
      4213,
      3,
      83,
      344,
      4784,
      11,
      17,
      5,
      2,
      4649,
      4955,
      2,
      669,
      25,
      2,
      191,
      4,
      2,
      2,
      45,
      26,
      4,
      216,
      283,
      5,
      78,
      4117,
      2,
      147,
      3,
      24,
      173,
      4257,
      14,
      3,
      270,
      2,
      132,
      4131,
      454,
      30,
      7,
      41,
      2,
      202,
      2,
      3,
      4283,
      10,
      576,
      4145,
      2,
      167,
      3,
      53,
      4183,
      2,
      28,
      3,
      6,
      25,
      4159,
      188,
      4339,
      87,
      2,
      2,
      14,
      542,
      172,
      43,
      4627,
      233,
      190,
      2,
      14,
      5183,
      40,
      63,
      72,
      125,
      8,
      15,
      21,
      4,
      8,
      8,
      2,
      28,
      205,
      4615,
      2,
      20,
      4,
      2,
      36,
      115,
      2,
      318,
      35,
      11,
      17,
      5009,
      2,
      6,
      40,
      18,
      40,
      10,
      15,
      4141,
      8,
      205,
      230,
      4839,
      12,
      59,
      34,
      11,
      4710,
      218,
      70,
      4620,
      20,
      4262,
      3,
      205,
      11,
      18,
      15,
      3,
      212,
      299,
      28,
      8,
      45,
      4736,
      99,
      214,
      9,
      2,
      19,
      30,
      4845,
      11,
      2,
      4565,
      3,
      2,
      4,
      3,
      2,
      8,
      3,
      16,
      16,
      66,
      4259,
      103,
      4940,
      2,
      4772,
      74,
      58,
      4,
      292,
      2,
      30,
      271,
      170,
      3,
      250,
      2,
      7,
      14,
      34,
      10,
      5,
      52,
      223,
      4152,
      4418,
      164,
      2,
      3,
      5183,
      4726,
      121,
      2,
      2,
      45,
      2,
      15,
      2,
      2,
      21,
      14,
      2,
      4691,
      4,
      32,
      103,
      2,
      4039,
      2,
      159,
      2,
      57,
      4124,
      9,
      3,
      5105,
      12,
      16,
      15,
      2,
      3,
      6,
      2,
      2,
      3,
      21,
      24,
      15,
      12,
      17,
      103,
      205,
      2,
      4791,
      262,
      4,
      342,
      2,
      2,
      245,
      113,
      2,
      3,
      2,
      20,
      3,
      10,
      2,
      2,
      3,
      2,
      2,
      2,
      4165,
      2,
      2,
      2,
      2,
      6,
      60,
      2,
      4726,
      2,
      2,
      97,
      3,
      29,
      37,
      2,
      152,
      2,
      2,
      2,
      29,
      11,
      18,
      2,
      2,
      4,
      21,
      4,
      75,
      36,
      249,
      3,
      63,
      20,
      153,
      239,
      52,
      15,
      2,
      121,
      2,
      2,
      2,
      3,
      2,
      3,
      2,
      17,
      17,
      352,
      151,
      20,
      2,
      2,
      2,
      169,
      15,
      3,
      159,
      4469,
      3,
      33,
      2,
      24,
      4182,
      14,
      2,
      76,
      44,
      6,
      2,
      3,
      150,
      176,
      81,
      102,
      2,
      2,
      2,
      2,
      2,
      3,
      210,
      2,
      2,
      4360,
      6,
      2,
      2,
      6,
      2,
      3,
      63,
      3,
      18,
      2,
      30,
      13,
      34,
      2,
      2,
      2,
      33,
      2,
      4086,
      3,
      6,
      21,
      2,
      2,
      3,
      2,
      95,
      2,
      47,
      4000,
      4,
      23,
      2,
      43,
      3,
      2,
      2,
      2,
      13,
      176,
      16,
      2,
      2,
      14,
      158,
      21,
      90,
      10,
      6,
      38,
      55,
      2,
      2,
