{
  "primary_metric": "prompt_level_loose_acc",
  "n_items": 300,
  "n_items_correct": 144,
  "n_items_incorrect": 156,
  "n_items_unknown": 0,
  "n_generations": 300,
  "samples_per_item": [
    1
  ],
  "all_rollouts": {
    "tokens": {
      "n": 300,
      "min": 2,
      "max": 5859,
      "mean": 316.66,
      "std": 1121.8057011205935,
      "var": 1258448.0310666666,
      "p10": 2,
      "p25": 2,
      "p50": 8,
      "p75": 56,
      "p90": 244,
      "p95": 4218,
      "p99": 5425
    },
    "tokens_histogram": {
      "edges": [
        0,
        10,
        20,
        50,
        100,
        200,
        500,
        1000,
        2000,
        5000,
        10000,
        20000,
        40000
      ],
      "counts": [
        157,
        29,
        34,
        29,
        14,
        14,
        6,
        1,
        5,
        11,
        0,
        0
      ],
      "labels": [
        "[0,10)",
        "[10,20)",
        "[20,50)",
        "[50,100)",
        "[100,200)",
        "[200,500)",
        "[500,1000)",
        "[1000,2000)",
        "[2000,5000)",
        "[5000,10000)",
        "[10000,20000)",
        "[20000,40000)"
      ]
    },
    "tokens_raw": [
      24,
      24,
      19,
      19,
      7,
      6,
      3,
      20,
      13,
      27,
      28,
      4,
      96,
      65,
      4,
      3,
      3,
      4,
      14,
      42,
      6,
      14,
      38,
      14,
      99,
      19,
      105,
      6,
      106,
      105,
      76,
      5425,
      238,
      11,
      967,
      557,
      755,
      63,
      5019,
      5056,
      798,
      8,
      3,
      12,
      19,
      7,
      2,
      2,
      2,
      2,
      2,
      2,
      2,
      2,
      5297,
      4660,
      2,
      32,
      2,
      90,
      2,
      2,
      2,
      3,
      2,
      3,
      2,
      3,
      2,
      61,
      2,
      6,
      5,
      2,
      136,
      202,
      77,
      2,
      36,
      4892,
      11,
      7,
      3,
      23,
      2,
      3,
      17,
      2,
      2,
      2,
      2,
      2,
      50,
      99,
      2,
      34,
      9,
      17,
      26,
      65,
      2,
      3,
      2,
      2,
      3,
      2,
      190,
      5,
      213,
      5,
      147,
      3,
      5,
      62,
      362,
      11,
      20,
      103,
      5092,
      3,
      5071,
      3,
      13,
      563,
      5011,
      2,
      53,
      112,
      60,
      33,
      40,
      57,
      94,
      7,
      2,
      2,
      2,
      2,
      29,
      14,
      26,
      28,
      18,
      6,
      191,
      186,
      205,
      208,
      4,
      10,
      17,
      67,
      41,
      4127,
      58,
      38,
      9,
      14,
      123,
      4,
      4,
      6,
      4,
      12,
      4,
      9,
      2,
      2,
      2,
      2,
      7,
      3,
      2,
      2,
      2,
      78,
      429,
      25,
      6,
      63,
      273,
      5859,
      14,
      2,
      72,
      2,
      3,
      33,
      50,
      27,
      27,
      517,
      147,
      3,
      41,
      35,
      224,
      3,
      21,
      244,
      2,
      2,
      2,
      2,
      2,
      2,
      3,
      4,
      2,
      2,
      3,
      4362,
      3,
      3,
      2,
      2,
      2,
      5475,
      11,
      2,
      2,
      2,
      2,
      2,
      9,
      14,
      2,
      109,
      5097,
      4218,
      368,
      2,
      55,
      5,
      2,
      41,
      2,
      233,
      451,
      2,
      2,
      2,
      2,
      2,
      2,
      2,
      2,
      2,
      2,
      2,
      2,
      2,
      31,
      5155,
      3,
      2,
      2,
      2,
      3,
      2,
      4,
      3,
      56,
      34,
      5,
      85,
      67,
      4,
      2,
      25,
      59,
      9,
      2,
      2,
      120,
      46,
      285,
      1254,
      11,
      8,
      26,
      14,
      56,
      5,
      26,
      2,
      2,
      2,
      3,
      2,
      2,
      2,
      81,
      12,
      12,
      15,
      2,
      2,
      2,
      3
    ],
    "chars": {
      "n": 300,
      "min": 1,
      "max": 55910,
      "mean": 1173.7466666666667,
      "std": 4844.173642891932,
      "var": 23466018.28248889,
      "p10": 1,
      "p25": 5,
      "p50": 22,
      "p75": 198,
      "p90": 921,
      "p95": 10105,
      "p99": 22958
    },
    "chars_histogram": {
      "edges": [
        0,
        50,
        100,
        250,
        500,
        1000,
        2500,
        5000,
        10000,
        25000,
        50000,
        100000,
        200000
      ],
      "counts": [
        178,
        24,
        26,
        27,
        17,
        7,
        5,
        1,
        14,
        0,
        1,
        0
      ],
      "labels": [
        "[0,50)",
        "[50,100)",
        "[100,250)",
        "[250,500)",
        "[500,1000)",
        "[1000,2500)",
        "[2500,5000)",
        "[5000,10000)",
        "[10000,25000)",
        "[25000,50000)",
        "[50000,100000)",
        "[100000,200000)"
      ]
    }
  },
  "correct_rollouts": {
    "tokens": {
      "n": 144,
      "min": 2,
      "max": 5859,
      "mean": 192.625,
      "std": 871.2154574293829,
      "var": 759016.3732638889,
      "p10": 2,
      "p25": 2,
      "p50": 4,
      "p75": 28,
      "p90": 106,
      "p95": 451,
      "p99": 5425
    },
    "tokens_histogram": {
      "edges": [
        0,
        10,
        20,
        50,
        100,
        200,
        500,
        1000,
        2000,
        5000,
        10000,
        20000,
        40000
      ],
      "counts": [
        85,
        15,
        16,
        10,
        8,
        3,
        2,
        1,
        1,
        3,
        0,
        0
      ],
      "labels": [
        "[0,10)",
        "[10,20)",
        "[20,50)",
        "[50,100)",
        "[100,200)",
        "[200,500)",
        "[500,1000)",
        "[1000,2000)",
        "[2000,5000)",
        "[5000,10000)",
        "[10000,20000)",
        "[20000,40000)"
      ]
    },
    "tokens_raw": [
      24,
      24,
      19,
      19,
      3,
      13,
      4,
      14,
      42,
      6,
      14,
      99,
      105,
      6,
      106,
      105,
      5425,
      11,
      967,
      798,
      2,
      2,
      2,
      2,
      2,
      5297,
      2,
      2,
      61,
      2,
      2,
      77,
      2,
      23,
      17,
      2,
      2,
      2,
      26,
      2,
      3,
      2,
      3,
      190,
      5,
      5,
      5,
      62,
      11,
      20,
      103,
      53,
      112,
      60,
      33,
      40,
      57,
      94,
      7,
      29,
      14,
      26,
      28,
      18,
      186,
      38,
      9,
      4,
      4,
      4,
      12,
      4,
      3,
      2,
      2,
      2,
      429,
      25,
      6,
      5859,
      14,
      2,
      2,
      3,
      50,
      27,
      2,
      2,
      2,
      2,
      2,
      3,
      4,
      2,
      2,
      3,
      4362,
      2,
      2,
      2,
      2,
      2,
      2,
      2,
      9,
      2,
      2,
      5,
      41,
      233,
      451,
      2,
      2,
      2,
      2,
      2,
      2,
      2,
      2,
      2,
      31,
      3,
      2,
      2,
      3,
      4,
      5,
      4,
      2,
      9,
      120,
      1254,
      3,
      2,
      2,
      2,
      81,
      12,
      12,
      15,
      2,
      2,
      2,
      3
    ],
    "chars": {
      "n": 144,
      "min": 1,
      "max": 22310,
      "mean": 544.7152777777778,
      "std": 2461.771140479944,
      "var": 6060317.148099923,
      "p10": 1,
      "p25": 4,
      "p50": 10,
      "p75": 108,
      "p90": 458,
      "p95": 1352,
      "p99": 12459
    },