{
  "primary_metric": "length_controlled_winrate",
  "n_items": 805,
  "n_items_correct": 0,
  "n_items_incorrect": 0,
  "n_items_unknown": 805,
  "n_generations": 805,
  "samples_per_item": [
    1
  ],
  "all_rollouts": {
    "tokens": {
      "n": 805,
      "min": 4,
      "max": 6892,
      "mean": 2536.874534161491,
      "std": 2252.703177379642,
      "var": 5074671.605376336,
      "p10": 62,
      "p25": 204,
      "p50": 4013,
      "p75": 4798,
      "p90": 5045,
      "p95": 5130,
      "p99": 5712
    },
    "tokens_histogram": {
      "edges": [
        0,
        10,
        20,
        50,
        100,
        200,
        500,
        1000,
        2000,
        5000,
        10000,
        20000,
        40000
      ],
      "counts": [
        7,
        6,
        45,
        62,
        78,
        143,
        40,
        13,
        306,
        105,
        0,
        0
      ],
      "labels": [
        "[0,10)",
        "[10,20)",
        "[20,50)",
        "[50,100)",
        "[100,200)",
        "[200,500)",
        "[500,1000)",
        "[1000,2000)",
        "[2000,5000)",
        "[5000,10000)",
        "[10000,20000)",
        "[20000,40000)"
      ]
    },
    "tokens_raw": [
      152,
      2095,
      188,
      4828,
      174,
      5158,
      4135,
      4954,
      5000,
      4944,
      90,
      242,
      5092,
      4551,
      5036,
      176,
      5102,
      5059,
      4282,
      4495,
      4738,
      249,
      264,
      322,
      70,
      66,
      32,
      5066,
      4565,
      223,
      4179,
      5070,
      499,
      4571,
      41,
      4173,
      461,
      99,
      976,
      4362,
      37,
      4174,
      4164,
      1511,
      216,
      4153,
      5029,
      4123,
      110,
      4366,
      414,
      403,
      4960,
      149,
      407,
      442,
      5151,
      4882,
      4121,
      4166,
      4485,
      5134,
      293,
      5121,
      5049,
      4348,
      538,
      4306,
      4496,
      4734,
      179,
      47,
      4425,
      42,
      4953,
      5041,
      4198,
      4132,
      50,
      88,
      4890,
      749,
      4155,
      4815,
      193,
      4913,
      4547,
      5043,
      70,
      507,
      579,
      179,
      4088,
      22,
      545,
      4601,
      4966,
      244,
      4224,
      4123,
      4969,
      58,
      53,
      5061,
      4972,
      191,
      5005,
      560,
      379,
      4739,
      226,
      4944,
      4244,
      5081,
      42,
      4908,
      4941,
      46,
      149,
      4317,
      83,
      170,
      66,
      4257,
      4941,
      84,
      4155,
      4940,
      152,
      677,
      4922,
      4705,
      4578,
      346,
      4466,
      4817,
      4190,
      4327,
      4775,
      4818,
      5763,
      864,
      202,
      262,
      140,
      4928,
      245,
      508,
      274,
      203,
      122,
      159,
      4994,
      4575,
      4143,
      43,
      750,
      146,
      47,
      138,
      112,
      56,
      4424,
      5793,
      44,
      4609,
      356,
      4114,
      4247,
      297,
      525,
      620,
      186,
      105,
      5038,
      91,
      4831,
      892,
      4201,
      4750,
      4013,
      4787,
      4112,
      5141,
      4572,
      488,
      481,
      351,
      5212,
      4204,
      8,
      4384,
      5128,
      4801,
      5059,
      30,
      4606,
      61,
      4094,
      5032,
      4995,
      4387,
      286,
      366,
      4779,
      4153,
      233,
      59,
      4163,
      4625,
      71,
      71,
      46,
      5386,
      11,
      4956,
      4817,
      201,
      263,
      306,
      161,
      560,
      4546,
      4929,
      283,
      94,
      4518,
      149,
      4869,
      251,
      171,
      4486,
      4277,
      4187,
      192,
      5034,
      231,
      4523,
      5373,
      4927,
      5328,
      4480,
      4844,
      5272,
      204,
      84,
      4140,
      492,
      2564,
      54,
      4092,
      4469,
      273,
      1723,
      4380,
      4733,
      340,
      332,
      427,
      170,
      446,
      4994,
      4,
      556,
      74,
      4951,
      277,
      5141,
      117,
      4923,
      262,
      426,
      630,
      26,
      4508,
      290,
      5027,
      378,
      5157,
      890,
      117,
      4422,
      509,
      5287,
      5059,
      5188,
      45,
      4971,
      4960,
      5129,
      4510,
      426,
      90,
      114,
      4759,
      5691,
      49,
      4811,
      4751,
      153,
      4972,
      349,
      265,
      4262,
      3728,
      4659,
      369,
      4305,
      5712,
      4153,
      4491,
      96,
      5096,
      4656,
      403,
      223,
      4145,
      63,
      4162,
      4994,
      5158,
      299,
      4270,
      342,
      4738,
      5149,
      5047,
      5147,
      530,
      352,
      4515,
      5130,
      12,
      8,
      5154,
      4341,
      4632,
      104,
      4300,
      5037,
      4672,
      4537,
      4793,
      5027,
      4987,
      313,
      4735,
      430,
      26,
      66,
      88,
      4838,
      4160,
      296,
      4939,
      393,
      4589,
      366,
      4346,
      204,
      5130,
      6892,
      7,
      4376,
      145,
      229,
      140,
      4752,
      413,
      454,
      5005,
      21,
      4658,
      172,
      4163,
      1345,
      4850,
      77,
      4937,
      587,
      205,
      413,
      4784,
      4975,
      4751,
      79,
      147,
      880,
      5013,
      50,
      4148,
      131,
      4299,
      4156,
      431,
      4776,
      5003,
      255,
      292,
      4927,
      79,
      187,
      5068,
      247,
      59,
      4920,
      332,
      4136,
      4960,
      72,
      993,
      248,
      265,
      1238,
      5066,
      4355,
      246,
      569,
      4124,
      34,
      4610,
      5027,
      132,
      4806,
      4172,
      4153,
      393,
      4730,
      4643,
      429,
      81,
      218,
      153,
      4123,
      1589,
      5026,
      37,
      5047,
      126,
      4944,
      52,
      4143,
      5077,
      193,
      5207,
      128,
      52,
      184,
      3921,
      302,
      516,
      456,
      135,
      5105,
      184,
      160,
      6065,
      261,
      17,
      212,
      5099,
      110,
      4959,
      5137,
      813,
      209,
      4918,
      623,
      4682,
      413,
      4922,
      4412,
      139,
      38,
      231,
      31,
      231,
      9,
      111,
      102,
      4321,
      2360,
      4634,
      173,
      2557,
      4669,
      4769,
      4511,
      285,
      74,
      5020,
      361,
      101,
      14,
      4787,
      4584,
      430,
      1032,
      4713,
      493,
      101,
      120,
      4247,
      4537,
      262,
      4188,
      207,
      4798,
      1090,
      46,
      110,
      256,
      432,
      67,
      419,
      4860,
      5067,
      4417,
      4958,
      616,
      185,
      4697,
      4606,
      4398,
      3887,
      150,
      4821,
      45,
      4105,
      5596,
      260,
      4133,
      337,
      296,
      5036,
      348,
      4130,
      4735,
      361,
      4936,
      4571,
      5053,
      62,
      4929,
      4941,
      53,
      556,
      4952,
      5058,
      4864,
      4865,
      305,
      4569,
      4888,
      119,
      259,
      4598,
      5144,
      4936,
      528,
      343,
      684,
      4677,
      358,
      5090,
      306,
      4993,
      58,
      4976,
      4532,
      103,
      59,
      4962,
      177,
      475,
      4081,
      5110,
      4257,
      5142,
      5023,
      734,
      1399,
      5090,
      5505,
      5154,
      190,
      304,
      316,
      50,
      4944,
      4747,
      5165,
      130,
      4440,
