{
  "primary_metric": "length_controlled_winrate",
  "n_items": 805,
  "n_items_correct": 0,
  "n_items_incorrect": 0,
  "n_items_unknown": 805,
  "n_generations": 805,
  "samples_per_item": [
    1
  ],
  "all_rollouts": {
    "tokens": {
      "n": 805,
      "min": 2,
      "max": 5468,
      "mean": 401.055900621118,
      "std": 968.3192279976181,
      "var": 937642.1273099032,
      "p10": 2,
      "p25": 12,
      "p50": 148,
      "p75": 311,
      "p90": 595,
      "p95": 1376,
      "p99": 5095
    },
    "tokens_histogram": {
      "edges": [
        0,
        10,
        20,
        50,
        100,
        200,
        500,
        1000,
        2000,
        5000,
        10000,
        20000,
        40000
      ],
      "counts": [
        191,
        25,
        68,
        64,
        128,
        219,
        58,
        13,
        27,
        12,
        0,
        0
      ],
      "labels": [
        "[0,10)",
        "[10,20)",
        "[20,50)",
        "[50,100)",
        "[100,200)",
        "[200,500)",
        "[500,1000)",
        "[1000,2000)",
        "[2000,5000)",
        "[5000,10000)",
        "[10000,20000)",
        "[20000,40000)"
      ]
    },
    "tokens_raw": [
      153,
      269,
      660,
      3,
      206,
      5095,
      26,
      269,
      320,
      417,
      141,
      194,
      452,
      3,
      172,
      651,
      188,
      1072,
      54,
      1132,
      204,
      169,
      161,
      208,
      13,
      150,
      72,
      679,
      170,
      161,
      28,
      913,
      268,
      181,
      36,
      90,
      474,
      51,
      625,
      4169,
      41,
      257,
      292,
      56,
      315,
      444,
      230,
      609,
      72,
      274,
      33,
      125,
      329,
      319,
      249,
      3,
      1076,
      374,
      390,
      92,
      54,
      341,
      316,
      490,
      4116,
      186,
      345,
      2,
      272,
      325,
      82,
      36,
      216,
      262,
      159,
      249,
      4064,
      4090,
      4,
      1144,
      192,
      153,
      378,
      471,
      223,
      347,
      575,
      4188,
      68,
      667,
      329,
      7,
      4840,
      25,
      577,
      386,
      177,
      49,
      430,
      157,
      895,
      48,
      69,
      386,
      802,
      58,
      243,
      388,
      183,
      128,
      3,
      287,
      61,
      23,
      162,
      932,
      3977,
      675,
      64,
      453,
      20,
      50,
      109,
      202,
      457,
      56,
      257,
      242,
      111,
      324,
      214,
      158,
      211,
      214,
      212,
      10,
      624,
      160,
      4141,
      397,
      5057,
      252,
      154,
      4,
      6,
      609,
      116,
      3,
      5123,
      275,
      107,
      310,
      10,
      2,
      1224,
      200,
      2,
      69,
      2,
      24,
      4267,
      4,
      327,
      3,
      3,
      3,
      384,
      147,
      25,
      2,
      2,
      4163,
      4888,
      37,
      33,
      167,
      5056,
      218,
      21,
      109,
      366,
      164,
      242,
      233,
      3,
      441,
      193,
      120,
      5386,
      18,
      2,
      245,
      249,
      2,
      584,
      30,
      3,
      62,
      146,
      3,
      217,
      2,
      94,
      2,
      526,
      300,
      246,
      39,
      938,
      116,
      27,
      110,
      210,
      512,
      22,
      180,
      345,
      126,
      125,
      259,
      146,
      2,
      68,
      298,
      276,
      47,
      207,
      136,
      4217,
      125,
      3,
      60,
      123,
      305,
      292,
      4178,
      272,
      3,
      552,
      256,
      4147,
      44,
      118,
      4953,
      149,
      15,
      475,
      265,
      2,
      53,
      3,
      3,
      372,
      223,
      174,
      278,
      246,
      262,
      230,
      57,
      3,
      70,
      2,
      506,
      422,
      1070,
      31,
      66,
      222,
      735,
      352,
      3,
      148,
      4,
      43,
      271,
      411,
      165,
      187,
      2,
      264,
      463,
      6,
      376,
      5468,
      164,
      88,
      234,
      333,
      1214,
      234,
      651,
      52,
      102,
      18,
      244,
      3,
      26,
      365,
      74,
      416,
      278,
      177,
      3,
      500,
      7,
      2,
      107,
      267,
      865,
      434,
      170,
      550,
      268,
      47,
      549,
      191,
      46,
      89,
      2,
      427,
      4,
      328,
      345,
      10,
      382,
      3,
      169,
      2,
      144,
      161,
      2,
      44,
      10,
      346,
      2,
      3,
      302,
      32,
      38,
      35,
      507,
      3,
      443,
      515,
      3,
      89,
      212,
      2,
      3,
      2,
      4158,
      131,
      385,
      328,
      200,
      80,
      317,
      194,
      146,
      3,
      1016,
      35,
      284,
      536,
      209,
      21,
      208,
      368,
      1152,
      8,
      11,
      403,
      30,
      484,
      68,
      17,
      227,
      358,
      3,
      234,
      108,
      311,
      373,
      261,
      39,
      172,
      203,
      289,
      15,
      2,
      118,
      384,
      501,
      363,
      187,
      4964,
      5135,
      2,
      321,
      377,
      293,
      93,
      183,
      41,
      305,
      239,
      63,
      21,
      76,
      631,
      134,
      84,
      366,
      203,
      2,
      32,
      168,
      140,
      74,
      34,
      169,
      1121,
      94,
      14,
      2217,
      3,
      111,
      520,
      234,
      73,
      3,
      186,
      248,
      339,
      503,
      48,
      231,
      8,
      7,
      25,
      184,
      325,
      103,
      229,
      33,
      96,
      194,
      74,
      273,
      4489,
      538,
      315,
      195,
      556,
      180,
      341,
      3,
      15,
      439,
      205,
      66,
      23,
      201,
      292,
      109,
      33,
      200,
      2,
      2,
      359,
      2,
      83,
      3,
      2,
      31,
      2,
      11,
      165,
      2,
      3,
      3,
      3,
      4,
      2,
      72,
      176,
      3,
      120,
      3,
      419,
      115,
      2,
      2,
      3,
      7,
      295,
      99,
      3,
      519,
      5,
      92,
      5106,
      3,
      2,
      100,
      50,
      223,
      3,
      3,
      53,
      179,
      2,
      2,
      2,
      289,
      146,
      194,
      275,
      219,
      417,
      326,
      148,
      2,
      595,
      2,
      4,
      57,
      4725,
      366,
      194,
      3,
      203,
      62,
      3,
      152,
      30,
      20,
      2,
      3,
      3,
      2,
      75,
      4,
      3,
      3,
      3,
      167,
      144,
      2,
      416,
      370,
      98,
      2,
      60,
      2,
      3,
      353,
      284,
      696,
      307,
      354,
      3,
      124,
      2,
      3,
      136,
      2,
      3,
      29,
      2,
      2,
      2,
      3,
      2,
      2,
      4143,
      337,
      2,
      2,
      768,
      545,
      16,
      440,
      148,
      147,
      356,
      249,
      2,
      260,
      629,
      180,
      231,
      206,
      112,
      6,
      2,
      3,
      3,
      572,
      36,
      219,
      42,
      457,
      624,
      294,
      165,
      3,
      3,
      3,
      3,
      220,
      22,
      738,
      447,
      2,
      31,
      386,
      2,
      166,
      30,
      182,
      131,
      2,
      3,
      4,
      2,
      3,
      27,
      6,
      2,
      8,
      38,
      114,
      3,
      2,
      57,
      36,
      21,
      2,
      3,
      88,
      3,
      2,
      168,
      2,
      173,
      217,
      40,
      3,
      268,
