{
  "primary_metric": "length_controlled_winrate",
  "n_items": 805,
  "n_items_correct": 0,
  "n_items_incorrect": 0,
  "n_items_unknown": 805,
  "n_generations": 805,
  "samples_per_item": [
    1
  ],
  "all_rollouts": {
    "tokens": {
      "n": 805,
      "min": 2,
      "max": 5709,
      "mean": 540.4869565217391,
      "std": 1204.93679178209,
      "var": 1451872.672190116,
      "p10": 18,
      "p25": 59,
      "p50": 173,
      "p75": 316,
      "p90": 795,
      "p95": 4494,
      "p99": 5124
    },
    "tokens_histogram": {
      "edges": [
        0,
        10,
        20,
        50,
        100,
        200,
        500,
        1000,
        2000,
        5000,
        10000,
        20000,
        40000
      ],
      "counts": [
        32,
        50,
        101,
        91,
        179,
        240,
        43,
        7,
        43,
        19,
        0,
        0
      ],
      "labels": [
        "[0,10)",
        "[10,20)",
        "[20,50)",
        "[50,100)",
        "[100,200)",
        "[200,500)",
        "[500,1000)",
        "[1000,2000)",
        "[2000,5000)",
        "[5000,10000)",
        "[10000,20000)",
        "[20000,40000)"
      ]
    },
    "tokens_raw": [
      188,
      371,
      357,
      795,
      285,
      146,
      36,
      53,
      214,
      442,
      194,
      275,
      492,
      207,
      131,
      203,
      178,
      388,
      173,
      1024,
      164,
      157,
      61,
      4187,
      12,
      122,
      28,
      475,
      341,
      289,
      641,
      794,
      360,
      189,
      30,
      219,
      430,
      303,
      499,
      5064,
      35,
      161,
      312,
      52,
      108,
      5134,
      352,
      4626,
      61,
      4077,
      15,
      18,
      646,
      33,
      223,
      260,
      393,
      359,
      375,
      104,
      4826,
      309,
      659,
      363,
      407,
      199,
      468,
      866,
      137,
      203,
      58,
      16,
      166,
      162,
      161,
      302,
      264,
      4196,
      59,
      891,
      145,
      552,
      606,
      202,
      166,
      425,
      666,
      5061,
      62,
      346,
      245,
      59,
      4199,
      35,
      657,
      508,
      322,
      9,
      142,
      155,
      4952,
      63,
      39,
      490,
      331,
      49,
      276,
      597,
      259,
      133,
      140,
      273,
      142,
      10,
      262,
      4721,
      476,
      332,
      66,
      146,
      18,
      80,
      59,
      222,
      423,
      42,
      236,
      4807,
      107,
      798,
      153,
      83,
      177,
      42,
      162,
      52,
      261,
      225,
      4291,
      488,
      4630,
      156,
      76,
      197,
      48,
      365,
      123,
      171,
      5157,
      296,
      12,
      341,
      164,
      4033,
      255,
      102,
      476,
      78,
      46,
      11,
      4685,
      32,
      242,
      183,
      5,
      117,
      426,
      51,
      15,
      47,
      437,
      241,
      159,
      34,
      99,
      108,
      854,
      5030,
      30,
      154,
      317,
      130,
      4763,
      4683,
      40,
      265,
      630,
      223,
      5709,
      532,
      4,
      206,
      150,
      4182,
      367,
      14,
      314,
      49,
      150,
      2,
      140,
      233,
      105,
      462,
      462,
      196,
      129,
      21,
      1199,
      4809,
      13,
      95,
      251,
      340,
      8,
      172,
      795,
      125,
      121,
      199,
      131,
      5080,
      94,
      206,
      190,
      58,
      175,
      117,
      5057,
      172,
      49,
      5043,
      7,
      231,
      74,
      5144,
      280,
      123,
      213,
      246,
      5124,
      629,
      278,
      471,
      117,
      17,
      524,
      338,
      211,
      25,
      210,
      36,
      1100,
      852,
      77,
      3737,
      259,
      220,
      52,
      21,
      219,
      52,
      2,
      209,
      253,
      858,
      22,
      247,
      186,
      429,
      397,
      317,
      239,
      99,
      74,
      180,
      146,
      72,
      126,
      296,
      303,
      511,
      122,
      395,
      1961,
      133,
      103,
      225,
      311,
      1042,
      296,
      29,
      4125,
      45,
      71,
      208,
      13,
      211,
      299,
      60,
      432,
      103,
      147,
      44,
      429,
      4980,
      508,
      78,
      257,
      269,
      421,
      45,
      479,
      181,
      46,
      131,
      5093,
      80,
      168,
      195,
      267,
      287,
      300,
      161,
      394,
      4189,
      195,
      75,
      660,
      277,
      147,
      570,
      14,
      10,
      290,
      187,
      403,
      225,
      28,
      16,
      30,
      561,
      16,
      4734,
      408,
      149,
      157,
      192,
      4665,
      24,
      20,
      252,
      234,
      180,
      272,
      4427,
      201,
      285,
      271,
      140,
      911,
      5707,
      7,
      258,
      225,
      285,
      58,
      93,
      43,
      4314,
      8,
      24,
      5362,
      33,
      466,
      72,
      19,
      202,
      292,
      480,
      170,
      200,
      188,
      197,
      274,
      39,
      99,
      166,
      362,
      9,
      12,
      44,
      141,
      4589,
      126,
      136,
      94,
      347,
      49,
      4770,
      217,
      358,
      53,
      59,
      37,
      176,
      187,
      191,
      28,
      191,
      522,
      193,
      96,
      324,
      4946,
      247,
      161,
      264,
      236,
      45,
      12,
      154,
      272,
      40,
      13,
      711,
      360,
      150,
      4766,
      137,
      76,
      179,
      124,
      35,
      5341,
      181,
      107,
      262,
      9,
      11,
      33,
      242,
      219,
      117,
      38,
      931,
      39,
      74,
      34,
      171,
      5029,
      509,
      359,
      168,
      231,
      163,
      444,
      42,
      15,
      159,
      173,
      63,
      180,
      519,
      228,
      104,
      14,
      24,
      56,
      33,
      429,
      84,
      81,
      18,
      67,
      31,
      57,
      39,
      120,
      81,
      192,
      64,
      26,
      40,
      145,
      40,
      246,
      121,
      64,
      12,
      130,
      106,
      81,
      50,
      5,
      5,
      227,
      207,
      81,
      395,
      89,
      42,
      345,
      179,
      35,
      79,
      60,
      136,
      349,
      7,
      59,
      198,
      204,
      36,
      136,
      316,
      207,
      200,
      257,
      140,
      212,
      4805,
      172,
      73,
      117,
      45,
      125,
      14,
      14,
      829,
      210,
      70,
      252,
      105,
      69,
      121,
      33,
      8,
      12,
      164,
      15,
      81,
      49,
      120,
      4142,
      12,
      119,
      159,
      80,
      28,
      422,
      344,
      15,
      4681,
      63,
      49,
      136,
      4494,
      234,
      262,
      376,
      595,
      228,
      65,
      37,
      186,
      222,
      218,
      152,
      222,
      94,
      162,
      204,
      157,
      440,
      235,
      442,
      352,
      80,
      5037,
      478,
      375,
      223,
      308,
      5149,
      142,
      316,
      147,
      47,
      214,
      150,
      37,
      204,
      263,
      121,
      121,
      156,
      13,
      10,
      38,
      29,
      304,
      49,
      201,
      468,
      386,
      164,
      59,
      26,
      206,
      75,
      184,
      13,
      107,
      298,
      183,
      269,
      24,
      45,
      89,
      21,
      184,
      69,
      6,
      52,
      13,
      47,
      20,
      20,
      38,
