{
  "primary_metric": "length_controlled_winrate",
  "n_items": 805,
  "n_items_correct": 0,
  "n_items_incorrect": 0,
  "n_items_unknown": 805,
  "n_generations": 805,
  "samples_per_item": [
    1
  ],
  "all_rollouts": {
    "tokens": {
      "n": 805,
      "min": 2,
      "max": 5869,
      "mean": 978.7540372670808,
      "std": 1763.49529944918,
      "var": 3109915.671179353,
      "p10": 2,
      "p25": 8,
      "p50": 80,
      "p75": 397,
      "p90": 4432,
      "p95": 4850,
      "p99": 5170
    },
    "tokens_histogram": {
      "edges": [
        0,
        10,
        20,
        50,
        100,
        200,
        500,
        1000,
        2000,
        5000,
        10000,
        20000,
        40000
      ],
      "counts": [
        210,
        67,
        91,
        55,
        90,
        108,
        21,
        5,
        141,
        17,
        0,
        0
      ],
      "labels": [
        "[0,10)",
        "[10,20)",
        "[20,50)",
        "[50,100)",
        "[100,200)",
        "[200,500)",
        "[500,1000)",
        "[1000,2000)",
        "[2000,5000)",
        "[5000,10000)",
        "[10000,20000)",
        "[20000,40000)"
      ]
    },
    "tokens_raw": [
      4943,
      4170,
      4145,
      4635,
      36,
      4792,
      31,
      37,
      170,
      4188,
      303,
      16,
      4091,
      12,
      108,
      10,
      241,
      43,
      4142,
      1024,
      12,
      14,
      2,
      4644,
      5007,
      4501,
      4154,
      220,
      19,
      5262,
      9,
      19,
      4524,
      161,
      30,
      4056,
      4228,
      2,
      30,
      21,
      4124,
      104,
      2,
      4314,
      621,
      496,
      4775,
      4086,
      11,
      116,
      11,
      67,
      404,
      2,
      4149,
      4140,
      4961,
      227,
      5170,
      12,
      4053,
      571,
      702,
      244,
      27,
      106,
      4983,
      4243,
      203,
      6,
      6,
      4227,
      139,
      45,
      2,
      23,
      604,
      2,
      154,
      26,
      153,
      26,
      4339,
      4256,
      2,
      5007,
      5170,
      4851,
      268,
      4950,
      15,
      4590,
      23,
      2,
      3835,
      223,
      28,
      173,
      13,
      4789,
      4130,
      9,
      4451,
      385,
      483,
      4388,
      85,
      28,
      202,
      4165,
      200,
      244,
      45,
      4903,
      4246,
      465,
      4907,
      59,
      88,
      122,
      4536,
      42,
      59,
      4,
      911,
      26,
      4147,
      155,
      4151,
      431,
      259,
      355,
      223,
      56,
      2,
      11,
      4577,
      4198,
      4716,
      604,
      126,
      2,
      48,
      23,
      35,
      4143,
      123,
      2,
      4140,
      186,
      2,
      2,
      11,
      2,
      385,
      89,
      725,
      2,
      15,
      2,
      4755,
      9,
      4100,
      23,
      4,
      163,
      16,
      4907,
      4082,
      2,
      12,
      5545,
      52,
      2,
      19,
      96,
      4271,
      300,
      4172,
      5065,
      5869,
      8,
      248,
      3,
      17,
      40,
      4117,
      365,
      280,
      4179,
      2,
      179,
      444,
      26,
      560,
      40,
      4699,
      10,
      149,
      6,
      127,
      4378,
      29,
      3,
      4230,
      199,
      4956,
      5,
      4907,
      55,
      50,
      5140,
      55,
      28,
      49,
      4123,
      4154,
      2,
      132,
      31,
      16,
      2,
      51,
      230,
      4592,
      59,
      226,
      4910,
      5297,
      18,
      163,
      12,
      12,
      4590,
      134,
      4128,
      12,
      2,
      5064,
      248,
      4177,
      4232,
      222,
      4743,
      4901,
      4136,
      330,
      4664,
      2,
      2,
      2,
      142,
      7,
      4599,
      2,
      4,
      1017,
      32,
      155,
      2,
      14,
      16,
      2,
      269,
      4125,
      720,
      15,
      296,
      153,
      2,
      4129,
      410,
      201,
      4,
      4280,
      210,
      4136,
      3,
      235,
      24,
      4,
      246,
      10,
      414,
      5298,
      387,
      101,
      85,
      98,
      815,
      266,
      37,
      4775,
      85,
      18,
      53,
      12,
      181,
      25,
      21,
      196,
      4559,
      41,
      2,
      368,
      26,
      4,
      24,
      328,
      221,
      389,
      4560,
      4,
      159,
      170,
      170,
      83,
      45,
      1045,
      8,
      290,
      8,
      4,
      265,
      4894,
      194,
      7,
      67,
      95,
      196,
      4,
      4850,
      11,
      2,
      4195,
      225,
      2,
      67,
      3,
      2,
      10,
      130,
      29,
      390,
      4771,
      4336,
      167,
      142,
      20,
      87,
      4033,
      2,
      4536,
      3,
      418,
      170,
      205,
      325,
      253,
      93,
      4292,
      393,
      62,
      4150,
      72,
      320,
      8,
      32,
      4280,
      4140,
      12,
      4125,
      97,
      35,
      852,
      18,
      12,
      25,
      242,
      2,
      243,
      122,
      699,
      71,
      104,
      12,
      17,
      4159,
      4,
      4014,
      2,
      152,
      2,
      4097,
      213,
      43,
      44,
      124,
      4018,
      3,
      132,
      48,
      34,
      4343,
      4198,
      131,
      112,
      24,
      16,
      4,
      1048,
      234,
      4761,
      827,
      15,
      2,
      134,
      199,
      69,
      130,
      13,
      4432,
      5274,
      87,
      5,
      182,
      425,
      172,
      4999,
      228,
      4297,
      74,
      2,
      265,
      2,
      285,
      3,
      220,
      152,
      15,
      27,
      360,
      4142,
      2,
      18,
      2,
      20,
      52,
      64,
      178,
      150,
      718,
      210,
      195,
      228,
      101,
      5159,
      2,
      9,
      30,
      129,
      4575,
      15,
      250,
      275,
      36,
      5,
      4750,
      103,
      2,
      4904,
      4965,
      2,
      2,
      2,
      30,
      173,
      9,
      146,
      5,
      21,
      4758,
      2,
      3,
      2,
      57,
      190,
      100,
      3,
      2,
      227,
      182,
      56,
      2,
      2,
      14,
      504,
      348,
      16,
      15,
      2,
      96,
      49,
      2,
      2,
      8,
      21,
      25,
      415,
      2,
      21,
      2,
      225,
      2,
      4432,
      2,
      23,
      136,
      2,
      4110,
      398,
      262,
      162,
      2,
      3,
      4880,
      4,
      4919,
      2,
      287,
      224,
      2,
      21,
      6,
      2,
      2,
      9,
      2,
      6,
      4082,
      60,
      31,
      30,
      3,
      4599,
      97,
      2,
      149,
      16,
      2,
      193,
      397,
      2,
      80,
      27,
      32,
      17,
      4130,
      277,
      287,
      348,
      5155,
      108,
      51,
      2,
      2,
      57,
      22,
      154,
      238,
      52,
      2,
      2,
      256,
      2,
      2,
      2,
      2,
      4,
      3,
      2,
      19,
      17,
      467,
      4871,
      74,
      4934,
      2,
      4628,
      5116,
      15,
      179,
      4296,
      658,
      2,
      393,
      2,
      2,
      2,
      13,
      2,
      803,
      4645,
      340,
      2,
      638,
      142,
      190,
      22,
      2,
      58,
      2,
      2,
      791,
      4899,
      2,
      150,
      179,
      2,
      2,
      3,
      2,
      41,
      2,
      7,
      10,
      63,
      2,
      2,
      80,
      26,
      8,
      371,
      3,
      3,
      2,
      2,
      2,
      4,
      316,
      4144,
      20,
      6,
      2,
      17,
      4946,
