{
  "primary_metric": "prompt_level_loose_acc",
  "n_items": 300,
  "n_items_correct": 113,
  "n_items_incorrect": 187,
  "n_items_unknown": 0,
  "n_generations": 300,
  "samples_per_item": [
    1
  ],
  "all_rollouts": {
    "tokens": {
      "n": 300,
      "min": 2,
      "max": 4918,
      "mean": 201.91333333333333,
      "std": 909.403364385439,
      "var": 827014.4791555556,
      "p10": 2,
      "p25": 2,
      "p50": 3,
      "p75": 4,
      "p90": 88,
      "p95": 266,
      "p99": 4868
    },
    "tokens_histogram": {
      "edges": [
        0,
        10,
        20,
        50,
        100,
        200,
        500,
        1000,
        2000,
        5000,
        10000,
        20000,
        40000
      ],
      "counts": [
        238,
        8,
        14,
        13,
        11,
        4,
        0,
        0,
        12,
        0,
        0,
        0
      ],
      "labels": [
        "[0,10)",
        "[10,20)",
        "[20,50)",
        "[50,100)",
        "[100,200)",
        "[200,500)",
        "[500,1000)",
        "[1000,2000)",
        "[2000,5000)",
        "[5000,10000)",
        "[10000,20000)",
        "[20000,40000)"
      ]
    },
    "tokens_raw": [
      133,
      3,
      2,
      2,
      2,
      116,
      3,
      76,
      2,
      2,
      4,
      3,
      2,
      4585,
      4373,
      2,
      2,
      25,
      2,
      2,
      2,
      2,
      3,
      4868,
      2,
      3,
      2,
      2,
      3,
      197,
      3,
      2,
      2,
      4368,
      3,
      26,
      139,
      3,
      80,
      54,
      2,
      2,
      3,
      3,
      2,
      2,
      56,
      2,
      2,
      2,
      2,
      3,
      2,
      2,
      13,
      3,
      2,
      4,
      3,
      2,
      16,
      32,
      133,
      2,
      3,
      2,
      2,
      2,
      3,
      2,
      2,
      2,
      2,
      2,
      4771,
      188,
      2,
      3,
      2,
      2,
      2,
      2,
      2,
      2,
      32,
      2,
      2,
      2,
      4691,
      3,
      3,
      2,
      3,
      2,
      2,
      53,
      61,
      113,
      13,
      24,
      2,
      5,
      2,
      2,
      2,
      2,
      2,
      58,
      238,
      3,
      2,
      2,
      2,
      2,
      2,
      2,
      48,
      3,
      3,
      3,
      3,
      3,
      3,
      2,
      2,
      3,
      88,
      2,
      475,
      266,
      2,
      114,
      274,
      3,
      3,
      2,
      30,
      7,
      23,
      2,
      2,
      57,
      2,
      5,
      38,
      3,
      2,
      97,
      2,
      2,
      3,
      2,
      3,
      2,
      2,
      11,
      4,
      2,
      4292,
      3,
      2,
      3,
      90,
      20,
      2,
      2,
      2,
      3,
      2,
      2,
      2,
      50,
      3,
      2,
      3,
      2,
      2,
      2,
      2,
      3,
      3,
      4889,
      4574,
      4,
      3,
      2,
      2,
      3,
      3,
      54,
      3,
      2,
      3,
      2,
      4,
      2,
      3,
      2,
      2,
      4,
      3,
      3,
      2,
      3,
      2,
      2,
      3,
      2,
      3,
      3,
      3,
      3,
      2,
      2,
      3,
      3,
      3,
      2,
      3,
      3,
      3,
      3,
      3,
      3,
      12,
      2,
      3,
      3,
      12,
      3,
      3,
      3,
      3,
      3,
      4706,
      2,
      4725,
      4918,
      2,
      2,
      2,
      3,
      3,
      2,
      5,
      3,
      3,
      3,
      2,
      3,
      2,
      3,
      2,
      2,
      2,
      2,
      2,
      2,
      2,
      2,
      2,
      3,
      10,
      31,
      2,
      2,
      3,
      3,
      3,
      3,
      2,
      3,
      3,
      4,
      3,
      3,
      2,
      2,
      2,
      2,
      31,
      3,
      2,
      4,
      3,
      30,
      3,
      3,
      2,
      2,
      2,
      3,
      135,
      182,
      126,
      21,
      4,
      11,
      5,
      2
    ],
    "chars": {
      "n": 300,
      "min": 1,
      "max": 31148,
      "mean": 412.39,
      "std": 2493.043629361508,
      "var": 6215266.5379,
      "p10": 2,
      "p25": 6,
      "p50": 9,
      "p75": 13,
      "p90": 410,
      "p95": 1027,
      "p99": 4917
    },
    "chars_histogram": {
      "edges": [
        0,
        50,
        100,
        250,
        500,
        1000,
        2500,
        5000,
        10000,
        25000,
        50000,
        100000,
        200000
      ],
      "counts": [
        242,
        8,
        15,
        8,
        12,
        3,
        10,
        0,
        0,
        2,
        0,
        0
      ],
      "labels": [
        "[0,50)",
        "[50,100)",
        "[100,250)",
        "[250,500)",
        "[500,1000)",
        "[1000,2500)",
        "[2500,5000)",
        "[5000,10000)",
        "[10000,25000)",
        "[25000,50000)",
        "[50000,100000)",
        "[100000,200000)"
      ]
    }
  },
  "correct_rollouts": {
    "tokens": {
      "n": 113,
      "min": 2,
      "max": 4889,
      "mean": 103.38053097345133,
      "std": 624.8418464477907,
      "var": 390427.3330722844,
      "p10": 2,
      "p25": 2,
      "p50": 3,
      "p75": 3,
      "p90": 48,
      "p95": 197,
      "p99": 4574
    },
    "tokens_histogram": {
      "edges": [
        0,
        10,
        20,
        50,
        100,
        200,
        500,
        1000,
        2000,
        5000,
        10000,
        20000,
        40000
      ],
      "counts": [
        96,
        4,
        2,
        1,
        5,
        3,
        0,
        0,
        2,
        0,
        0,
        0
      ],
      "labels": [
        "[0,10)",
        "[10,20)",
        "[20,50)",
        "[50,100)",
        "[100,200)",
        "[200,500)",
        "[500,1000)",
        "[1000,2000)",
        "[2000,5000)",
        "[5000,10000)",
        "[10000,20000)",
        "[20000,40000)"
      ]
    },
    "tokens_raw": [
      197,
      2,
      2,
      2,
      2,
      3,
      2,
      2,
      3,
      2,
      2,
      3,
      2,
      3,
      2,
      2,
      2,
      5,
      2,
      2,
      2,
      48,
      3,
      88,
      2,
      475,
      266,
      2,
      114,
      274,
      3,
      3,
      2,
      2,
      2,
      11,
      4,
      2,
      3,
      2,
      3,
      2,
      2,
      3,
      2,
      3,
      2,
      2,
      2,
      2,
      3,
      3,
      4889,
      4574,
      4,
      3,
      2,
      2,
      3,
      3,
      3,
      2,
      2,
      2,
      3,
      3,
      3,
      3,
      3,
      2,
      3,
      3,
      3,
      3,
      3,
      3,
      12,
      2,
      3,
      3,
      12,
      3,
      3,
      3,
      3,
      3,
      3,
      3,
      2,
      5,
      3,
      3,
      2,
      2,
      2,
      2,
      2,
      2,
      2,
      2,
      2,
      3,
      3,
      3,
      3,
      2,
      2,
      135,
      182,
      126,
      21,
      4,
      11
    ],
    "chars": {
      "n": 113,
      "min": 1,
      "max": 31148,
      "mean": 391.72566371681415,
      "std": 2945.384913312938,
      "var": 8675292.287571462,
      "p10": 3,
      "p25": 7,
      "p50": 10,
      "p75": 11,
      "p90": 253,
      "p95": 848,
      "p99": 4573
    },
    "chars_histogram": {
      "edges": [
        0,
        50,
        100,
        250,
        500,
        1000,
        2500,
        5000,
        10000,
        25000,
        50000,
        100000,
        200000
      ],
      "counts": [
        98,
        3,
        0,
        2,
        6,
        2,
        1,
        0,
        0,
        1,
        0,
        0
      ],