{
  "primary_metric": "pass_at_1",
  "n_items": 612,
  "n_items_correct": 37,
  "n_items_incorrect": 575,
  "n_items_unknown": 0,
  "n_generations": 612,
  "samples_per_item": [
    1
  ],
  "all_rollouts": {
    "tokens": {
      "n": 612,
      "min": 10,
      "max": 5953,
      "mean": 177.5,
      "std": 430.2712873513108,
      "var": 185133.38071895426,
      "p10": 56,
      "p25": 84,
      "p50": 120,
      "p75": 171,
      "p90": 251,
      "p95": 316,
      "p99": 624
    },
    "tokens_histogram": {
      "edges": [
        0,
        10,
        20,
        50,
        100,
        200,
        500,
        1000,
        2000,
        5000,
        10000,
        20000,
        40000
      ],
      "counts": [
        0,
        10,
        42,
        175,
        279,
        98,
        2,
        0,
        4,
        2,
        0,
        0
      ],
      "labels": [
        "[0,10)",
        "[10,20)",
        "[20,50)",
        "[50,100)",
        "[100,200)",
        "[200,500)",
        "[500,1000)",
        "[1000,2000)",
        "[2000,5000)",
        "[5000,10000)",
        "[10000,20000)",
        "[20000,40000)"
      ]
    },
    "tokens_raw": [
      10,
      114,
      48,
      10,
      119,
      45,
      128,
      125,
      114,
      65,
      125,
      87,
      99,
      127,
      109,
      116,
      70,
      261,
      119,
      101,
      124,
      31,
      101,
      53,
      136,
      107,
      102,
      72,
      37,
      73,
      83,
      47,
      71,
      27,
      133,
      72,
      99,
      138,
      199,
      191,
      96,
      109,
      75,
      67,
      73,
      132,
      114,
      71,
      190,
      138,
      93,
      92,
      135,
      69,
      95,
      178,
      125,
      80,
      136,
      43,
      159,
      107,
      167,
      71,
      121,
      178,
      107,
      57,
      103,
      126,
      92,
      105,
      174,
      127,
      99,
      99,
      79,
      110,
      120,
      148,
      161,
      113,
      104,
      48,
      46,
      95,
      126,
      39,
      89,
      127,
      112,
      89,
      224,
      36,
      131,
      87,
      259,
      63,
      75,
      89,
      98,
      112,
      70,
      109,
      54,
      166,
      54,
      78,
      136,
      170,
      141,
      198,
      130,
      104,
      102,
      98,
      81,
      86,
      207,
      117,
      88,
      63,
      137,
      77,
      131,
      92,
      187,
      100,
      91,
      56,
      56,
      130,
      81,
      5002,
      132,
      83,
      132,
      97,
      123,
      82,
      255,
      105,
      57,
      101,
      76,
      166,
      148,
      115,
      79,
      144,
      169,
      121,
      81,
      95,
      239,
      93,
      262,
      90,
      156,
      134,
      60,
      94,
      153,
      128,
      71,
      96,
      129,
      116,
      142,
      88,
      42,
      109,
      172,
      167,
      47,
      61,
      135,
      62,
      120,
      207,
      84,
      88,
      64,
      76,
      343,
      116,
      64,
      166,
      75,
      87,
      268,
      205,
      166,
      138,
      355,
      283,
      38,
      490,
      120,
      139,
      253,
      449,
      152,
      137,
      229,
      173,
      141,
      134,
      211,
      222,
      238,
      365,
      100,
      180,
      70,
      155,
      10,
      62,
      59,
      171,
      168,
      99,
      106,
      114,
      401,
      157,
      174,
      133,
      143,
      178,
      214,
      177,
      163,
      38,
      158,
      171,
      340,
      166,
      76,
      212,
      111,
      236,
      114,
      218,
      87,
      223,
      200,
      220,
      162,
      54,
      4512,
      143,
      191,
      243,
      118,
      82,
      316,
      263,
      197,
      152,
      128,
      185,
      10,
      244,
      71,
      151,
      187,
      278,
      271,
      316,
      84,
      196,
      207,
      267,
      100,
      94,
      206,
      10,
      231,
      34,
      149,
      10,
      315,
      84,
      71,
      128,
      218,
      91,
      229,
      73,
      125,
      111,
      10,
      191,
      48,
      256,
      357,
      313,
      147,
      67,
      97,
      176,
      118,
      132,
      225,
      46,
      168,
      329,
      291,
      252,
      295,
      43,
      73,
      98,
      424,
      102,
      99,
      69,
      218,
      140,
      209,
      50,
      110,
      130,
      77,
      42,
      39,
      95,
      94,
      120,
      178,
      176,
      49,
      95,
      110,
      332,
      82,
      107,
      250,
      101,
      116,
      253,
      136,
      146,
      156,
      437,
      17,
      109,
      150,
      370,
      198,
      34,
      87,
      111,
      156,
      624,
      44,
      81,
      251,
      191,
      40,
      22,
      33,
      196,
      126,
      243,
      10,
      219,
      235,
      46,
      76,
      323,
      92,
      183,
      288,
      92,
      279,
      50,
      465,
      54,
      103,
      83,
      152,
      158,
      43,
      187,
      362,
      120,
      163,
      2090,
      38,
      171,
      96,
      90,
      151,
      59,
      135,
      134,
      76,
      10,
      168,
      44,
      168,
      62,
      177,
      393,
      55,
      269,
      172,
      244,
      70,
      135,
      154,
      59,
      96,
      67,
      112,
      232,
      56,
      411,
      282,
      205,
      46,
      72,
      124,
      5953,
      37,
      264,
      95,
      149,
      223,
      131,
      115,
      119,
      79,
      149,
      218,
      4403,
      115,
      175,
      99,
      3529,
      139,
      106,
      71,
      118,
      94,
      144,
      85,
      152,
      238,
      131,
      154,
      113,
      256,
      100,
      145,
      101,
      64,
      118,
      135,
      59,
      80,
      135,
      152,
      124,
      73,
      126,
      127,
      59,
      87,
      199,
      140,
      116,
      81,
      105,
      154,
      129,
      186,
      76,
      187,
      266,
      160,
      112,
      121,
      171,
      60,
      82,
      59,
      42,
      74,
      166,
      139,
      77,
      104,
      157,
      80,
      121,
      173,
      47,
      111,
      95,
      143,
      142,
      80,
      126,
      32,
      130,
      197,
      67,
      96,
      85,
      74,
      122,
      386,
      118,
      134,
      72,
      35,
      82,
      140,
      144,
      201,
      113,
      215,
      43,
      136,
      121,
      167,
      49,
      311,
      177,
      208,
      225,
      51,
      166,
      325,
      151,
      57,
      121,
      160,
      266,
      246,
      176,
      175,
      63,
      270,
      68,
      156,
      112,
      176,
      88,
      180,
      241,
      218,
      606,
      202,
      167,
      94,
      66,
      76,
      85,
      338,
      162,
      88,
      69,
      96,
      84,
      103,
      155,
      83,
      94,
      162,
      91,
      115,
      88,
      96,
      106,
      90,
      101,
      92,
      164,
      140,
      104,
      169,
      149,
      182,
      105,
      46,
      88,
      136,
      154,
      99,
      388,
      270,
      128,
      177,
      58,
      153,
      164,
      40,
      175,
      30,
      86,
      192,
      94,
      93,
      110,
      169,
      118,
      145,
      189
    ],
    "chars": {
      "n": 612,
      "min": 30,
      "max": 30107,
      "mean": 683.6813725490196,
      "std": 2002.87171807502,
      "var": 4011495.1190647827,
      "p10": 183,
      "p25": 300,
      "p50": 450,
      "p75": 628,
      "p90": 955,
      "p95": 1244,