{
  "primary_metric": "length_controlled_winrate",
  "n_items": 805,
  "n_items_correct": 0,
  "n_items_incorrect": 0,
  "n_items_unknown": 805,
  "n_generations": 805,
  "samples_per_item": [
    1
  ],
  "all_rollouts": {
    "tokens": {
      "n": 805,
      "min": 2,
      "max": 5096,
      "mean": 183.71801242236026,
      "std": 761.4580758179321,
      "var": 579818.4012283477,
      "p10": 2,
      "p25": 2,
      "p50": 2,
      "p75": 55,
      "p90": 198,
      "p95": 396,
      "p99": 4537
    },
    "tokens_histogram": {
      "edges": [
        0,
        10,
        20,
        50,
        100,
        200,
        500,
        1000,
        2000,
        5000,
        10000,
        20000,
        40000
      ],
      "counts": [
        503,
        33,
        63,
        54,
        73,
        45,
        9,
        0,
        22,
        3,
        0,
        0
      ],
      "labels": [
        "[0,10)",
        "[10,20)",
        "[20,50)",
        "[50,100)",
        "[100,200)",
        "[200,500)",
        "[500,1000)",
        "[1000,2000)",
        "[2000,5000)",
        "[5000,10000)",
        "[10000,20000)",
        "[20000,40000)"
      ]
    },
    "tokens_raw": [
      152,
      2,
      162,
      122,
      2,
      22,
      26,
      50,
      2,
      2,
      28,
      2,
      301,
      2,
      2,
      148,
      273,
      37,
      2,
      343,
      16,
      105,
      227,
      2,
      3,
      154,
      2,
      2,
      226,
      14,
      155,
      19,
      16,
      183,
      9,
      2,
      2,
      20,
      4093,
      3,
      2,
      5,
      2,
      2,
      141,
      2,
      31,
      254,
      56,
      2,
      5,
      24,
      2,
      2,
      151,
      165,
      2,
      2,
      2,
      2,
      33,
      2,
      59,
      63,
      3,
      2,
      9,
      3,
      151,
      2,
      2,
      2,
      2,
      28,
      2,
      122,
      2,
      2,
      43,
      311,
      116,
      198,
      28,
      11,
      132,
      2,
      3,
      184,
      2,
      341,
      207,
      2,
      409,
      11,
      4756,
      2,
      86,
      7,
      163,
      78,
      3,
      11,
      2,
      2,
      3,
      2,
      136,
      2,
      2,
      26,
      2,
      2,
      41,
      2,
      2,
      2,
      392,
      19,
      69,
      211,
      13,
      22,
      98,
      2,
      200,
      2,
      408,
      2,
      68,
      2,
      201,
      76,
      348,
      47,
      2,
      11,
      2,
      27,
      2,
      274,
      109,
      68,
      2,
      2,
      3,
      2,
      183,
      2,
      2,
      12,
      77,
      2,
      6,
      2,
      175,
      31,
      2,
      194,
      2,
      13,
      357,
      9,
      2,
      23,
      3,
      2,
      33,
      2,
      15,
      2,
      2,
      277,
      36,
      2,
      2,
      23,
      547,
      449,
      27,
      2,
      2,
      2,
      2,
      2,
      2,
      2,
      194,
      176,
      584,
      2,
      3,
      180,
      259,
      2,
      460,
      11,
      97,
      2,
      28,
      4120,
      189,
      2,
      2,
      2,
      2,
      161,
      2,
      33,
      2,
      2,
      9,
      7,
      2,
      26,
      2,
      611,
      74,
      2,
      91,
      2,
      2,
      274,
      55,
      189,
      2,
      2,
      145,
      2,
      2,
      64,
      113,
      171,
      4,
      785,
      2,
      5050,
      217,
      2,
      2,
      227,
      2,
      90,
      2,
      5,
      127,
      2,
      2,
      4589,
      2,
      12,
      2,
      2,
      178,
      12,
      127,
      2,
      2,
      192,
      2,
      64,
      2,
      72,
      2,
      297,
      15,
      798,
      12,
      67,
      47,
      396,
      2,
      2,
      87,
      2,
      2,
      161,
      3,
      2,
      3,
      2,
      36,
      2,
      3,
      2,
      5096,
      68,
      2,
      4426,
      43,
      2,
      252,
      96,
      17,
      16,
      2,
      160,
      2,
      2,
      24,
      2,
      2,
      103,
      2,
      2,
      87,
      2,
      2,
      26,
      2,
      58,
      2,
      2,
      2,
      154,
      55,
      43,
      151,
      2,
      120,
      2,
      2,
      2,
      132,
      125,
      2,
      19,
      2,
      77,
      2,
      200,
      3,
      4100,
      2,
      10,
      2,
      2,
      2,
      79,
      2,
      2,
      9,
      2,
      2,
      182,
      416,
      6,
      2,
      83,
      2,
      2,
      2,
      2,
      60,
      2,
      2,
      9,
      20,
      2,
      4816,
      117,
      2,
      2,
      7,
      188,
      141,
      19,
      2,
      172,
      129,
      674,
      2,
      2,
      2,
      2,
      2,
      2,
      2,
      22,
      49,
      2,
      40,
      2,
      203,
      78,
      143,
      3,
      2,
      2,
      2,
      2,
      2,
      45,
      2,
      2,
      47,
      47,
      2,
      378,
      2,
      2,
      4,
      2,
      7,
      52,
      2,
      4,
      188,
      9,
      2,
      2,
      2,
      2,
      3,
      853,
      4537,
      2,
      146,
      160,
      41,
      2,
      2,
      87,
      302,
      32,
      2,
      256,
      2,
      2,
      261,
      214,
      86,
      2,
      2,
      2,
      2,
      278,
      2,
      2,
      2,
      2,
      2,
      2,
      2,
      33,
      15,
      2,
      2,
      41,
      8,
      2,
      2,
      2,
      4126,
      3,
      2,
      183,
      2,
      2,
      2,
      2,
      2,
      2,
      2,
      2,
      2,
      10,
      68,
      2,
      2,
      2,
      5029,
      4749,
      2,
      2,
      2,
      2,
      2,
      12,
      2,
      2,
      2,
      2,
      2,
      41,
      2,
      2,
      2,
      3,
      2,
      2,
      2,
      101,
      53,
      2,
      6,
      2,
      348,
      77,
      55,
      2,
      2,
      4,
      2,
      41,
      2,
      4,
      2,
      5,
      84,
      19,
      2,
      2,
      2,
      2,
      3,
      585,
      154,
      79,
      2,
      2,
      96,
      33,
      2,
      3,
      143,
      3,
      2,
      30,
      25,
      2,
      2,
      2,
      2,
      2,
      2,
      2,
      34,
      4118,
      2,
      2,
      2,
      2,
      3,
      3,
      3,
      2,
      2,
      131,
      2,
      2,
      2,
      285,
      3,
      4573,
      3,
      8,
      2,
      67,
      56,
      2,
      173,
      177,
      89,
      25,
      2,
      4,
      48,
      520,
      2,
      3,
      2,
      2,
      2,
      3,
      2,
      2,
      3,
      2,
      2,
      4325,
      2,
      2,
      2,
      14,
      3,
      4141,
      2,
      54,
      2,
      2,
      2,
      61,
      2,
      4344,
      2,
      19,
      2,
      2,
      2,
      2,
      2,
      89,
      44,
      250,
      2,
      12,
      94,
      2,
      2,
      2,
      2,
      2,
      3,
      261,
      2,
      2,
      7,
      21,
      3,
      49,
      2,
      2,
      2,
      3,
      2,
      4134,
      2,
      2,
      2,
      2,
      2,
      2,
      2,
      2,
      2,
      2,
      9,
      2,
      2,
      2,
      2,
      2,
      2,
      3,
      2,
      3,
      45,
      4285,
      3,
      2,
      229,
      2,
      2,
      3,
      2,
      2,
      2,
      2,
      9,
      99,
      2,
      3,
      2,
      9,
      2,
      44,
      2,
      2,
      6,
      4,
      2,
      47,
      2,
      2,
      7,
      34,
      4,
      2,
      7,
      4,
      2,
      3920,
      2,
      45,
      2,
      6,
      2,
      2,
      4118,
      2,
      2,
      3630,
      2,
      2,
      149,
      2,
      2,
      2,
      9,
      2,
      19,
      3,
      2,
      2,
      2,
