{
  "primary_metric": "exact_match_flex",
  "n_items": 500,
  "n_items_correct": 235,
  "n_items_incorrect": 265,
  "n_items_unknown": 0,
  "n_generations": 500,
  "samples_per_item": [
    1
  ],
  "all_rollouts": {
    "tokens": {
      "n": 500,
      "min": 6,
      "max": 5022,
      "mean": 322.316,
      "std": 602.9916882876579,
      "var": 363598.976144,
      "p10": 74,
      "p25": 134,
      "p50": 207,
      "p75": 291,
      "p90": 415,
      "p95": 780,
      "p99": 4240
    },
    "tokens_histogram": {
      "edges": [
        0,
        10,
        20,
        50,
        100,
        200,
        500,
        1000,
        2000,
        5000,
        10000,
        20000,
        40000
      ],
      "counts": [
        12,
        4,
        14,
        47,
        159,
        225,
        20,
        8,
        10,
        1,
        0,
        0
      ],
      "labels": [
        "[0,10)",
        "[10,20)",
        "[20,50)",
        "[50,100)",
        "[100,200)",
        "[200,500)",
        "[500,1000)",
        "[1000,2000)",
        "[2000,5000)",
        "[5000,10000)",
        "[10000,20000)",
        "[20000,40000)"
      ]
    },
    "tokens_raw": [
      49,
      106,
      297,
      249,
      7,
      128,
      229,
      316,
      224,
      43,
      155,
      85,
      201,
      219,
      245,
      484,
      134,
      131,
      197,
      305,
      116,
      212,
      204,
      217,
      6,
      251,
      74,
      324,
      173,
      233,
      195,
      103,
      146,
      4190,
      533,
      270,
      116,
      32,
      4240,
      549,
      155,
      360,
      287,
      346,
      400,
      150,
      341,
      246,
      198,
      200,
      229,
      203,
      394,
      39,
      82,
      177,
      113,
      163,
      155,
      252,
      88,
      284,
      334,
      415,
      131,
      47,
      269,
      240,
      1189,
      226,
      338,
      219,
      185,
      235,
      212,
      447,
      167,
      134,
      162,
      211,
      456,
      277,
      195,
      475,
      115,
      231,
      8,
      192,
      163,
      309,
      7,
      151,
      4059,
      318,
      200,
      308,
      35,
      6,
      118,
      1816,
      359,
      1739,
      132,
      96,
      71,
      8,
      90,
      203,
      48,
      61,
      139,
      274,
      142,
      221,
      399,
      408,
      241,
      147,
      153,
      177,
      133,
      595,
      282,
      102,
      137,
      208,
      201,
      232,
      157,
      269,
      267,
      345,
      137,
      299,
      344,
      7,
      135,
      308,
      238,
      84,
      186,
      67,
      199,
      391,
      171,
      284,
      197,
      466,
      182,
      652,
      203,
      360,
      148,
      371,
      96,
      306,
      104,
      275,
      563,
      218,
      7,
      76,
      231,
      139,
      93,
      234,
      280,
      176,
      41,
      220,
      103,
      98,
      332,
      269,
      332,
      180,
      172,
      103,
      115,
      780,
      234,
      410,
      180,
      509,
      98,
      201,
      158,
      285,
      107,
      156,
      313,
      135,
      333,
      200,
      784,
      256,
      192,
      280,
      199,
      221,
      285,
      706,
      260,
      339,
      52,
      551,
      409,
      148,
      238,
      144,
      243,
      184,
      303,
      51,
      232,
      207,
      4905,
      174,
      189,
      10,
      247,
      292,
      167,
      4911,
      124,
      94,
      128,
      10,
      117,
      7,
      70,
      852,
      122,
      342,
      194,
      459,
      91,
      352,
      251,
      247,
      1509,
      219,
      395,
      228,
      255,
      656,
      180,
      331,
      169,
      229,
      324,
      191,
      225,
      121,
      169,
      107,
      247,
      217,
      357,
      105,
      500,
      155,
      185,
      276,
      266,
      132,
      2320,
      88,
      165,
      102,
      291,
      844,
      253,
      238,
      202,
      139,
      265,
      35,
      176,
      246,
      217,
      24,
      95,
      323,
      185,
      63,
      123,
      344,
      1432,
      194,
      94,
      224,
      1292,
      291,
      4089,
      148,
      188,
      2115,
      220,
      123,
      155,
      135,
      6,
      134,
      222,
      224,
      144,
      163,
      51,
      160,
      170,
      184,
      104,
      256,
      263,
      331,
      368,
      20,
      95,
      246,
      208,
      344,
      195,
      67,
      91,
      537,
      114,
      313,
      126,
      139,
      313,
      88,
      234,
      237,
      386,
      154,
      209,
      192,
      217,
      265,
      156,
      374,
      239,
      284,
      195,
      179,
      241,
      228,
      252,
      213,
      189,
      139,
      123,
      239,
      280,
      112,
      256,
      212,
      54,
      310,
      83,
      133,
      50,
      134,
      190,
      345,
      345,
      190,
      222,
      232,
      121,
      129,
      193,
      255,
      52,
      355,
      624,
      68,
      96,
      18,
      220,
      157,
      219,
      181,
      114,
      240,
      247,
      176,
      261,
      275,
      3643,
      579,
      308,
      335,
      121,
      203,
      87,
      170,
      9,
      10,
      261,
      124,
      249,
      111,
      221,
      140,
      102,
      5022,
      389,
      275,
      237,
      88,
      213,
      174,
      347,
      307,
      230,
      123,
      339,
      343,
      385,
      119,
      170,
      146,
      296,
      47,
      350,
      210,
      198,
      365,
      26,
      237,
      218,
      69,
      320,
      238,
      284,
      288,
      98,
      259,
      238,
      329,
      174,
      282,
      1359,
      404,
      331,
      155,
      418,
      143,
      322,
      263,
      417,
      224,
      492,
      98,
      1154,
      41,
      149,
      282,
      204,
      374,
      116,
      153,
      650,
      68,
      135,
      356,
      194,
      179,
      365,
      124,
      217,
      53,
      193,
      168,
      286,
      183,
      996,
      170,
      985,
      107,
      444,
      328,
      70,
      51,
      139,
      178,
      166,
      97,
      207,
      8,
      232,
      229,
      55,
      174,
      4337,
      64,
      212,
      161
    ],
    "chars": {
      "n": 500,
      "min": 9,
      "max": 10586,
      "mean": 796.246,
      "std": 1132.827959349521,
      "var": 1283299.185484,
      "p10": 260,
      "p25": 398,
      "p50": 547,
      "p75": 786,
      "p90": 1134,
      "p95": 1988,
      "p99": 7707
    },
    "chars_histogram": {
      "edges": [
        0,
        50,
        100,
        250,
        500,
        1000,
        2500,
        5000,
        10000,
        25000,
        50000,
        100000,
        200000
      ],
      "counts": [
        16,
        4,
        27,
        156,
        234,
        43,
        10,
        9,
        1,
        0,
        0,
        0
      ],
      "labels": [
        "[0,50)",
        "[50,100)",
        "[100,250)",
        "[250,500)",
        "[500,1000)",
        "[1000,2500)",
        "[2500,5000)",
        "[5000,10000)",
        "[10000,25000)",
        "[25000,50000)",
        "[50000,100000)",
        "[100000,200000)"
      ]
    }
  },
  "correct_rollouts": {
    "tokens": {
      "n": 235,
      "min": 6,
      "max": 2115,
      "mean": 230.42127659574467,
      "std": 184.39092715042023,
      "var": 34000.01401539158,
      "p10": 82,
      "p25": 139,
      "p50": 208,
      "p75": 284,
      "p90": 360,
      "p95": 447,
      "p99": 852
    },