{
  "primary_metric": "prompt_level_loose_acc",
  "n_items": 300,
  "n_items_correct": 109,
  "n_items_incorrect": 191,
  "n_items_unknown": 0,
  "n_generations": 300,
  "samples_per_item": [
    1
  ],
  "all_rollouts": {
    "tokens": {
      "n": 300,
      "min": 2,
      "max": 4976,
      "mean": 322.06333333333333,
      "std": 1149.9764371450785,
      "var": 1322445.805988889,
      "p10": 2,
      "p25": 2,
      "p50": 2,
      "p75": 2,
      "p90": 87,
      "p95": 4323,
      "p99": 4843
    },
    "tokens_histogram": {
      "edges": [
        0,
        10,
        20,
        50,
        100,
        200,
        500,
        1000,
        2000,
        5000,
        10000,
        20000,
        40000
      ],
      "counts": [
        265,
        1,
        3,
        4,
        5,
        1,
        0,
        0,
        21,
        0,
        0,
        0
      ],
      "labels": [
        "[0,10)",
        "[10,20)",
        "[20,50)",
        "[50,100)",
        "[100,200)",
        "[200,500)",
        "[500,1000)",
        "[1000,2000)",
        "[2000,5000)",
        "[5000,10000)",
        "[10000,20000)",
        "[20000,40000)"
      ]
    },
    "tokens_raw": [
      2,
      2,
      2,
      2,
      2,
      2,
      2,
      2,
      2,
      2,
      3,
      3,
      2,
      2,
      3,
      3,
      3,
      2,
      2,
      2,
      2,
      2,
      3,
      2,
      2,
      3,
      3,
      7,
      4117,
      2,
      2,
      2,
      2,
      2,
      2,
      2,
      2,
      2,
      2,
      2,
      2,
      2,
      2,
      2,
      2,
      2,
      2,
      2,
      2,
      2,
      2,
      2,
      4367,
      2,
      2,
      2,
      2,
      2,
      2,
      2,
      2,
      2,
      2,
      2,
      2,
      2,
      2,
      2,
      3,
      3,
      2,
      2,
      2,
      2,
      22,
      4975,
      2,
      2,
      2,
      2,
      2,
      2,
      2,
      2,
      2,
      2,
      2,
      2,
      3,
      2,
      2,
      2,
      4590,
      2,
      2,
      129,
      2,
      2,
      2,
      2,
      2,
      5,
      4,
      2,
      2,
      2,
      8,
      2,
      2,
      2,
      3,
      2,
      2,
      2,
      2,
      2,
      13,
      2,
      2,
      2,
      2,
      2,
      2,
      3,
      2,
      2,
      2,
      2,
      87,
      2,
      2,
      2,
      103,
      2,
      2,
      2,
      2,
      2,
      49,
      2,
      2,
      32,
      3,
      4639,
      2,
      2,
      2,
      2,
      2,
      2,
      2,
      2,
      3,
      2,
      2,
      2,
      2,
      2,
      2,
      2,
      2,
      2,
      2,
      2,
      2,
      2,
      2,
      2,
      2,
      2,
      2,
      312,
      2,
      2,
      2,
      2,
      2,
      2,
      4262,
      2,
      2,
      4582,
      4574,
      2,
      2,
      4575,
      2,
      4323,
      2,
      2,
      4523,
      2,
      2,
      2,
      2,
      2,
      2,
      3,
      2,
      3,
      2,
      2,
      2,
      2,
      2,
      2,
      3,
      2,
      2,
      2,
      2,
      2,
      4321,
      3,
      2,
      4599,
      4266,
      2,
      2,
      2,
      2,
      2,
      2,
      81,
      2,
      2,
      2,
      2,
      2,
      3,
      2,
      2,
      2,
      2,
      2,
      2,
      4526,
      3,
      89,
      2,
      4266,
      2,
      4600,
      2,
      3,
      4272,
      4843,
      2,
      4976,
      4449,
      2,
      2,
      2,
      2,
      2,
      2,
      2,
      2,
      2,
      2,
      2,
      2,
      2,
      2,
      5,
      2,
      2,
      2,
      2,
      2,
      2,
      3,
      2,
      2,
      2,
      2,
      3,
      2,
      2,
      2,
      3,
      2,
      2,
      2,
      2,
      2,
      2,
      2,
      2,
      2,
      2,
      2,
      124,
      142,
      126,
      90,
      2,
      2,
      2,
      3
    ],
    "chars": {
      "n": 300,
      "min": 1,
      "max": 24495,
      "mean": 400.99333333333334,
      "std": 1786.9547112211758,
      "var": 3193207.1399555556,
      "p10": 1,
      "p25": 1,
      "p50": 1,
      "p75": 1,
      "p90": 243,
      "p95": 4322,
      "p99": 4842
    },
    "chars_histogram": {
      "edges": [
        0,
        50,
        100,
        250,
        500,
        1000,
        2500,
        5000,
        10000,
        25000,
        50000,
        100000,
        200000
      ],
      "counts": [
        265,
        1,
        5,
        3,
        4,
        1,
        20,
        0,
        1,
        0,
        0,
        0
      ],
      "labels": [
        "[0,50)",
        "[50,100)",
        "[100,250)",
        "[250,500)",
        "[500,1000)",
        "[1000,2500)",
        "[2500,5000)",
        "[5000,10000)",
        "[10000,25000)",
        "[25000,50000)",
        "[50000,100000)",
        "[100000,200000)"
      ]
    }
  },
  "correct_rollouts": {
    "tokens": {
      "n": 109,
      "min": 2,
      "max": 4843,
      "mean": 384.8165137614679,
      "std": 1240.2838397036576,
      "var": 1538304.003030048,
      "p10": 2,
      "p25": 2,
      "p50": 2,
      "p75": 2,
      "p90": 142,
      "p95": 4574,
      "p99": 4600
    },
    "tokens_histogram": {
      "edges": [
        0,
        10,
        20,
        50,
        100,
        200,
        500,
        1000,
        2000,
        5000,
        10000,
        20000,
        40000
      ],
      "counts": [
        89,
        1,
        2,
        3,
        4,
        1,
        0,
        0,
        9,
        0,
        0,
        0
      ],
      "labels": [
        "[0,10)",
        "[10,20)",
        "[20,50)",
        "[50,100)",
        "[100,200)",
        "[200,500)",
        "[500,1000)",
        "[1000,2000)",
        "[2000,5000)",
        "[5000,10000)",
        "[10000,20000)",
        "[20000,40000)"
      ]
    },
    "tokens_raw": [
      7,
      2,
      2,
      2,
      2,
      2,
      2,
      22,
      2,
      2,
      2,
      2,
      2,
      2,
      4590,
      2,
      2,
      5,
      2,
      2,
      2,
      13,
      2,
      2,
      2,
      87,
      2,
      2,
      2,
      103,
      2,
      2,
      2,
      2,
      2,
      32,
      2,
      2,
      2,
      2,
      2,
      2,
      2,
      2,
      2,
      2,
      2,
      312,
      2,
      2,
      2,
      2,
      2,
      2,
      4262,
      2,
      2,
      4582,
      4574,
      2,
      2,
      4575,
      2,
      4323,
      2,
      2,
      2,
      2,
      81,
      2,
      2,
      2,
      2,
      2,
      3,
      2,
      2,
      2,
      2,
      2,
      4600,
      2,
      3,
      4272,
      4843,
      2,
      2,
      2,
      2,
      2,
      2,
      5,
      2,
      2,
      2,
      2,
      2,
      2,
      2,
      2,
      2,
      124,
      142,
      126,
      90,
      2,
      2,
      2,
      3
    ],
    "chars": {
      "n": 109,
      "min": 1,
      "max": 4842,
      "mean": 418.3394495412844,
      "std": 1240.125994044268,
      "var": 1537912.481104284,
      "p10": 1,
      "p25": 1,
      "p50": 1,
      "p75": 1,
      "p90": 724,
      "p95": 4573,
      "p99": 4599
    },
    "chars_histogram": {
      "edges": [
        0,
        50,
        100,
        250,
        500,
        1000,
        2500,
        5000,
        10000,
        25000,
        50000,
        100000,
        200000
      ],
      "counts": [
        89,
        1,
        3,
        2,
        4,
        1,
        9,
        0,
        0,
        0,
        0,
        0
      ],