{
  "primary_metric": "prompt_level_loose_acc",
  "n_items": 300,
  "n_items_correct": 121,
  "n_items_incorrect": 179,
  "n_items_unknown": 0,
  "n_generations": 300,
  "samples_per_item": [
    1
  ],
  "all_rollouts": {
    "tokens": {
      "n": 300,
      "min": 2,
      "max": 5728,
      "mean": 315.12333333333333,
      "std": 1088.9486495953588,
      "var": 1185809.1614555556,
      "p10": 2,
      "p25": 2,
      "p50": 11,
      "p75": 66,
      "p90": 341,
      "p95": 4218,
      "p99": 5153
    },
    "tokens_histogram": {
      "edges": [
        0,
        10,
        20,
        50,
        100,
        200,
        500,
        1000,
        2000,
        5000,
        10000,
        20000,
        40000
      ],
      "counts": [
        145,
        24,
        39,
        34,
        19,
        16,
        7,
        0,
        9,
        7,
        0,
        0
      ],
      "labels": [
        "[0,10)",
        "[10,20)",
        "[20,50)",
        "[50,100)",
        "[100,200)",
        "[200,500)",
        "[500,1000)",
        "[1000,2000)",
        "[2000,5000)",
        "[5000,10000)",
        "[10000,20000)",
        "[20000,40000)"
      ]
    },
    "tokens_raw": [
      24,
      23,
      71,
      195,
      7,
      10,
      53,
      59,
      159,
      27,
      4,
      2,
      96,
      69,
      4,
      3,
      3,
      4,
      10,
      34,
      6,
      2,
      10,
      14,
      99,
      178,
      106,
      6,
      106,
      106,
      30,
      5249,
      13,
      10,
      507,
      34,
      557,
      63,
      4969,
      4605,
      405,
      3,
      5,
      17,
      5,
      6,
      3,
      4,
      3,
      2,
      2,
      2,
      3,
      39,
      4705,
      126,
      161,
      67,
      3,
      86,
      2,
      2,
      4,
      2,
      2,
      132,
      72,
      3,
      6,
      567,
      18,
      4,
      53,
      2,
      37,
      4560,
      2,
      2,
      16,
      133,
      2,
      7,
      3,
      7,
      2,
      31,
      2,
      2,
      5,
      2,
      2,
      2,
      185,
      58,
      2,
      66,
      14,
      28,
      35,
      61,
      2,
      3,
      2,
      2,
      3,
      2,
      5153,
      3,
      172,
      6,
      95,
      3,
      3,
      99,
      631,
      13,
      13,
      100,
      46,
      4,
      4,
      4,
      4,
      400,
      454,
      2,
      25,
      150,
      162,
      20,
      41,
      67,
      970,
      31,
      47,
      27,
      11,
      45,
      40,
      14,
      35,
      14,
      18,
      5,
      341,
      330,
      321,
      331,
      4,
      93,
      41,
      5101,
      23,
      5084,
      26,
      17,
      9,
      9,
      358,
      31,
      4,
      20,
      12,
      3,
      4,
      6,
      2,
      2,
      2,
      2,
      2,
      18,
      2,
      2,
      2,
      106,
      137,
      2,
      7,
      66,
      548,
      256,
      26,
      2,
      73,
      2,
      2,
      34,
      58,
      23,
      31,
      622,
      62,
      25,
      105,
      4,
      5009,
      4,
      48,
      58,
      2,
      2,
      2,
      2,
      2,
      2,
      4135,
      3,
      2,
      2,
      2,
      60,
      4422,
      25,
      3,
      2,
      2,
      10,
      4866,
      2,
      2,
      2,
      2,
      2,
      63,
      14,
      3,
      96,
      4821,
      4218,
      294,
      3,
      89,
      5111,
      2,
      41,
      2,
      379,
      347,
      2,
      279,
      2,
      2,
      2,
      2,
      2,
      2,
      2,
      15,
      2,
      2,
      2,
      53,
      289,
      6,
      2,
      3,
      2,
      2,
      3,
      2,
      3,
      56,
      37,
      5,
      5728,
      64,
      4,
      2,
      8,
      84,
      9,
      8,
      2,
      120,
      64,
      327,
      33,
      19,
      2,
      41,
      14,
      207,
      2,
      4,
      2,
      2,
      2,
      3,
      3,
      2,
      4,
      31,
      45,
      56,
      50,
      2,
      2,
      3,
      4
    ],
    "chars": {
      "n": 300,
      "min": 0,
      "max": 31861,
      "mean": 1292.4266666666667,
      "std": 4772.251471924849,
      "var": 22774384.11128889,
      "p10": 3,
      "p25": 6,
      "p50": 33,
      "p75": 326,
      "p90": 1259,
      "p95": 8511,
      "p99": 26301
    },
    "chars_histogram": {
      "edges": [
        0,
        50,
        100,
        250,
        500,
        1000,
        2500,
        5000,
        10000,
        25000,
        50000,
        100000,
        200000
      ],
      "counts": [
        160,
        19,
        37,
        30,
        19,
        14,
        4,
        4,
        8,
        5,
        0,
        0
      ],
      "labels": [
        "[0,50)",
        "[50,100)",
        "[100,250)",
        "[250,500)",
        "[500,1000)",
        "[1000,2500)",
        "[2500,5000)",
        "[5000,10000)",
        "[10000,25000)",
        "[25000,50000)",
        "[50000,100000)",
        "[100000,200000)"
      ]
    }
  },
  "correct_rollouts": {
    "tokens": {
      "n": 121,
      "min": 2,
      "max": 5249,
      "mean": 214.28925619834712,
      "std": 882.5392875202792,
      "var": 778875.5940168021,
      "p10": 2,
      "p25": 2,
      "p50": 6,
      "p75": 45,
      "p90": 162,
      "p95": 567,
      "p99": 5153
    },
    "tokens_histogram": {
      "edges": [
        0,
        10,
        20,
        50,
        100,
        200,
        500,
        1000,
        2000,
        5000,
        10000,
        20000,
        40000
      ],
      "counts": [
        66,
        11,
        15,
        9,
        9,
        3,
        4,
        0,
        1,
        3,
        0,
        0
      ],
      "labels": [
        "[0,10)",
        "[10,20)",
        "[20,50)",
        "[50,100)",
        "[100,200)",
        "[200,500)",
        "[500,1000)",
        "[1000,2000)",
        "[2000,5000)",
        "[5000,10000)",
        "[10000,20000)",
        "[20000,40000)"
      ]
    },
    "tokens_raw": [
      24,
      10,
      53,
      159,
      4,
      10,
      6,
      99,
      178,
      106,
      6,
      106,
      106,
      5249,
      10,
      507,
      4,
      3,
      2,
      2,
      2,
      567,
      2,
      37,
      2,
      2,
      16,
      2,
      2,
      2,
      2,
      3,
      2,
      3,
      5153,
      6,
      99,
      631,
      13,
      13,
      100,
      25,
      150,
      162,
      20,
      41,
      67,
      970,
      31,
      47,
      27,
      11,
      14,
      35,
      14,
      18,
      9,
      4,
      3,
      4,
      18,
      2,
      2,
      7,
      256,
      26,
      2,
      2,
      2,
      58,
      2,
      2,
      2,
      4135,
      3,
      2,
      2,
      2,
      2,
      2,
      2,
      2,
      2,
      63,
      3,
      3,
      5111,
      41,
      379,
      347,
      2,
      2,
      2,
      2,
      2,
      2,
      2,
      2,
      2,
      53,
      6,
      2,
      3,
      5,
      4,
      2,
      120,
      33,
      41,
      3,
      3,
      2,
      4,
      31,
      45,
      56,
      50,
      2,
      2,
      3,
      4
    ],
    "chars": {
      "n": 121,
      "min": 1,
      "max": 14169,
      "mean": 564.2066115702479,
      "std": 2033.7063909484048,
      "var": 4135961.684584386,
      "p10": 3,
      "p25": 5,
      "p50": 16,
      "p75": 181,
      "p90": 668,
      "p95": 2758,
      "p99": 12401
    },
    "chars_histogram": {
      "edges": [
        0,
        50,
        100,
        250,
        500,
        1000,
        2500,
        5000,
        10000,
        25000,
        50000,
        100000,
        200000
      ],