{
  "primary_metric": "length_controlled_winrate",
  "n_items": 805,
  "n_items_correct": 0,
  "n_items_incorrect": 0,
  "n_items_unknown": 805,
  "n_generations": 805,
  "samples_per_item": [
    1
  ],
  "all_rollouts": {
    "tokens": {
      "n": 805,
      "min": 2,
      "max": 5769,
      "mean": 674.2124223602484,
      "std": 1399.2881130059393,
      "var": 1958007.2231997221,
      "p10": 11,
      "p25": 54,
      "p50": 158,
      "p75": 310,
      "p90": 4142,
      "p95": 4567,
      "p99": 4996
    },
    "tokens_histogram": {
      "edges": [
        0,
        10,
        20,
        50,
        100,
        200,
        500,
        1000,
        2000,
        5000,
        10000,
        20000,
        40000
      ],
      "counts": [
        76,
        32,
        77,
        95,
        206,
        196,
        23,
        8,
        84,
        8,
        0,
        0
      ],
      "labels": [
        "[0,10)",
        "[10,20)",
        "[20,50)",
        "[50,100)",
        "[100,200)",
        "[200,500)",
        "[500,1000)",
        "[1000,2000)",
        "[2000,5000)",
        "[5000,10000)",
        "[10000,20000)",
        "[20000,40000)"
      ]
    },
    "tokens_raw": [
      155,
      331,
      259,
      145,
      255,
      140,
      16,
      40,
      171,
      674,
      375,
      218,
      635,
      1187,
      158,
      170,
      294,
      408,
      156,
      737,
      149,
      129,
      49,
      180,
      12,
      71,
      26,
      338,
      145,
      214,
      442,
      4157,
      267,
      185,
      14,
      51,
      424,
      600,
      413,
      149,
      40,
      133,
      337,
      61,
      150,
      147,
      277,
      526,
      56,
      182,
      15,
      65,
      254,
      231,
      193,
      229,
      217,
      286,
      174,
      54,
      358,
      331,
      222,
      1084,
      673,
      166,
      527,
      435,
      446,
      143,
      58,
      15,
      150,
      241,
      159,
      3709,
      387,
      340,
      5074,
      230,
      118,
      347,
      610,
      164,
      283,
      332,
      272,
      288,
      55,
      4996,
      235,
      44,
      4446,
      66,
      288,
      462,
      145,
      230,
      258,
      89,
      369,
      49,
      45,
      279,
      479,
      49,
      246,
      345,
      300,
      92,
      179,
      261,
      43,
      18,
      213,
      650,
      4891,
      445,
      37,
      138,
      19,
      75,
      55,
      146,
      352,
      39,
      223,
      113,
      71,
      295,
      139,
      141,
      175,
      153,
      132,
      114,
      4328,
      210,
      317,
      475,
      108,
      260,
      75,
      4628,
      4584,
      452,
      158,
      108,
      1656,
      279,
      108,
      182,
      193,
      872,
      269,
      131,
      345,
      85,
      2,
      28,
      289,
      25,
      5050,
      4737,
      3,
      95,
      582,
      51,
      17,
      2,
      4789,
      328,
      163,
      183,
      36,
      148,
      300,
      292,
      49,
      110,
      288,
      139,
      252,
      142,
      72,
      256,
      4083,
      115,
      479,
      71,
      3,
      182,
      172,
      3,
      406,
      16,
      42,
      52,
      155,
      2,
      161,
      4543,
      90,
      2,
      4,
      4384,
      135,
      51,
      545,
      4282,
      13,
      71,
      92,
      504,
      2,
      168,
      47,
      127,
      119,
      189,
      82,
      342,
      47,
      160,
      125,
      25,
      128,
      134,
      328,
      144,
      112,
      128,
      4793,
      189,
      176,
      460,
      241,
      176,
      462,
      172,
      5095,
      175,
      44,
      772,
      256,
      16,
      175,
      167,
      4565,
      27,
      4505,
      4081,
      290,
      181,
      178,
      168,
      371,
      202,
      13,
      4143,
      4,
      60,
      3,
      193,
      146,
      980,
      22,
      143,
      72,
      260,
      4193,
      351,
      133,
      2,
      4295,
      154,
      170,
      158,
      125,
      2,
      35,
      578,
      137,
      240,
      3826,
      83,
      36,
      437,
      55,
      1222,
      381,
      14,
      41,
      60,
      3,
      139,
      4538,
      160,
      298,
      73,
      299,
      154,
      191,
      4677,
      203,
      4541,
      175,
      59,
      167,
      246,
      206,
      27,
      540,
      197,
      49,
      32,
      53,
      186,
      48,
      152,
      211,
      2,
      263,
      274,
      347,
      5177,
      2,
      90,
      376,
      156,
      5731,
      4841,
      38,
      10,
      261,
      154,
      2,
      202,
      2,
      45,
      38,
      246,
      2,
      290,
      334,
      46,
      273,
      260,
      36,
      2,
      32,
      178,
      91,
      138,
      181,
      211,
      137,
      279,
      164,
      101,
      1340,
      448,
      13,
      310,
      208,
      232,
      4157,
      136,
      84,
      4213,
      8,
      21,
      4281,
      27,
      378,
      63,
      2,
      19,
      168,
      489,
      138,
      422,
      5041,
      214,
      234,
      59,
      2,
      204,
      272,
      11,
      2,
      77,
      179,
      175,
      142,
      245,
      42,
      388,
      166,
      4976,
      188,
      138,
      44,
      167,
      21,
      168,
      227,
      168,
      21,
      53,
      4585,
      128,
      99,
      329,
      4615,
      178,
      147,
      148,
      110,
      45,
      12,
      125,
      333,
      91,
      14,
      219,
      208,
      85,
      321,
      83,
      41,
      87,
      134,
      2,
      145,
      289,
      50,
      213,
      26,
      4,
      35,
      129,
      145,
      25,
      348,
      4202,
      35,
      140,
      80,
      4766,
      246,
      239,
      148,
      210,
      4949,
      115,
      302,
      48,
      9,
      166,
      108,
      25,
      18,
      121,
      204,
      120,
      158,
      197,
      4142,
      32,
      504,
      41,
      64,
      2,
      2,
      32,
      3,
      4611,
      102,
      95,
      383,
      2,
      3,
      163,
      28,
      39,
      159,
      104,
      77,
      74,
      222,
      104,
      60,
      4228,
      4254,
      3,
      290,
      148,
      114,
      269,
      4145,
      63,
      4191,
      150,
      8,
      99,
      59,
      172,
      280,
      20,
      49,
      121,
      257,
      52,
      139,
      339,
      163,
      368,
      101,
      200,
      168,
      147,
      3,
      4696,
      241,
      4672,
      2,
      31,
      23,
      360,
      141,
      4548,
      110,
      61,
      172,
      116,
      29,
      2,
      4589,
      4130,
      4259,
      2,
      56,
      3,
      3,
      10,
      122,
      131,
      125,
      3,
      364,
      329,
      15,
      173,
      52,
      53,
      142,
      346,
      199,
      364,
      3277,
      288,
      201,
      54,
      316,
      201,
      2,
      512,
      4519,
      206,
      64,
      3,
      2,
      3,
      2,
      3,
      74,
      4850,
      98,
      4240,
      706,
      464,
      3,
      491,
      142,
      128,
      295,
      188,
      2,
      320,
      95,
      4567,
      104,
      241,
      181,
      158,
      141,
      4668,
      3,
      49,
      4169,
      240,
      31,
      352,
      374,
      4141,
      197,
      51,
      15,
      198,
      18,
      132,
      28,
      383,
      192,
      4681,
      208,
      4787,
      70,
      79,
      30,
      177,
      137,
      2,
      4332,
      2,
      4110,
      2,
      4115,
      30,
      31,
      4,
      46,
