{
  "primary_metric": "pass_at_1",
  "n_items": 612,
  "n_items_correct": 25,
  "n_items_incorrect": 587,
  "n_items_unknown": 0,
  "n_generations": 612,
  "samples_per_item": [
    1
  ],
  "all_rollouts": {
    "tokens": {
      "n": 612,
      "min": 10,
      "max": 5048,
      "mean": 80.58986928104575,
      "std": 268.1117891216199,
      "var": 71883.93146599598,
      "p10": 10,
      "p25": 27,
      "p50": 55,
      "p75": 95,
      "p90": 133,
      "p95": 167,
      "p99": 234
    },
    "tokens_histogram": {
      "edges": [
        0,
        10,
        20,
        50,
        100,
        200,
        500,
        1000,
        2000,
        5000,
        10000,
        20000,
        40000
      ],
      "counts": [
        0,
        132,
        152,
        199,
        114,
        12,
        1,
        0,
        1,
        1,
        0,
        0
      ],
      "labels": [
        "[0,10)",
        "[10,20)",
        "[20,50)",
        "[50,100)",
        "[100,200)",
        "[200,500)",
        "[500,1000)",
        "[1000,2000)",
        "[2000,5000)",
        "[5000,10000)",
        "[10000,20000)",
        "[20000,40000)"
      ]
    },
    "tokens_raw": [
      10,
      119,
      10,
      10,
      167,
      55,
      10,
      159,
      10,
      43,
      92,
      31,
      61,
      30,
      109,
      39,
      70,
      109,
      103,
      60,
      95,
      36,
      72,
      53,
      26,
      29,
      161,
      39,
      37,
      78,
      48,
      31,
      72,
      27,
      169,
      91,
      97,
      29,
      38,
      41,
      34,
      26,
      58,
      39,
      73,
      23,
      116,
      43,
      43,
      96,
      43,
      92,
      135,
      67,
      26,
      102,
      103,
      75,
      25,
      43,
      134,
      30,
      30,
      59,
      121,
      26,
      99,
      57,
      95,
      82,
      92,
      52,
      143,
      84,
      96,
      99,
      79,
      91,
      25,
      30,
      36,
      99,
      94,
      47,
      42,
      79,
      127,
      39,
      84,
      127,
      101,
      44,
      35,
      31,
      138,
      30,
      34,
      59,
      39,
      77,
      26,
      27,
      63,
      28,
      34,
      36,
      54,
      79,
      50,
      108,
      146,
      29,
      103,
      72,
      29,
      98,
      70,
      78,
      64,
      32,
      89,
      62,
      120,
      78,
      103,
      88,
      32,
      68,
      99,
      45,
      43,
      30,
      83,
      63,
      33,
      76,
      65,
      67,
      119,
      26,
      27,
      95,
      36,
      101,
      77,
      30,
      29,
      31,
      71,
      110,
      88,
      50,
      70,
      112,
      33,
      84,
      234,
      25,
      35,
      29,
      60,
      94,
      28,
      37,
      42,
      50,
      27,
      95,
      39,
      86,
      31,
      93,
      24,
      167,
      36,
      77,
      36,
      70,
      82,
      25,
      87,
      80,
      64,
      55,
      41,
      66,
      39,
      33,
      40,
      88,
      98,
      10,
      68,
      107,
      10,
      10,
      49,
      33,
      85,
      10,
      10,
      10,
      10,
      10,
      10,
      158,
      96,
      56,
      227,
      182,
      10,
      370,
      13,
      10,
      68,
      210,
      10,
      47,
      78,
      86,
      10,
      153,
      76,
      10,
      10,
      111,
      57,
      182,
      113,
      10,
      10,
      146,
      177,
      43,
      4249,
      10,
      95,
      211,
      91,
      10,
      59,
      87,
      10,
      10,
      133,
      159,
      10,
      10,
      10,
      58,
      10,
      178,
      138,
      10,
      80,
      53,
      10,
      35,
      143,
      10,
      90,
      10,
      10,
      10,
      30,
      128,
      151,
      185,
      10,
      232,
      77,
      130,
      78,
      156,
      114,
      97,
      10,
      10,
      10,
      33,
      71,
      10,
      10,
      10,
      58,
      10,
      10,
      10,
      10,
      61,
      10,
      96,
      10,
      79,
      58,
      172,
      10,
      10,
      10,
      44,
      101,
      10,
      10,
      10,
      10,
      27,
      10,
      10,
      136,
      10,
      10,
      38,
      10,
      113,
      10,
      10,
      51,
      50,
      10,
      10,
      109,
      52,
      102,
      119,
      10,
      10,
      28,
      96,
      10,
      117,
      10,
      76,
      59,
      53,
      102,
      10,
      108,
      134,
      54,
      62,
      10,
      10,
      10,
      10,
      10,
      10,
      17,
      93,
      117,
      10,
      10,
      29,
      10,
      10,
      112,
      10,
      32,
      58,
      235,
      61,
      47,
      57,
      90,
      55,
      113,
      46,
      10,
      91,
      64,
      44,
      10,
      10,
      10,
      212,
      10,
      31,
      214,
      69,
      10,
      49,
      93,
      10,
      10,
      123,
      51,
      10,
      199,
      122,
      172,
      10,
      66,
      114,
      84,
      98,
      10,
      48,
      66,
      96,
      10,
      10,
      10,
      70,
      167,
      52,
      121,
      40,
      26,
      145,
      10,
      10,
      43,
      88,
      82,
      67,
      126,
      61,
      10,
      134,
      32,
      566,
      182,
      10,
      77,
      10,
      10,
      10,
      5048,
      51,
      92,
      190,
      153,
      10,
      10,
      10,
      89,
      10,
      10,
      10,
      10,
      10,
      10,
      103,
      90,
      10,
      87,
      10,
      121,
      113,
      10,
      10,
      10,
      117,
      10,
      81,
      246,
      70,
      85,
      101,
      64,
      153,
      29,
      45,
      76,
      100,
      34,
      27,
      36,
      104,
      148,
      33,
      78,
      98,
      126,
      101,
      53,
      31,
      154,
      77,
      32,
      38,
      33,
      24,
      32,
      31,
      96,
      103,
      46,
      48,
      46,
      42,
      53,
      27,
      129,
      35,
      28,
      41,
      79,
      110,
      36,
      47,
      70,
      93,
      135,
      45,
      80,
      133,
      32,
      29,
      88,
      67,
      36,
      91,
      90,
      82,
      10,
      123,
      114,
      88,
      57,
      73,
      136,
      10,
      78,
      118,
      184,
      46,
      10,
      10,
      10,
      50,
      10,
      75,
      129,
      10,
      48,
      10,
      10,
      123,
      71,
      86,
      57,
      132,
      10,
      156,
      137,
      66,
      211,
      20,
      56,
      109,
      146,
      91,
      86,
      10,
      10,
      86,
      120,
      184,
      91,
      44,
      94,
      10,
      114,
      111,
      95,
      29,
      67,
      73,
      86,
      63,
      55,
      75,
      33,
      76,
      231,
      112,
      33,
      25,
      39,
      50,
      25,
      29,
      32,
      86,
      48,
      36,
      142,
      86,
      45,
      77,
      87,
      38,
      38,
      97,
      32,
      105,
      90,
      59,
      127,
      37,
      40,
      38,
      30,
      113,
      77,
      76,
      54,
      53,
      29,
      88,
      26,
      28
    ],
    "chars": {
      "n": 612,
      "min": 30,
      "max": 14969,
      "mean": 272.8970588235294,
      "std": 707.9761689089426,
      "var": 501230.2557429835,
      "p10": 30,
      "p25": 97,
      "p50": 179,
      "p75": 349,
      "p90": 484,
      "p95": 626,
      "p99": 874
    },
    "chars_histogram": {
      "edges": [
        0,
        50,
        100,
        250,
        500,
        1000,
        2500,
        5000,
        10000,
        25000,
        50000,
        100000,
        200000
      ],