{
  "primary_metric": "exact_match_flex",
  "n_items": 500,
  "n_items_correct": 47,
  "n_items_incorrect": 453,
  "n_items_unknown": 0,
  "n_generations": 500,
  "samples_per_item": [
    1
  ],
  "all_rollouts": {
    "tokens": {
      "n": 500,
      "min": 2,
      "max": 4136,
      "mean": 17.756,
      "std": 188.07992041682706,
      "var": 35374.056464,
      "p10": 2,
      "p25": 2,
      "p50": 3,
      "p75": 7,
      "p90": 11,
      "p95": 23,
      "p99": 269
    },
    "tokens_histogram": {
      "edges": [
        0,
        10,
        20,
        50,
        100,
        200,
        500,
        1000,
        2000,
        5000,
        10000,
        20000,
        40000
      ],
      "counts": [
        428,
        46,
        17,
        0,
        4,
        3,
        1,
        0,
        1,
        0,
        0,
        0
      ],
      "labels": [
        "[0,10)",
        "[10,20)",
        "[20,50)",
        "[50,100)",
        "[100,200)",
        "[200,500)",
        "[500,1000)",
        "[1000,2000)",
        "[2000,5000)",
        "[5000,10000)",
        "[10000,20000)",
        "[20000,40000)"
      ]
    },
    "tokens_raw": [
      23,
      2,
      2,
      2,
      3,
      3,
      3,
      2,
      2,
      2,
      3,
      11,
      2,
      3,
      3,
      19,
      7,
      3,
      7,
      6,
      10,
      3,
      2,
      6,
      2,
      2,
      2,
      3,
      9,
      2,
      2,
      11,
      3,
      3,
      8,
      6,
      14,
      4,
      2,
      3,
      3,
      2,
      2,
      16,
      9,
      6,
      3,
      6,
      2,
      2,
      2,
      24,
      2,
      11,
      2,
      2,
      4,
      4,
      9,
      2,
      12,
      7,
      3,
      6,
      6,
      6,
      3,
      2,
      8,
      6,
      9,
      3,
      2,
      3,
      9,
      2,
      2,
      3,
      9,
      6,
      2,
      2,
      2,
      6,
      2,
      6,
      3,
      6,
      3,
      7,
      3,
      3,
      589,
      2,
      3,
      6,
      3,
      3,
      9,
      23,
      4,
      283,
      12,
      6,
      2,
      3,
      3,
      2,
      6,
      9,
      3,
      8,
      7,
      2,
      2,
      4136,
      6,
      3,
      7,
      4,
      6,
      6,
      3,
      3,
      2,
      6,
      9,
      11,
      2,
      3,
      3,
      3,
      2,
      2,
      3,
      2,
      6,
      14,
      2,
      6,
      6,
      3,
      2,
      15,
      10,
      6,
      10,
      7,
      7,
      3,
      10,
      7,
      2,
      3,
      3,
      10,
      3,
      142,
      2,
      2,
      3,
      6,
      3,
      3,
      6,
      3,
      3,
      2,
      2,
      2,
      6,
      4,
      2,
      6,
      2,
      3,
      15,
      2,
      2,
      345,
      3,
      10,
      3,
      3,
      9,
      6,
      6,
      6,
      3,
      2,
      10,
      2,
      2,
      2,
      18,
      7,
      3,
      3,
      3,
      3,
      3,
      3,
      3,
      23,
      6,
      3,
      3,
      3,
      2,
      2,
      6,
      6,
      9,
      6,
      3,
      2,
      2,
      2,
      3,
      3,
      3,
      2,
      2,
      3,
      12,
      3,
      2,
      3,
      34,
      3,
      3,
      2,
      9,
      3,
      7,
      12,
      7,
      7,
      6,
      2,
      3,
      2,
      2,
      3,
      2,
      9,
      3,
      6,
      26,
      3,
      2,
      3,
      2,
      3,
      3,
      33,
      13,
      2,
      2,
      7,
      7,
      3,
      2,
      2,
      3,
      3,
      4,
      3,
      2,
      3,
      3,
      8,
      3,
      2,
      7,
      3,
      3,
      2,
      2,
      3,
      2,
      7,
      2,
      6,
      3,
      3,
      11,
      3,
      3,
      7,
      3,
      2,
      8,
      3,
      4,
      7,
      6,
      3,
      30,
      3,
      2,
      11,
      3,
      3,
      7,
      3,
      6,
      2,
      6,
      2,
      2,
      2,
      2,
      2,
      2,
      2,
      3,
      6,
      23,
      3,
      12,
      8,
      2,
      24,
      3,
      2,
      16,
      7,
      3,
      2,
      3,
      11,
      6,
      3,
      3,
      2,
      10,
      2,
      2,
      6,
      9,
      2,
      6,
      10,
      3,
      6,
      8,
      198,
      9,
      2,
      6,
      10,
      43,
      3,
      2,
      8,
      10,
      6,
      6,
      6,
      6,
      6,
      2,
      2,
      14,
      4,
      6,
      3,
      2,
      3,
      7,
      6,
      7,
      3,
      2,
      2,
      3,
      4,
      4,
      3,
      33,
      3,
      2,
      2,
      11,
      2,
      3,
      3,
      2,
      17,
      3,
      2,
      3,
      2,
      2,
      6,
      6,
      3,
      3,
      2,
      24,
      6,
      3,
      2,
      2,
      3,
      2,
      3,
      20,
      23,
      2,
      3,
      8,
      9,
      2,
      2,
      10,
      2,
      3,
      24,
      11,
      2,
      6,
      3,
      3,
      9,
      143,
      3,
      7,
      7,
      2,
      6,
      2,
      12,
      2,
      15,
      6,
      3,
      2,
      36,
      269,
      3,
      6,
      10,
      10,
      3,
      6,
      2,
      6,
      2,
      2,
      3,
      2,
      3,
      14,
      6,
      15,
      2,
      2,
      3,
      8,
      2,
      2,
      3,
      2,
      2,
      8,
      3,
      3,
      7,
      7,
      3,
      3,
      3,
      6,
      3,
      8,
      4,
      6,
      2,
      11,
      106,
      3,
      6,
      6,
      2,
      3,
      2,
      2,
      7,
      3,
      2,
      13,
      2,
      6,
      2,
      15,
      2,
      6,
      3
    ],
    "chars": {
      "n": 500,
      "min": 1,
      "max": 4135,
      "mean": 26.364,
      "std": 203.83788535009873,
      "var": 41549.883504,
      "p10": 1,
      "p25": 1,
      "p50": 2,
      "p75": 10,
      "p90": 21,
      "p95": 49,
      "p99": 560
    },
    "chars_histogram": {
      "edges": [
        0,
        50,
        100,
        250,
        500,
        1000,
        2500,
        5000,
        10000,
        25000,
        50000,
        100000,
        200000
      ],
      "counts": [
        477,
        13,
        2,
        2,
        4,
        1,
        1,
        0,
        0,
        0,
        0,
        0
      ],
      "labels": [
        "[0,50)",
        "[50,100)",
        "[100,250)",
        "[250,500)",
        "[500,1000)",
        "[1000,2500)",
        "[2500,5000)",
        "[5000,10000)",
        "[10000,25000)",
        "[25000,50000)",
        "[50000,100000)",
        "[100000,200000)"
      ]
    }
  },
  "correct_rollouts": {
    "tokens": {
      "n": 47,
      "min": 6,
      "max": 345,
      "mean": 25.95744680851064,
      "std": 65.9177299775721,
      "var": 4345.147125396107,
      "p10": 6,
      "p25": 6,
      "p50": 7,
      "p75": 11,
      "p90": 24,
      "p95": 198,
      "p99": 345
    },
    "tokens_histogram": {
      "edges": [
        0,
        10,
        20,
        50,
        100,
        200,
        500,
        1000,
        2000,
        5000,
        10000,
        20000,
        40000
      ],
      "counts": [
        31,
        10,
        3,
        0,
        1,
        2,
        0,
        0,
        0,
        0,
        0,
        0
      ],
      "labels": [
        "[0,10)",
        "[10,20)",
        "[20,50)",
        "[50,100)",
        "[100,200)",
        "[200,500)",
        "[500,1000)",
        "[1000,2000)",
        "[2000,5000)",
        "[5000,10000)",
        "[10000,20000)",
        "[20000,40000)"
      ]
    },