{
  "primary_metric": "prompt_level_loose_acc",
  "n_items": 300,
  "n_items_correct": 96,
  "n_items_incorrect": 204,
  "n_items_unknown": 0,
  "n_generations": 300,
  "samples_per_item": [
    1
  ],
  "all_rollouts": {
    "tokens": {
      "n": 300,
      "min": 2,
      "max": 11335,
      "mean": 2362.7166666666667,
      "std": 2821.280824328238,
      "var": 7959625.489722222,
      "p10": 7,
      "p25": 66,
      "p50": 278,
      "p75": 5046,
      "p90": 6610,
      "p95": 7399,
      "p99": 8966
    },
    "tokens_histogram": {
      "edges": [
        0,
        10,
        20,
        50,
        100,
        200,
        500,
        1000,
        2000,
        5000,
        10000,
        20000,
        40000
      ],
      "counts": [
        35,
        10,
        24,
        28,
        35,
        31,
        12,
        6,
        39,
        79,
        1,
        0
      ],
      "labels": [
        "[0,10)",
        "[10,20)",
        "[20,50)",
        "[50,100)",
        "[100,200)",
        "[200,500)",
        "[500,1000)",
        "[1000,2000)",
        "[2000,5000)",
        "[5000,10000)",
        "[10000,20000)",
        "[20000,40000)"
      ]
    },
    "tokens_raw": [
      40,
      28,
      1120,
      5046,
      7,
      116,
      82,
      4690,
      179,
      120,
      26,
      25,
      29,
      65,
      4,
      3,
      3,
      4,
      14,
      261,
      8,
      14,
      4940,
      15,
      288,
      184,
      164,
      6,
      4049,
      3999,
      9736,
      5505,
      150,
      103,
      6017,
      74,
      5838,
      65,
      5752,
      7671,
      1023,
      13,
      17,
      42,
      75,
      24,
      75,
      31,
      5164,
      556,
      278,
      4865,
      5499,
      84,
      5588,
      5462,
      231,
      6051,
      76,
      5603,
      16,
      28,
      89,
      2,
      7,
      7596,
      71,
      200,
      118,
      3906,
      5015,
      256,
      71,
      4066,
      4099,
      6173,
      4562,
      4442,
      5607,
      5152,
      31,
      39,
      9,
      8966,
      192,
      4071,
      4931,
      4678,
      5110,
      5090,
      7614,
      41,
      37,
      5025,
      4834,
      503,
      73,
      224,
      101,
      110,
      2,
      3,
      2,
      2,
      3,
      3,
      1419,
      6,
      238,
      5142,
      4923,
      4677,
      5089,
      7623,
      5670,
      222,
      48,
      109,
      5686,
      123,
      81,
      110,
      4832,
      622,
      5117,
      5669,
      194,
      329,
      682,
      5153,
      131,
      89,
      6621,
      6755,
      114,
      4820,
      6610,
      197,
      6110,
      356,
      99,
      44,
      43,
      5721,
      584,
      504,
      1031,
      7650,
      4,
      407,
      152,
      4426,
      245,
      5111,
      270,
      7540,
      63,
      88,
      531,
      7622,
      216,
      124,
      66,
      21,
      195,
      206,
      2,
      2,
      2,
      2,
      143,
      1395,
      6218,
      3,
      18,
      278,
      6590,
      67,
      120,
      330,
      509,
      195,
      5094,
      4478,
      5159,
      4534,
      274,
      7146,
      4705,
      60,
      4122,
      6982,
      1895,
      70,
      519,
      5086,
      7478,
      6919,
      118,
      271,
      497,
      4813,
      2,
      4,
      4804,
      5512,
      87,
      7683,
      6610,
      5006,
      7188,
      140,
      7189,
      91,
      6847,
      7399,
      6668,
      4712,
      6831,
      4986,
      2,
      4330,
      6,
      5345,
      80,
      14,
      6420,
      371,
      7894,
      5083,
      392,
      4837,
      175,
      385,
      44,
      201,
      165,
      648,
      6864,
      6694,
      309,
      4921,
      5171,
      4117,
      4724,
      32,
      7,
      4108,
      40,
      7085,
      5421,
      3,
      5590,
      7747,
      9,
      28,
      2,
      4343,
      228,
      957,
      4243,
      4091,
      5674,
      70,
      105,
      5024,
      57,
      5763,
      5390,
      54,
      121,
      12,
      5566,
      5032,
      127,
      73,
      359,
      5146,
      4144,
      280,
      41,
      4818,
      207,
      9,
      186,
      34,
      5,
      114,
      111,
      11335,
      6555,
      11,
      162,
      529,
      217,
      6616,
      2,
      6,
      4964,
      20
    ],
    "chars": {
      "n": 300,
      "min": 0,
      "max": 56816,
      "mean": 9280.5,
      "std": 13072.414255089481,
      "var": 170888014.45666668,
      "p10": 23,
      "p25": 278,
      "p50": 1120,
      "p75": 16000,
      "p90": 29154,
      "p95": 39504,
      "p99": 55589
    },
    "chars_histogram": {
      "edges": [
        0,
        50,
        100,
        250,
        500,
        1000,
        2500,
        5000,
        10000,
        25000,
        50000,
        100000,
        200000
      ],
      "counts": [
        41,
        9,
        20,
        31,
        41,
        29,
        9,
        18,
        61,
        37,
        4,
        0
      ],
      "labels": [
        "[0,50)",
        "[50,100)",
        "[100,250)",
        "[250,500)",
        "[500,1000)",
        "[1000,2500)",
        "[2500,5000)",
        "[5000,10000)",
        "[10000,25000)",
        "[25000,50000)",
        "[50000,100000)",
        "[100000,200000)"
      ]
    }
  },
  "correct_rollouts": {
    "tokens": {
      "n": 96,
      "min": 2,
      "max": 9736,
      "mean": 2115.5208333333335,
      "std": 2715.1552594463737,
      "var": 7372068.082899306,
      "p10": 6,
      "p25": 41,
      "p50": 217,
      "p75": 4865,
      "p90": 6017,
      "p95": 6864,
      "p99": 9736
    },
    "tokens_histogram": {
      "edges": [
        0,
        10,
        20,
        50,
        100,
        200,
        500,
        1000,
        2000,
        5000,
        10000,
        20000,
        40000
      ],
      "counts": [
        14,
        4,
        10,
        8,
        11,
        8,
        5,
        1,
        16,
        19,
        0,
        0
      ],
      "labels": [
        "[0,10)",
        "[10,20)",
        "[20,50)",
        "[50,100)",
        "[100,200)",
        "[200,500)",
        "[500,1000)",
        "[1000,2000)",
        "[2000,5000)",
        "[5000,10000)",
        "[10000,20000)",
        "[20000,40000)"
      ]
    },
    "tokens_raw": [
      28,
      82,
      4690,
      4,
      14,
      8,
      14,
      288,
      184,
      164,
      6,
      4049,
      3999,
      9736,
      5505,
      103,
      6017,
      31,
      556,
      278,
      4865,
      84,
      231,
      6051,
      5603,
      71,
      200,
      118,
      31,
      8966,
      4071,
      4931,
      7614,
      41,
      4834,
      2,
      3,
      2,
      3,
      6,
      7623,
      5670,
      48,
      109,
      5686,
      194,
      329,
      682,
      5153,
      131,
      89,
      6621,
      114,
      6610,
      356,
      99,
      44,
      43,
      1395,
      6218,
      18,
      67,
      5094,
      4478,
      4534,
      70,
      4986,
      2,
      4330,
      6,
      5345,
      80,
      648,
      6864,
      4921,
      5171,
      4117,
      4724,
      32,
      5421,
      9,
      28,
      2,
      228,
      957,
      4091,
      127,
      41,
      111,
      11,
      162,
      529,
      217,
      2,
      6,
      4964
    ],
    "chars": {
      "n": 96,
      "min": 2,
      "max": 56816,
      "mean": 8585.84375,
      "std": 13121.142028491115,
      "var": 172164368.13183594,
      "p10": 9,
      "p25": 150,
      "p50": 796,
      "p75": 16515,
      "p90": 24600,
      "p95": 38819,
      "p99": 56816
    },