{
  "primary_metric": "prompt_level_loose_acc",
  "n_items": 300,
  "n_items_correct": 116,
  "n_items_incorrect": 184,
  "n_items_unknown": 0,
  "n_generations": 300,
  "samples_per_item": [
    1
  ],
  "all_rollouts": {
    "tokens": {
      "n": 300,
      "min": 2,
      "max": 5015,
      "mean": 60.513333333333335,
      "std": 449.07402116899266,
      "var": 201667.47648888887,
      "p10": 2,
      "p25": 2,
      "p50": 2,
      "p75": 3,
      "p90": 45,
      "p95": 114,
      "p99": 4131
    },
    "tokens_histogram": {
      "edges": [
        0,
        10,
        20,
        50,
        100,
        200,
        500,
        1000,
        2000,
        5000,
        10000,
        20000,
        40000
      ],
      "counts": [
        256,
        4,
        12,
        13,
        7,
        4,
        1,
        0,
        2,
        1,
        0,
        0
      ],
      "labels": [
        "[0,10)",
        "[10,20)",
        "[20,50)",
        "[50,100)",
        "[100,200)",
        "[200,500)",
        "[500,1000)",
        "[1000,2000)",
        "[2000,5000)",
        "[5000,10000)",
        "[10000,20000)",
        "[20000,40000)"
      ]
    },
    "tokens_raw": [
      24,
      2,
      2,
      2,
      7,
      2,
      3,
      2,
      2,
      2,
      4,
      2,
      2,
      2,
      2,
      3,
      3,
      4,
      2,
      34,
      2,
      2,
      9,
      2,
      2,
      3,
      2,
      6,
      3,
      3,
      3,
      2,
      2,
      3,
      2,
      2,
      2,
      3,
      2,
      3,
      2,
      3,
      2,
      2,
      2,
      26,
      2,
      2,
      2,
      2,
      2,
      2,
      2,
      2,
      2,
      2,
      2,
      3,
      3,
      2,
      16,
      2,
      2,
      2,
      2,
      2,
      2,
      2,
      2,
      2,
      2,
      2,
      2,
      715,
      22,
      4284,
      2,
      2,
      2,
      2,
      2,
      2,
      3,
      2,
      2,
      2,
      17,
      2,
      2,
      2,
      2,
      2,
      2,
      58,
      2,
      157,
      61,
      96,
      2,
      66,
      2,
      6,
      3,
      2,
      3,
      2,
      8,
      2,
      2,
      2,
      2,
      2,
      2,
      3,
      3,
      3,
      48,
      2,
      3,
      3,
      3,
      3,
      3,
      2,
      2,
      2,
      84,
      139,
      348,
      56,
      89,
      114,
      270,
      68,
      73,
      137,
      45,
      4,
      23,
      2,
      10,
      5,
      3,
      14,
      280,
      2,
      2,
      3,
      2,
      2,
      3,
      3,
      4,
      2,
      65,
      2,
      2,
      9,
      2,
      2,
      2,
      2,
      52,
      2,
      3,
      2,
      2,
      2,
      2,
      2,
      2,
      2,
      2,
      2,
      2,
      3,
      2,
      2,
      2,
      2,
      2,
      4,
      4,
      2,
      2,
      2,
      6,
      3,
      2,
      2,
      3,
      3,
      2,
      2,
      4,
      3,
      4,
      2,
      4,
      3,
      2,
      2,
      6,
      5,
      2,
      2,
      2,
      2,
      2,
      2,
      2,
      3,
      2,
      2,
      2,
      2,
      2,
      2,
      2,
      3,
      2,
      2,
      2,
      3,
      60,
      3,
      3,
      3,
      5015,
      3,
      2,
      2,
      2,
      3,
      2,
      2,
      2,
      2,
      2,
      2,
      25,
      2,
      2,
      2,
      2,
      2,
      3,
      2,
      2,
      2,
      2,
      2,
      2,
      4131,
      2,
      2,
      2,
      2,
      2,
      2,
      2,
      2,
      2,
      3,
      3,
      2,
      2,
      2,
      2,
      2,
      82,
      3,
      3,
      4,
      127,
      3,
      2,
      35,
      31,
      2,
      45,
      3,
      2,
      3,
      2,
      3,
      3,
      3,
      2,
      3,
      2,
      2,
      119,
      208,
      127,
      21,
      2,
      2,
      5,
      2
    ],
    "chars": {
      "n": 300,
      "min": 1,
      "max": 23758,
      "mean": 270.98,
      "std": 2069.923017795589,
      "var": 4284581.2996,
      "p10": 1,
      "p25": 5,
      "p50": 7,
      "p75": 10,
      "p90": 184,
      "p95": 504,
      "p99": 17400
    },
    "chars_histogram": {
      "edges": [
        0,
        50,
        100,
        250,
        500,
        1000,
        2500,
        5000,
        10000,
        25000,
        50000,
        100000,
        200000
      ],
      "counts": [
        259,
        8,
        8,
        10,
        8,
        3,
        1,
        0,
        3,
        0,
        0,
        0
      ],
      "labels": [
        "[0,50)",
        "[50,100)",
        "[100,250)",
        "[250,500)",
        "[500,1000)",
        "[1000,2500)",
        "[2500,5000)",
        "[5000,10000)",
        "[10000,25000)",
        "[25000,50000)",
        "[50000,100000)",
        "[100000,200000)"
      ]
    }
  },
  "correct_rollouts": {
    "tokens": {
      "n": 116,
      "min": 2,
      "max": 348,
      "mean": 20.439655172413794,
      "std": 52.541328362423336,
      "var": 2760.5911860879905,
      "p10": 2,
      "p25": 2,
      "p50": 2,
      "p75": 4,
      "p90": 73,
      "p95": 127,
      "p99": 270
    },
    "tokens_histogram": {
      "edges": [
        0,
        10,
        20,
        50,
        100,
        200,
        500,
        1000,
        2000,
        5000,
        10000,
        20000,
        40000
      ],
      "counts": [
        95,
        2,
        5,
        5,
        6,
        3,
        0,
        0,
        0,
        0,
        0,
        0
      ],
      "labels": [
        "[0,10)",
        "[10,20)",
        "[20,50)",
        "[50,100)",
        "[100,200)",
        "[200,500)",
        "[500,1000)",
        "[1000,2000)",
        "[2000,5000)",
        "[5000,10000)",
        "[10000,20000)",
        "[20000,40000)"
      ]
    },
    "tokens_raw": [
      24,
      4,
      6,
      2,
      2,
      2,
      2,
      2,
      22,
      2,
      2,
      2,
      2,
      17,
      2,
      2,
      2,
      2,
      2,
      6,
      2,
      3,
      48,
      2,
      84,
      139,
      348,
      56,
      89,
      114,
      270,
      73,
      137,
      4,
      10,
      2,
      2,
      2,
      2,
      2,
      2,
      2,
      3,
      2,
      2,
      2,
      2,
      2,
      3,
      2,
      2,
      2,
      2,
      2,
      4,
      4,
      2,
      2,
      2,
      6,
      3,
      2,
      2,
      6,
      5,
      2,
      2,
      2,
      2,
      3,
      2,
      2,
      2,
      2,
      3,
      2,
      2,
      2,
      3,
      60,
      3,
      3,
      3,
      3,
      2,
      2,
      2,
      3,
      2,
      2,
      2,
      2,
      2,
      3,
      2,
      2,
      2,
      2,
      3,
      3,
      2,
      2,
      2,
      2,
      2,
      127,
      45,
      2,
      3,
      2,
      119,
      208,
      127,
      21,
      2,
      2
    ],
    "chars": {
      "n": 116,
      "min": 1,
      "max": 1351,
      "mean": 85.75,
      "std": 231.0090263574579,
      "var": 53365.17025862069,
      "p10": 1,
      "p25": 6,
      "p50": 7,
      "p75": 13,
      "p90": 262,
      "p95": 648,
      "p99": 1163
    },
    "chars_histogram": {
      "edges": [
        0,
        50,
        100,
        250,
        500,
        1000,
        2500,
        5000,
        10000,
        25000,
        50000,
        100000,
        200000
      ],
      "counts": [
        96,
        3,
        5,
        4,
        5,
        3,
        0,
        0,
        0,
        0,
        0,
        0
      ],