{
  "primary_metric": "prompt_level_loose_acc",
  "n_items": 300,
  "n_items_correct": 110,
  "n_items_incorrect": 190,
  "n_items_unknown": 0,
  "n_generations": 300,
  "samples_per_item": [
    1
  ],
  "all_rollouts": {
    "tokens": {
      "n": 300,
      "min": 2,
      "max": 5047,
      "mean": 92.47666666666667,
      "std": 605.1251298606669,
      "var": 366176.4227888889,
      "p10": 2,
      "p25": 2,
      "p50": 3,
      "p75": 3,
      "p90": 46,
      "p95": 116,
      "p99": 4710
    },
    "tokens_histogram": {
      "edges": [
        0,
        10,
        20,
        50,
        100,
        200,
        500,
        1000,
        2000,
        5000,
        10000,
        20000,
        40000
      ],
      "counts": [
        247,
        9,
        17,
        11,
        7,
        4,
        0,
        0,
        3,
        2,
        0,
        0
      ],
      "labels": [
        "[0,10)",
        "[10,20)",
        "[20,50)",
        "[50,100)",
        "[100,200)",
        "[200,500)",
        "[500,1000)",
        "[1000,2000)",
        "[2000,5000)",
        "[5000,10000)",
        "[10000,20000)",
        "[20000,40000)"
      ]
    },
    "tokens_raw": [
      3,
      3,
      3,
      3,
      2,
      116,
      3,
      29,
      2,
      3,
      4,
      2,
      2,
      3,
      3,
      2,
      2,
      24,
      2,
      3,
      2,
      2,
      3,
      3,
      3,
      3,
      2,
      2,
      3,
      2,
      3,
      3,
      2,
      3,
      3,
      26,
      139,
      26,
      80,
      55,
      2,
      3,
      2,
      3,
      2,
      2,
      3,
      2,
      2,
      2,
      2,
      3,
      2,
      2,
      13,
      3,
      2,
      3,
      3,
      2,
      16,
      28,
      2,
      3,
      2,
      3,
      2,
      3,
      3,
      2,
      2,
      3,
      2,
      2,
      23,
      5022,
      2,
      3,
      3,
      2,
      2,
      2,
      2,
      3,
      32,
      2,
      125,
      3,
      3,
      3,
      2,
      2,
      3,
      3,
      3,
      53,
      61,
      113,
      13,
      24,
      2,
      5,
      23,
      2,
      2,
      2,
      2,
      58,
      2,
      3,
      2,
      3,
      3,
      2,
      3,
      3,
      48,
      3,
      3,
      3,
      3,
      3,
      2,
      2,
      2,
      3,
      63,
      3,
      461,
      209,
      2,
      2,
      5047,
      3,
      3,
      233,
      30,
      7,
      23,
      2,
      2,
      57,
      2,
      4,
      38,
      2,
      2,
      97,
      2,
      3,
      3,
      2,
      3,
      3,
      2,
      11,
      3,
      2,
      3,
      3,
      2,
      3,
      90,
      2,
      2,
      2,
      2,
      2,
      2,
      2,
      3,
      2,
      2,
      3,
      3,
      97,
      2,
      2,
      3,
      3,
      3,
      4710,
      4,
      3,
      3,
      3,
      3,
      3,
      3,
      3,
      3,
      3,
      3,
      2,
      3,
      3,
      3,
      3,
      2,
      3,
      2,
      2,
      49,
      3,
      2,
      2,
      2,
      2,
      3,
      3,
      3,
      3,
      3,
      3,
      3,
      3,
      3,
      2,
      3,
      3,
      3,
      2,
      3,
      3,
      12,
      3,
      3,
      3,
      12,
      4,
      2,
      2,
      2,
      3,
      2,
      2,
      2,
      54,
      2,
      2,
      2,
      3,
      3,
      3,
      6,
      3,
      3,
      2,
      4708,
      2,
      3,
      3,
      2,
      2,
      2,
      2,
      2,
      2,
      2,
      2,
      2,
      3,
      10,
      31,
      3,
      3,
      14,
      3,
      3,
      3,
      3,
      3,
      3,
      3,
      3,
      3,
      2,
      2,
      2,
      232,
      46,
      2,
      2,
      3,
      3,
      30,
      3,
      3,
      2,
      3,
      2,
      2,
      4098,
      158,
      126,
      198,
      2,
      10,
      5,
      2
    ],
    "chars": {
      "n": 300,
      "min": 1,
      "max": 28337,
      "mean": 412.6566666666667,
      "std": 2943.1136967711973,
      "var": 8661918.232122222,
      "p10": 3,
      "p25": 7,
      "p50": 10,
      "p75": 10,
      "p90": 157,
      "p95": 586,
      "p99": 24048
    },
    "chars_histogram": {
      "edges": [
        0,
        50,
        100,
        250,
        500,
        1000,
        2500,
        5000,
        10000,
        25000,
        50000,
        100000,
        200000
      ],
      "counts": [
        250,
        9,
        17,
        7,
        9,
        3,
        1,
        0,
        2,
        2,
        0,
        0
      ],
      "labels": [
        "[0,50)",
        "[50,100)",
        "[100,250)",
        "[250,500)",
        "[500,1000)",
        "[1000,2500)",
        "[2500,5000)",
        "[5000,10000)",
        "[10000,25000)",
        "[25000,50000)",
        "[50000,100000)",
        "[100000,200000)"
      ]
    }
  },
  "correct_rollouts": {
    "tokens": {
      "n": 110,
      "min": 2,
      "max": 5047,
      "mean": 150.2,
      "std": 802.0264085427611,
      "var": 643246.36,
      "p10": 2,
      "p25": 2,
      "p50": 3,
      "p75": 3,
      "p90": 48,
      "p95": 198,
      "p99": 5022
    },
    "tokens_histogram": {
      "edges": [
        0,
        10,
        20,
        50,
        100,
        200,
        500,
        1000,
        2000,
        5000,
        10000,
        20000,
        40000
      ],
      "counts": [
        94,
        3,
        3,
        1,
        4,
        2,
        0,
        0,
        1,
        2,
        0,
        0
      ],
      "labels": [
        "[0,10)",
        "[10,20)",
        "[20,50)",
        "[50,100)",
        "[100,200)",
        "[200,500)",
        "[500,1000)",
        "[1000,2000)",
        "[2000,5000)",
        "[5000,10000)",
        "[10000,20000)",
        "[20000,40000)"
      ]
    },
    "tokens_raw": [
      2,
      2,
      2,
      2,
      3,
      2,
      23,
      5022,
      2,
      3,
      3,
      2,
      125,
      2,
      2,
      3,
      3,
      3,
      5,
      2,
      3,
      48,
      3,
      63,
      3,
      461,
      209,
      2,
      2,
      5047,
      3,
      3,
      3,
      2,
      11,
      3,
      2,
      3,
      3,
      2,
      3,
      2,
      2,
      2,
      2,
      2,
      3,
      3,
      2,
      2,
      3,
      3,
      3,
      4710,
      4,
      3,
      3,
      3,
      3,
      3,
      2,
      2,
      2,
      2,
      3,
      3,
      3,
      3,
      3,
      3,
      2,
      3,
      3,
      3,
      2,
      3,
      3,
      12,
      3,
      3,
      3,
      12,
      4,
      2,
      2,
      2,
      3,
      3,
      3,
      3,
      6,
      3,
      3,
      2,
      2,
      2,
      2,
      2,
      3,
      3,
      3,
      3,
      3,
      46,
      2,
      3,
      158,
      126,
      198,
      2
    ],
    "chars": {
      "n": 110,
      "min": 1,
      "max": 28337,
      "mean": 769.9818181818182,
      "std": 4241.4426340398895,
      "var": 17989835.61785124,
      "p10": 4,
      "p25": 9,
      "p50": 10,
      "p75": 10,
      "p90": 253,
      "p95": 802,
      "p99": 26123
    },
    "chars_histogram": {
      "edges": [
        0,
        50,
        100,
        250,
        500,
        1000,
        2500,
        5000,
        10000,
        25000,
        50000,
        100000,
        200000
      ],
      "counts": [
        95,
        3,
        1,
        2,
        4,
        2,
        0,
        0,
        1,
        2,
        0,
        0
      ],
      "labels": [
        "[0,50)",
        "[50,100)",
        "[100,250)",
        "[250,500)",
        "[500,1000)",
        "[1000,2500)",
        "[2500,5000)",
        "[5000,10000)",
        "[10000,25000)",
        "[25000,50000)",
        "[50000,100000)",
        "[100000,200000)"
      ]
    }
  },