{
  "primary_metric": "length_controlled_winrate",
  "n_items": 805,
  "n_items_correct": 0,
  "n_items_incorrect": 0,
  "n_items_unknown": 805,
  "n_generations": 805,
  "samples_per_item": [
    1
  ],
  "all_rollouts": {
    "tokens": {
      "n": 805,
      "min": 2,
      "max": 5753,
      "mean": 308.60496894409937,
      "std": 835.2531363092509,
      "var": 697647.80171444,
      "p10": 6,
      "p25": 36,
      "p50": 127,
      "p75": 226,
      "p90": 410,
      "p95": 605,
      "p99": 4990
    },
    "tokens_histogram": {
      "edges": [
        0,
        10,
        20,
        50,
        100,
        200,
        500,
        1000,
        2000,
        5000,
        10000,
        20000,
        40000
      ],
      "counts": [
        95,
        45,
        113,
        97,
        193,
        207,
        25,
        0,
        22,
        8,
        0,
        0
      ],
      "labels": [
        "[0,10)",
        "[10,20)",
        "[20,50)",
        "[50,100)",
        "[100,200)",
        "[200,500)",
        "[500,1000)",
        "[1000,2000)",
        "[2000,5000)",
        "[5000,10000)",
        "[10000,20000)",
        "[20000,40000)"
      ]
    },
    "tokens_raw": [
      136,
      156,
      500,
      160,
      200,
      129,
      29,
      56,
      166,
      258,
      288,
      244,
      265,
      162,
      145,
      178,
      155,
      321,
      206,
      380,
      207,
      101,
      161,
      219,
      13,
      117,
      27,
      303,
      216,
      210,
      190,
      330,
      654,
      465,
      16,
      101,
      350,
      26,
      344,
      40,
      23,
      284,
      305,
      68,
      363,
      521,
      209,
      357,
      41,
      218,
      15,
      52,
      410,
      85,
      180,
      125,
      4465,
      261,
      383,
      220,
      517,
      219,
      386,
      365,
      521,
      114,
      200,
      607,
      267,
      225,
      61,
      17,
      158,
      27,
      145,
      4746,
      231,
      419,
      195,
      323,
      157,
      141,
      605,
      135,
      182,
      453,
      353,
      5018,
      24,
      233,
      206,
      2,
      4117,
      21,
      364,
      336,
      95,
      53,
      325,
      152,
      333,
      29,
      14,
      482,
      537,
      67,
      196,
      264,
      200,
      60,
      41,
      250,
      52,
      10,
      59,
      334,
      532,
      22,
      163,
      111,
      19,
      76,
      61,
      157,
      315,
      51,
      226,
      166,
      72,
      455,
      198,
      84,
      95,
      44,
      4129,
      10,
      176,
      77,
      4096,
      383,
      112,
      222,
      28,
      194,
      53,
      196,
      192,
      2,
      2332,
      12,
      15,
      213,
      12,
      550,
      256,
      25,
      513,
      64,
      42,
      41,
      604,
      35,
      3947,
      41,
      48,
      91,
      211,
      25,
      15,
      41,
      335,
      256,
      141,
      216,
      183,
      127,
      4644,
      457,
      197,
      153,
      5753,
      164,
      196,
      176,
      121,
      278,
      167,
      213,
      483,
      89,
      5,
      141,
      126,
      262,
      451,
      15,
      117,
      177,
      134,
      2,
      219,
      56,
      54,
      4188,
      2,
      4217,
      227,
      27,
      203,
      100,
      9,
      75,
      4990,
      283,
      2,
      157,
      496,
      195,
      58,
      120,
      70,
      551,
      113,
      188,
      118,
      22,
      97,
      162,
      295,
      117,
      48,
      460,
      9,
      319,
      123,
      5128,
      212,
      4774,
      263,
      224,
      270,
      61,
      179,
      474,
      127,
      34,
      231,
      284,
      180,
      17,
      112,
      2,
      5134,
      150,
      87,
      323,
      180,
      200,
      41,
      55,
      14,
      62,
      2,
      202,
      129,
      704,
      20,
      4245,
      208,
      289,
      656,
      223,
      100,
      44,
      79,
      189,
      4935,
      20,
      151,
      570,
      5103,
      250,
      106,
      235,
      5017,
      118,
      42,
      165,
      346,
      4093,
      214,
      14,
      17,
      122,
      2,
      197,
      13,
      317,
      283,
      54,
      302,
      150,
      75,
      10,
      2392,
      2,
      42,
      74,
      167,
      47,
      337,
      49,
      255,
      98,
      123,
      294,
      113,
      48,
      137,
      133,
      475,
      2,
      222,
      116,
      117,
      5094,
      9,
      95,
      257,
      146,
      30,
      2,
      12,
      10,
      226,
      175,
      2,
      136,
      39,
      51,
      18,
      319,
      2,
      266,
      257,
      130,
      123,
      145,
      10,
      2,
      6,
      229,
      86,
      173,
      164,
      125,
      872,
      244,
      104,
      49,
      4198,
      679,
      7,
      183,
      416,
      222,
      2,
      195,
      28,
      637,
      8,
      2,
      213,
      31,
      471,
      45,
      110,
      187,
      221,
      480,
      219,
      313,
      178,
      223,
      147,
      65,
      2,
      194,
      308,
      9,
      2,
      68,
      177,
      301,
      222,
      267,
      23,
      175,
      159,
      459,
      225,
      151,
      42,
      214,
      34,
      124,
      236,
      137,
      22,
      44,
      348,
      58,
      195,
      502,
      4536,
      94,
      172,
      206,
      126,
      44,
      12,
      113,
      158,
      47,
      10,
      434,
      57,
      117,
      4411,
      88,
      97,
      127,
      86,
      2,
      288,
      161,
      33,
      125,
      26,
      3,
      19,
      156,
      112,
      78,
      341,
      93,
      48,
      38,
      37,
      144,
      180,
      232,
      48,
      236,
      242,
      138,
      158,
      3,
      15,
      202,
      49,
      45,
      238,
      173,
      382,
      83,
      53,
      149,
      2,
      35,
      38,
      25,
      55,
      2,
      43,
      31,
      2,
      2,
      112,
      80,
      3,
      2,
      42,
      100,
      60,
      16,
      112,
      126,
      58,
      68,
      210,
      105,
      67,
      2,
      2,
      7,
      153,
      78,
      66,
      309,
      2,
      85,
      259,
      123,
      57,
      144,
      62,
      163,
      174,
      25,
      30,
      165,
      172,
      36,
      4967,
      250,
      147,
      253,
      2,
      151,
      176,
      213,
      144,
      2,
      81,
      2,
      40,
      31,
      23,
      468,
      140,
      64,
      32,
      36,
      134,
      138,
      28,
      18,
      2,
      2,
      6,
      2,
      58,
      2,
      2,
      13,
      86,
      103,
      105,
      2,
      223,
      235,
      11,
      77,
      53,
      41,
      437,
      5091,
      577,
      310,
      180,
      208,
      193,
      59,
      35,
      135,
      46,
      4097,
      18,
      214,
      52,
      2,
      2,
      2,
      2,
      2,
      181,
      82,
      78,
      3,
      676,
      246,
      2,
      170,
      152,
      122,
      288,
      125,
      2,
      153,
      180,
      51,
      96,
      213,
      29,
      241,
      191,
      2,
      9,
      36,
      37,
      246,
      36,
      329,
      375,
      408,
      101,
      153,
      18,
      252,
      23,
      168,
      3,
      216,
      224,
      4,
      239,
      44,
      35,
      46,
      7,
      179,
      23,
      3,
      3,
      2,
      46,
      3,
      15,
      18,
      20,
      4,
      34,
      88,
      2,
      24,
      9,
      2,
      2,
      4,
      20,
      55,
      49,
      2,
      139,
