{
  "primary_metric": "length_controlled_winrate",
  "n_items": 805,
  "n_items_correct": 0,
  "n_items_incorrect": 0,
  "n_items_unknown": 805,
  "n_generations": 805,
  "samples_per_item": [
    1
  ],
  "all_rollouts": {
    "tokens": {
      "n": 805,
      "min": 2,
      "max": 6770,
      "mean": 3102.7937888198758,
      "std": 2108.497179270695,
      "var": 4445760.354992477,
      "p10": 123,
      "p25": 334,
      "p50": 4197,
      "p75": 4837,
      "p90": 5046,
      "p95": 5147,
      "p99": 5666
    },
    "tokens_histogram": {
      "edges": [
        0,
        10,
        20,
        50,
        100,
        200,
        500,
        1000,
        2000,
        5000,
        10000,
        20000,
        40000
      ],
      "counts": [
        6,
        7,
        16,
        39,
        56,
        118,
        31,
        8,
        419,
        105,
        0,
        0
      ],
      "labels": [
        "[0,10)",
        "[10,20)",
        "[20,50)",
        "[50,100)",
        "[100,200)",
        "[200,500)",
        "[500,1000)",
        "[1000,2000)",
        "[2000,5000)",
        "[5000,10000)",
        "[10000,20000)",
        "[20000,40000)"
      ]
    },
    "tokens_raw": [
      169,
      4416,
      482,
      4293,
      29,
      202,
      59,
      153,
      4717,
      566,
      363,
      5008,
      428,
      4751,
      4211,
      4719,
      490,
      5096,
      31,
      5070,
      4606,
      4158,
      255,
      4955,
      5060,
      41,
      4154,
      6503,
      230,
      4950,
      4244,
      4070,
      188,
      4314,
      38,
      5076,
      5017,
      4189,
      4105,
      4750,
      4284,
      240,
      4114,
      4322,
      202,
      4169,
      5095,
      4906,
      4140,
      5140,
      17,
      53,
      4092,
      4314,
      190,
      5209,
      5049,
      328,
      141,
      4158,
      5016,
      419,
      1013,
      397,
      5647,
      5175,
      5040,
      4085,
      5509,
      4978,
      4929,
      97,
      132,
      5053,
      5016,
      4827,
      4195,
      591,
      251,
      4956,
      5228,
      4319,
      5165,
      4943,
      4729,
      635,
      6770,
      4140,
      4756,
      4651,
      4851,
      112,
      4159,
      80,
      4116,
      5284,
      119,
      437,
      5251,
      2029,
      4849,
      4603,
      47,
      4932,
      914,
      51,
      4399,
      4950,
      5149,
      4954,
      4166,
      4267,
      4812,
      46,
      4793,
      5019,
      4473,
      4283,
      4166,
      295,
      4553,
      4244,
      85,
      4241,
      915,
      101,
      4101,
      384,
      71,
      374,
      363,
      178,
      1067,
      4591,
      4333,
      4660,
      344,
      4178,
      4091,
      416,
      127,
      4732,
      4687,
      4228,
      4574,
      4328,
      231,
      4129,
      2310,
      4039,
      91,
      6108,
      4437,
      4440,
      414,
      78,
      588,
      179,
      4574,
      4139,
      423,
      4763,
      4713,
      84,
      5154,
      5001,
      4084,
      98,
      59,
      303,
      585,
      4804,
      375,
      4306,
      4953,
      4085,
      5113,
      911,
      47,
      136,
      4277,
      4301,
      4834,
      671,
      5031,
      4649,
      5086,
      140,
      5666,
      4333,
      4706,
      235,
      4136,
      4592,
      6193,
      14,
      4165,
      4137,
      5045,
      4147,
      712,
      4552,
      4049,
      4255,
      349,
      4168,
      4191,
      69,
      5065,
      451,
      7,
      4076,
      4895,
      148,
      73,
      1464,
      220,
      649,
      113,
      4520,
      5119,
      4391,
      36,
      4705,
      4234,
      4154,
      4142,
      4944,
      4849,
      190,
      342,
      389,
      5015,
      211,
      129,
      5127,
      4197,
      4724,
      4378,
      4886,
      3935,
      251,
      4848,
      5096,
      4300,
      4480,
      207,
      5000,
      5369,
      60,
      37,
      243,
      5064,
      269,
      5176,
      4122,
      204,
      217,
      249,
      5095,
      499,
      4130,
      11,
      757,
      4115,
      5131,
      119,
      4821,
      5029,
      4843,
      5834,
      4075,
      5647,
      4679,
      4352,
      230,
      4722,
      4988,
      368,
      666,
      225,
      4684,
      4947,
      555,
      5835,
      422,
      4258,
      4989,
      187,
      5181,
      439,
      396,
      50,
      184,
      4673,
      683,
      4079,
      5145,
      4255,
      4115,
      325,
      243,
      158,
      4292,
      203,
      4606,
      129,
      176,
      373,
      5031,
      1682,
      4209,
      439,
      4837,
      284,
      3499,
      4095,
      4147,
      243,
      5071,
      5005,
      4940,
      516,
      754,
      4725,
      51,
      4109,
      288,
      4885,
      178,
      5006,
      4235,
      56,
      10,
      4131,
      260,
      138,
      4304,
      4283,
      5126,
      5074,
      826,
      4934,
      4828,
      5421,
      4171,
      4217,
      139,
      5044,
      4085,
      3993,
      4306,
      4712,
      4953,
      4314,
      4954,
      4836,
      250,
      534,
      212,
      5096,
      455,
      4134,
      4133,
      584,
      232,
      43,
      4130,
      147,
      1012,
      4477,
      4827,
      4987,
      4552,
      1035,
      5008,
      1408,
      4083,
      281,
      4085,
      4071,
      1312,
      4175,
      4143,
      4087,
      4660,
      3673,
      811,
      243,
      4591,
      5095,
      271,
      4729,
      5010,
      772,
      216,
      4323,
      5437,
      4742,
      4757,
      4955,
      114,
      150,
      202,
      4342,
      420,
      4750,
      5071,
      4947,
      83,
      4223,
      121,
      159,
      217,
      5443,
      4308,
      501,
      334,
      4616,
      4193,
      4205,
      4859,
      5346,
      100,
      4145,
      4741,
      469,
      191,
      74,
      144,
      4150,
      434,
      5428,
      4543,
      5568,
      4541,
      51,
      222,
      4506,
      16,
      5166,
      236,
      227,
      4748,
      261,
      4355,
      4780,
      140,
      4132,
      4974,
      5667,
      908,
      173,
      252,
      338,
      255,
      5075,
      156,
      5052,
      4156,
      4971,
      4464,
      51,
      4710,
      4893,
      4294,
      5164,
      4091,
      4226,
      4544,
      5085,
      5023,
      67,
      4058,
      4872,
      46,
      5337,
      4097,
      203,
      176,
      4714,
      4956,
      4320,
      4199,
      4619,
      4928,
      4917,
      4573,
      4025,
      93,
      4283,
      4308,
      4863,
      4288,
      4793,
      4454,
      4743,
      4980,
      4426,
      4949,
      4388,
      75,
      4918,
      4061,
      71,
      4313,
      228,
      4848,
      331,
      4954,
      4682,
      4924,
      4298,
      60,
      4820,
      4663,
      4892,
      4483,
      508,
      301,
      382,
      283,
      4304,
      4723,
      239,
      4858,
      4462,
      4499,
      4262,
      4927,
      4103,
      4067,
      293,
      4898,
      4934,
      4457,
      4088,
      4904,
      4562,
      4124,
      4414,
      3325,
      4816,
      4932,
      4950,
      3134,
      4145,
      180,
      4138,
      4674,
      5411,
      4143,
      4904,
      4581,
      4561,
      4927,
      4999,
      4037,
      4207,
      4250,
      4749,
      649,
      4025,
      3965,
      5008,
      4009,
      3959,
      4109,
      4960,
      5150,
      52,
      100,
      447,
      5087,
      4543,
      5066,
      4978,
      4945,
      15,
      4729,
      4937,
      4884,
      5474,
      4009,
