{
  "primary_metric": "pass_at_1",
  "n_items": 612,
  "n_items_correct": 42,
  "n_items_incorrect": 570,
  "n_items_unknown": 0,
  "n_generations": 612,
  "samples_per_item": [
    1
  ],
  "all_rollouts": {
    "tokens": {
      "n": 612,
      "min": 10,
      "max": 4482,
      "mean": 96.87418300653594,
      "std": 253.53854340832197,
      "var": 64281.79299361357,
      "p10": 25,
      "p25": 42,
      "p50": 77,
      "p75": 110,
      "p90": 146,
      "p95": 178,
      "p99": 276
    },
    "tokens_histogram": {
      "edges": [
        0,
        10,
        20,
        50,
        100,
        200,
        500,
        1000,
        2000,
        5000,
        10000,
        20000,
        40000
      ],
      "counts": [
        0,
        38,
        154,
        228,
        166,
        23,
        1,
        0,
        2,
        0,
        0,
        0
      ],
      "labels": [
        "[0,10)",
        "[10,20)",
        "[20,50)",
        "[50,100)",
        "[100,200)",
        "[200,500)",
        "[500,1000)",
        "[1000,2000)",
        "[2000,5000)",
        "[5000,10000)",
        "[10000,20000)",
        "[20000,40000)"
      ]
    },
    "tokens_raw": [
      59,
      126,
      44,
      50,
      199,
      16,
      16,
      12,
      15,
      41,
      92,
      43,
      62,
      114,
      94,
      109,
      47,
      94,
      112,
      71,
      133,
      85,
      74,
      59,
      86,
      109,
      24,
      37,
      37,
      78,
      43,
      31,
      72,
      27,
      113,
      97,
      97,
      127,
      25,
      57,
      83,
      105,
      55,
      47,
      73,
      123,
      115,
      36,
      32,
      124,
      28,
      92,
      118,
      72,
      77,
      123,
      111,
      99,
      102,
      35,
      129,
      59,
      30,
      57,
      126,
      172,
      90,
      56,
      101,
      104,
      57,
      52,
      178,
      119,
      73,
      23,
      74,
      87,
      27,
      30,
      86,
      90,
      95,
      39,
      43,
      77,
      133,
      39,
      24,
      118,
      91,
      38,
      35,
      23,
      110,
      88,
      45,
      45,
      22,
      63,
      104,
      27,
      59,
      22,
      35,
      114,
      60,
      74,
      101,
      69,
      174,
      132,
      118,
      48,
      23,
      92,
      76,
      86,
      144,
      79,
      88,
      62,
      128,
      77,
      83,
      88,
      122,
      39,
      99,
      36,
      38,
      89,
      81,
      46,
      119,
      56,
      68,
      66,
      119,
      27,
      29,
      81,
      27,
      100,
      64,
      30,
      37,
      107,
      75,
      114,
      51,
      27,
      70,
      101,
      33,
      59,
      29,
      97,
      35,
      29,
      54,
      82,
      27,
      25,
      76,
      118,
      115,
      99,
      25,
      75,
      30,
      116,
      26,
      158,
      45,
      79,
      135,
      42,
      27,
      21,
      83,
      79,
      64,
      55,
      38,
      80,
      71,
      101,
      32,
      86,
      128,
      276,
      117,
      120,
      557,
      10,
      28,
      50,
      37,
      98,
      42,
      102,
      154,
      142,
      4482,
      90,
      222,
      97,
      72,
      166,
      231,
      163,
      23,
      107,
      65,
      112,
      10,
      39,
      24,
      84,
      10,
      73,
      52,
      74,
      10,
      111,
      10,
      91,
      92,
      77,
      270,
      123,
      123,
      34,
      164,
      116,
      47,
      145,
      70,
      10,
      39,
      43,
      98,
      88,
      103,
      109,
      60,
      173,
      149,
      53,
      220,
      101,
      126,
      147,
      154,
      38,
      172,
      42,
      125,
      144,
      103,
      132,
      10,
      10,
      32,
      87,
      131,
      252,
      84,
      10,
      57,
      87,
      93,
      133,
      88,
      79,
      10,
      164,
      206,
      28,
      77,
      111,
      10,
      78,
      67,
      74,
      33,
      88,
      92,
      53,
      88,
      90,
      10,
      176,
      48,
      102,
      54,
      66,
      66,
      49,
      78,
      10,
      100,
      68,
      198,
      21,
      115,
      238,
      137,
      264,
      4338,
      38,
      70,
      92,
      29,
      94,
      39,
      49,
      184,
      104,
      147,
      43,
      102,
      83,
      35,
      10,
      18,
      47,
      79,
      133,
      110,
      85,
      44,
      53,
      91,
      127,
      75,
      111,
      20,
      61,
      10,
      133,
      81,
      101,
      78,
      10,
      19,
      29,
      17,
      29,
      10,
      34,
      75,
      112,
      78,
      43,
      25,
      59,
      232,
      107,
      23,
      24,
      48,
      122,
      102,
      27,
      104,
      269,
      46,
      35,
      51,
      151,
      87,
      86,
      43,
      40,
      361,
      55,
      10,
      47,
      68,
      21,
      256,
      127,
      21,
      84,
      163,
      103,
      156,
      210,
      47,
      79,
      47,
      86,
      10,
      27,
      81,
      78,
      72,
      10,
      171,
      37,
      155,
      35,
      113,
      66,
      28,
      151,
      107,
      222,
      47,
      54,
      73,
      58,
      99,
      62,
      98,
      135,
      57,
      456,
      232,
      97,
      28,
      92,
      10,
      10,
      74,
      53,
      82,
      185,
      104,
      57,
      83,
      10,
      64,
      144,
      285,
      255,
      54,
      116,
      93,
      115,
      82,
      68,
      73,
      117,
      85,
      94,
      44,
      59,
      157,
      39,
      133,
      85,
      228,
      39,
      89,
      112,
      68,
      127,
      130,
      47,
      74,
      103,
      26,
      101,
      32,
      137,
      202,
      58,
      79,
      119,
      51,
      108,
      52,
      31,
      78,
      63,
      129,
      46,
      132,
      151,
      24,
      97,
      73,
      93,
      50,
      85,
      46,
      42,
      31,
      129,
      79,
      35,
      83,
      31,
      21,
      103,
      149,
      47,
      97,
      55,
      118,
      45,
      69,
      126,
      140,
      29,
      82,
      66,
      59,
      60,
      54,
      85,
      10,
      106,
      79,
      57,
      37,
      60,
      111,
      74,
      169,
      68,
      141,
      34,
      10,
      107,
      153,
      48,
      10,
      139,
      114,
      16,
      31,
      17,
      122,
      117,
      40,
      17,
      113,
      46,
      10,
      131,
      82,
      59,
      146,
      36,
      22,
      84,
      103,
      20,
      215,
      204,
      134,
      10,
      147,
      158,
      67,
      39,
      73,
      82,
      61,
      82,
      97,
      66,
      67,
      84,
      103,
      125,
      78,
      32,
      143,
      76,
      159,
      27,
      33,
      83,
      38,
      51,
      66,
      125,
      167,
      94,
      35,
      111,
      26,
      69,
      30,
      70,
      87,
      90,
      27,
      72,
      138,
      97,
      27,
      64,
      134,
      29,
      40,
      37,
      24,
      80,
      78,
      75,
      56,
      64,
      23,
      104,
      116,
      28
    ],
    "chars": {
      "n": 612,
      "min": 30,
      "max": 19176,
      "mean": 340.1470588235294,
      "std": 891.8243829407724,
      "var": 795350.7300076893,
      "p10": 84,
      "p25": 134,
      "p50": 260,
      "p75": 393,
      "p90": 557,
      "p95": 698,
      "p99": 1046
    },