{
  "primary_metric": "pass_at_1",
  "n_items": 612,
  "n_items_correct": 28,
  "n_items_incorrect": 584,
  "n_items_unknown": 0,
  "n_generations": 612,
  "samples_per_item": [
    1
  ],
  "all_rollouts": {
    "tokens": {
      "n": 612,
      "min": 2,
      "max": 3788,
      "mean": 57.50326797385621,
      "std": 160.95920094360966,
      "var": 25907.864368405313,
      "p10": 10,
      "p25": 10,
      "p50": 10,
      "p75": 95,
      "p90": 134,
      "p95": 155,
      "p99": 220
    },
    "tokens_histogram": {
      "edges": [
        0,
        10,
        20,
        50,
        100,
        200,
        500,
        1000,
        2000,
        5000,
        10000,
        20000,
        40000
      ],
      "counts": [
        14,
        319,
        43,
        93,
        131,
        11,
        0,
        0,
        1,
        0,
        0,
        0
      ],
      "labels": [
        "[0,10)",
        "[10,20)",
        "[20,50)",
        "[50,100)",
        "[100,200)",
        "[200,500)",
        "[500,1000)",
        "[1000,2000)",
        "[2000,5000)",
        "[5000,10000)",
        "[10000,20000)",
        "[20000,40000)"
      ]
    },
    "tokens_raw": [
      10,
      10,
      10,
      10,
      10,
      10,
      10,
      10,
      10,
      66,
      87,
      116,
      134,
      141,
      65,
      114,
      80,
      129,
      119,
      113,
      115,
      112,
      95,
      62,
      136,
      110,
      119,
      68,
      37,
      3,
      172,
      31,
      133,
      34,
      156,
      109,
      100,
      152,
      38,
      75,
      32,
      41,
      75,
      79,
      80,
      220,
      110,
      45,
      2,
      150,
      89,
      105,
      139,
      126,
      84,
      122,
      134,
      103,
      127,
      57,
      157,
      108,
      220,
      59,
      130,
      186,
      110,
      56,
      111,
      159,
      111,
      63,
      141,
      129,
      33,
      96,
      79,
      128,
      109,
      136,
      186,
      29,
      104,
      52,
      47,
      30,
      127,
      39,
      88,
      127,
      2,
      79,
      147,
      29,
      29,
      84,
      205,
      60,
      73,
      95,
      104,
      117,
      67,
      144,
      54,
      135,
      72,
      78,
      130,
      202,
      162,
      162,
      118,
      103,
      29,
      101,
      108,
      78,
      184,
      30,
      121,
      62,
      134,
      77,
      117,
      104,
      30,
      107,
      106,
      3788,
      115,
      28,
      81,
      114,
      33,
      76,
      238,
      88,
      123,
      103,
      155,
      95,
      131,
      101,
      76,
      30,
      139,
      114,
      76,
      132,
      136,
      137,
      81,
      106,
      2,
      88,
      229,
      89,
      145,
      195,
      60,
      126,
      82,
      152,
      84,
      81,
      28,
      135,
      31,
      84,
      42,
      113,
      153,
      176,
      71,
      71,
      202,
      77,
      128,
      25,
      95,
      94,
      64,
      66,
      30,
      123,
      63,
      141,
      64,
      93,
      10,
      10,
      10,
      10,
      10,
      10,
      10,
      2,
      10,
      10,
      10,
      10,
      10,
      10,
      10,
      10,
      10,
      10,
      10,
      10,
      10,
      10,
      10,
      10,
      10,
      10,
      2,
      10,
      10,
      10,
      10,
      10,
      10,
      10,
      10,
      10,
      10,
      10,
      10,
      10,
      10,
      10,
      10,
      10,
      10,
      10,
      10,
      10,
      10,
      10,
      10,
      10,
      10,
      10,
      10,
      10,
      10,
      10,
      10,
      10,
      10,
      10,
      10,
      10,
      10,
      10,
      10,
      10,
      10,
      10,
      10,
      2,
      10,
      10,
      10,
      10,
      10,
      10,
      10,
      10,
      10,
      10,
      10,
      10,
      10,
      10,
      10,
      10,
      10,
      10,
      10,
      10,
      10,
      10,
      10,
      10,
      10,
      10,
      10,
      10,
      10,
      10,
      10,
      10,
      10,
      10,
      10,
      10,
      10,
      10,
      10,
      2,
      10,
      10,
      10,
      10,
      10,
      10,
      10,
      2,
      10,
      10,
      10,
      10,
      10,
      10,
      10,
      10,
      10,
      10,
      10,
      10,
      10,
      10,
      10,
      10,
      10,
      10,
      10,
      10,
      10,
      10,
      10,
      10,
      10,
      10,
      10,
      10,
      10,
      10,
      10,
      10,
      10,
      10,
      10,
      10,
      10,
      10,
      10,
      10,
      10,
      10,
      10,
      10,
      10,
      10,
      10,
      10,
      10,
      10,
      10,
      10,
      10,
      10,
      10,
      10,
      10,
      10,
      10,
      10,
      10,
      10,
      2,
      10,
      10,
      10,
      10,
      10,
      10,
      10,
      10,
      10,
      10,
      10,
      10,
      10,
      10,
      10,
      10,
      10,
      10,
      10,
      10,
      10,
      10,
      10,
      10,
      2,
      2,
      10,
      10,
      10,
      10,
      10,
      10,
      10,
      10,
      10,
      10,
      10,
      10,
      10,
      10,
      10,
      10,
      10,
      10,
      10,
      10,
      10,
      10,
      10,
      10,
      10,
      10,
      10,
      10,
      2,
      10,
      10,
      10,
      10,
      2,
      10,
      10,
      10,
      10,
      10,
      10,
      10,
      10,
      10,
      10,
      10,
      10,
      10,
      10,
      10,
      10,
      10,
      10,
      10,
      10,
      10,
      10,
      10,
      10,
      101,
      84,
      144,
      200,
      66,
      80,
      161,
      34,
      133,
      79,
      264,
      297,
      65,
      95,
      25,
      107,
      113,
      73,
      108,
      160,
      93,
      32,
      75,
      33,
      255,
      136,
      132,
      145,
      132,
      60,
      91,
      55,
      47,
      78,
      133,
      135,
      115,
      75,
      154,
      103,
      26,
      175,
      77,
      99,
      95,
      133,
      56,
      87,
      94,
      32,
      120,
      136,
      76,
      104,
      10,
      10,
      10,
      10,
      10,
      10,
      10,
      10,
      10,
      10,
      10,
      10,
      10,
      10,
      10,
      10,
      10,
      10,
      10,
      10,
      10,
      10,
      10,
      10,
      10,
      10,
      10,
      10,
      10,
      10,
      10,
      10,
      10,
      10,
      10,
      10,
      10,
      10,
      10,
      10,
      10,
      10,
      10,
      10,
      10,
      10,
      10,
      10,
      10,
      10,
      10,
      10,
      10,
      95,
      97,
      114,
      81,
      118,
      86,
      83,
      151,
      33,
      97,
      110,
      134,
      100,
      152,
      37,
      100,
      98,
      27,
      32,
      99,
      169,
      143,
      191,
      89,
      80,
      88,
      100,
      105,
      36,
      192,
      33,
      112,
      24,
      58,
      133,
      171,
      59,
      23,
      30,
      122,
      104,
      92,
      61,
      107,
      150,
      106,
      26,
      28
    ],
    "chars": {
      "n": 612,
      "min": 1,
      "max": 3787,
      "mean": 201.8562091503268,
      "std": 270.4101379809647,
      "var": 73121.64272288437,
      "p10": 30,
      "p25": 30,
      "p50": 30,
      "p75": 364,
      "p90": 528,
      "p95": 636,
      "p99": 890
    },
    "chars_histogram": {
      "edges": [
        0,
        50,
        100,
        250,
        500,
        1000,
        2500,
        5000,
        10000,
        25000,
        50000,
        100000,
        200000
      ],