{
  "primary_metric": "pass_at_1",
  "n_items": 612,
  "n_items_correct": 35,
  "n_items_incorrect": 577,
  "n_items_unknown": 0,
  "n_generations": 612,
  "samples_per_item": [
    1
  ],
  "all_rollouts": {
    "tokens": {
      "n": 612,
      "min": 2,
      "max": 3603,
      "mean": 98.88888888888889,
      "std": 273.01876460099885,
      "var": 74539.24582425563,
      "p10": 2,
      "p25": 10,
      "p50": 77,
      "p75": 114,
      "p90": 156,
      "p95": 183,
      "p99": 336
    },
    "tokens_histogram": {
      "edges": [
        0,
        10,
        20,
        50,
        100,
        200,
        500,
        1000,
        2000,
        5000,
        10000,
        20000,
        40000
      ],
      "counts": [
        153,
        10,
        47,
        184,
        194,
        20,
        0,
        0,
        4,
        0,
        0,
        0
      ],
      "labels": [
        "[0,10)",
        "[10,20)",
        "[20,50)",
        "[50,100)",
        "[100,200)",
        "[200,500)",
        "[500,1000)",
        "[1000,2000)",
        "[2000,5000)",
        "[5000,10000)",
        "[10000,20000)",
        "[20000,40000)"
      ]
    },
    "tokens_raw": [
      140,
      2,
      101,
      2,
      2,
      2,
      2,
      183,
      105,
      65,
      84,
      101,
      133,
      120,
      62,
      128,
      72,
      114,
      112,
      64,
      115,
      115,
      90,
      62,
      100,
      107,
      85,
      84,
      37,
      2,
      124,
      31,
      62,
      27,
      174,
      2,
      97,
      125,
      40,
      118,
      80,
      114,
      75,
      72,
      73,
      126,
      124,
      42,
      150,
      124,
      100,
      92,
      131,
      77,
      95,
      200,
      111,
      69,
      134,
      43,
      136,
      102,
      136,
      70,
      126,
      154,
      101,
      56,
      108,
      134,
      108,
      50,
      160,
      145,
      106,
      103,
      75,
      93,
      137,
      138,
      140,
      109,
      103,
      50,
      43,
      105,
      129,
      39,
      71,
      126,
      107,
      89,
      55,
      29,
      132,
      106,
      175,
      59,
      74,
      69,
      92,
      105,
      74,
      95,
      38,
      147,
      66,
      76,
      98,
      105,
      144,
      150,
      100,
      81,
      105,
      96,
      77,
      78,
      106,
      106,
      96,
      63,
      117,
      77,
      86,
      88,
      103,
      103,
      84,
      61,
      72,
      92,
      83,
      79,
      112,
      83,
      110,
      97,
      122,
      81,
      155,
      96,
      108,
      105,
      76,
      165,
      101,
      110,
      64,
      107,
      135,
      61,
      70,
      108,
      2,
      89,
      300,
      75,
      35,
      160,
      66,
      94,
      76,
      144,
      71,
      98,
      171,
      103,
      81,
      84,
      42,
      105,
      161,
      167,
      34,
      79,
      183,
      69,
      89,
      94,
      87,
      2,
      69,
      69,
      2,
      80,
      60,
      134,
      75,
      92,
      87,
      251,
      2,
      2,
      336,
      2,
      36,
      2,
      2,
      2,
      146,
      169,
      2,
      114,
      2,
      2,
      2,
      2,
      232,
      2,
      184,
      2,
      13,
      72,
      2,
      2,
      2,
      2,
      46,
      2,
      140,
      78,
      70,
      2,
      2,
      2,
      65,
      2,
      2,
      86,
      2,
      2,
      137,
      2,
      186,
      120,
      3355,
      2,
      58,
      2,
      65,
      2,
      2,
      156,
      2,
      2,
      48,
      2,
      2,
      2,
      10,
      104,
      2,
      2,
      162,
      2,
      222,
      121,
      124,
      10,
      2,
      2,
      2,
      2,
      2,
      86,
      156,
      2,
      89,
      150,
      57,
      2,
      99,
      109,
      2,
      2,
      2,
      2,
      2,
      29,
      2,
      10,
      118,
      72,
      66,
      2,
      75,
      79,
      2,
      2,
      2,
      92,
      10,
      2,
      46,
      105,
      2,
      102,
      109,
      2,
      2,
      2,
      2,
      2,
      3218,
      2,
      2,
      175,
      142,
      2,
      263,
      38,
      68,
      2,
      171,
      86,
      2,
      48,
      2,
      122,
      149,
      2,
      99,
      2,
      2,
      2,
      2,
      2,
      2,
      104,
      2,
      2,
      44,
      92,
      83,
      166,
      87,
      2,
      106,
      64,
      2,
      83,
      81,
      2,
      90,
      2,
      2,
      2,
      29,
      2,
      2,
      34,
      67,
      131,
      90,
      3301,
      30,
      57,
      234,
      99,
      2,
      41,
      45,
      63,
      114,
      2,
      2,
      193,
      10,
      48,
      2,
      112,
      121,
      166,
      2,
      47,
      168,
      2,
      311,
      47,
      2,
      16,
      184,
      129,
      2,
      114,
      193,
      2,
      146,
      2,
      60,
      2,
      2,
      84,
      2,
      2,
      76,
      2,
      74,
      2,
      2,
      51,
      146,
      2,
      2,
      177,
      26,
      163,
      2,
      185,
      54,
      2,
      83,
      55,
      92,
      2,
      136,
      163,
      53,
      435,
      298,
      171,
      29,
      96,
      2,
      41,
      2,
      2,
      74,
      135,
      3603,
      69,
      2,
      246,
      61,
      4,
      217,
      432,
      60,
      136,
      2,
      2,
      70,
      75,
      2,
      115,
      2,
      2,
      55,
      55,
      2,
      39,
      10,
      87,
      213,
      2,
      109,
      100,
      72,
      141,
      131,
      60,
      74,
      2,
      24,
      121,
      32,
      91,
      174,
      65,
      83,
      128,
      124,
      113,
      53,
      122,
      170,
      107,
      151,
      78,
      133,
      158,
      96,
      101,
      73,
      98,
      49,
      79,
      59,
      40,
      71,
      125,
      124,
      106,
      74,
      121,
      87,
      155,
      140,
      73,
      96,
      95,
      88,
      111,
      86,
      2,
      34,
      135,
      147,
      67,
      86,
      2,
      52,
      84,
      2,
      98,
      2,
      2,
      2,
      65,
      2,
      2,
      200,
      61,
      140,
      2,
      10,
      2,
      141,
      41,
      146,
      119,
      127,
      12,
      43,
      113,
      27,
      205,
      62,
      2,
      97,
      2,
      2,
      2,
      72,
      59,
      157,
      2,
      2,
      88,
      2,
      42,
      114,
      2,
      150,
      201,
      2,
      2,
      69,
      2,
      71,
      79,
      2,
      2,
      103,
      74,
      128,
      73,
      104,
      104,
      79,
      104,
      125,
      91,
      158,
      101,
      68,
      133,
      39,
      66,
      94,
      160,
      136,
      103,
      126,
      80,
      173,
      86,
      48,
      71,
      126,
      91,
      38,
      169,
      137,
      128,
      118,
      72,
      173,
      137,
      59,
      138,
      32,
      84,
      126,
      76,
      46,
      67,
      164,
      113,
      224,
      209
    ],
    "chars": {
      "n": 612,
      "min": 1,
      "max": 17602,
      "mean": 371.2287581699346,
      "std": 1158.828246629344,
      "var": 1342882.9051860396,
      "p10": 1,
      "p25": 11,
      "p50": 276,
      "p75": 431,
      "p90": 595,
      "p95": 711,
      "p99": 1362
    },
    "chars_histogram": {
      "edges": [
        0,
        50,
        100,
        250,
        500,
        1000,
        2500,
        5000,
        10000,
        25000,
        50000,
        100000,
        200000
      ],