{
  "primary_metric": "exact_match_flex",
  "n_items": 500,
  "n_items_correct": 134,
  "n_items_incorrect": 366,
  "n_items_unknown": 0,
  "n_generations": 500,
  "samples_per_item": [
    1
  ],
  "all_rollouts": {
    "tokens": {
      "n": 500,
      "min": 5,
      "max": 50,
      "mean": 8.386,
      "std": 3.9725311830116574,
      "var": 15.781004,
      "p10": 6,
      "p25": 6,
      "p50": 7,
      "p75": 9,
      "p90": 12,
      "p95": 16,
      "p99": 27
    },
    "tokens_histogram": {
      "edges": [
        0,
        10,
        20,
        50,
        100,
        200,
        500,
        1000,
        2000,
        5000,
        10000,
        20000,
        40000
      ],
      "counts": [
        390,
        97,
        12,
        1,
        0,
        0,
        0,
        0,
        0,
        0,
        0,
        0
      ],
      "labels": [
        "[0,10)",
        "[10,20)",
        "[20,50)",
        "[50,100)",
        "[100,200)",
        "[200,500)",
        "[500,1000)",
        "[1000,2000)",
        "[2000,5000)",
        "[5000,10000)",
        "[10000,20000)",
        "[20000,40000)"
      ]
    },
    "tokens_raw": [
      13,
      11,
      12,
      7,
      10,
      7,
      8,
      7,
      11,
      7,
      9,
      12,
      8,
      6,
      6,
      27,
      7,
      7,
      7,
      6,
      9,
      8,
      6,
      6,
      6,
      6,
      8,
      8,
      9,
      6,
      9,
      12,
      8,
      11,
      8,
      6,
      6,
      7,
      9,
      7,
      7,
      7,
      7,
      7,
      9,
      6,
      6,
      6,
      11,
      7,
      8,
      19,
      6,
      12,
      9,
      6,
      7,
      7,
      9,
      7,
      11,
      7,
      6,
      6,
      6,
      6,
      22,
      7,
      7,
      6,
      9,
      9,
      6,
      23,
      11,
      11,
      6,
      6,
      9,
      6,
      6,
      6,
      11,
      6,
      6,
      9,
      8,
      6,
      6,
      7,
      7,
      6,
      12,
      7,
      7,
      6,
      8,
      6,
      9,
      24,
      8,
      6,
      13,
      6,
      6,
      8,
      11,
      7,
      6,
      7,
      6,
      8,
      7,
      8,
      6,
      8,
      6,
      6,
      7,
      6,
      6,
      6,
      6,
      6,
      12,
      6,
      5,
      12,
      7,
      7,
      6,
      6,
      6,
      8,
      6,
      6,
      6,
      10,
      11,
      6,
      6,
      6,
      8,
      16,
      12,
      6,
      16,
      7,
      9,
      7,
      6,
      6,
      7,
      12,
      11,
      11,
      7,
      6,
      8,
      8,
      7,
      6,
      13,
      13,
      6,
      15,
      13,
      7,
      6,
      7,
      7,
      13,
      8,
      6,
      6,
      6,
      14,
      7,
      7,
      21,
      6,
      10,
      9,
      7,
      6,
      6,
      6,
      6,
      6,
      7,
      11,
      6,
      9,
      6,
      11,
      7,
      9,
      6,
      10,
      7,
      7,
      7,
      11,
      6,
      7,
      24,
      12,
      7,
      6,
      7,
      6,
      7,
      7,
      6,
      8,
      6,
      7,
      15,
      10,
      11,
      6,
      7,
      6,
      6,
      16,
      8,
      6,
      6,
      7,
      7,
      6,
      6,
      6,
      7,
      7,
      12,
      6,
      7,
      8,
      7,
      7,
      7,
      10,
      6,
      6,
      9,
      6,
      6,
      27,
      7,
      7,
      6,
      8,
      11,
      9,
      6,
      13,
      8,
      7,
      7,
      7,
      7,
      6,
      7,
      6,
      9,
      11,
      8,
      6,
      6,
      7,
      8,
      9,
      7,
      7,
      6,
      6,
      10,
      8,
      8,
      6,
      7,
      8,
      6,
      8,
      8,
      11,
      7,
      6,
      7,
      6,
      8,
      6,
      19,
      7,
      7,
      10,
      8,
      27,
      7,
      7,
      11,
      6,
      7,
      6,
      11,
      6,
      13,
      6,
      7,
      6,
      6,
      10,
      9,
      9,
      7,
      7,
      6,
      17,
      7,
      13,
      8,
      6,
      11,
      7,
      6,
      9,
      8,
      6,
      9,
      9,
      12,
      6,
      6,
      7,
      6,
      10,
      6,
      13,
      7,
      9,
      6,
      6,
      10,
      6,
      6,
      9,
      16,
      9,
      7,
      6,
      12,
      7,
      8,
      8,
      6,
      10,
      7,
      9,
      6,
      6,
      6,
      11,
      6,
      14,
      6,
      6,
      6,
      7,
      8,
      7,
      6,
      9,
      21,
      6,
      6,
      9,
      6,
      6,
      14,
      19,
      11,
      10,
      20,
      11,
      7,
      7,
      7,
      6,
      11,
      6,
      6,
      7,
      11,
      7,
      6,
      6,
      7,
      10,
      10,
      11,
      6,
      9,
      6,
      6,
      7,
      6,
      6,
      21,
      11,
      6,
      7,
      8,
      10,
      6,
      7,
      18,
      6,
      16,
      50,
      12,
      7,
      16,
      9,
      7,
      10,
      11,
      7,
      7,
      7,
      8,
      14,
      6,
      12,
      8,
      10,
      6,
      6,
      6,
      28,
      6,
      9,
      6,
      7,
      11,
      6,
      6,
      7,
      6,
      7,
      7,
      13,
      8,
      7,
      13,
      6,
      8,
      6,
      7,
      10,
      8,
      7,
      6,
      6,
      6,
      7,
      6,
      7,
      6,
      7,
      19,
      7,
      15,
      6,
      6,
      7,
      8,
      6,
      6,
      7,
      6,
      7,
      6,
      6,
      6,
      7,
      9,
      6,
      7,
      8,
      6,
      7,
      8,
      7,
      6,
      9,
      6,
      11,
      6,
      9
    ],
    "chars": {
      "n": 500,
      "min": 10,
      "max": 105,
      "mean": 14.82,
      "std": 7.6482416279822125,
      "var": 58.4956,
      "p10": 11,
      "p25": 11,
      "p50": 12,
      "p75": 15,
      "p90": 22,
      "p95": 26,
      "p99": 53
    },
    "chars_histogram": {
      "edges": [
        0,
        50,
        100,
        250,
        500,
        1000,
        2500,
        5000,
        10000,
        25000,
        50000,
        100000,
        200000
      ],
      "counts": [
        494,
        5,
        1,
        0,
        0,
        0,
        0,
        0,
        0,
        0,
        0,
        0
      ],
      "labels": [
        "[0,50)",
        "[50,100)",
        "[100,250)",
        "[250,500)",
        "[500,1000)",
        "[1000,2500)",
        "[2500,5000)",
        "[5000,10000)",
        "[10000,25000)",
        "[25000,50000)",
        "[50000,100000)",
        "[100000,200000)"
      ]
    }
  },
  "correct_rollouts": {
    "tokens": {
      "n": 134,
      "min": 6,
      "max": 28,
      "mean": 8.261194029850746,
      "std": 3.378883292692424,
      "var": 11.416852305635999,
      "p10": 6,
      "p25": 6,
      "p50": 7,
      "p75": 9,
      "p90": 12,
      "p95": 13,
      "p99": 23
    },
    "tokens_histogram": {
      "edges": [
        0,
        10,
        20,
        50,
        100,
        200,
        500,
        1000,
        2000,
        5000,
        10000,
        20000,
        40000
      ],
      "counts": [
        105,
        26,
        3,
        0,
        0,
        0,
        0,
        0,
        0,
        0,
        0,
        0
      ],
      "labels": [
        "[0,10)",
        "[10,20)",
        "[20,50)",
        "[50,100)",
        "[100,200)",
        "[200,500)",
        "[500,1000)",
        "[1000,2000)",
        "[2000,5000)",
        "[5000,10000)",
        "[10000,20000)",
        "[20000,40000)"
      ]
    },