{
  "primary_metric": "exact_match_flex",
  "n_items": 500,
  "n_items_correct": 113,
  "n_items_incorrect": 387,
  "n_items_unknown": 0,
  "n_generations": 500,
  "samples_per_item": [
    1
  ],
  "all_rollouts": {
    "tokens": {
      "n": 500,
      "min": 2,
      "max": 358,
      "mean": 9.394,
      "std": 16.513714421655717,
      "var": 272.702764,
      "p10": 6,
      "p25": 6,
      "p50": 7,
      "p75": 10,
      "p90": 12,
      "p95": 17,
      "p99": 36
    },
    "tokens_histogram": {
      "edges": [
        0,
        10,
        20,
        50,
        100,
        200,
        500,
        1000,
        2000,
        5000,
        10000,
        20000,
        40000
      ],
      "counts": [
        375,
        105,
        17,
        2,
        0,
        1,
        0,
        0,
        0,
        0,
        0,
        0
      ],
      "labels": [
        "[0,10)",
        "[10,20)",
        "[20,50)",
        "[50,100)",
        "[100,200)",
        "[200,500)",
        "[500,1000)",
        "[1000,2000)",
        "[2000,5000)",
        "[5000,10000)",
        "[10000,20000)",
        "[20000,40000)"
      ]
    },
    "tokens_raw": [
      13,
      10,
      11,
      6,
      7,
      7,
      7,
      9,
      10,
      6,
      9,
      11,
      8,
      6,
      6,
      24,
      7,
      6,
      7,
      6,
      11,
      9,
      6,
      6,
      6,
      6,
      7,
      8,
      10,
      6,
      9,
      11,
      8,
      10,
      8,
      6,
      6,
      7,
      9,
      7,
      11,
      7,
      7,
      7,
      9,
      6,
      6,
      14,
      11,
      7,
      8,
      24,
      6,
      11,
      9,
      6,
      7,
      8,
      9,
      7,
      12,
      7,
      6,
      6,
      12,
      6,
      20,
      9,
      8,
      6,
      9,
      9,
      6,
      55,
      6,
      10,
      6,
      6,
      10,
      6,
      9,
      6,
      10,
      6,
      6,
      8,
      8,
      10,
      6,
      7,
      7,
      6,
      13,
      7,
      7,
      6,
      6,
      6,
      10,
      23,
      8,
      6,
      12,
      6,
      7,
      11,
      10,
      7,
      6,
      9,
      6,
      8,
      7,
      8,
      6,
      9,
      9,
      6,
      7,
      6,
      6,
      6,
      6,
      7,
      11,
      6,
      12,
      11,
      6,
      7,
      6,
      6,
      6,
      8,
      7,
      6,
      6,
      9,
      10,
      6,
      6,
      6,
      9,
      15,
      11,
      6,
      10,
      7,
      7,
      7,
      6,
      8,
      7,
      10,
      10,
      10,
      7,
      6,
      9,
      8,
      7,
      6,
      12,
      10,
      9,
      10,
      11,
      2,
      6,
      7,
      7,
      12,
      8,
      6,
      6,
      6,
      14,
      7,
      7,
      23,
      6,
      10,
      9,
      7,
      10,
      6,
      6,
      6,
      6,
      7,
      10,
      6,
      7,
      6,
      10,
      7,
      25,
      6,
      8,
      7,
      8,
      7,
      10,
      6,
      6,
      44,
      14,
      7,
      6,
      2,
      6,
      8,
      7,
      11,
      7,
      6,
      6,
      12,
      10,
      10,
      6,
      7,
      6,
      6,
      17,
      7,
      6,
      6,
      7,
      7,
      6,
      6,
      6,
      7,
      6,
      10,
      6,
      7,
      12,
      7,
      7,
      7,
      10,
      6,
      6,
      9,
      6,
      6,
      26,
      7,
      7,
      7,
      8,
      10,
      8,
      6,
      12,
      8,
      7,
      7,
      7,
      7,
      6,
      6,
      12,
      9,
      10,
      8,
      6,
      6,
      7,
      8,
      7,
      9,
      7,
      6,
      6,
      9,
      8,
      9,
      6,
      9,
      8,
      6,
      9,
      7,
      10,
      7,
      17,
      7,
      6,
      7,
      6,
      20,
      7,
      7,
      8,
      8,
      28,
      7,
      6,
      11,
      6,
      7,
      7,
      10,
      6,
      12,
      6,
      7,
      10,
      6,
      10,
      7,
      8,
      6,
      7,
      6,
      17,
      7,
      12,
      8,
      6,
      10,
      8,
      6,
      8,
      8,
      6,
      9,
      9,
      11,
      6,
      6,
      7,
      6,
      10,
      6,
      11,
      7,
      9,
      6,
      6,
      10,
      6,
      6,
      8,
      18,
      9,
      7,
      6,
      24,
      7,
      8,
      9,
      7,
      11,
      6,
      6,
      6,
      6,
      6,
      10,
      6,
      17,
      6,
      6,
      6,
      7,
      8,
      7,
      6,
      9,
      20,
      6,
      358,
      8,
      6,
      6,
      13,
      28,
      10,
      9,
      11,
      12,
      7,
      6,
      7,
      6,
      10,
      7,
      8,
      7,
      10,
      6,
      6,
      6,
      7,
      7,
      10,
      10,
      6,
      10,
      6,
      6,
      7,
      6,
      6,
      20,
      7,
      6,
      7,
      10,
      9,
      6,
      6,
      10,
      6,
      15,
      70,
      11,
      7,
      15,
      9,
      6,
      16,
      20,
      7,
      7,
      6,
      8,
      18,
      6,
      12,
      8,
      16,
      6,
      6,
      6,
      36,
      11,
      9,
      6,
      7,
      10,
      6,
      6,
      7,
      6,
      7,
      6,
      15,
      7,
      6,
      13,
      6,
      9,
      6,
      7,
      10,
      7,
      7,
      7,
      6,
      6,
      8,
      6,
      6,
      6,
      7,
      32,
      7,
      14,
      6,
      6,
      7,
      8,
      6,
      6,
      7,
      6,
      9,
      6,
      6,
      6,
      7,
      8,
      6,
      7,
      7,
      6,
      7,
      10,
      7,
      10,
      14,
      13,
      17,
      6,
      9
    ],
    "chars": {
      "n": 500,
      "min": 1,
      "max": 800,
      "mean": 15.626,
      "std": 37.15010261089463,
      "var": 1380.130124,
      "p10": 9,
      "p25": 9,
      "p50": 10,
      "p75": 15,
      "p90": 21,
      "p95": 29,
      "p99": 60
    },
    "chars_histogram": {
      "edges": [
        0,
        50,
        100,
        250,
        500,
        1000,
        2500,
        5000,
        10000,
        25000,
        50000,
        100000,
        200000
      ],
      "counts": [
        489,
        8,
        2,
        0,
        1,
        0,
        0,
        0,
        0,
        0,
        0,
        0
      ],
      "labels": [
        "[0,50)",
        "[50,100)",
        "[100,250)",
        "[250,500)",
        "[500,1000)",
        "[1000,2500)",
        "[2500,5000)",
        "[5000,10000)",
        "[10000,25000)",
        "[25000,50000)",
        "[50000,100000)",
        "[100000,200000)"
      ]
    }
  },
  "correct_rollouts": {
    "tokens": {
      "n": 113,
      "min": 6,
      "max": 55,
      "mean": 8.274336283185841,
      "std": 5.64000845353446,
      "var": 31.809695355940168,
      "p10": 6,
      "p25": 6,
      "p50": 7,
      "p75": 9,
      "p90": 11,
      "p95": 12,
      "p99": 36
    },
    "tokens_histogram": {
      "edges": [
        0,
        10,
        20,
        50,
        100,
        200,
        500,
        1000,
        2000,
        5000,
        10000,
        20000,
        40000
      ],
      "counts": [
        92,
        18,
        2,
        1,
        0,
        0,
        0,
        0,
        0,
        0,
        0,
        0
      ],
      "labels": [
        "[0,10)",
        "[10,20)",
        "[20,50)",
        "[50,100)",
        "[100,200)",
        "[200,500)",
        "[500,1000)",
        "[1000,2000)",
        "[2000,5000)",
        "[5000,10000)",
        "[10000,20000)",
        "[20000,40000)"
      ]
    },