{
  "primary_metric": "length_controlled_winrate",
  "n_items": 805,
  "n_items_correct": 0,
  "n_items_incorrect": 0,
  "n_items_unknown": 805,
  "n_generations": 805,
  "samples_per_item": [
    1
  ],
  "all_rollouts": {
    "tokens": {
      "n": 805,
      "min": 2,
      "max": 5328,
      "mean": 328.02608695652174,
      "std": 897.4016117300101,
      "var": 805329.6527356198,
      "p10": 2,
      "p25": 2,
      "p50": 80,
      "p75": 224,
      "p90": 469,
      "p95": 836,
      "p99": 4529
    },
    "tokens_histogram": {
      "edges": [
        0,
        10,
        20,
        50,
        100,
        200,
        500,
        1000,
        2000,
        5000,
        10000,
        20000,
        40000
      ],
      "counts": [
        252,
        37,
        74,
        63,
        142,
        165,
        35,
        0,
        31,
        6,
        0,
        0
      ],
      "labels": [
        "[0,10)",
        "[10,20)",
        "[20,50)",
        "[50,100)",
        "[100,200)",
        "[200,500)",
        "[500,1000)",
        "[1000,2000)",
        "[2000,5000)",
        "[5000,10000)",
        "[10000,20000)",
        "[20000,40000)"
      ]
    },
    "tokens_raw": [
      188,
      614,
      201,
      182,
      208,
      159,
      16,
      49,
      2,
      455,
      160,
      2,
      586,
      444,
      280,
      217,
      223,
      4111,
      2,
      520,
      106,
      117,
      51,
      34,
      13,
      4529,
      32,
      996,
      593,
      217,
      225,
      4133,
      225,
      119,
      16,
      80,
      183,
      497,
      4124,
      2,
      15,
      153,
      664,
      53,
      181,
      198,
      178,
      411,
      37,
      177,
      15,
      62,
      465,
      167,
      260,
      242,
      783,
      281,
      491,
      48,
      53,
      274,
      335,
      431,
      439,
      206,
      766,
      4068,
      4126,
      19,
      2,
      2,
      2,
      224,
      159,
      185,
      647,
      441,
      180,
      463,
      173,
      237,
      476,
      4150,
      2,
      477,
      452,
      437,
      46,
      269,
      309,
      19,
      4122,
      11,
      117,
      739,
      103,
      218,
      92,
      217,
      5112,
      51,
      61,
      493,
      406,
      41,
      162,
      482,
      322,
      20,
      160,
      4102,
      4260,
      18,
      2,
      657,
      531,
      151,
      44,
      140,
      13,
      45,
      53,
      329,
      403,
      45,
      316,
      28,
      102,
      368,
      25,
      88,
      202,
      166,
      2,
      11,
      2,
      4150,
      47,
      463,
      120,
      187,
      221,
      2,
      2,
      4175,
      2,
      2,
      2,
      221,
      111,
      407,
      10,
      2,
      188,
      26,
      2,
      74,
      2,
      29,
      4187,
      3,
      466,
      101,
      7,
      2,
      177,
      104,
      15,
      5029,
      2,
      271,
      188,
      2,
      33,
      111,
      602,
      440,
      274,
      149,
      2,
      206,
      4189,
      174,
      19,
      397,
      153,
      145,
      368,
      217,
      2,
      158,
      138,
      2,
      378,
      21,
      43,
      142,
      118,
      2,
      129,
      3,
      2,
      2,
      360,
      4,
      5,
      46,
      2,
      2,
      9,
      18,
      4083,
      23,
      56,
      160,
      670,
      129,
      90,
      2,
      2,
      297,
      2,
      156,
      491,
      36,
      157,
      144,
      5328,
      2,
      40,
      51,
      2,
      312,
      2,
      3996,
      231,
      4624,
      248,
      223,
      454,
      322,
      196,
      6,
      21,
      2,
      348,
      176,
      2,
      20,
      2,
      2,
      525,
      194,
      594,
      159,
      240,
      245,
      216,
      70,
      2,
      2,
      2,
      594,
      260,
      694,
      36,
      175,
      47,
      690,
      286,
      243,
      97,
      2,
      3,
      149,
      2,
      2,
      158,
      2,
      200,
      836,
      2,
      388,
      451,
      79,
      36,
      173,
      247,
      5119,
      164,
      504,
      5,
      34,
      17,
      168,
      2,
      246,
      23,
      2,
      166,
      119,
      292,
      2,
      706,
      3,
      2,
      69,
      809,
      29,
      401,
      42,
      4154,
      122,
      48,
      33,
      110,
      37,
      99,
      2,
      245,
      2,
      204,
      157,
      114,
      246,
      2,
      73,
      586,
      180,
      187,
      2,
      14,
      10,
      430,
      135,
      2,
      96,
      2,
      2,
      10,
      10,
      2,
      222,
      278,
      141,
      165,
      200,
      2,
      2,
      2,
      151,
      188,
      183,
      255,
      218,
      201,
      2,
      296,
      171,
      2,
      450,
      7,
      301,
      272,
      228,
      2,
      100,
      44,
      3688,
      8,
      2,
      169,
      28,
      522,
      26,
      2,
      23,
      187,
      2,
      164,
      131,
      208,
      782,
      81,
      55,
      2,
      214,
      463,
      9,
      2,
      58,
      2,
      230,
      331,
      192,
      2,
      216,
      134,
      235,
      394,
      175,
      54,
      173,
      37,
      116,
      64,
      255,
      20,
      2,
      2,
      162,
      61,
      855,
      254,
      2,
      121,
      172,
      39,
      78,
      30,
      37,
      295,
      39,
      2,
      5108,
      483,
      2,
      455,
      135,
      61,
      76,
      79,
      2,
      763,
      4267,
      26,
      59,
      2,
      2,
      2,
      536,
      2,
      38,
      25,
      2,
      31,
      42,
      57,
      2,
      254,
      709,
      219,
      717,
      171,
      97,
      332,
      2,
      44,
      25,
      108,
      48,
      2,
      431,
      325,
      110,
      121,
      168,
      2,
      2,
      84,
      11,
      55,
      2,
      2,
      2,
      3,
      3,
      2,
      2,
      2,
      2,
      2,
      2,
      160,
      17,
      57,
      105,
      2,
      51,
      199,
      102,
      82,
      2,
      6,
      3,
      356,
      80,
      78,
      2,
      2,
      81,
      2,
      41,
      2,
      90,
      57,
      5,
      365,
      12,
      4,
      219,
      104,
      2,
      2,
      252,
      158,
      203,
      2,
      143,
      156,
      307,
      2,
      4,
      3,
      2,
      2,
      2,
      13,
      2,
      163,
      2,
      2,
      62,
      3,
      2,
      2,
      2,
      2,
      2,
      2,
      2,
      47,
      2,
      2,
      2,
      116,
      2,
      119,
      2,
      354,
      235,
      2,
      2,
      28,
      16,
      2,
      182,
      82,
      2,
      137,
      336,
      248,
      79,
      10,
      194,
      65,
      2,
      154,
      227,
      53,
      2,
      2,
      2,
      3,
      2,
      197,
      2,
      21,
      2,
      2,
      2,
      2,
      454,
      150,
      2,
      355,
      204,
      41,
      188,
      199,
      2,
      12,
      4386,
      47,
      5,
      221,
      2,
      3,
      2,
      28,
      171,
      28,
      65,
      2,
      518,
      147,
      170,
      2,
      2,
      2,
      186,
      22,
      864,
      253,
      141,
      27,
      229,
      2,
      2,
      2,
      187,
      117,
      3,
      3,
      4134,
      2,
      2,
      22,
      2,
      31,
      2,
      32,
      2,
      2,
      2,
      2,
      2,
      16,
      2,
      3,
      88,
      4273,
      2,
      206,
      2,
      2,
      3,
      8,
      78,
      182,
      2,
      2,
      21,
      2,
      4201,
      2,
      2,
      14,
      241,
      2,
      2,
      2,
