{
  "primary_metric": "length_controlled_winrate",
  "n_items": 805,
  "n_items_correct": 0,
  "n_items_incorrect": 0,
  "n_items_unknown": 805,
  "n_generations": 805,
  "samples_per_item": [
    1
  ],
  "all_rollouts": {
    "tokens": {
      "n": 805,
      "min": 2,
      "max": 7219,
      "mean": 1002.8173913043478,
      "std": 1629.7980373133544,
      "var": 2656241.642430462,
      "p10": 44,
      "p25": 125,
      "p50": 314,
      "p75": 741,
      "p90": 4190,
      "p95": 5128,
      "p99": 5893
    },
    "tokens_histogram": {
      "edges": [
        0,
        10,
        20,
        50,
        100,
        200,
        500,
        1000,
        2000,
        5000,
        10000,
        20000,
        40000
      ],
      "counts": [
        10,
        20,
        61,
        84,
        108,
        239,
        126,
        37,
        70,
        50,
        0,
        0
      ],
      "labels": [
        "[0,10)",
        "[10,20)",
        "[20,50)",
        "[50,100)",
        "[100,200)",
        "[200,500)",
        "[500,1000)",
        "[1000,2000)",
        "[2000,5000)",
        "[5000,10000)",
        "[10000,20000)",
        "[20000,40000)"
      ]
    },
    "tokens_raw": [
      170,
      540,
      512,
      227,
      301,
      366,
      64,
      110,
      247,
      630,
      4697,
      502,
      4106,
      652,
      301,
      255,
      352,
      4160,
      133,
      1827,
      542,
      254,
      198,
      4148,
      45,
      175,
      28,
      1300,
      245,
      572,
      5143,
      4107,
      217,
      457,
      35,
      315,
      979,
      4145,
      546,
      4833,
      34,
      4082,
      5163,
      741,
      222,
      4189,
      251,
      4172,
      181,
      5122,
      37,
      107,
      619,
      449,
      259,
      210,
      910,
      341,
      494,
      58,
      75,
      5062,
      423,
      5903,
      3979,
      535,
      520,
      4087,
      4122,
      304,
      93,
      36,
      556,
      992,
      278,
      4133,
      511,
      1085,
      1181,
      387,
      4774,
      252,
      4186,
      333,
      441,
      464,
      4984,
      739,
      71,
      4168,
      200,
      58,
      5031,
      48,
      541,
      5656,
      310,
      328,
      4224,
      141,
      5737,
      171,
      65,
      485,
      554,
      164,
      352,
      658,
      819,
      130,
      379,
      5046,
      55,
      21,
      207,
      4908,
      804,
      372,
      56,
      198,
      18,
      304,
      102,
      4142,
      601,
      5722,
      770,
      4689,
      118,
      413,
      184,
      108,
      333,
      373,
      177,
      147,
      4134,
      271,
      6453,
      1368,
      5100,
      708,
      225,
      558,
      51,
      4116,
      314,
      795,
      4105,
      367,
      262,
      468,
      283,
      3974,
      909,
      211,
      969,
      373,
      47,
      81,
      567,
      31,
      5749,
      269,
      169,
      123,
      756,
      169,
      22,
      306,
      332,
      5054,
      252,
      390,
      4190,
      264,
      1378,
      545,
      338,
      182,
      872,
      296,
      423,
      650,
      537,
      823,
      347,
      331,
      5280,
      477,
      5,
      234,
      730,
      4791,
      424,
      36,
      250,
      289,
      206,
      2,
      158,
      759,
      63,
      924,
      1105,
      443,
      295,
      80,
      719,
      184,
      26,
      199,
      4075,
      736,
      21,
      4128,
      859,
      204,
      131,
      236,
      240,
      1643,
      60,
      407,
      768,
      95,
      270,
      142,
      4132,
      447,
      216,
      4483,
      50,
      198,
      282,
      5131,
      326,
      226,
      4182,
      231,
      5871,
      5813,
      267,
      4204,
      257,
      15,
      4187,
      540,
      2006,
      49,
      198,
      73,
      520,
      202,
      348,
      237,
      1017,
      648,
      193,
      672,
      5157,
      282,
      2,
      585,
      590,
      1009,
      282,
      947,
      157,
      908,
      858,
      488,
      267,
      132,
      4858,
      218,
      152,
      3484,
      176,
      374,
      280,
      711,
      144,
      432,
      7219,
      4961,
      415,
      5331,
      5137,
      2393,
      720,
      507,
      17,
      304,
      65,
      535,
      43,
      868,
      4578,
      91,
      335,
      333,
      207,
      24,
      6056,
      96,
      4224,
      176,
      657,
      584,
      5210,
      85,
      6058,
      485,
      147,
      176,
      230,
      141,
      118,
      196,
      881,
      308,
      396,
      384,
      583,
      841,
      4618,
      192,
      437,
      375,
      277,
      5627,
      46,
      10,
      414,
      248,
      136,
      331,
      188,
      4594,
      19,
      1405,
      87,
      5524,
      4709,
      79,
      223,
      737,
      38,
      93,
      29,
      424,
      179,
      434,
      928,
      311,
      5779,
      358,
      628,
      193,
      5379,
      2530,
      156,
      4455,
      439,
      597,
      129,
      232,
      71,
      4192,
      8,
      38,
      328,
      32,
      603,
      116,
      5472,
      5766,
      4636,
      507,
      5065,
      518,
      273,
      313,
      201,
      88,
      180,
      741,
      255,
      15,
      113,
      138,
      1243,
      5487,
      372,
      353,
      4012,
      749,
      1216,
      4094,
      345,
      711,
      63,
      394,
      41,
      299,
      367,
      360,
      22,
      78,
      760,
      695,
      4427,
      782,
      465,
      269,
      313,
      307,
      114,
      165,
      42,
      115,
      481,
      62,
      45,
      4791,
      557,
      175,
      4200,
      517,
      60,
      389,
      187,
      97,
      961,
      315,
      53,
      421,
      39,
      185,
      25,
      639,
      380,
      132,
      373,
      677,
      74,
      285,
      158,
      1276,
      4121,
      1095,
      758,
      303,
      259,
      196,
      1214,
      35,
      9,
      466,
      231,
      27,
      314,
      463,
      1099,
      150,
      4689,
      223,
      4914,
      53,
      1173,
      255,
      138,
      75,
      380,
      31,
      57,
      106,
      142,
      90,
      282,
      4179,
      4130,
      123,
      157,
      74,
      436,
      174,
      57,
      55,
      143,
      120,
      83,
      125,
      25,
      92,
      536,
      211,
      121,
      4274,
      1853,
      97,
      362,
      630,
      66,
      236,
      75,
      511,
      560,
      43,
      69,
      278,
      309,
      35,
      154,
      876,
      5128,
      341,
      294,
      152,
      691,
      317,
      228,
      95,
      279,
      63,
      147,
      46,
      43,
      329,
      239,
      74,
      422,
      99,
      198,
      272,
      71,
      17,
      286,
      5055,
      60,
      131,
      94,
      2,
      258,
      21,
      127,
      227,
      155,
      71,
      406,
      494,
      52,
      165,
      36,
      53,
      546,
      4100,
      1032,
      822,
      359,
      956,
      510,
      139,
      333,
      537,
      340,
      557,
      262,
      268,
      30,
      78,
      1206,
      163,
      690,
      78,
      4127,
      255,
      204,
      962,
      1068,
      1227,
      498,
      567,
      625,
      171,
      5251,
      368,
      86,
      442,
      1897,
      491,
      188,
      4623,
      350,
      312,
      201,
      13,
      61,
      738,
      49,
      410,
      44,
      321,
      993,
      614,
      147,
      1049,
      31,
      233,
      42,
      254,
      22,
      1079,
      390,
