{
  "primary_metric": "prompt_level_loose_acc",
  "n_items": 300,
  "n_items_correct": 115,
  "n_items_incorrect": 185,
  "n_items_unknown": 0,
  "n_generations": 300,
  "samples_per_item": [
    1
  ],
  "all_rollouts": {
    "tokens": {
      "n": 300,
      "min": 2,
      "max": 5108,
      "mean": 300.39666666666665,
      "std": 1138.2693409977956,
      "var": 1295657.0926555556,
      "p10": 2,
      "p25": 2,
      "p50": 2,
      "p75": 3,
      "p90": 4,
      "p95": 4570,
      "p99": 5064
    },
    "tokens_histogram": {
      "edges": [
        0,
        10,
        20,
        50,
        100,
        200,
        500,
        1000,
        2000,
        5000,
        10000,
        20000,
        40000
      ],
      "counts": [
        274,
        0,
        2,
        2,
        2,
        1,
        0,
        0,
        15,
        4,
        0,
        0
      ],
      "labels": [
        "[0,10)",
        "[10,20)",
        "[20,50)",
        "[50,100)",
        "[100,200)",
        "[200,500)",
        "[500,1000)",
        "[1000,2000)",
        "[2000,5000)",
        "[5000,10000)",
        "[10000,20000)",
        "[20000,40000)"
      ]
    },
    "tokens_raw": [
      2,
      2,
      2,
      2,
      2,
      2,
      3,
      2,
      3,
      2,
      4724,
      3,
      2,
      2,
      2,
      2,
      2,
      2,
      2,
      2,
      2,
      2,
      3,
      2,
      2,
      3,
      3,
      2,
      3,
      4260,
      3,
      3,
      3,
      2,
      3,
      2,
      2,
      2,
      2,
      3,
      4525,
      2,
      2,
      3,
      2,
      3,
      2,
      4570,
      2,
      2,
      2,
      2,
      2,
      2,
      2,
      2,
      3,
      2,
      2,
      3,
      3,
      3,
      3,
      3,
      2,
      2,
      2,
      2,
      3,
      3,
      2,
      2,
      2,
      2,
      22,
      5059,
      3,
      3,
      3,
      3,
      2,
      3,
      3,
      3,
      2,
      2,
      137,
      2,
      2,
      2,
      2,
      2,
      2,
      3,
      2,
      3,
      2,
      2,
      2,
      3,
      2,
      2,
      3,
      2,
      2,
      2,
      3,
      2,
      2,
      3,
      4648,
      2,
      5068,
      2,
      2,
      2,
      60,
      3,
      3,
      3,
      3,
      3,
      3,
      3,
      2,
      2,
      2,
      3,
      2,
      3,
      3,
      2,
      2,
      3,
      3,
      2,
      2,
      3,
      2,
      3,
      2,
      4,
      3,
      3,
      2,
      3,
      3,
      2,
      3,
      2,
      3,
      3,
      3,
      3,
      2,
      2,
      2,
      3,
      2,
      3,
      2,
      2,
      2,
      2,
      3,
      2,
      2,
      2,
      2,
      2,
      2,
      2,
      2,
      2,
      2,
      3,
      3,
      2,
      3,
      3,
      3,
      4701,
      4,
      3,
      4,
      3,
      3,
      3,
      3,
      3,
      3,
      2,
      2,
      2,
      4740,
      2,
      2,
      5108,
      4627,
      4576,
      2,
      3,
      3,
      3,
      2,
      2,
      2,
      3,
      2,
      3,
      3,
      3,
      3,
      3,
      2,
      2,
      3,
      2,
      2,
      2,
      3,
      2,
      3,
      3,
      3,
      3,
      2,
      3,
      3,
      3,
      3,
      2,
      4599,
      2,
      3,
      3,
      4583,
      4715,
      4,
      3,
      4316,
      2,
      2,
      2,
      2,
      2,
      2,
      2,
      2,
      2,
      2,
      2,
      2,
      2,
      2,
      2,
      2,
      2,
      2,
      2,
      2,
      2,
      2,
      2,
      2,
      5064,
      2,
      2,
      2,
      2,
      3,
      3,
      2,
      2,
      3,
      2,
      3,
      2,
      2,
      2,
      2,
      2,
      6,
      4744,
      3,
      3,
      2,
      2,
      2,
      2,
      2,
      2,
      4096,
      204,
      199,
      88,
      2,
      2,
      3,
      24
    ],
    "chars": {
      "n": 300,
      "min": 1,
      "max": 30257,
      "mean": 466.94666666666666,
      "std": 2475.4237907522465,
      "var": 6127722.943822222,
      "p10": 1,
      "p25": 1,
      "p50": 1,
      "p75": 10,
      "p90": 13,
      "p95": 4575,
      "p99": 5294
    },
    "chars_histogram": {
      "edges": [
        0,
        50,
        100,
        250,
        500,
        1000,
        2500,
        5000,
        10000,
        25000,
        50000,
        100000,
        200000
      ],
      "counts": [
        274,
        1,
        1,
        2,
        2,
        1,
        13,
        4,
        1,
        1,
        0,
        0
      ],
      "labels": [
        "[0,50)",
        "[50,100)",
        "[100,250)",
        "[250,500)",
        "[500,1000)",
        "[1000,2500)",
        "[2500,5000)",
        "[5000,10000)",
        "[10000,25000)",
        "[25000,50000)",
        "[50000,100000)",
        "[100000,200000)"
      ]
    }
  },
  "correct_rollouts": {
    "tokens": {
      "n": 115,
      "min": 2,
      "max": 5064,
      "mean": 177.03478260869565,
      "std": 888.232685245255,
      "var": 788957.3031379962,
      "p10": 2,
      "p25": 2,
      "p50": 2,
      "p75": 3,
      "p90": 4,
      "p95": 199,
      "p99": 5059
    },
    "tokens_histogram": {
      "edges": [
        0,
        10,
        20,
        50,
        100,
        200,
        500,
        1000,
        2000,
        5000,
        10000,
        20000,
        40000
      ],
      "counts": [
        105,
        0,
        1,
        2,
        2,
        1,
        0,
        0,
        2,
        2,
        0,
        0
      ],
      "labels": [
        "[0,10)",
        "[10,20)",
        "[20,50)",
        "[50,100)",
        "[100,200)",
        "[200,500)",
        "[500,1000)",
        "[1000,2000)",
        "[2000,5000)",
        "[5000,10000)",
        "[10000,20000)",
        "[20000,40000)"
      ]
    },
    "tokens_raw": [
      4570,
      2,
      2,
      2,
      2,
      2,
      22,
      5059,
      3,
      3,
      3,
      3,
      137,
      2,
      2,
      2,
      3,
      2,
      2,
      2,
      2,
      60,
      3,
      2,
      3,
      2,
      3,
      3,
      2,
      2,
      3,
      3,
      2,
      2,
      3,
      3,
      2,
      2,
      2,
      3,
      3,
      2,
      2,
      2,
      2,
      3,
      2,
      2,
      2,
      2,
      2,
      3,
      3,
      2,
      3,
      3,
      3,
      4701,
      4,
      3,
      4,
      3,
      3,
      3,
      2,
      3,
      2,
      3,
      3,
      3,
      3,
      3,
      2,
      2,
      3,
      2,
      3,
      3,
      3,
      3,
      2,
      3,
      3,
      3,
      3,
      2,
      2,
      2,
      2,
      2,
      2,
      2,
      2,
      2,
      2,
      2,
      2,
      2,
      2,
      2,
      5064,
      2,
      2,
      2,
      2,
      2,
      2,
      2,
      2,
      204,
      199,
      88,
      2,
      2,
      3
    ],
    "chars": {
      "n": 115,
      "min": 1,
      "max": 30257,
      "mean": 423.97391304347826,
      "std": 2898.763986856016,
      "var": 8402832.651493384,
      "p10": 1,
      "p25": 1,
      "p50": 1,
      "p75": 10,
      "p90": 13,
      "p95": 860,
      "p99": 5063
    },
    "chars_histogram": {
      "edges": [
        0,
        50,
        100,
        250,
        500,
        1000,
        2500,
        5000,
        10000,
        25000,
        50000,
        100000,
        200000
      ],
      "counts": [
        105,
        0,
        1,
        2,
        2,
        1,
        2,
        1,
        0,
        1,
        0,
        0
      ],