{
  "primary_metric": "length_controlled_winrate",
  "n_items": 805,
  "n_items_correct": 0,
  "n_items_incorrect": 0,
  "n_items_unknown": 805,
  "n_generations": 805,
  "samples_per_item": [
    1
  ],
  "all_rollouts": {
    "tokens": {
      "n": 805,
      "min": 2,
      "max": 5173,
      "mean": 556.9068322981367,
      "std": 1281.7822898311351,
      "var": 1642965.8385247483,
      "p10": 2,
      "p25": 4,
      "p50": 111,
      "p75": 300,
      "p90": 986,
      "p95": 4437,
      "p99": 5013
    },
    "tokens_histogram": {
      "edges": [
        0,
        10,
        20,
        50,
        100,
        200,
        500,
        1000,
        2000,
        5000,
        10000,
        20000,
        40000
      ],
      "counts": [
        240,
        41,
        52,
        62,
        101,
        187,
        43,
        7,
        63,
        9,
        0,
        0
      ],
      "labels": [
        "[0,10)",
        "[10,20)",
        "[20,50)",
        "[50,100)",
        "[100,200)",
        "[200,500)",
        "[500,1000)",
        "[1000,2000)",
        "[2000,5000)",
        "[5000,10000)",
        "[10000,20000)",
        "[20000,40000)"
      ]
    },
    "tokens_raw": [
      148,
      10,
      381,
      16,
      205,
      4173,
      25,
      53,
      2,
      647,
      777,
      169,
      366,
      2,
      4154,
      323,
      279,
      727,
      2,
      447,
      198,
      128,
      19,
      3,
      19,
      152,
      313,
      447,
      218,
      141,
      351,
      808,
      254,
      2,
      16,
      181,
      9,
      4953,
      481,
      6,
      48,
      4452,
      5085,
      4750,
      383,
      4749,
      15,
      377,
      50,
      2,
      25,
      81,
      507,
      289,
      282,
      142,
      829,
      369,
      328,
      76,
      282,
      314,
      391,
      498,
      4129,
      70,
      9,
      662,
      147,
      6,
      81,
      37,
      3,
      266,
      181,
      207,
      349,
      533,
      199,
      364,
      139,
      128,
      864,
      150,
      239,
      571,
      5046,
      5163,
      34,
      580,
      251,
      8,
      4248,
      52,
      417,
      262,
      4786,
      251,
      571,
      4157,
      4444,
      3,
      48,
      378,
      4437,
      2,
      199,
      369,
      4589,
      4,
      3,
      262,
      54,
      47,
      2,
      927,
      419,
      74,
      140,
      100,
      18,
      34,
      66,
      356,
      435,
      33,
      210,
      2,
      83,
      490,
      218,
      86,
      246,
      217,
      2,
      11,
      2,
      74,
      4190,
      525,
      599,
      142,
      79,
      4,
      4612,
      4125,
      4652,
      2,
      1070,
      243,
      149,
      289,
      13,
      272,
      899,
      200,
      428,
      353,
      15,
      36,
      4190,
      4,
      259,
      182,
      3,
      61,
      200,
      61,
      8,
      65,
      300,
      290,
      215,
      14,
      237,
      137,
      582,
      406,
      62,
      137,
      2,
      191,
      489,
      241,
      2,
      4895,
      26,
      300,
      2,
      18,
      3,
      146,
      207,
      4273,
      299,
      34,
      2,
      128,
      178,
      5,
      198,
      4619,
      2,
      445,
      2,
      231,
      2,
      53,
      4915,
      2,
      9,
      96,
      5173,
      390,
      2,
      218,
      623,
      2,
      120,
      338,
      220,
      524,
      2,
      505,
      207,
      23,
      136,
      130,
      986,
      99,
      66,
      272,
      4738,
      4925,
      42,
      5088,
      159,
      137,
      160,
      4,
      1584,
      247,
      157,
      5013,
      140,
      2,
      4,
      381,
      3,
      36,
      2,
      5,
      998,
      280,
      2,
      486,
      274,
      253,
      172,
      194,
      2,
      87,
      2,
      3,
      40,
      795,
      27,
      707,
      2,
      437,
      1149,
      208,
      190,
      3,
      2,
      129,
      2,
      2,
      168,
      3,
      252,
      503,
      4145,
      295,
      1559,
      110,
      53,
      479,
      192,
      5145,
      259,
      351,
      22,
      138,
      2,
      190,
      4384,
      193,
      222,
      3,
      430,
      154,
      248,
      4,
      287,
      4277,
      235,
      111,
      4750,
      218,
      463,
      14,
      918,
      224,
      44,
      258,
      321,
      15,
      24,
      2,
      213,
      4506,
      385,
      308,
      214,
      334,
      7,
      86,
      689,
      208,
      4951,
      2,
      61,
      10,
      436,
      168,
      3,
      224,
      2,
      5033,
      10,
      683,
      2,
      4806,
      2,
      11,
      401,
      153,
      53,
      2,
      7,
      221,
      116,
      307,
      186,
      205,
      197,
      243,
      334,
      101,
      4424,
      1267,
      50,
      4900,
      4401,
      243,
      4277,
      138,
      91,
      372,
      8,
      8,
      211,
      26,
      9,
      51,
      2,
      21,
      278,
      480,
      144,
      243,
      467,
      2,
      2,
      22,
      3,
      216,
      247,
      10,
      2,
      68,
      6,
      4237,
      6,
      1104,
      127,
      370,
      4136,
      306,
      629,
      169,
      183,
      314,
      19,
      159,
      184,
      86,
      29,
      69,
      2,
      254,
      3,
      352,
      364,
      2,
      177,
      394,
      195,
      2,
      32,
      62,
      362,
      57,
      3,
      2,
      273,
      123,
      358,
      400,
      41,
      3,
      89,
      2,
      821,
      216,
      13,
      168,
      9,
      4387,
      21,
      262,
      53,
      39,
      193,
      2,
      29,
      90,
      52,
      3,
      194,
      5094,
      240,
      6,
      2,
      167,
      873,
      2,
      9,
      214,
      105,
      64,
      2,
      227,
      218,
      215,
      206,
      163,
      3,
      38,
      379,
      4976,
      78,
      2,
      2,
      31,
      4621,
      5,
      73,
      2,
      4753,
      15,
      3,
      3,
      22,
      64,
      57,
      2,
      81,
      88,
      340,
      101,
      69,
      2,
      12,
      4278,
      265,
      193,
      2,
      4,
      4272,
      60,
      231,
      2,
      48,
      141,
      60,
      225,
      2,
      3,
      47,
      4978,
      240,
      2,
      27,
      297,
      221,
      218,
      368,
      189,
      483,
      3,
      2,
      3,
      2,
      2,
      4,
      46,
      60,
      2,
      155,
      90,
      2,
      2,
      2,
      4627,
      6,
      2,
      2,
      3,
      4500,
      2,
      75,
      3,
      2,
      3,
      2,
      119,
      119,
      2,
      4396,
      418,
      11,
      7,
      3,
      46,
      2,
      77,
      223,
      4275,
      166,
      2,
      348,
      2,
      249,
      2,
      185,
      3,
      154,
      140,
      52,
      28,
      2,
      4,
      4,
      3,
      446,
      2,
      2,
      2,
      956,
      16,
      17,
      180,
      206,
      44,
      2,
      227,
      2,
      3,
      231,
      118,
      2,
      181,
      23,
      3,
      2,
      3,
      4456,
      2,
      2,
      262,
      159,
      401,
      635,
      2,
      158,
      4945,
      3,
      2,
      4,
      2,
      22,
      115,
      368,
      229,
      300,
      208,
      2,
      139,
      6,
      2,
      2,
      6,
      3,
      4,
      2,
      2,
      2,
      4338,
      39,
      27,
      3,
      2,
      2,
      2,
      2,
      2,
      17,
      2,
      2,
      74,
      137,
      47,
      3,
      3,
      2,
      2,
      6,
      67,
      256,
      10,
      2,
      20,
