{
  "primary_metric": "length_controlled_winrate",
  "n_items": 805,
  "n_items_correct": 0,
  "n_items_incorrect": 0,
  "n_items_unknown": 805,
  "n_generations": 805,
  "samples_per_item": [
    1
  ],
  "all_rollouts": {
    "tokens": {
      "n": 805,
      "min": 2,
      "max": 6602,
      "mean": 1251.0385093167702,
      "std": 1839.7146112076584,
      "var": 3384549.8506909455,
      "p10": 45,
      "p25": 135,
      "p50": 320,
      "p75": 992,
      "p90": 4940,
      "p95": 5126,
      "p99": 5677
    },
    "tokens_histogram": {
      "edges": [
        0,
        10,
        20,
        50,
        100,
        200,
        500,
        1000,
        2000,
        5000,
        10000,
        20000,
        40000
      ],
      "counts": [
        14,
        20,
        55,
        80,
        98,
        245,
        93,
        28,
        103,
        69,
        0,
        0
      ],
      "labels": [
        "[0,10)",
        "[10,20)",
        "[20,50)",
        "[50,100)",
        "[100,200)",
        "[200,500)",
        "[500,1000)",
        "[1000,2000)",
        "[2000,5000)",
        "[5000,10000)",
        "[10000,20000)",
        "[20000,40000)"
      ]
    },
    "tokens_raw": [
      148,
      1430,
      496,
      4128,
      672,
      209,
      3636,
      4134,
      260,
      376,
      4179,
      410,
      396,
      346,
      225,
      259,
      403,
      4198,
      77,
      996,
      267,
      157,
      4156,
      5058,
      39,
      578,
      327,
      5119,
      940,
      369,
      398,
      1198,
      292,
      221,
      53,
      300,
      4158,
      4137,
      534,
      38,
      54,
      669,
      5666,
      92,
      305,
      4988,
      5144,
      5049,
      169,
      444,
      4143,
      90,
      5063,
      388,
      206,
      285,
      5277,
      865,
      601,
      470,
      5212,
      296,
      312,
      5166,
      4087,
      378,
      321,
      5009,
      4108,
      394,
      85,
      70,
      302,
      497,
      2838,
      4165,
      262,
      1222,
      280,
      466,
      234,
      5038,
      4095,
      206,
      4170,
      383,
      728,
      4270,
      113,
      4694,
      199,
      91,
      4941,
      65,
      4067,
      229,
      250,
      328,
      5985,
      84,
      4225,
      62,
      67,
      5043,
      670,
      43,
      5073,
      5006,
      44,
      350,
      159,
      4321,
      293,
      13,
      322,
      1070,
      610,
      284,
      4162,
      255,
      69,
      94,
      78,
      174,
      687,
      100,
      309,
      4815,
      5067,
      450,
      262,
      114,
      4217,
      321,
      194,
      129,
      650,
      2954,
      5062,
      1115,
      4505,
      269,
      163,
      606,
      50,
      848,
      152,
      322,
      5692,
      333,
      349,
      6348,
      4110,
      4987,
      4107,
      134,
      632,
      146,
      50,
      44,
      5068,
      55,
      4159,
      333,
      4953,
      230,
      220,
      4081,
      50,
      4155,
      487,
      4871,
      249,
      286,
      691,
      267,
      1072,
      262,
      241,
      172,
      624,
      227,
      5036,
      565,
      122,
      839,
      222,
      175,
      5322,
      310,
      6,
      4948,
      187,
      5050,
      5149,
      38,
      145,
      72,
      225,
      2,
      268,
      5408,
      116,
      611,
      5834,
      1257,
      270,
      61,
      5163,
      195,
      13,
      233,
      4989,
      4262,
      54,
      862,
      5558,
      207,
      314,
      347,
      261,
      4221,
      192,
      346,
      494,
      53,
      700,
      146,
      5169,
      393,
      140,
      142,
      47,
      433,
      542,
      4248,
      1052,
      4799,
      5126,
      4881,
      5403,
      4263,
      412,
      1281,
      4765,
      37,
      599,
      468,
      4085,
      98,
      294,
      56,
      2004,
      4218,
      294,
      462,
      947,
      632,
      271,
      189,
      5073,
      140,
      3,
      801,
      313,
      832,
      31,
      624,
      219,
      884,
      4236,
      356,
      398,
      268,
      147,
      220,
      512,
      182,
      258,
      409,
      305,
      1035,
      167,
      733,
      5918,
      247,
      83,
      923,
      339,
      4830,
      448,
      679,
      80,
      4142,
      17,
      719,
      14,
      5677,
      617,
      90,
      485,
      387,
      190,
      37,
      314,
      79,
      351,
      227,
      262,
      367,
      711,
      40,
      415,
      499,
      176,
      35,
      529,
      64,
      81,
      437,
      5014,
      330,
      992,
      468,
      618,
      426,
      4844,
      4270,
      392,
      266,
      194,
      4864,
      55,
      10,
      468,
      189,
      407,
      540,
      436,
      50,
      17,
      911,
      62,
      4868,
      5359,
      258,
      205,
      350,
      4475,
      66,
      32,
      644,
      285,
      532,
      604,
      5078,
      199,
      317,
      637,
      186,
      5167,
      559,
      134,
      5078,
      776,
      261,
      47,
      213,
      4140,
      4197,
      8,
      30,
      4155,
      31,
      5176,
      102,
      87,
      282,
      4181,
      618,
      257,
      1215,
      243,
      5368,
      87,
      72,
      237,
      639,
      5148,
      15,
      251,
      109,
      472,
      4236,
      4202,
      289,
      44,
      2507,
      240,
      4016,
      5445,
      250,
      53,
      1884,
      35,
      243,
      488,
      211,
      22,
      58,
      765,
      111,
      153,
      1572,
      242,
      1836,
      229,
      381,
      139,
      68,
      12,
      200,
      985,
      186,
      29,
      5551,
      188,
      207,
      4940,
      394,
      62,
      409,
      297,
      5105,
      6602,
      360,
      33,
      425,
      22,
      13,
      72,
      600,
      337,
      135,
      160,
      542,
      4992,
      153,
      36,
      654,
      5673,
      793,
      265,
      627,
      315,
      254,
      5403,
      113,
      57,
      745,
      1706,
      79,
      419,
      222,
      483,
      143,
      5048,
      222,
      54,
      42,
      5326,
      88,
      107,
      52,
      4905,
      31,
      57,
      106,
      155,
      80,
      4321,
      54,
      4045,
      177,
      262,
      179,
      310,
      247,
      74,
      190,
      200,
      479,
      83,
      55,
      4250,
      108,
      329,
      5122,
      91,
      744,
      433,
      56,
      100,
      884,
      50,
      214,
      61,
      378,
      414,
      42,
      52,
      267,
      311,
      131,
      255,
      536,
      226,
      340,
      544,
      313,
      376,
      4515,
      142,
      106,
      253,
      104,
      108,
      85,
      45,
      607,
      180,
      102,
      549,
      261,
      138,
      144,
      75,
      4357,
      369,
      3895,
      60,
      256,
      103,
      2,
      174,
      17,
      120,
      136,
      4986,
      137,
      960,
      653,
      9,
      192,
      294,
      199,
      323,
      1181,
      5147,
      504,
      379,
      681,
      1531,
      228,
      275,
      5111,
      280,
      4208,
      254,
      399,
      339,
      89,
      380,
      157,
      417,
      3622,
      5681,
      20,
      209,
      1051,
      988,
      5374,
      208,
      1323,
      1100,
      458,
      834,
      419,
      67,
      827,
      293,
      374,
      274,
      447,
      314,
      203,
      229,
      13,
      4954,
      500,
      42,
      450,
      332,
      4413,
      5388,
      353,
      625,
      830,
      22,
      218,
      62,
      385,
