{
  "primary_metric": "length_controlled_winrate",
  "n_items": 805,
  "n_items_correct": 0,
  "n_items_incorrect": 0,
  "n_items_unknown": 805,
  "n_generations": 805,
  "samples_per_item": [
    1
  ],
  "all_rollouts": {
    "tokens": {
      "n": 805,
      "min": 2,
      "max": 4990,
      "mean": 215.26583850931678,
      "std": 836.849958063722,
      "var": 700317.8523112534,
      "p10": 2,
      "p25": 2,
      "p50": 2,
      "p75": 43,
      "p90": 224,
      "p95": 527,
      "p99": 4477
    },
    "tokens_histogram": {
      "edges": [
        0,
        10,
        20,
        50,
        100,
        200,
        500,
        1000,
        2000,
        5000,
        10000,
        20000,
        40000
      ],
      "counts": [
        523,
        28,
        66,
        37,
        59,
        51,
        9,
        0,
        32,
        0,
        0,
        0
      ],
      "labels": [
        "[0,10)",
        "[10,20)",
        "[20,50)",
        "[50,100)",
        "[100,200)",
        "[200,500)",
        "[500,1000)",
        "[1000,2000)",
        "[2000,5000)",
        "[5000,10000)",
        "[10000,20000)",
        "[20000,40000)"
      ]
    },
    "tokens_raw": [
      2,
      6,
      271,
      2,
      2,
      2,
      27,
      35,
      2,
      2,
      174,
      2,
      340,
      2,
      2,
      216,
      326,
      3961,
      6,
      4924,
      135,
      79,
      2,
      2,
      6,
      22,
      2,
      167,
      2,
      2,
      2,
      444,
      3,
      2,
      2,
      14,
      3,
      2,
      148,
      3,
      4451,
      2,
      2,
      4143,
      15,
      2,
      8,
      252,
      3,
      2,
      5,
      18,
      2,
      53,
      286,
      2,
      2,
      2,
      154,
      2,
      36,
      180,
      2,
      2,
      4467,
      29,
      3,
      2,
      272,
      54,
      2,
      2,
      2,
      6,
      2,
      14,
      2,
      3,
      29,
      2,
      121,
      30,
      309,
      2,
      2,
      2,
      433,
      38,
      2,
      72,
      186,
      2,
      577,
      19,
      388,
      471,
      77,
      373,
      4161,
      2,
      2,
      2,
      2,
      3,
      3,
      2,
      10,
      179,
      2,
      120,
      2,
      4246,
      44,
      4,
      2,
      2,
      243,
      23,
      20,
      266,
      13,
      2,
      32,
      2,
      2,
      2,
      22,
      195,
      2,
      2,
      4,
      2,
      219,
      2,
      2,
      11,
      2,
      57,
      2,
      343,
      117,
      2,
      2,
      2,
      4657,
      2,
      145,
      3,
      2,
      12,
      42,
      2,
      3,
      2,
      8,
      79,
      2,
      113,
      2,
      2,
      394,
      9,
      2,
      4137,
      100,
      3,
      196,
      21,
      2,
      2,
      3,
      350,
      2,
      2,
      2,
      2,
      234,
      4,
      3,
      2,
      2,
      2,
      2,
      2,
      2,
      3,
      220,
      179,
      2,
      2,
      3,
      137,
      187,
      3,
      537,
      2,
      191,
      2,
      110,
      6,
      3,
      2,
      2,
      2,
      6,
      172,
      2,
      27,
      3,
      2,
      2,
      2,
      2,
      37,
      43,
      2,
      341,
      2,
      104,
      2,
      4,
      2,
      2,
      165,
      46,
      2,
      153,
      110,
      2,
      2,
      92,
      251,
      6,
      77,
      2,
      588,
      2,
      2,
      2,
      161,
      3,
      14,
      2,
      4747,
      124,
      2,
      4114,
      3,
      2,
      12,
      2,
      2,
      214,
      4586,
      192,
      2,
      282,
      174,
      2,
      16,
      3,
      47,
      2,
      234,
      80,
      709,
      22,
      32,
      47,
      2,
      2,
      2,
      238,
      2,
      2,
      2,
      3,
      2,
      3,
      2,
      34,
      2,
      4265,
      2,
      935,
      79,
      2,
      179,
      48,
      2,
      223,
      2,
      5,
      172,
      2,
      3,
      2,
      2,
      153,
      2,
      6,
      103,
      2,
      2,
      135,
      4270,
      2,
      13,
      2,
      18,
      2,
      2,
      2,
      191,
      2,
      24,
      105,
      2,
      29,
      2,
      189,
      2,
      2,
      48,
      2,
      17,
      2,
      13,
      2,
      152,
      6,
      4477,
      2,
      10,
      2,
      2,
      2,
      2,
      2,
      2,
      2,
      470,
      2,
      2,
      224,
      2,
      2,
      96,
      2,
      2,
      2,
      2,
      15,
      2,
      2,
      189,
      2,
      2,
      134,
      46,
      2,
      2,
      45,
      290,
      319,
      37,
      2376,
      180,
      4,
      527,
      2,
      2,
      2,
      28,
      2,
      2,
      29,
      23,
      54,
      2,
      2,
      189,
      4990,
      4174,
      2,
      12,
      2,
      2,
      3,
      9,
      2,
      96,
      2,
      2,
      497,
      29,
      2,
      191,
      2,
      2,
      2772,
      50,
      2,
      414,
      7,
      117,
      81,
      9,
      2,
      2,
      4378,
      74,
      2,
      551,
      4169,
      2,
      55,
      45,
      106,
      2,
      2,
      44,
      330,
      42,
      2,
      184,
      2,
      2,
      4396,
      251,
      2,
      130,
      2,
      2,
      2,
      421,
      2,
      9,
      2,
      4,
      2,
      10,
      2,
      34,
      3,
      3,
      21,
      46,
      2,
      30,
      2,
      2,
      56,
      29,
      2,
      2,
      2,
      3,
      2,
      14,
      36,
      3,
      2,
      2,
      2,
      3,
      2,
      3,
      4145,
      2,
      35,
      32,
      81,
      2,
      2,
      32,
      2,
      3,
      2,
      2,
      2,
      15,
      2,
      3,
      2,
      36,
      43,
      2,
      2,
      2,
      2,
      2,
      53,
      2,
      3,
      3,
      647,
      101,
      30,
      4515,
      7,
      99,
      3,
      41,
      2,
      97,
      2,
      5,
      23,
      2,
      65,
      2,
      2,
      2,
      23,
      4927,
      167,
      295,
      2,
      2,
      145,
      2,
      2,
      3,
      3,
      2,
      2,
      31,
      33,
      2,
      2,
      2,
      2,
      2,
      3,
      2,
      32,
      3,
      2,
      2,
      3,
      3,
      2,
      2,
      4591,
      2,
      2,
      132,
      2,
      2,
      2,
      346,
      4124,
      2,
      2,
      15,
      2,
      412,
      95,
      2,
      2,
      2,
      91,
      60,
      9,
      4377,
      63,
      2,
      3,
      3,
      2,
      2,
      2,
      2,
      2,
      2,
      2,
      2,
      2,
      2,
      2,
      17,
      3,
      2,
      4,
      10,
      9,
      2,
      2,
      2,
      2,
      23,
      2,
      2,
      2,
      172,
      2,
      2,
      2,
      2,
      2,
      46,
      16,
      299,
      2,
      2,
      101,
      2,
      2,
      3,
      3,
      9,
      3,
      2,
      2,
      2,
      7,
      2,
      3,
      60,
      2,
      2,
      2,
      3,
      2,
      4413,
      2,
      2,
      2,
      2,
      32,
      2,
      25,
      2,
      2,
      3,
      2,
      2,
      2,
      4,
      2,
      23,
      2,
      4,
      2,
      3,
      2,
      2,
      3,
      2,
      252,
      2,
      2,
      4,
      2,
      2,
      2,
      2,
      11,
      77,
      3,
      2,
      3,
      9,
      2,
      4,
      2,
      2,
      6,
      4275,
      2,
      51,
      2,
      3,
      2,
      42,
      2,
      2,
      9,
      3,
      32,
      6,
      2,
      21,
      2,
      59,
      2,
      2,
      4124,
      2,
      2,
      3,
      2,
      3,
      75,
      3,
      2,
      2,
      2,
      2,
      22,
      4,
      2,
      2,
      3,
      6,
