{
  "primary_metric": "length_controlled_winrate",
  "n_items": 805,
  "n_items_correct": 0,
  "n_items_incorrect": 0,
  "n_items_unknown": 805,
  "n_generations": 805,
  "samples_per_item": [
    1
  ],
  "all_rollouts": {
    "tokens": {
      "n": 805,
      "min": 2,
      "max": 7056,
      "mean": 1067.0285714285715,
      "std": 1708.4812944089158,
      "var": 2918908.333345164,
      "p10": 46,
      "p25": 122,
      "p50": 325,
      "p75": 752,
      "p90": 4238,
      "p95": 5176,
      "p99": 6053
    },
    "tokens_histogram": {
      "edges": [
        0,
        10,
        20,
        50,
        100,
        200,
        500,
        1000,
        2000,
        5000,
        10000,
        20000,
        40000
      ],
      "counts": [
        7,
        14,
        67,
        86,
        103,
        248,
        114,
        35,
        69,
        62,
        0,
        0
      ],
      "labels": [
        "[0,10)",
        "[10,20)",
        "[20,50)",
        "[50,100)",
        "[100,200)",
        "[200,500)",
        "[500,1000)",
        "[1000,2000)",
        "[2000,5000)",
        "[5000,10000)",
        "[10000,20000)",
        "[20000,40000)"
      ]
    },
    "tokens_raw": [
      172,
      2487,
      4960,
      257,
      588,
      215,
      38,
      106,
      412,
      866,
      1768,
      471,
      784,
      4116,
      206,
      5167,
      224,
      4030,
      129,
      5151,
      796,
      161,
      170,
      5247,
      57,
      495,
      32,
      605,
      246,
      229,
      6717,
      5563,
      720,
      326,
      47,
      5711,
      763,
      369,
      4100,
      5135,
      119,
      5292,
      316,
      117,
      605,
      669,
      3589,
      782,
      321,
      710,
      42,
      86,
      1347,
      347,
      379,
      327,
      495,
      5342,
      4072,
      84,
      5182,
      497,
      315,
      5154,
      5176,
      270,
      454,
      962,
      674,
      370,
      81,
      39,
      613,
      267,
      425,
      4151,
      4048,
      4155,
      633,
      746,
      385,
      5156,
      1322,
      5133,
      830,
      518,
      6918,
      4074,
      68,
      5112,
      271,
      50,
      5955,
      96,
      4225,
      2384,
      335,
      265,
      1063,
      533,
      657,
      5122,
      56,
      4164,
      4079,
      58,
      320,
      908,
      605,
      146,
      4142,
      658,
      104,
      40,
      571,
      5211,
      761,
      501,
      131,
      348,
      48,
      279,
      74,
      261,
      477,
      317,
      590,
      572,
      108,
      364,
      284,
      4128,
      312,
      500,
      219,
      116,
      436,
      136,
      6169,
      873,
      264,
      289,
      299,
      328,
      46,
      5187,
      311,
      1290,
      4093,
      367,
      157,
      364,
      4113,
      1457,
      1004,
      394,
      616,
      146,
      81,
      132,
      608,
      66,
      350,
      281,
      357,
      116,
      1007,
      122,
      29,
      6163,
      349,
      446,
      286,
      272,
      809,
      332,
      722,
      426,
      601,
      171,
      1056,
      279,
      4240,
      218,
      82,
      5061,
      5684,
      911,
      7056,
      299,
      6,
      246,
      243,
      490,
      1133,
      37,
      151,
      187,
      594,
      2,
      480,
      308,
      132,
      642,
      5224,
      1287,
      255,
      55,
      1520,
      183,
      44,
      5151,
      5680,
      976,
      34,
      5826,
      1171,
      132,
      243,
      290,
      262,
      4044,
      122,
      361,
      387,
      51,
      285,
      158,
      4675,
      319,
      273,
      488,
      80,
      306,
      785,
      5490,
      5336,
      270,
      236,
      320,
      4109,
      390,
      241,
      752,
      234,
      33,
      820,
      309,
      360,
      71,
      170,
      73,
      4189,
      493,
      200,
      451,
      4142,
      445,
      249,
      396,
      141,
      77,
      2,
      471,
      290,
      872,
      1104,
      78,
      205,
      5330,
      439,
      430,
      295,
      207,
      90,
      203,
      123,
      166,
      335,
      296,
      315,
      594,
      152,
      415,
      4706,
      286,
      193,
      1090,
      1108,
      5535,
      603,
      645,
      24,
      130,
      4153,
      286,
      35,
      5165,
      4592,
      95,
      564,
      159,
      300,
      39,
      6900,
      5113,
      4903,
      70,
      2771,
      349,
      893,
      79,
      931,
      362,
      36,
      5089,
      259,
      93,
      185,
      186,
      1652,
      496,
      590,
      785,
      1040,
      5332,
      5963,
      90,
      317,
      317,
      376,
      5617,
      63,
      10,
      376,
      122,
      407,
      582,
      456,
      69,
      33,
      1740,
      79,
      498,
      1159,
      266,
      246,
      312,
      240,
      78,
      62,
      423,
      122,
      1176,
      4178,
      4106,
      213,
      325,
      499,
      218,
      5134,
      2540,
      76,
      541,
      367,
      597,
      5024,
      228,
      45,
      1257,
      8,
      28,
      716,
      31,
      1155,
      363,
      340,
      5167,
      465,
      521,
      504,
      1632,
      1883,
      499,
      336,
      87,
      133,
      229,
      6680,
      15,
      178,
      155,
      531,
      809,
      1197,
      314,
      71,
      863,
      4119,
      806,
      462,
      542,
      52,
      264,
      33,
      437,
      325,
      4242,
      30,
      72,
      727,
      416,
      100,
      1962,
      5157,
      622,
      208,
      420,
      143,
      117,
      40,
      120,
      546,
      147,
      37,
      4232,
      3963,
      181,
      5275,
      309,
      96,
      253,
      162,
      27,
      1017,
      1410,
      55,
      396,
      37,
      78,
      19,
      378,
      413,
      5360,
      414,
      4137,
      62,
      168,
      148,
      361,
      4083,
      809,
      317,
      221,
      413,
      113,
      5697,
      65,
      55,
      554,
      144,
      26,
      861,
      561,
      5794,
      90,
      58,
      237,
      4901,
      67,
      4313,
      151,
      105,
      38,
      342,
      31,
      57,
      78,
      132,
      103,
      155,
      84,
      47,
      114,
      152,
      157,
      281,
      431,
      57,
      82,
      4804,
      108,
      81,
      50,
      165,
      97,
      1121,
      124,
      201,
      587,
      217,
      90,
      345,
      431,
      79,
      283,
      106,
      256,
      4056,
      46,
      49,
      262,
      568,
      70,
      181,
      5814,
      202,
      439,
      472,
      231,
      4951,
      5885,
      4675,
      135,
      371,
      91,
      147,
      44,
      27,
      329,
      174,
      69,
      288,
      184,
      177,
      188,
      96,
      14,
      263,
      4142,
      54,
      128,
      141,
      4932,
      692,
      31,
      107,
      161,
      172,
      84,
      5900,
      556,
      11,
      280,
      37,
      209,
      293,
      5220,
      311,
      536,
      382,
      969,
      367,
      143,
      416,
      438,
      309,
      4238,
      809,
      259,
      307,
      79,
      642,
      158,
      691,
      193,
      698,
      353,
      224,
      4159,
      765,
      586,
      338,
      6053,
      588,
      176,
      1413,
      450,
      71,
      5721,
      200,
      284,
      97,
      252,
      4423,
      247,
      171,
      16,
      26,
      356,
      32,
      427,
      228,
      413,
      4197,
      432,
      191,
      822,
      32,
      223,
      64,
      609,
      62,
