{
  "primary_metric": "length_controlled_winrate",
  "n_items": 805,
  "n_items_correct": 0,
  "n_items_incorrect": 0,
  "n_items_unknown": 805,
  "n_generations": 805,
  "samples_per_item": [
    1
  ],
  "all_rollouts": {
    "tokens": {
      "n": 805,
      "min": 2,
      "max": 5552,
      "mean": 412.3031055900621,
      "std": 1168.6556868206228,
      "var": 1365756.1143381814,
      "p10": 2,
      "p25": 2,
      "p50": 3,
      "p75": 163,
      "p90": 489,
      "p95": 4148,
      "p99": 4770
    },
    "tokens_histogram": {
      "edges": [
        0,
        10,
        20,
        50,
        100,
        200,
        500,
        1000,
        2000,
        5000,
        10000,
        20000,
        40000
      ],
      "counts": [
        442,
        14,
        42,
        50,
        90,
        88,
        15,
        3,
        58,
        3,
        0,
        0
      ],
      "labels": [
        "[0,10)",
        "[10,20)",
        "[20,50)",
        "[50,100)",
        "[100,200)",
        "[200,500)",
        "[500,1000)",
        "[1000,2000)",
        "[2000,5000)",
        "[5000,10000)",
        "[10000,20000)",
        "[20000,40000)"
      ]
    },
    "tokens_raw": [
      151,
      165,
      185,
      3,
      3,
      150,
      17,
      92,
      181,
      246,
      541,
      2,
      262,
      2,
      2,
      200,
      150,
      51,
      2,
      224,
      16,
      141,
      59,
      4123,
      2,
      146,
      2,
      4571,
      182,
      152,
      296,
      19,
      175,
      71,
      30,
      251,
      319,
      374,
      453,
      4122,
      37,
      204,
      2,
      3,
      185,
      2,
      3,
      631,
      4168,
      4459,
      25,
      62,
      515,
      207,
      202,
      132,
      4128,
      292,
      69,
      2,
      4147,
      262,
      305,
      317,
      4633,
      171,
      3,
      4538,
      305,
      191,
      3,
      15,
      2,
      38,
      2,
      181,
      2,
      4568,
      139,
      144,
      136,
      181,
      2,
      3,
      6,
      368,
      699,
      203,
      50,
      4092,
      227,
      52,
      580,
      59,
      331,
      2,
      4144,
      31,
      455,
      3,
      4571,
      2,
      2,
      2,
      477,
      47,
      259,
      2,
      3,
      60,
      2,
      4086,
      40,
      9,
      3,
      627,
      453,
      115,
      53,
      79,
      17,
      69,
      64,
      156,
      4122,
      32,
      6,
      14,
      2,
      2,
      183,
      105,
      243,
      4750,
      213,
      11,
      2,
      33,
      2,
      340,
      160,
      155,
      3,
      2,
      4106,
      305,
      3,
      3,
      4793,
      213,
      2,
      4133,
      3,
      2,
      358,
      160,
      4134,
      245,
      2,
      2,
      187,
      2,
      4,
      184,
      4750,
      3,
      229,
      3,
      3,
      4269,
      3,
      494,
      2,
      2,
      3,
      93,
      392,
      281,
      2,
      2,
      2,
      2,
      2,
      275,
      3,
      2,
      162,
      197,
      2,
      2,
      3,
      206,
      160,
      2,
      4626,
      6,
      2,
      54,
      79,
      4133,
      202,
      2,
      3,
      2,
      2,
      216,
      3,
      2,
      3,
      2,
      9,
      17,
      2,
      396,
      2,
      213,
      378,
      2,
      133,
      185,
      4,
      2,
      47,
      2,
      6,
      2,
      119,
      141,
      5,
      58,
      60,
      146,
      2,
      231,
      3,
      1103,
      156,
      2,
      47,
      2,
      835,
      2,
      165,
      4737,
      68,
      3,
      268,
      4735,
      2,
      40,
      2,
      2,
      5267,
      238,
      184,
      262,
      230,
      2,
      2,
      3,
      3,
      78,
      2,
      357,
      149,
      747,
      93,
      46,
      3,
      2,
      2,
      2,
      280,
      2,
      2,
      240,
      5,
      2,
      199,
      2,
      49,
      2,
      2,
      2,
      938,
      112,
      57,
      181,
      3,
      4801,
      269,
      14,
      4138,
      35,
      2,
      275,
      2,
      152,
      349,
      2,
      2,
      2,
      2,
      2,
      2,
      2,
      3,
      58,
      2,
      212,
      36,
      3,
      419,
      104,
      47,
      5136,
      114,
      47,
      68,
      2,
      3,
      4485,
      4159,
      2,
      2,
      2,
      2,
      87,
      620,
      2,
      4770,
      3,
      2,
      3,
      2,
      2,
      2,
      198,
      2,
      2,
      2,
      2,
      2,
      147,
      624,
      4,
      2,
      3,
      2,
      2,
      3,
      2,
      2,
      172,
      156,
      120,
      2,
      3,
      3,
      6,
      5552,
      2,
      98,
      3,
      3,
      23,
      2,
      138,
      4148,
      489,
      9,
      3,
      2,
      3,
      2,
      2,
      2,
      154,
      204,
      2,
      71,
      2,
      932,
      3,
      2,
      3,
      2,
      2,
      3,
      9,
      2,
      64,
      2,
      36,
      198,
      211,
      2,
      149,
      2,
      2,
      2,
      200,
      37,
      157,
      39,
      3,
      196,
      30,
      2,
      2,
      2,
      2,
      31,
      4934,
      303,
      3,
      172,
      36,
      144,
      3,
      2,
      3,
      205,
      33,
      15,
      281,
      235,
      134,
      4874,
      4582,
      45,
      143,
      2,
      2,
      4,
      194,
      43,
      163,
      2,
      4,
      2,
      57,
      2,
      90,
      108,
      3,
      36,
      126,
      2,
      4,
      2,
      2,
      179,
      8,
      2,
      96,
      4580,
      3,
      12,
      142,
      81,
      2,
      4671,
      164,
      3,
      78,
      1819,
      3,
      2,
      3,
      282,
      2,
      2,
      2,
      2,
      2,
      2,
      12,
      76,
      2,
      4129,
      2,
      3,
      2,
      153,
      16,
      57,
      2,
      96,
      3,
      2,
      3,
      46,
      2,
      3,
      3,
      345,
      2,
      12,
      2,
      2,
      88,
      3,
      3,
      2,
      2,
      2,
      120,
      281,
      25,
      67,
      2,
      3,
      4104,
      2,
      263,
      4558,
      4526,
      3,
      183,
      217,
      2,
      2,
      3,
      149,
      2,
      2,
      26,
      3,
      3,
      2,
      2,
      2,
      2,
      2,
      3,
      85,
      3,
      3,
      2,
      2,
      3,
      2,
      2,
      4152,
      3,
      2,
      2,
      112,
      3,
      2,
      346,
      21,
      112,
      3,
      3,
      2,
      6,
      2,
      4509,
      145,
      332,
      191,
      74,
      2,
      4592,
      3,
      2,
      3,
      4408,
      2,
      2,
      2,
      3,
      3,
      2,
      3,
      2,
      139,
      2,
      2,
      3,
      3,
      2,
      3,
      4394,
      4128,
      2,
      2,
      203,
      2,
      5,
      27,
      2,
      2,
      176,
      3,
      2,
      6,
      2,
      2,
      2,
      31,
      396,
      2,
      332,
      112,
      3,
      36,
      209,
      6,
      2,
      34,
      2,
      2,
      2,
      2,
      2,
      2,
      2,
      30,
      2,
      3,
      3,
      3,
      4135,
      2,
      2,
      2,
      2,
      2,
      2,
      2,
      2,
      2,
      2,
      2,
      2,
      6,
      2,
      2,
      3,
      2,
      3,
      2,
      6,
      3,
      2,
      3,
      64,
      388,
      2,
      3,
      2,
      2,
      4546,
      3,
      2,
      61,
      81,
      2,
      3,
      2,
      6,
      3,
      108,
      2,
      3,
      7,
      26,
      2,
      85,
      3,
      45,
      2,
      2,
      74,
      3,
      68,
      3,
      3,
      7,
      2,
      136,
      2,
      2,
