{
  "primary_metric": "exact_match_flex",
  "n_items": 500,
  "n_items_correct": 114,
  "n_items_incorrect": 386,
  "n_items_unknown": 0,
  "n_generations": 500,
  "samples_per_item": [
    1
  ],
  "all_rollouts": {
    "tokens": {
      "n": 500,
      "min": 4,
      "max": 234,
      "mean": 11.498,
      "std": 20.39014458016421,
      "var": 415.757996,
      "p10": 6,
      "p25": 6,
      "p50": 7,
      "p75": 10,
      "p90": 14,
      "p95": 24,
      "p99": 162
    },
    "tokens_histogram": {
      "edges": [
        0,
        10,
        20,
        50,
        100,
        200,
        500,
        1000,
        2000,
        5000,
        10000,
        20000,
        40000
      ],
      "counts": [
        366,
        104,
        20,
        4,
        4,
        2,
        0,
        0,
        0,
        0,
        0,
        0
      ],
      "labels": [
        "[0,10)",
        "[10,20)",
        "[20,50)",
        "[50,100)",
        "[100,200)",
        "[200,500)",
        "[500,1000)",
        "[1000,2000)",
        "[2000,5000)",
        "[5000,10000)",
        "[10000,20000)",
        "[20000,40000)"
      ]
    },
    "tokens_raw": [
      13,
      10,
      11,
      7,
      8,
      7,
      6,
      7,
      10,
      7,
      9,
      11,
      8,
      6,
      7,
      44,
      7,
      6,
      7,
      6,
      11,
      8,
      6,
      6,
      6,
      9,
      7,
      8,
      10,
      6,
      9,
      11,
      8,
      10,
      8,
      6,
      6,
      7,
      9,
      8,
      12,
      7,
      7,
      8,
      9,
      6,
      6,
      6,
      10,
      7,
      8,
      24,
      29,
      11,
      10,
      6,
      7,
      8,
      9,
      7,
      11,
      8,
      7,
      7,
      12,
      6,
      24,
      9,
      16,
      6,
      9,
      10,
      6,
      55,
      6,
      12,
      6,
      6,
      9,
      6,
      9,
      6,
      10,
      6,
      6,
      8,
      8,
      10,
      6,
      7,
      7,
      6,
      15,
      7,
      7,
      6,
      4,
      6,
      11,
      23,
      8,
      7,
      12,
      9,
      7,
      8,
      10,
      7,
      6,
      9,
      6,
      8,
      7,
      8,
      6,
      8,
      10,
      6,
      7,
      7,
      6,
      6,
      6,
      7,
      11,
      6,
      15,
      11,
      6,
      7,
      7,
      6,
      6,
      8,
      7,
      7,
      6,
      11,
      10,
      6,
      6,
      6,
      8,
      234,
      11,
      6,
      10,
      7,
      7,
      7,
      94,
      9,
      7,
      11,
      10,
      10,
      7,
      6,
      9,
      8,
      7,
      6,
      12,
      11,
      9,
      12,
      11,
      7,
      7,
      7,
      7,
      12,
      8,
      6,
      6,
      6,
      15,
      7,
      7,
      23,
      7,
      11,
      9,
      7,
      33,
      6,
      7,
      6,
      8,
      7,
      10,
      6,
      8,
      6,
      16,
      8,
      9,
      6,
      8,
      7,
      7,
      7,
      10,
      7,
      8,
      28,
      25,
      7,
      6,
      7,
      7,
      8,
      7,
      10,
      8,
      6,
      6,
      15,
      10,
      10,
      9,
      7,
      6,
      6,
      19,
      8,
      6,
      6,
      14,
      7,
      6,
      6,
      17,
      7,
      7,
      10,
      9,
      7,
      9,
      162,
      7,
      7,
      10,
      6,
      7,
      10,
      6,
      6,
      26,
      7,
      6,
      6,
      135,
      10,
      9,
      6,
      19,
      8,
      7,
      7,
      7,
      7,
      6,
      7,
      11,
      9,
      13,
      7,
      6,
      6,
      7,
      8,
      9,
      8,
      7,
      165,
      8,
      9,
      8,
      9,
      6,
      7,
      8,
      6,
      4,
      8,
      10,
      8,
      15,
      7,
      6,
      7,
      6,
      23,
      8,
      6,
      8,
      8,
      27,
      7,
      7,
      8,
      6,
      7,
      7,
      10,
      6,
      13,
      16,
      7,
      11,
      6,
      10,
      7,
      9,
      6,
      6,
      6,
      25,
      7,
      12,
      8,
      6,
      10,
      8,
      7,
      9,
      8,
      6,
      9,
      9,
      10,
      6,
      6,
      7,
      6,
      11,
      6,
      9,
      6,
      9,
      6,
      6,
      10,
      163,
      6,
      9,
      24,
      9,
      9,
      6,
      14,
      7,
      8,
      8,
      8,
      10,
      6,
      6,
      6,
      6,
      7,
      10,
      6,
      14,
      6,
      6,
      6,
      7,
      8,
      7,
      6,
      9,
      20,
      6,
      7,
      24,
      6,
      6,
      17,
      19,
      10,
      10,
      11,
      12,
      7,
      6,
      7,
      6,
      10,
      7,
      7,
      7,
      10,
      6,
      6,
      10,
      7,
      7,
      10,
      10,
      6,
      6,
      6,
      6,
      7,
      6,
      6,
      20,
      10,
      6,
      7,
      8,
      9,
      6,
      7,
      10,
      6,
      15,
      48,
      11,
      7,
      6,
      9,
      8,
      9,
      10,
      7,
      97,
      7,
      8,
      6,
      6,
      12,
      8,
      19,
      6,
      6,
      6,
      36,
      11,
      9,
      7,
      7,
      10,
      6,
      6,
      7,
      6,
      7,
      7,
      12,
      8,
      7,
      202,
      6,
      9,
      6,
      7,
      8,
      7,
      7,
      8,
      6,
      6,
      8,
      6,
      7,
      7,
      7,
      19,
      7,
      14,
      7,
      10,
      8,
      8,
      6,
      6,
      93,
      6,
      6,
      6,
      7,
      6,
      7,
      8,
      6,
      7,
      7,
      6,
      34,
      14,
      7,
      12,
      12,
      14,
      16,
      6,
      9
    ],
    "chars": {
      "n": 500,
      "min": 8,
      "max": 686,
      "mean": 22.574,
      "std": 62.49409991351184,
      "var": 3905.512524,
      "p10": 9,
      "p25": 9,
      "p50": 10,
      "p75": 17,
      "p90": 23,
      "p95": 38,
      "p99": 461
    },
    "chars_histogram": {
      "edges": [
        0,
        50,
        100,
        250,
        500,
        1000,
        2500,
        5000,
        10000,
        25000,
        50000,
        100000,
        200000
      ],
      "counts": [
        480,
        9,
        2,
        6,
        3,
        0,
        0,
        0,
        0,
        0,
        0,
        0
      ],
      "labels": [
        "[0,50)",
        "[50,100)",
        "[100,250)",
        "[250,500)",
        "[500,1000)",
        "[1000,2500)",
        "[2500,5000)",
        "[5000,10000)",
        "[10000,25000)",
        "[25000,50000)",
        "[50000,100000)",
        "[100000,200000)"
      ]
    }
  },
  "correct_rollouts": {
    "tokens": {
      "n": 114,
      "min": 6,
      "max": 165,
      "mean": 11.885964912280702,
      "std": 22.5270826371086,
      "var": 507.4694521391197,
      "p10": 6,
      "p25": 6,
      "p50": 7,
      "p75": 9,
      "p90": 12,
      "p95": 23,
      "p99": 163
    },
    "tokens_histogram": {
      "edges": [
        0,
        10,
        20,
        50,
        100,
        200,
        500,
        1000,
        2000,
        5000,
        10000,
        20000,
        40000
      ],
      "counts": [
        88,
        20,
        2,
        2,
        2,
        0,
        0,
        0,
        0,
        0,
        0,
        0
      ],
      "labels": [
        "[0,10)",
        "[10,20)",
        "[20,50)",
        "[50,100)",
        "[100,200)",
        "[200,500)",
        "[500,1000)",
        "[1000,2000)",
        "[2000,5000)",
        "[5000,10000)",
        "[10000,20000)",
        "[20000,40000)"
      ]
    },