{
  "primary_metric": "exact_match_flex",
  "n_items": 500,
  "n_items_correct": 47,
  "n_items_incorrect": 453,
  "n_items_unknown": 0,
  "n_generations": 500,
  "samples_per_item": [
    1
  ],
  "all_rollouts": {
    "tokens": {
      "n": 500,
      "min": 2,
      "max": 5184,
      "mean": 679.588,
      "std": 1395.5351784372904,
      "var": 1947518.434256,
      "p10": 2,
      "p25": 2,
      "p50": 7,
      "p75": 353,
      "p90": 3880,
      "p95": 4246,
      "p99": 4980
    },
    "tokens_histogram": {
      "edges": [
        0,
        10,
        20,
        50,
        100,
        200,
        500,
        1000,
        2000,
        5000,
        10000,
        20000,
        40000
      ],
      "counts": [
        263,
        22,
        10,
        12,
        18,
        70,
        27,
        6,
        69,
        3,
        0,
        0
      ],
      "labels": [
        "[0,10)",
        "[10,20)",
        "[20,50)",
        "[50,100)",
        "[100,200)",
        "[200,500)",
        "[500,1000)",
        "[1000,2000)",
        "[2000,5000)",
        "[5000,10000)",
        "[10000,20000)",
        "[20000,40000)"
      ]
    },
    "tokens_raw": [
      350,
      2,
      7,
      3,
      4,
      4,
      2,
      2,
      353,
      2,
      3,
      3,
      1195,
      239,
      2,
      2826,
      224,
      226,
      4867,
      506,
      2,
      5,
      5,
      3,
      2,
      2,
      2268,
      272,
      6,
      4531,
      192,
      257,
      2,
      2,
      2,
      3,
      7,
      5,
      3137,
      486,
      2,
      6,
      4,
      2,
      3538,
      6,
      5008,
      3,
      4099,
      29,
      4,
      2,
      334,
      3,
      2,
      356,
      406,
      283,
      4,
      4012,
      2572,
      1486,
      2,
      2479,
      204,
      2,
      54,
      1196,
      4042,
      2,
      2156,
      2,
      292,
      2,
      2,
      3938,
      2,
      4,
      279,
      3,
      676,
      2,
      471,
      2,
      4189,
      2,
      2,
      317,
      2,
      2,
      103,
      3,
      4984,
      4,
      21,
      2,
      2,
      3,
      4317,
      2,
      3375,
      244,
      2,
      512,
      2,
      2,
      4,
      2,
      4516,
      234,
      2,
      388,
      62,
      4,
      2,
      55,
      2,
      2,
      2,
      4198,
      193,
      465,
      2,
      342,
      21,
      2,
      2571,
      266,
      2,
      11,
      309,
      7,
      3,
      306,
      911,
      2,
      10,
      389,
      2,
      328,
      2,
      76,
      2,
      319,
      15,
      3880,
      4249,
      2,
      4,
      112,
      3893,
      2,
      4,
      2,
      2,
      2,
      2,
      2,
      2,
      63,
      4647,
      142,
      3,
      804,
      10,
      2,
      3727,
      22,
      2,
      2,
      4064,
      290,
      2,
      15,
      2,
      553,
      674,
      177,
      2,
      332,
      4,
      3,
      42,
      3,
      2,
      908,
      211,
      2,
      5,
      2,
      3,
      442,
      6,
      2,
      4135,
      2,
      4,
      427,
      3,
      229,
      3,
      3,
      2,
      2,
      2,
      374,
      2,
      4141,
      6,
      678,
      6,
      57,
      2,
      4082,
      2,
      543,
      4137,
      3,
      6,
      3,
      2,
      9,
      14,
      4957,
      2,
      5,
      10,
      8,
      3,
      2,
      4296,
      1721,
      349,
      821,
      2,
      4,
      220,
      24,
      7,
      10,
      3,
      4,
      4,
      3,
      4923,
      2,
      2,
      18,
      213,
      804,
      609,
      5,
      2,
      2,
      4,
      198,
      2,
      2,
      2,
      4129,
      4011,
      293,
      2,
      8,
      7,
      6,
      2,
      348,
      205,
      2,
      3,
      2,
      3,
      2,
      201,
      170,
      3,
      4316,
      188,
      190,
      2,
      71,
      4,
      3,
      652,
      336,
      2,
      5184,
      803,
      434,
      2,
      2,
      3234,
      2,
      2,
      4,
      27,
      2,
      538,
      4124,
      2,
      11,
      16,
      3,
      1368,
      4129,
      223,
      215,
      2,
      2,
      4202,
      2,
      220,
      15,
      2,
      7,
      3,
      4,
      3,
      2,
      2,
      2,
      263,
      8,
      2,
      6,
      2,
      14,
      2,
      12,
      2,
      2,
      21,
      81,
      4028,
      53,
      4,
      2,
      19,
      316,
      674,
      17,
      3,
      3,
      286,
      177,
      2,
      105,
      266,
      2,
      2,
      21,
      4,
      4,
      504,
      7,
      647,
      366,
      2,
      7,
      3,
      645,
      2,
      4,
      249,
      10,
      412,
      3,
      2,
      2,
      2,
      334,
      2,
      349,
      122,
      1926,
      980,
      4914,
      2,
      3,
      3628,
      4,
      3,
      557,
      3,
      3,
      4,
      258,
      2916,
      8,
      532,
      3,
      288,
      13,
      4032,
      14,
      10,
      2,
      133,
      3,
      2,
      481,
      3430,
      6,
      4248,
      2,
      3789,
      4,
      2,
      4327,
      317,
      2,
      208,
      314,
      4651,
      4980,
      4,
      3,
      2,
      628,
      3,
      2,
      2244,
      4,
      4957,
      993,
      5038,
      2,
      3876,
      4246,
      2,
      2,
      4,
      3,
      9,
      564,
      3769,
      3,
      4185,
      4,
      2,
      63,
      19,
      6,
      2,
      21,
      2636,
      389,
      4784,
      2,
      4728,
      274,
      4102,
      3,
      2,
      2937,
      2,
      2,
      153,
      2,
      2,
      884,
      4,
      2,
      2,
      2,
      4035,
      4,
      2,
      129,
      2718,
      2,
      4,
      247,
      66,
      3324,
      3,
      4,
      4051,
      65,
      463,
      4,
      4248,
      3968,
      4404,
      2,
      2,
      2,
      2,
      2,
      4,
      150,
      101,
      13,
      6,
      484,
      435,
      3,
      353,
      336
    ],
    "chars": {
      "n": 500,
      "min": 1,
      "max": 38197,
      "mean": 2228.592,
      "std": 5319.416341435966,
      "var": 28296190.213536,
      "p10": 5,
      "p25": 9,
      "p50": 23,
      "p75": 1002,
      "p90": 8970,
      "p95": 13940,
      "p99": 24065
    },
    "chars_histogram": {
      "edges": [
        0,
        50,
        100,
        250,
        500,
        1000,
        2500,
        5000,
        10000,
        25000,
        50000,
        100000,
        200000
      ],
      "counts": [
        277,
        13,
        12,
        16,
        57,
        41,
        13,
        29,
        39,
        3,
        0,
        0
      ],
      "labels": [
        "[0,50)",
        "[50,100)",
        "[100,250)",
        "[250,500)",
        "[500,1000)",
        "[1000,2500)",
        "[2500,5000)",
        "[5000,10000)",
        "[10000,25000)",
        "[25000,50000)",
        "[50000,100000)",
        "[100000,200000)"
      ]
    }
  },
  "correct_rollouts": {
    "tokens": {
      "n": 47,
      "min": 10,
      "max": 3538,
      "mean": 358.2340425531915,
      "std": 492.3966664580264,
      "var": 242454.47713897692,
      "p10": 103,
      "p25": 177,
      "p50": 286,
      "p75": 356,
      "p90": 504,
      "p95": 609,
      "p99": 3538
    },
    "tokens_histogram": {
      "edges": [
        0,
        10,
        20,
        50,
        100,
        200,
        500,
        1000,
        2000,
        5000,
        10000,
        20000,
        40000
      ],
      "counts": [
        0,
        1,
        0,
        3,
        8,
        30,
        4,
        0,
        1,
        0,
        0,
        0
      ],