{
  "primary_metric": "length_controlled_winrate",
  "n_items": 805,
  "n_items_correct": 0,
  "n_items_incorrect": 0,
  "n_items_unknown": 805,
  "n_generations": 805,
  "samples_per_item": [
    1
  ],
  "all_rollouts": {
    "tokens": {
      "n": 805,
      "min": 2,
      "max": 5570,
      "mean": 1515.0732919254658,
      "std": 2094.429172496279,
      "var": 4386633.558603449,
      "p10": 2,
      "p25": 2,
      "p50": 5,
      "p75": 4267,
      "p90": 4609,
      "p95": 4697,
      "p99": 4844
    },
    "tokens_histogram": {
      "edges": [
        0,
        10,
        20,
        50,
        100,
        200,
        500,
        1000,
        2000,
        5000,
        10000,
        20000,
        40000
      ],
      "counts": [
        411,
        4,
        17,
        19,
        39,
        40,
        8,
        1,
        262,
        4,
        0,
        0
      ],
      "labels": [
        "[0,10)",
        "[10,20)",
        "[20,50)",
        "[50,100)",
        "[100,200)",
        "[200,500)",
        "[500,1000)",
        "[1000,2000)",
        "[2000,5000)",
        "[5000,10000)",
        "[10000,20000)",
        "[20000,40000)"
      ]
    },
    "tokens_raw": [
      2,
      4,
      557,
      2,
      2,
      4697,
      4113,
      4138,
      3,
      4569,
      783,
      4421,
      4143,
      4103,
      4672,
      4553,
      212,
      572,
      4133,
      28,
      2,
      127,
      3,
      4454,
      2,
      49,
      2,
      2,
      148,
      2,
      4592,
      4601,
      242,
      2,
      39,
      4,
      4288,
      5039,
      265,
      3,
      4704,
      4458,
      3,
      4584,
      4454,
      2,
      3,
      512,
      4824,
      4458,
      2,
      82,
      4724,
      519,
      160,
      2,
      2,
      4713,
      4638,
      3,
      280,
      4440,
      301,
      4697,
      4732,
      4142,
      5133,
      4726,
      242,
      3,
      4717,
      15,
      2,
      3,
      2,
      4713,
      2,
      4638,
      4597,
      1886,
      120,
      215,
      3,
      4609,
      3,
      2,
      403,
      4113,
      69,
      4152,
      2,
      2,
      4603,
      47,
      337,
      2,
      2,
      203,
      224,
      4459,
      4565,
      2,
      2,
      4134,
      4533,
      71,
      11,
      2,
      4446,
      166,
      2,
      4844,
      196,
      2,
      4,
      4618,
      4949,
      2,
      50,
      4562,
      13,
      4152,
      106,
      3,
      293,
      73,
      4142,
      4459,
      2,
      4555,
      165,
      4602,
      3,
      4625,
      241,
      3,
      4421,
      2,
      2,
      486,
      125,
      3,
      2,
      2,
      4154,
      2,
      3,
      3,
      4575,
      220,
      5,
      4665,
      3,
      2,
      4,
      161,
      4144,
      119,
      2,
      2,
      229,
      2,
      3,
      4596,
      6,
      4571,
      142,
      3,
      4453,
      3,
      3,
      3,
      2,
      2,
      3,
      133,
      2,
      4128,
      2,
      2,
      3,
      4612,
      2,
      4336,
      2,
      2,
      4595,
      92,
      2,
      2,
      2,
      4760,
      180,
      4610,
      594,
      3,
      4756,
      2,
      192,
      4569,
      145,
      4374,
      81,
      2,
      3,
      3,
      3,
      2,
      5,
      2,
      38,
      4762,
      3,
      285,
      2,
      2,
      2,
      3,
      3,
      2,
      3,
      4893,
      2,
      4467,
      4131,
      2,
      179,
      139,
      4750,
      149,
      53,
      61,
      3,
      2,
      3,
      830,
      3,
      4580,
      213,
      4540,
      3,
      2,
      2,
      4241,
      47,
      2,
      3,
      4639,
      2,
      29,
      2,
      2,
      4634,
      4042,
      4119,
      9,
      4666,
      3,
      4466,
      2,
      3,
      3,
      4132,
      3,
      2,
      4474,
      272,
      4146,
      4166,
      4781,
      2,
      4447,
      30,
      2,
      4186,
      4,
      3,
      2,
      4615,
      2,
      4118,
      2,
      4272,
      2,
      4133,
      4729,
      2,
      4122,
      3,
      4139,
      2,
      14,
      5570,
      2,
      2,
      229,
      2,
      4135,
      327,
      3,
      2,
      2,
      4479,
      2,
      2,
      3,
      2,
      39,
      3,
      4132,
      4657,
      3,
      2,
      4587,
      2,
      4124,
      191,
      40,
      4359,
      2,
      4680,
      4541,
      4461,
      2,
      4587,
      4484,
      3,
      59,
      2,
      4466,
      4532,
      4786,
      2,
      3,
      3,
      3,
      3,
      3,
      2,
      2,
      3,
      2,
      2,
      247,
      2,
      2,
      4,
      4142,
      2,
      2,
      3,
      2,
      2,
      150,
      136,
      209,
      4663,
      3,
      4582,
      2,
      4668,
      4464,
      35,
      3,
      3,
      244,
      4143,
      372,
      4584,
      4610,
      2,
      3,
      3,
      2,
      2,
      3,
      110,
      136,
      212,
      2,
      122,
      4764,
      256,
      3,
      2,
      4753,
      2,
      4790,
      3,
      4532,
      2,
      2,
      4278,
      4758,
      395,
      223,
      2,
      139,
      4,
      2,
      4679,
      3,
      4390,
      4757,
      40,
      4736,
      83,
      2,
      4613,
      2,
      4558,
      2,
      182,
      4936,
      2,
      4148,
      4750,
      225,
      48,
      3,
      6,
      2,
      440,
      4540,
      2,
      2,
      4136,
      3,
      50,
      77,
      4464,
      2,
      2,
      2,
      4565,
      267,
      69,
      198,
      2,
      4697,
      2,
      4594,
      4595,
      2,
      58,
      3,
      67,
      166,
      4649,
      2,
      2,
      4605,
      230,
      4544,
      2,
      3,
      4442,
      2,
      2,
      4613,
      4696,
      2,
      4465,
      26,
      2,
      108,
      181,
      4131,
      3,
      3,
      281,
      4226,
      4140,
      2,
      2,
      2,
      4112,
      6,
      2,
      2,
      4987,
      3,
      4140,
      3,
      4595,
      4593,
      4647,
      2,
      2,
      4262,
      2,
      4,
      2,
      3,
      9,
      2,
      3,
      4773,
      4458,
      4571,
      3,
      63,
      3,
      3,
      3,
      2,
      3,
      4571,
      4138,
      3,
      4746,
      4139,
      2,
      4583,
      4488,
      3,
      4597,
      239,
      3,
      4597,
      2,
      3,
      3,
      4,
      4379,
      2,
      3,
      2,
      2,
      2,
      4633,
      3,
      3,
      2,
      4354,
      4387,
      45,
      3,
      4,
      2,
      4545,
      3,
      2,
      3,
      6,
      3,
      2,
      4457,
      125,
      2,
      3,
      2,
      4593,
      2,
      2,
      4657,
      3486,
      4728,
      4708,
      4602,
      4518,
      3,
      4551,
      3,
      4546,
      4134,
      4099,
      4600,
      3,
      4526,
      2,
      3,
      3,
      2,
      4084,
      4134,
      3,
      4744,
      162,
      4607,
      2,
      3,
      4694,
      4592,
      4589,
      4438,
      2,
      3,
      3,
      2,
      2,
      4378,
      46,
      4144,
      4587,
      3,
      2,
      2,
      4692,
      2,
      3,
      2,
      47,
      3,
      2,
      4716,
      2,
      4364,
      2,
      4137,
      3,
      4134,
      3,
      2,
      4458,
      4570,
      2,
      4128,
      4274,
      4613,
      3,
      4398,
      3,
      3,
      7,
      4134,
      2,
      2,
      2,
      2,
      5,
      2,
      3,
      3,
      2,
      2,
      2,
      2,
      2,
      3,
      3,
      4601,
      4599,
      4596,
      4608,
      4392,
      4449,
      4435,
      3,
      3,
      260,
      4121,
      3,
      3,
      2,
      4267,
      4569,
