{
  "primary_metric": "prompt_level_loose_acc",
  "n_items": 300,
  "n_items_correct": 122,
  "n_items_incorrect": 178,
  "n_items_unknown": 0,
  "n_generations": 300,
  "samples_per_item": [
    1
  ],
  "all_rollouts": {
    "tokens": {
      "n": 300,
      "min": 2,
      "max": 4782,
      "mean": 108.37666666666667,
      "std": 620.9383072862839,
      "var": 385564.38145555556,
      "p10": 2,
      "p25": 2,
      "p50": 3,
      "p75": 20,
      "p90": 77,
      "p95": 160,
      "p99": 4583
    },
    "tokens_histogram": {
      "edges": [
        0,
        10,
        20,
        50,
        100,
        200,
        500,
        1000,
        2000,
        5000,
        10000,
        20000,
        40000
      ],
      "counts": [
        197,
        28,
        34,
        18,
        13,
        4,
        0,
        0,
        6,
        0,
        0,
        0
      ],
      "labels": [
        "[0,10)",
        "[10,20)",
        "[20,50)",
        "[50,100)",
        "[100,200)",
        "[200,500)",
        "[500,1000)",
        "[1000,2000)",
        "[2000,5000)",
        "[5000,10000)",
        "[10000,20000)",
        "[20000,40000)"
      ]
    },
    "tokens_raw": [
      24,
      23,
      18,
      3,
      6,
      2,
      53,
      2,
      9,
      94,
      4,
      2,
      96,
      23,
      4,
      3,
      3,
      4,
      2,
      14,
      6,
      10,
      2,
      14,
      2,
      19,
      106,
      6,
      105,
      56,
      29,
      2,
      13,
      11,
      133,
      166,
      2,
      65,
      2,
      55,
      91,
      2,
      2,
      50,
      13,
      2,
      92,
      2,
      2,
      2,
      2,
      2,
      2,
      2,
      2,
      2,
      2,
      3,
      8,
      13,
      16,
      5,
      3,
      4,
      23,
      2,
      4,
      4,
      2,
      4,
      4,
      3,
      2,
      2,
      22,
      4674,
      2,
      2,
      7,
      3,
      2,
      2,
      6,
      23,
      4,
      26,
      19,
      2,
      4,
      2,
      2,
      3,
      9,
      4,
      2,
      89,
      62,
      77,
      37,
      42,
      2,
      5,
      2,
      2,
      2,
      5,
      7,
      3,
      4,
      18,
      9,
      2,
      3,
      13,
      2,
      2,
      2,
      107,
      24,
      3,
      3,
      3,
      3,
      2,
      3,
      2,
      61,
      115,
      48,
      27,
      42,
      72,
      101,
      176,
      35,
      55,
      26,
      36,
      21,
      10,
      10,
      10,
      15,
      8,
      38,
      11,
      23,
      298,
      4,
      4,
      3,
      3,
      4,
      3,
      4,
      11,
      2,
      8,
      220,
      2,
      2,
      20,
      8,
      2,
      20,
      2,
      2,
      2,
      2,
      2,
      2,
      2,
      2,
      2,
      2,
      56,
      3,
      3,
      2,
      2,
      20,
      7,
      2,
      2,
      2,
      2,
      2,
      2,
      21,
      44,
      22,
      214,
      4,
      3,
      4,
      3,
      4,
      3,
      4,
      3,
      2,
      2,
      2,
      2,
      2,
      2,
      2,
      2,
      4782,
      2,
      2,
      2,
      2,
      2,
      2,
      2,
      2,
      2,
      2,
      2,
      2,
      2,
      2,
      2,
      2,
      17,
      2,
      97,
      12,
      4007,
      166,
      2,
      180,
      2,
      2,
      2,
      4583,
      160,
      22,
      3,
      4465,
      2,
      2,
      2,
      2,
      2,
      2,
      2,
      2,
      2,
      2,
      2,
      2,
      2,
      2,
      2,
      2,
      2,
      2,
      2,
      2,
      3,
      105,
      10,
      4,
      14,
      32,
      2,
      2,
      2,
      26,
      3,
      2,
      3,
      119,
      68,
      252,
      33,
      10,
      2,
      20,
      14,
      27,
      4106,
      3,
      2,
      2,
      2,
      2,
      7,
      3,
      16,
      24,
      12,
      23,
      19,
      2,
      2,
      2,
      2
    ],
    "chars": {
      "n": 300,
      "min": 1,
      "max": 23279,
      "mean": 285.5233333333333,
      "std": 1909.128051263776,
      "var": 3644769.9161222223,
      "p10": 1,
      "p25": 2,
      "p50": 7,
      "p75": 70,
      "p90": 328,
      "p95": 558,
      "p99": 4781
    },
    "chars_histogram": {
      "edges": [
        0,
        50,
        100,
        250,
        500,
        1000,
        2500,
        5000,
        10000,
        25000,
        50000,
        100000,
        200000
      ],
      "counts": [
        213,
        30,
        22,
        18,
        9,
        2,
        4,
        0,
        2,
        0,
        0,
        0
      ],
      "labels": [
        "[0,50)",
        "[50,100)",
        "[100,250)",
        "[250,500)",
        "[500,1000)",
        "[1000,2500)",
        "[2500,5000)",
        "[5000,10000)",
        "[10000,25000)",
        "[25000,50000)",
        "[50000,100000)",
        "[100000,200000)"
      ]
    }
  },
  "correct_rollouts": {
    "tokens": {
      "n": 122,
      "min": 2,
      "max": 119,
      "mean": 13.188524590163935,
      "std": 25.2041929790423,
      "var": 635.2513437248051,
      "p10": 2,
      "p25": 2,
      "p50": 2,
      "p75": 10,
      "p90": 35,
      "p95": 72,
      "p99": 115
    },
    "tokens_histogram": {
      "edges": [
        0,
        10,
        20,
        50,
        100,
        200,
        500,
        1000,
        2000,
        5000,
        10000,
        20000,
        40000
      ],
      "counts": [
        88,
        14,
        10,
        4,
        6,
        0,
        0,
        0,
        0,
        0,
        0,
        0
      ],
      "labels": [
        "[0,10)",
        "[10,20)",
        "[20,50)",
        "[50,100)",
        "[100,200)",
        "[200,500)",
        "[500,1000)",
        "[1000,2000)",
        "[2000,5000)",
        "[5000,10000)",
        "[10000,20000)",
        "[20000,40000)"
      ]
    },
    "tokens_raw": [
      24,
      53,
      9,
      4,
      6,
      10,
      106,
      6,
      105,
      56,
      11,
      2,
      2,
      2,
      2,
      2,
      4,
      4,
      2,
      4,
      4,
      2,
      22,
      2,
      2,
      7,
      3,
      6,
      23,
      19,
      2,
      3,
      4,
      2,
      2,
      5,
      2,
      13,
      2,
      2,
      2,
      107,
      61,
      115,
      48,
      27,
      42,
      72,
      101,
      35,
      10,
      10,
      10,
      15,
      3,
      4,
      11,
      2,
      8,
      2,
      2,
      2,
      2,
      2,
      2,
      2,
      3,
      3,
      2,
      2,
      7,
      2,
      2,
      2,
      2,
      2,
      2,
      2,
      2,
      2,
      2,
      2,
      2,
      2,
      2,
      2,
      2,
      2,
      2,
      17,
      2,
      12,
      2,
      2,
      2,
      2,
      2,
      2,
      2,
      2,
      2,
      2,
      2,
      2,
      2,
      4,
      2,
      2,
      2,
      119,
      20,
      7,
      3,
      16,
      24,
      12,
      23,
      19,
      2,
      2,
      2,
      2
    ],
    "chars": {
      "n": 122,
      "min": 1,
      "max": 592,
      "mean": 49.467213114754095,
      "std": 111.8669573115087,
      "var": 12514.21613813491,
      "p10": 1,
      "p25": 1,
      "p50": 5,
      "p75": 27,
      "p90": 140,
      "p95": 338,
      "p99": 521
    },
    "chars_histogram": {
      "edges": [
        0,
        50,
        100,
        250,
        500,
        1000,
        2500,
        5000,
        10000,
        25000,
        50000,
        100000,
        200000
      ],
      "counts": [
        96,
        12,
        5,
        6,
        3,
        0,
        0,
        0,
        0,
        0,
        0,
        0
      ],