{
  "primary_metric": "length_controlled_winrate",
  "n_items": 805,
  "n_items_correct": 0,
  "n_items_incorrect": 0,
  "n_items_unknown": 805,
  "n_generations": 805,
  "samples_per_item": [
    1
  ],
  "all_rollouts": {
    "tokens": {
      "n": 805,
      "min": 2,
      "max": 6435,
      "mean": 856.2869565217392,
      "std": 1588.0601623196264,
      "var": 2521935.079146638,
      "p10": 26,
      "p25": 76,
      "p50": 205,
      "p75": 441,
      "p90": 4284,
      "p95": 4940,
      "p99": 5118
    },
    "tokens_histogram": {
      "edges": [
        0,
        10,
        20,
        50,
        100,
        200,
        500,
        1000,
        2000,
        5000,
        10000,
        20000,
        40000
      ],
      "counts": [
        28,
        37,
        77,
        100,
        151,
        234,
        53,
        9,
        84,
        32,
        0,
        0
      ],
      "labels": [
        "[0,10)",
        "[10,20)",
        "[20,50)",
        "[50,100)",
        "[100,200)",
        "[200,500)",
        "[500,1000)",
        "[1000,2000)",
        "[2000,5000)",
        "[5000,10000)",
        "[10000,20000)",
        "[20000,40000)"
      ]
    },
    "tokens_raw": [
      112,
      140,
      253,
      160,
      214,
      4940,
      27,
      69,
      216,
      153,
      96,
      5346,
      674,
      5097,
      121,
      238,
      957,
      301,
      49,
      5038,
      211,
      157,
      257,
      5105,
      12,
      68,
      34,
      4113,
      265,
      162,
      4136,
      4597,
      463,
      173,
      42,
      78,
      4109,
      59,
      245,
      35,
      172,
      382,
      449,
      64,
      224,
      4138,
      271,
      654,
      522,
      201,
      54,
      66,
      445,
      4162,
      298,
      266,
      203,
      263,
      285,
      49,
      4420,
      307,
      347,
      260,
      540,
      249,
      300,
      127,
      239,
      428,
      61,
      15,
      140,
      280,
      4490,
      613,
      4305,
      334,
      616,
      4231,
      183,
      4375,
      573,
      29,
      185,
      4084,
      559,
      4136,
      79,
      265,
      600,
      17,
      4103,
      53,
      464,
      223,
      81,
      153,
      251,
      156,
      114,
      25,
      17,
      4167,
      722,
      57,
      84,
      4803,
      268,
      92,
      311,
      280,
      41,
      47,
      178,
      5044,
      549,
      153,
      85,
      197,
      19,
      46,
      76,
      189,
      452,
      147,
      231,
      213,
      25,
      5149,
      210,
      120,
      204,
      209,
      138,
      138,
      5611,
      5007,
      5021,
      443,
      5085,
      143,
      113,
      50,
      56,
      524,
      165,
      108,
      5108,
      264,
      153,
      219,
      266,
      301,
      361,
      167,
      569,
      256,
      53,
      41,
      4505,
      10,
      102,
      102,
      71,
      127,
      4079,
      62,
      16,
      168,
      325,
      224,
      171,
      370,
      294,
      112,
      463,
      441,
      172,
      211,
      633,
      311,
      4848,
      572,
      174,
      305,
      5001,
      177,
      227,
      76,
      3,
      152,
      212,
      325,
      641,
      36,
      414,
      37,
      347,
      2,
      230,
      619,
      87,
      4112,
      5032,
      262,
      276,
      57,
      1127,
      5055,
      9,
      4799,
      168,
      382,
      30,
      352,
      1127,
      131,
      134,
      163,
      300,
      255,
      38,
      231,
      45,
      24,
      214,
      129,
      944,
      4976,
      47,
      241,
      9,
      417,
      26,
      766,
      228,
      233,
      4923,
      4937,
      4603,
      4597,
      197,
      959,
      180,
      33,
      236,
      194,
      701,
      37,
      175,
      58,
      152,
      298,
      161,
      203,
      163,
      343,
      146,
      77,
      484,
      37,
      2,
      634,
      1088,
      719,
      22,
      4277,
      106,
      501,
      608,
      358,
      128,
      108,
      127,
      219,
      247,
      4912,
      239,
      615,
      231,
      494,
      120,
      281,
      5751,
      175,
      66,
      244,
      458,
      5125,
      253,
      5049,
      30,
      282,
      18,
      262,
      13,
      1212,
      307,
      68,
      504,
      339,
      5088,
      72,
      311,
      4980,
      454,
      67,
      297,
      802,
      524,
      59,
      5079,
      215,
      62,
      4222,
      88,
      76,
      17,
      178,
      468,
      304,
      236,
      4864,
      535,
      4194,
      318,
      55,
      319,
      292,
      170,
      700,
      12,
      10,
      140,
      180,
      9,
      158,
      30,
      5145,
      20,
      368,
      162,
      471,
      65,
      154,
      229,
      137,
      173,
      67,
      49,
      173,
      4937,
      221,
      854,
      185,
      516,
      209,
      268,
      128,
      268,
      679,
      7,
      4668,
      223,
      201,
      27,
      216,
      77,
      4587,
      8,
      18,
      5016,
      32,
      4177,
      82,
      214,
      4938,
      206,
      530,
      234,
      22,
      711,
      174,
      54,
      33,
      143,
      213,
      552,
      10,
      154,
      135,
      208,
      290,
      343,
      5055,
      106,
      4300,
      142,
      4211,
      5072,
      5016,
      60,
      221,
      40,
      272,
      299,
      363,
      22,
      52,
      495,
      338,
      4853,
      772,
      4378,
      405,
      159,
      72,
      93,
      40,
      12,
      48,
      6435,
      43,
      14,
      5118,
      4723,
      145,
      597,
      156,
      84,
      140,
      76,
      4096,
      140,
      349,
      53,
      186,
      9,
      6,
      32,
      101,
      259,
      77,
      4412,
      900,
      71,
      5024,
      52,
      206,
      392,
      852,
      238,
      289,
      1041,
      139,
      561,
      55,
      16,
      173,
      42,
      27,
      128,
      138,
      389,
      95,
      266,
      235,
      58,
      33,
      4940,
      4929,
      80,
      30,
      48,
      31,
      95,
      4,
      89,
      79,
      74,
      120,
      4112,
      12,
      229,
      88,
      355,
      195,
      258,
      78,
      4940,
      101,
      82,
      15,
      92,
      4625,
      324,
      388,
      35,
      615,
      39,
      62,
      117,
      190,
      73,
      237,
      57,
      4211,
      197,
      9,
      63,
      126,
      383,
      36,
      175,
      294,
      173,
      219,
      437,
      213,
      151,
      238,
      218,
      4436,
      155,
      119,
      49,
      59,
      21,
      338,
      153,
      121,
      223,
      4776,
      290,
      181,
      108,
      22,
      195,
      4122,
      88,
      122,
      47,
      3,
      4125,
      25,
      146,
      165,
      141,
      4957,
      483,
      364,
      18,
      133,
      140,
      161,
      251,
      4117,
      4845,
      129,
      289,
      629,
      115,
      79,
      236,
      239,
      150,
      395,
      4223,
      225,
      67,
      63,
      51,
      156,
      149,
      4602,
      224,
      115,
      285,
      5037,
      710,
      358,
      4279,
      3979,
      247,
      189,
      350,
      279,
      48,
      138,
      181,
      246,
      122,
      5004,
      32,
      102,
      213,
      18,
      43,
      277,
      45,
      306,
      41,
      539,
      539,
      8,
      139,
      65,
      12,
      212,
      106,
      294,
      201,
      489,
      441,
      201,
      422,
      218,
      35,
      121,
      31,
      211,
      123,
