{
  "primary_metric": "pass_at_1",
  "n_items": 612,
  "n_items_correct": 17,
  "n_items_incorrect": 595,
  "n_items_unknown": 0,
  "n_generations": 612,
  "samples_per_item": [
    1
  ],
  "all_rollouts": {
    "tokens": {
      "n": 612,
      "min": 2,
      "max": 287,
      "mean": 35.19934640522876,
      "std": 52.88042497917394,
      "var": 2796.3393459780427,
      "p10": 2,
      "p25": 2,
      "p50": 2,
      "p75": 71,
      "p90": 119,
      "p95": 148,
      "p99": 181
    },
    "tokens_histogram": {
      "edges": [
        0,
        10,
        20,
        50,
        100,
        200,
        500,
        1000,
        2000,
        5000,
        10000,
        20000,
        40000
      ],
      "counts": [
        372,
        37,
        20,
        97,
        80,
        6,
        0,
        0,
        0,
        0,
        0,
        0
      ],
      "labels": [
        "[0,10)",
        "[10,20)",
        "[20,50)",
        "[50,100)",
        "[100,200)",
        "[200,500)",
        "[500,1000)",
        "[1000,2000)",
        "[2000,5000)",
        "[5000,10000)",
        "[10000,20000)",
        "[20000,40000)"
      ]
    },
    "tokens_raw": [
      2,
      2,
      2,
      2,
      2,
      2,
      2,
      2,
      2,
      66,
      92,
      164,
      70,
      2,
      59,
      39,
      2,
      107,
      98,
      2,
      122,
      2,
      89,
      2,
      2,
      181,
      168,
      72,
      2,
      2,
      2,
      31,
      2,
      2,
      2,
      2,
      96,
      129,
      40,
      2,
      103,
      2,
      73,
      78,
      2,
      154,
      2,
      56,
      2,
      144,
      88,
      2,
      134,
      73,
      2,
      148,
      2,
      2,
      130,
      57,
      2,
      2,
      160,
      2,
      124,
      133,
      2,
      2,
      2,
      100,
      92,
      2,
      2,
      2,
      96,
      94,
      74,
      72,
      96,
      141,
      2,
      98,
      2,
      39,
      2,
      30,
      126,
      2,
      81,
      124,
      2,
      61,
      2,
      2,
      115,
      88,
      242,
      60,
      53,
      71,
      124,
      100,
      70,
      102,
      2,
      36,
      66,
      118,
      101,
      173,
      166,
      150,
      2,
      85,
      68,
      2,
      76,
      2,
      139,
      119,
      85,
      2,
      128,
      77,
      103,
      89,
      165,
      2,
      101,
      2,
      75,
      128,
      83,
      2,
      2,
      76,
      112,
      94,
      123,
      2,
      2,
      108,
      86,
      100,
      76,
      2,
      104,
      130,
      64,
      153,
      105,
      64,
      2,
      106,
      2,
      2,
      239,
      96,
      2,
      29,
      60,
      94,
      69,
      2,
      70,
      55,
      120,
      2,
      47,
      2,
      2,
      98,
      2,
      175,
      36,
      2,
      138,
      68,
      101,
      2,
      2,
      2,
      64,
      2,
      2,
      2,
      59,
      2,
      2,
      91,
      2,
      2,
      2,
      2,
      10,
      2,
      2,
      2,
      2,
      2,
      10,
      2,
      2,
      2,
      2,
      2,
      2,
      2,
      2,
      2,
      10,
      2,
      35,
      2,
      2,
      10,
      2,
      58,
      2,
      10,
      2,
      2,
      2,
      2,
      10,
      2,
      10,
      2,
      2,
      2,
      2,
      2,
      2,
      47,
      2,
      2,
      2,
      2,
      2,
      2,
      2,
      2,
      2,
      2,
      2,
      2,
      2,
      2,
      2,
      2,
      2,
      2,
      2,
      10,
      10,
      2,
      10,
      124,
      2,
      2,
      10,
      2,
      211,
      2,
      2,
      2,
      2,
      2,
      2,
      249,
      2,
      2,
      10,
      2,
      2,
      2,
      2,
      2,
      2,
      2,
      2,
      10,
      2,
      2,
      2,
      2,
      2,
      10,
      2,
      2,
      2,
      2,
      10,
      10,
      2,
      2,
      2,
      10,
      2,
      2,
      2,
      2,
      2,
      10,
      2,
      2,
      2,
      2,
      2,
      2,
      2,
      2,
      10,
      2,
      2,
      2,
      85,
      2,
      2,
      2,
      2,
      2,
      2,
      2,
      2,
      2,
      2,
      2,
      2,
      2,
      2,
      10,
      2,
      2,
      90,
      2,
      2,
      10,
      2,
      2,
      2,
      2,
      81,
      2,
      2,
      2,
      2,
      2,
      2,
      64,
      10,
      2,
      2,
      2,
      2,
      10,
      2,
      2,
      2,
      2,
      2,
      2,
      2,
      2,
      2,
      2,
      10,
      2,
      10,
      2,
      2,
      2,
      2,
      2,
      2,
      26,
      2,
      2,
      10,
      2,
      2,
      2,
      2,
      2,
      2,
      2,
      2,
      2,
      2,
      10,
      2,
      2,
      2,
      2,
      2,
      2,
      2,
      2,
      2,
      10,
      2,
      2,
      2,
      2,
      2,
      2,
      2,
      2,
      2,
      2,
      2,
      2,
      2,
      2,
      2,
      2,
      2,
      2,
      2,
      10,
      2,
      2,
      2,
      2,
      2,
      10,
      2,
      2,
      2,
      2,
      2,
      10,
      10,
      2,
      2,
      10,
      250,
      2,
      74,
      2,
      10,
      2,
      2,
      93,
      2,
      2,
      2,
      2,
      2,
      2,
      2,
      10,
      10,
      2,
      2,
      2,
      2,
      101,
      64,
      2,
      148,
      66,
      2,
      2,
      34,
      2,
      40,
      86,
      2,
      66,
      79,
      124,
      122,
      2,
      53,
      2,
      154,
      73,
      176,
      77,
      123,
      2,
      153,
      114,
      92,
      105,
      57,
      79,
      2,
      42,
      64,
      164,
      2,
      2,
      2,
      91,
      2,
      123,
      2,
      2,
      105,
      92,
      142,
      2,
      86,
      2,
      2,
      2,
      2,
      81,
      91,
      2,
      2,
      2,
      287,
      2,
      2,
      2,
      2,
      2,
      2,
      2,
      80,
      2,
      2,
      2,
      2,
      2,
      2,
      2,
      2,
      2,
      2,
      2,
      10,
      47,
      2,
      2,
      2,
      2,
      2,
      2,
      2,
      2,
      2,
      2,
      2,
      85,
      2,
      2,
      2,
      2,
      2,
      2,
      2,
      2,
      119,
      2,
      2,
      2,
      2,
      2,
      2,
      2,
      88,
      81,
      95,
      73,
      117,
      103,
      82,
      151,
      159,
      85,
      180,
      2,
      2,
      166,
      39,
      2,
      2,
      162,
      132,
      2,
      167,
      80,
      122,
      2,
      2,
      88,
      89,
      91,
      38,
      147,
      32,
      2,
      80,
      2,
      176,
      166,
      54,
      135,
      32,
      86,
      77,
      86,
      57,
      2,
      139,
      91,
      142,
      2
    ],
    "chars": {
      "n": 612,
      "min": 1,
      "max": 1136,
      "mean": 125.05718954248366,
      "std": 197.1541109421317,
      "var": 38869.74346138237,
      "p10": 1,
      "p25": 1,
      "p50": 1,
      "p75": 260,
      "p90": 421,
      "p95": 523,
      "p99": 729
    },
    "chars_histogram": {
      "edges": [
        0,
        50,
        100,
        250,
        500,
        1000,
        2500,
        5000,
        10000,
        25000,
        50000,
        100000,
        200000
      ],
      "counts": [
        409,
        3,
        40,
        122,
        36,
        2,
        0,
        0,
        0,
        0,
        0,
        0
      ],