{
  "primary_metric": "prompt_level_loose_acc",
  "n_items": 300,
  "n_items_correct": 107,
  "n_items_incorrect": 193,
  "n_items_unknown": 0,
  "n_generations": 300,
  "samples_per_item": [
    1
  ],
  "all_rollouts": {
    "tokens": {
      "n": 300,
      "min": 2,
      "max": 5759,
      "mean": 1529.54,
      "std": 2176.7879720052356,
      "var": 4738405.875066667,
      "p10": 2,
      "p25": 2,
      "p50": 3,
      "p75": 4448,
      "p90": 4734,
      "p95": 4919,
      "p99": 5151
    },
    "tokens_histogram": {
      "edges": [
        0,
        10,
        20,
        50,
        100,
        200,
        500,
        1000,
        2000,
        5000,
        10000,
        20000,
        40000
      ],
      "counts": [
        165,
        9,
        11,
        7,
        6,
        3,
        1,
        0,
        88,
        10,
        0,
        0
      ],
      "labels": [
        "[0,10)",
        "[10,20)",
        "[20,50)",
        "[50,100)",
        "[100,200)",
        "[200,500)",
        "[500,1000)",
        "[1000,2000)",
        "[2000,5000)",
        "[5000,10000)",
        "[10000,20000)",
        "[20000,40000)"
      ]
    },
    "tokens_raw": [
      3,
      4709,
      4,
      4253,
      10,
      2,
      3,
      4566,
      2,
      4278,
      4922,
      4711,
      2,
      4591,
      4423,
      3,
      4719,
      2,
      2,
      4715,
      2,
      4857,
      2,
      6,
      2,
      39,
      2,
      4322,
      49,
      2,
      2,
      4629,
      2,
      4368,
      4640,
      2,
      2,
      2,
      2,
      54,
      582,
      2,
      2,
      4715,
      2,
      34,
      2,
      4591,
      2,
      2,
      4734,
      2,
      4732,
      4494,
      13,
      3,
      2,
      5163,
      2,
      2,
      2,
      3,
      133,
      4203,
      2,
      2,
      4341,
      4576,
      4254,
      2,
      18,
      4611,
      4449,
      2,
      23,
      5080,
      3,
      3,
      3,
      2,
      2,
      2,
      2,
      2,
      2,
      2,
      2,
      2,
      4691,
      2,
      2,
      2,
      4571,
      4,
      2,
      53,
      61,
      283,
      12,
      24,
      2,
      3,
      2,
      2,
      3,
      2,
      82,
      2,
      4995,
      4264,
      4517,
      4271,
      4607,
      2,
      5088,
      2,
      4791,
      4846,
      2,
      4808,
      4718,
      4658,
      2,
      2,
      2,
      4255,
      2,
      2,
      186,
      25,
      2,
      2,
      274,
      4885,
      4593,
      4905,
      49,
      11,
      2,
      3,
      2,
      58,
      2,
      2,
      38,
      4635,
      2,
      2,
      4994,
      2,
      4605,
      2,
      5001,
      2,
      65,
      11,
      4,
      2,
      4305,
      5151,
      3,
      4478,
      28,
      4137,
      2,
      4109,
      2,
      2,
      2,
      4361,
      2,
      2,
      2,
      4792,
      4704,
      107,
      2,
      2,
      4385,
      3,
      3,
      4582,
      4580,
      3,
      4679,
      7,
      3,
      3,
      3,
      3,
      3,
      2,
      5759,
      2,
      4810,
      4926,
      3,
      4592,
      2,
      3,
      2,
      3,
      2,
      2,
      2,
      2,
      4530,
      2,
      4338,
      4626,
      4271,
      4721,
      4592,
      2,
      4578,
      5139,
      4280,
      2,
      5076,
      2,
      3,
      2,
      3,
      3,
      3,
      4736,
      4,
      2,
      2,
      2,
      3,
      2,
      2,
      28,
      4706,
      2,
      4919,
      3,
      3,
      2,
      2,
      4719,
      4515,
      4656,
      3,
      4271,
      4837,
      5133,
      4718,
      4438,
      2,
      2,
      2,
      3,
      2,
      4435,
      4727,
      4738,
      19,
      2,
      2,
      3,
      10,
      2,
      4506,
      2,
      14,
      4448,
      4264,
      8,
      20,
      5013,
      2,
      3,
      118,
      2,
      4579,
      2,
      2,
      2,
      2,
      2,
      2,
      4738,
      4713,
      2,
      3,
      3,
      2,
      3,
      2,
      2,
      194,
      279,
      104,
      53,
      4904,
      4749,
      5,
      3
    ],
    "chars": {
      "n": 300,
      "min": 1,
      "max": 28209,
      "mean": 1644.16,
      "std": 2642.498605688689,
      "var": 6982798.881066667,
      "p10": 3,
      "p25": 9,
      "p50": 10,
      "p75": 4447,
      "p90": 4733,
      "p95": 4918,
      "p99": 5162
    },
    "chars_histogram": {
      "edges": [
        0,
        50,
        100,
        250,
        500,
        1000,
        2500,
        5000,
        10000,
        25000,
        50000,
        100000,
        200000
      ],
      "counts": [
        170,
        7,
        13,
        4,
        3,
        5,
        88,
        9,
        0,
        1,
        0,
        0
      ],
      "labels": [
        "[0,50)",
        "[50,100)",
        "[100,250)",
        "[250,500)",
        "[500,1000)",
        "[1000,2500)",
        "[2500,5000)",
        "[5000,10000)",
        "[10000,25000)",
        "[25000,50000)",
        "[50000,100000)",
        "[100000,200000)"
      ]
    }
  },
  "correct_rollouts": {
    "tokens": {
      "n": 107,
      "min": 2,
      "max": 5088,
      "mean": 1350.766355140187,
      "std": 2091.9465003587807,
      "var": 4376240.16036335,
      "p10": 2,
      "p25": 2,
      "p50": 3,
      "p75": 4385,
      "p90": 4734,
      "p95": 4837,
      "p99": 4905
    },
    "tokens_histogram": {
      "edges": [
        0,
        10,
        20,
        50,
        100,
        200,
        500,
        1000,
        2000,
        5000,
        10000,
        20000,
        40000
      ],
      "counts": [
        67,
        1,
        2,
        1,
        3,
        2,
        0,
        0,
        30,
        1,
        0,
        0
      ],
      "labels": [
        "[0,10)",
        "[10,20)",
        "[20,50)",
        "[50,100)",
        "[100,200)",
        "[200,500)",
        "[500,1000)",
        "[1000,2000)",
        "[2000,5000)",
        "[5000,10000)",
        "[10000,20000)",
        "[20000,40000)"
      ]
    },
    "tokens_raw": [
      4591,
      2,
      2,
      4734,
      2,
      2,
      23,
      3,
      3,
      3,
      2,
      2,
      2,
      4571,
      4,
      2,
      2,
      3,
      3,
      2,
      5088,
      2,
      4791,
      4846,
      2,
      2,
      186,
      25,
      2,
      2,
      274,
      4885,
      4593,
      4905,
      2,
      11,
      4,
      2,
      3,
      4478,
      4137,
      2,
      4109,
      2,
      2,
      4792,
      4704,
      2,
      2,
      4385,
      3,
      3,
      4582,
      4580,
      3,
      4679,
      7,
      3,
      3,
      2,
      3,
      2,
      2,
      2,
      2,
      2,
      2,
      3,
      2,
      3,
      3,
      3,
      4736,
      4,
      2,
      2,
      2,
      3,
      2,
      2,
      4719,
      4515,
      4656,
      3,
      4271,
      4837,
      2,
      3,
      2,
      4435,
      4727,
      2,
      4506,
      2,
      4448,
      4264,
      2,
      3,
      2,
      2,
      194,
      279,
      104,
      53,
      4904,
      4749,
      3
    ],
    "chars": {
      "n": 107,
      "min": 1,
      "max": 5087,
      "mean": 1397.2242990654206,
      "std": 2074.713890007695,
      "var": 4304437.725390864,
      "p10": 2,
      "p25": 9,
      "p50": 10,
      "p75": 4384,
      "p90": 4733,
      "p95": 4836,
      "p99": 4904
    },
    "chars_histogram": {
      "edges": [
        0,
        50,
        100,
        250,
        500,
        1000,
        2500,
        5000,
        10000,
        25000,
        50000,
        100000,
        200000
      ],