{
  "primary_metric": "exact_match_flex",
  "n_items": 500,
  "n_items_correct": 105,
  "n_items_incorrect": 395,
  "n_items_unknown": 0,
  "n_generations": 500,
  "samples_per_item": [
    1
  ],
  "all_rollouts": {
    "tokens": {
      "n": 500,
      "min": 5,
      "max": 52,
      "mean": 8.584,
      "std": 4.534197172598475,
      "var": 20.558944,
      "p10": 6,
      "p25": 6,
      "p50": 7,
      "p75": 9,
      "p90": 12,
      "p95": 16,
      "p99": 27
    },
    "tokens_histogram": {
      "edges": [
        0,
        10,
        20,
        50,
        100,
        200,
        500,
        1000,
        2000,
        5000,
        10000,
        20000,
        40000
      ],
      "counts": [
        376,
        109,
        14,
        1,
        0,
        0,
        0,
        0,
        0,
        0,
        0,
        0
      ],
      "labels": [
        "[0,10)",
        "[10,20)",
        "[20,50)",
        "[50,100)",
        "[100,200)",
        "[200,500)",
        "[500,1000)",
        "[1000,2000)",
        "[2000,5000)",
        "[5000,10000)",
        "[10000,20000)",
        "[20000,40000)"
      ]
    },
    "tokens_raw": [
      12,
      10,
      11,
      7,
      7,
      7,
      7,
      7,
      11,
      6,
      9,
      6,
      8,
      6,
      6,
      52,
      7,
      7,
      7,
      6,
      10,
      9,
      6,
      6,
      6,
      6,
      6,
      8,
      9,
      6,
      11,
      11,
      7,
      11,
      8,
      6,
      6,
      9,
      9,
      7,
      7,
      7,
      6,
      8,
      9,
      6,
      6,
      7,
      11,
      7,
      8,
      24,
      6,
      11,
      9,
      6,
      7,
      8,
      9,
      7,
      11,
      8,
      6,
      7,
      6,
      6,
      26,
      9,
      8,
      6,
      9,
      11,
      6,
      19,
      7,
      10,
      6,
      6,
      10,
      6,
      6,
      6,
      11,
      7,
      6,
      9,
      8,
      6,
      6,
      7,
      7,
      6,
      12,
      7,
      11,
      6,
      9,
      6,
      10,
      24,
      11,
      6,
      12,
      6,
      6,
      8,
      11,
      7,
      6,
      9,
      6,
      8,
      7,
      8,
      7,
      8,
      6,
      6,
      7,
      6,
      6,
      6,
      6,
      6,
      12,
      6,
      5,
      11,
      7,
      7,
      7,
      6,
      6,
      8,
      7,
      6,
      6,
      14,
      6,
      6,
      6,
      6,
      7,
      16,
      12,
      6,
      10,
      7,
      7,
      7,
      6,
      8,
      7,
      12,
      10,
      11,
      7,
      6,
      9,
      8,
      7,
      6,
      12,
      11,
      6,
      12,
      10,
      7,
      6,
      7,
      11,
      13,
      8,
      6,
      6,
      6,
      14,
      7,
      7,
      18,
      6,
      11,
      9,
      7,
      6,
      6,
      6,
      6,
      6,
      7,
      11,
      6,
      7,
      6,
      11,
      7,
      9,
      6,
      10,
      7,
      8,
      7,
      11,
      6,
      6,
      24,
      15,
      7,
      6,
      6,
      6,
      8,
      7,
      6,
      7,
      6,
      7,
      9,
      10,
      10,
      6,
      7,
      6,
      7,
      18,
      9,
      6,
      6,
      27,
      7,
      6,
      6,
      6,
      7,
      7,
      11,
      7,
      7,
      19,
      7,
      7,
      7,
      10,
      6,
      6,
      6,
      7,
      6,
      27,
      7,
      7,
      6,
      9,
      11,
      7,
      6,
      12,
      8,
      7,
      7,
      7,
      7,
      6,
      7,
      13,
      9,
      11,
      8,
      6,
      6,
      7,
      8,
      9,
      8,
      7,
      6,
      6,
      11,
      8,
      7,
      6,
      9,
      8,
      8,
      9,
      7,
      11,
      7,
      6,
      7,
      6,
      7,
      6,
      16,
      7,
      7,
      10,
      8,
      26,
      7,
      6,
      10,
      6,
      7,
      7,
      11,
      6,
      13,
      6,
      7,
      11,
      6,
      10,
      13,
      9,
      6,
      7,
      6,
      22,
      7,
      13,
      7,
      6,
      11,
      8,
      6,
      8,
      8,
      6,
      9,
      8,
      12,
      6,
      6,
      7,
      6,
      18,
      6,
      11,
      7,
      9,
      6,
      6,
      9,
      6,
      8,
      7,
      25,
      9,
      7,
      6,
      10,
      7,
      8,
      8,
      6,
      18,
      6,
      9,
      6,
      6,
      6,
      10,
      6,
      13,
      6,
      6,
      6,
      7,
      12,
      7,
      6,
      7,
      11,
      6,
      7,
      7,
      6,
      8,
      13,
      28,
      11,
      10,
      11,
      11,
      7,
      6,
      7,
      6,
      11,
      7,
      6,
      7,
      10,
      6,
      6,
      6,
      7,
      7,
      10,
      11,
      6,
      10,
      6,
      6,
      7,
      6,
      6,
      21,
      11,
      6,
      7,
      8,
      9,
      8,
      6,
      11,
      6,
      8,
      49,
      12,
      7,
      15,
      11,
      7,
      11,
      10,
      9,
      8,
      7,
      10,
      18,
      6,
      12,
      10,
      15,
      6,
      6,
      6,
      28,
      10,
      9,
      6,
      7,
      21,
      6,
      6,
      7,
      6,
      7,
      6,
      13,
      8,
      7,
      13,
      6,
      6,
      6,
      7,
      10,
      7,
      7,
      8,
      6,
      6,
      7,
      8,
      6,
      6,
      7,
      8,
      7,
      15,
      6,
      6,
      7,
      8,
      6,
      6,
      7,
      10,
      9,
      8,
      6,
      6,
      6,
      7,
      6,
      7,
      10,
      6,
      7,
      15,
      7,
      6,
      11,
      15,
      16,
      6,
      9
    ],
    "chars": {
      "n": 500,
      "min": 9,
      "max": 105,
      "mean": 14.686,
      "std": 8.833538588810262,
      "var": 78.031404,
      "p10": 9,
      "p25": 11,
      "p50": 12,
      "p75": 15,
      "p90": 22,
      "p95": 27,
      "p99": 55
    },
    "chars_histogram": {
      "edges": [
        0,
        50,
        100,
        250,
        500,
        1000,
        2500,
        5000,
        10000,
        25000,
        50000,
        100000,
        200000
      ],
      "counts": [
        493,
        6,
        1,
        0,
        0,
        0,
        0,
        0,
        0,
        0,
        0,
        0
      ],
      "labels": [
        "[0,50)",
        "[50,100)",
        "[100,250)",
        "[250,500)",
        "[500,1000)",
        "[1000,2500)",
        "[2500,5000)",
        "[5000,10000)",
        "[10000,25000)",
        "[25000,50000)",
        "[50000,100000)",
        "[100000,200000)"
      ]
    }
  },
  "correct_rollouts": {
    "tokens": {
      "n": 105,
      "min": 6,
      "max": 28,
      "mean": 8.285714285714286,
      "std": 3.382628692414865,
      "var": 11.4421768707483,
      "p10": 6,
      "p25": 6,
      "p50": 7,
      "p75": 9,
      "p90": 11,
      "p95": 13,
      "p99": 22
    },
    "tokens_histogram": {
      "edges": [
        0,
        10,
        20,
        50,
        100,
        200,
        500,
        1000,
        2000,
        5000,
        10000,
        20000,
        40000
      ],
      "counts": [
        80,
        23,
        2,
        0,
        0,
        0,
        0,
        0,
        0,
        0,
        0,
        0
      ],
      "labels": [
        "[0,10)",
        "[10,20)",
        "[20,50)",
        "[50,100)",
        "[100,200)",
        "[200,500)",
        "[500,1000)",
        "[1000,2000)",
        "[2000,5000)",
        "[5000,10000)",
        "[10000,20000)",
        "[20000,40000)"
      ]
    },