{
  "primary_metric": "exact_match_flex",
  "n_items": 500,
  "n_items_correct": 124,
  "n_items_incorrect": 376,
  "n_items_unknown": 0,
  "n_generations": 500,
  "samples_per_item": [
    1
  ],
  "all_rollouts": {
    "tokens": {
      "n": 500,
      "min": 2,
      "max": 5162,
      "mean": 389.424,
      "std": 926.0471328307215,
      "var": 857563.292224,
      "p10": 2,
      "p25": 4,
      "p50": 161,
      "p75": 308,
      "p90": 573,
      "p95": 2494,
      "p99": 4966
    },
    "tokens_histogram": {
      "edges": [
        0,
        10,
        20,
        50,
        100,
        200,
        500,
        1000,
        2000,
        5000,
        10000,
        20000,
        40000
      ],
      "counts": [
        134,
        42,
        26,
        23,
        54,
        161,
        29,
        5,
        22,
        4,
        0,
        0
      ],
      "labels": [
        "[0,10)",
        "[10,20)",
        "[20,50)",
        "[50,100)",
        "[100,200)",
        "[200,500)",
        "[500,1000)",
        "[1000,2000)",
        "[2000,5000)",
        "[5000,10000)",
        "[10000,20000)",
        "[20000,40000)"
      ]
    },
    "tokens_raw": [
      282,
      140,
      4732,
      2,
      10,
      241,
      2,
      460,
      13,
      2,
      33,
      245,
      10,
      201,
      175,
      222,
      158,
      2,
      2,
      210,
      18,
      181,
      315,
      2,
      151,
      320,
      190,
      12,
      140,
      2,
      2,
      221,
      2,
      2,
      2723,
      303,
      221,
      33,
      2,
      573,
      2,
      65,
      55,
      237,
      242,
      2,
      59,
      79,
      2,
      2,
      2,
      2,
      273,
      39,
      2,
      166,
      28,
      69,
      313,
      2,
      4213,
      887,
      256,
      277,
      4903,
      2,
      2,
      377,
      157,
      296,
      2,
      264,
      15,
      86,
      43,
      26,
      323,
      2,
      172,
      258,
      639,
      699,
      363,
      93,
      2,
      252,
      69,
      2,
      1381,
      462,
      161,
      157,
      4711,
      2,
      23,
      582,
      177,
      219,
      159,
      3,
      395,
      244,
      179,
      281,
      96,
      11,
      147,
      2,
      4966,
      2,
      298,
      32,
      280,
      225,
      490,
      3,
      289,
      172,
      9,
      39,
      387,
      3,
      2,
      335,
      352,
      2,
      291,
      309,
      53,
      434,
      304,
      355,
      110,
      2,
      3974,
      11,
      305,
      2,
      2,
      496,
      201,
      74,
      12,
      731,
      238,
      231,
      242,
      3218,
      319,
      2,
      195,
      597,
      197,
      2,
      206,
      301,
      216,
      4848,
      2,
      2,
      4,
      2,
      15,
      492,
      199,
      13,
      193,
      179,
      315,
      2,
      464,
      2,
      2,
      327,
      358,
      461,
      19,
      158,
      144,
      1433,
      2,
      2,
      4152,
      3,
      193,
      164,
      2,
      2,
      2,
      246,
      14,
      228,
      408,
      2,
      258,
      404,
      5021,
      472,
      3,
      294,
      693,
      3975,
      2,
      515,
      4855,
      640,
      18,
      122,
      2,
      229,
      222,
      263,
      390,
      98,
      10,
      457,
      606,
      2,
      233,
      29,
      2,
      2,
      4141,
      2,
      133,
      170,
      2,
      56,
      146,
      2,
      350,
      10,
      235,
      2,
      277,
      14,
      67,
      2,
      274,
      406,
      316,
      58,
      142,
      2,
      5065,
      3,
      2,
      480,
      198,
      205,
      418,
      2,
      266,
      2,
      2,
      3,
      247,
      2,
      2,
      127,
      11,
      287,
      2,
      231,
      247,
      284,
      2,
      117,
      204,
      230,
      11,
      241,
      326,
      224,
      2,
      244,
      419,
      2,
      308,
      407,
      333,
      173,
      375,
      5162,
      625,
      153,
      120,
      449,
      17,
      305,
      13,
      328,
      9,
      2,
      4,
      2494,
      40,
      2,
      442,
      217,
      2,
      11,
      22,
      279,
      260,
      284,
      213,
      54,
      18,
      2,
      2,
      749,
      43,
      216,
      83,
      10,
      7,
      186,
      356,
      209,
      16,
      625,
      229,
      28,
      84,
      2,
      12,
      205,
      2,
      2,
      13,
      323,
      328,
      173,
      2110,
      2,
      251,
      2,
      2,
      146,
      33,
      2,
      2,
      2,
      283,
      190,
      3,
      41,
      209,
      265,
      244,
      75,
      354,
      2,
      337,
      1169,
      567,
      794,
      25,
      404,
      190,
      223,
      10,
      2,
      2,
      11,
      2,
      146,
      11,
      3,
      193,
      27,
      236,
      30,
      2,
      273,
      11,
      10,
      2,
      2,
      2,
      4902,
      548,
      446,
      167,
      3,
      274,
      2,
      5046,
      285,
      11,
      360,
      284,
      368,
      307,
      388,
      225,
      219,
      2,
      17,
      354,
      248,
      405,
      4,
      3,
      185,
      2,
      2,
      20,
      374,
      283,
      3,
      711,
      8,
      69,
      572,
      501,
      167,
      457,
      1957,
      410,
      3407,
      484,
      2,
      420,
      274,
      499,
      2,
      50,
      2948,
      80,
      266,
      250,
      28,
      508,
      503,
      6,
      14,
      2,
      80,
      265,
      14,
      2,
      37,
      42,
      23,
      606,
      266,
      3308,
      213,
      505,
      270,
      3,
      163,
      17,
      2,
      958,
      29,
      2,
      4260,
      19,
      11,
      8,
      145,
      1010,
      2,
      549,
      159,
      242,
      3,
      3456,
      2,
      971,
      247,
      4803,
      11,
      2,
      311,
      2,
      2,
      570,
      153,
      783,
      2,
      2,
      2,
      323,
      10,
      2,
      48,
      2,
      7,
      100,
      475,
      198,
      282,
      13,
      261,
      373,
      256
    ],
    "chars": {
      "n": 500,
      "min": 1,
      "max": 24124,
      "mean": 1057.632,
      "std": 2734.9279274920573,
      "var": 7479830.768576,
      "p10": 5,
      "p25": 13,
      "p50": 477,
      "p75": 859,
      "p90": 1470,
      "p95": 5440,
      "p99": 16769
    },
    "chars_histogram": {
      "edges": [
        0,
        50,
        100,
        250,
        500,
        1000,
        2500,
        5000,
        10000,
        25000,
        50000,
        100000,
        200000
      ],
      "counts": [
        176,
        18,
        23,
        37,
        148,
        66,
        7,
        16,
        9,
        0,
        0,
        0
      ],
      "labels": [
        "[0,50)",
        "[50,100)",
        "[100,250)",
        "[250,500)",
        "[500,1000)",
        "[1000,2500)",
        "[2500,5000)",
        "[5000,10000)",
        "[10000,25000)",
        "[25000,50000)",
        "[50000,100000)",
        "[100000,200000)"
      ]
    }
  },
  "correct_rollouts": {
    "tokens": {
      "n": 124,
      "min": 10,
      "max": 2110,
      "mean": 282.758064516129,
      "std": 233.56536596186314,
      "var": 54552.78017689906,
      "p10": 42,
      "p25": 164,
      "p50": 242,
      "p75": 355,
      "p90": 508,
      "p95": 606,
      "p99": 887
    },
    "tokens_histogram": {
      "edges": [
        0,
        10,
        20,
        50,
        100,
        200,
        500,
        1000,
        2000,
        5000,
        10000,
        20000,
        40000
      ],