{
  "primary_metric": "length_controlled_winrate",
  "n_items": 805,
  "n_items_correct": 0,
  "n_items_incorrect": 0,
  "n_items_unknown": 805,
  "n_generations": 805,
  "samples_per_item": [
    1
  ],
  "all_rollouts": {
    "tokens": {
      "n": 805,
      "min": 2,
      "max": 5566,
      "mean": 764.0285714285715,
      "std": 1610.7617534920755,
      "var": 2594553.426512866,
      "p10": 2,
      "p25": 2,
      "p50": 3,
      "p75": 202,
      "p90": 4274,
      "p95": 4567,
      "p99": 4802
    },
    "tokens_histogram": {
      "edges": [
        0,
        10,
        20,
        50,
        100,
        200,
        500,
        1000,
        2000,
        5000,
        10000,
        20000,
        40000
      ],
      "counts": [
        467,
        25,
        31,
        22,
        58,
        57,
        13,
        1,
        127,
        4,
        0,
        0
      ],
      "labels": [
        "[0,10)",
        "[10,20)",
        "[20,50)",
        "[50,100)",
        "[100,200)",
        "[200,500)",
        "[500,1000)",
        "[1000,2000)",
        "[2000,5000)",
        "[5000,10000)",
        "[10000,20000)",
        "[20000,40000)"
      ]
    },
    "tokens_raw": [
      2,
      18,
      328,
      2,
      2,
      4372,
      17,
      21,
      3,
      4512,
      91,
      2,
      37,
      2,
      4374,
      11,
      231,
      590,
      10,
      842,
      16,
      150,
      2,
      4315,
      6,
      3,
      2,
      3,
      2,
      3,
      2,
      4160,
      396,
      2,
      16,
      4,
      3,
      2,
      237,
      3,
      4382,
      4759,
      3,
      3417,
      139,
      170,
      15,
      414,
      4133,
      3,
      35,
      102,
      747,
      2,
      342,
      4,
      4996,
      3,
      3,
      2,
      243,
      264,
      3,
      4463,
      3,
      4275,
      4586,
      4567,
      4123,
      2,
      59,
      2,
      3,
      2,
      3,
      3,
      2,
      3,
      28,
      3,
      276,
      118,
      4179,
      4617,
      2,
      2,
      353,
      5041,
      51,
      241,
      2,
      2,
      352,
      2,
      4140,
      2,
      2,
      208,
      195,
      3,
      2,
      2,
      2,
      2,
      4694,
      46,
      35,
      2,
      3,
      97,
      2,
      4567,
      64,
      4146,
      2,
      4563,
      531,
      157,
      85,
      3,
      13,
      3,
      75,
      4,
      451,
      2,
      4142,
      241,
      2,
      3,
      116,
      312,
      3,
      150,
      2,
      11,
      3,
      68,
      2,
      313,
      106,
      6,
      3,
      6,
      3,
      1257,
      3,
      3,
      906,
      219,
      103,
      4937,
      11,
      2,
      4137,
      16,
      2,
      2,
      15,
      3,
      2,
      4750,
      2,
      4601,
      4706,
      4553,
      820,
      4749,
      4485,
      3,
      2,
      276,
      2,
      10,
      3,
      3,
      830,
      4574,
      3,
      2,
      3,
      3,
      3,
      3,
      2,
      3,
      229,
      4605,
      2,
      19,
      3,
      4249,
      148,
      3,
      4140,
      3,
      10,
      3,
      3,
      4138,
      137,
      4373,
      2,
      2,
      2,
      343,
      3,
      2,
      3,
      2,
      23,
      4010,
      3,
      513,
      2,
      3,
      64,
      170,
      3,
      2,
      2,
      6,
      38,
      306,
      6,
      2,
      211,
      120,
      342,
      166,
      506,
      42,
      4137,
      2,
      3,
      4205,
      6,
      3,
      37,
      2,
      3,
      14,
      2,
      4729,
      41,
      3,
      3,
      4738,
      2,
      27,
      3,
      2,
      4396,
      4686,
      105,
      4324,
      219,
      2,
      3,
      3,
      3,
      3,
      2,
      3,
      78,
      4122,
      27,
      183,
      3,
      354,
      2,
      2,
      140,
      2,
      2,
      4,
      2,
      3,
      3,
      2,
      2,
      3,
      3,
      2,
      2067,
      76,
      27,
      309,
      4,
      3079,
      321,
      2,
      5120,
      5,
      4,
      226,
      2,
      205,
      330,
      2,
      3,
      2,
      6,
      2,
      385,
      26,
      2,
      118,
      3,
      20,
      3,
      4,
      2,
      146,
      6,
      586,
      135,
      39,
      146,
      2,
      2,
      4272,
      4622,
      141,
      2,
      2,
      2,
      12,
      3,
      127,
      4337,
      4703,
      2,
      3,
      2,
      3,
      2,
      168,
      3,
      2,
      2,
      5,
      2,
      2,
      3,
      11,
      3,
      156,
      4586,
      2,
      2,
      3,
      4765,
      163,
      2,
      303,
      4608,
      292,
      142,
      3,
      2,
      3,
      83,
      3,
      3,
      4458,
      4500,
      206,
      9,
      16,
      3,
      3,
      3,
      30,
      2,
      5016,
      111,
      160,
      322,
      2,
      165,
      2,
      279,
      3,
      3,
      4565,
      2,
      3,
      2,
      4919,
      3,
      2,
      2,
      4140,
      296,
      24,
      4197,
      240,
      2,
      2,
      2,
      179,
      3,
      3,
      37,
      3,
      106,
      4651,
      4246,
      2,
      4266,
      112,
      30,
      2,
      36,
      4683,
      160,
      151,
      138,
      3,
      2,
      2,
      493,
      2,
      3728,
      2,
      2,
      2,
      277,
      345,
      4389,
      82,
      2,
      2,
      3,
      317,
      35,
      3,
      2,
      6,
      2,
      231,
      2,
      117,
      333,
      2,
      2,
      149,
      2,
      3,
      2,
      2,
      87,
      4285,
      2,
      3,
      4750,
      3,
      10,
      129,
      2,
      3,
      4479,
      155,
      4149,
      93,
      294,
      3,
      2,
      3,
      4485,
      3,
      44,
      2,
      2,
      2,
      3,
      6,
      3,
      2,
      2,
      2,
      2,
      2,
      3,
      9,
      3,
      2,
      3,
      4172,
      2,
      3,
      2,
      3,
      3,
      3,
      344,
      7,
      3,
      2,
      3,
      94,
      5,
      3,
      3,
      3,
      6,
      3,
      3,
      3,
      2,
      2,
      2,
      2,
      4152,
      2,
      3,
      194,
      6,
      2,
      2,
      3,
      3,
      4136,
      4133,
      3,
      2,
      4121,
      2,
      3,
      3,
      3,
      2,
      2,
      4138,
      3,
      4135,
      2,
      3,
      2,
      2,
      3,
      4680,
      3,
      6,
      3,
      2,
      162,
      2,
      3,
      2,
      389,
      4541,
      4628,
      2,
      3,
      3,
      4137,
      4593,
      4745,
      3,
      305,
      2,
      67,
      3,
      4135,
      2,
      4222,
      3,
      4388,
      2,
      2,
      2,
      3,
      3,
      2,
      4385,
      2,
      2,
      3,
      4589,
      4837,
      4802,
      13,
      4354,
      2,
      4750,
      4450,
      2,
      4,
      2,
      3,
      77,
      4137,
      4604,
      20,
      3,
      2,
      4147,
      2,
      2,
      2,
      4204,
      3,
      2,
      2,
      102,
      3,
      15,
      4254,
      2,
      3,
      22,
      4411,
      4484,
      2,
      232,
      4642,
      5,
      2,
      2,
      3,
      3,
      3,
      8,
      4636,
      2,
      2,
      2,
      2,
      4231,
      2,
      2,
      3,
      2,
      3,
      2,
      2,
      2,
      3,
      2,
      3,
      4279,
      4595,
      2,
      3,
      3,
      4417,
      3,
      2,
      137,
      4121,
      2,
      3,
      2,
      4184,
      4505,
      4132,
      51,
      156,
      2,
      2,
      3,
      11,
      3,
      147,
      2,
      11,
      6,
      4481,
      2,
      81,
      2,
      3,
      3,
      3,
      3,
      3,
      33,
      2,
      42,
      2,
