{
  "primary_metric": "length_controlled_winrate",
  "n_items": 805,
  "n_items_correct": 0,
  "n_items_incorrect": 0,
  "n_items_unknown": 805,
  "n_generations": 805,
  "samples_per_item": [
    1
  ],
  "all_rollouts": {
    "tokens": {
      "n": 805,
      "min": 2,
      "max": 5084,
      "mean": 234.4695652173913,
      "std": 755.776706733003,
      "var": 571198.4304401836,
      "p10": 2,
      "p25": 6,
      "p50": 47,
      "p75": 162,
      "p90": 307,
      "p95": 540,
      "p99": 4470
    },
    "tokens_histogram": {
      "edges": [
        0,
        10,
        20,
        50,
        100,
        200,
        500,
        1000,
        2000,
        5000,
        10000,
        20000,
        40000
      ],
      "counts": [
        227,
        57,
        131,
        95,
        134,
        118,
        14,
        4,
        22,
        3,
        0,
        0
      ],
      "labels": [
        "[0,10)",
        "[10,20)",
        "[20,50)",
        "[50,100)",
        "[100,200)",
        "[200,500)",
        "[500,1000)",
        "[1000,2000)",
        "[2000,5000)",
        "[5000,10000)",
        "[10000,20000)",
        "[20000,40000)"
      ]
    },
    "tokens_raw": [
      240,
      367,
      321,
      204,
      211,
      14,
      16,
      47,
      4264,
      260,
      729,
      4470,
      311,
      3,
      80,
      250,
      264,
      86,
      125,
      456,
      40,
      239,
      120,
      155,
      8,
      59,
      32,
      153,
      130,
      181,
      235,
      336,
      247,
      145,
      16,
      30,
      322,
      40,
      184,
      41,
      40,
      154,
      470,
      2,
      180,
      13,
      535,
      285,
      30,
      173,
      15,
      50,
      369,
      15,
      193,
      129,
      180,
      2,
      254,
      63,
      41,
      179,
      360,
      299,
      4136,
      108,
      9,
      5039,
      171,
      81,
      47,
      15,
      168,
      50,
      110,
      4222,
      274,
      383,
      97,
      4948,
      173,
      140,
      273,
      26,
      228,
      254,
      180,
      202,
      31,
      4940,
      252,
      18,
      540,
      11,
      263,
      179,
      79,
      27,
      301,
      63,
      3,
      14,
      14,
      225,
      431,
      47,
      114,
      292,
      9,
      34,
      2,
      274,
      40,
      7,
      47,
      2,
      469,
      239,
      45,
      245,
      25,
      23,
      95,
      142,
      155,
      38,
      243,
      135,
      79,
      313,
      14,
      76,
      108,
      47,
      2,
      12,
      2,
      62,
      118,
      543,
      138,
      36,
      37,
      168,
      6,
      854,
      114,
      25,
      4406,
      61,
      9,
      3,
      3,
      232,
      33,
      55,
      427,
      162,
      2,
      29,
      185,
      6,
      4102,
      23,
      3,
      2,
      37,
      43,
      15,
      2,
      2,
      4132,
      21,
      39,
      34,
      133,
      723,
      139,
      11,
      106,
      188,
      9,
      236,
      144,
      12,
      3,
      295,
      138,
      30,
      36,
      3,
      131,
      32,
      2,
      248,
      22,
      127,
      334,
      54,
      6,
      219,
      2,
      93,
      2,
      64,
      181,
      6,
      39,
      2,
      121,
      2,
      18,
      186,
      200,
      2,
      198,
      58,
      2,
      108,
      2,
      4704,
      222,
      37,
      168,
      46,
      23,
      209,
      116,
      1267,
      62,
      26,
      155,
      2,
      239,
      119,
      5084,
      140,
      88,
      52,
      310,
      2761,
      177,
      97,
      2,
      27,
      2,
      87,
      218,
      2,
      20,
      2,
      2,
      113,
      39,
      129,
      121,
      158,
      322,
      43,
      67,
      2,
      76,
      2,
      577,
      81,
      654,
      31,
      51,
      17,
      33,
      370,
      311,
      73,
      18,
      2,
      167,
      85,
      36,
      220,
      6,
      35,
      4172,
      2,
      391,
      1731,
      78,
      45,
      27,
      68,
      5076,
      218,
      579,
      14,
      34,
      2,
      266,
      13,
      139,
      24,
      56,
      310,
      154,
      4150,
      2,
      200,
      4,
      2,
      27,
      272,
      23,
      249,
      17,
      204,
      185,
      35,
      23,
      46,
      48,
      49,
      2,
      120,
      2,
      158,
      102,
      238,
      146,
      2,
      52,
      321,
      127,
      3,
      3,
      12,
      2,
      4801,
      176,
      2,
      51,
      24,
      3,
      16,
      104,
      2,
      126,
      50,
      11,
      130,
      87,
      8,
      2,
      2,
      93,
      35,
      230,
      203,
      233,
      151,
      2,
      32,
      11,
      2,
      233,
      7,
      4126,
      248,
      21,
      2,
      225,
      9,
      401,
      8,
      2,
      82,
      2,
      2,
      10,
      29,
      19,
      201,
      2,
      45,
      85,
      32,
      238,
      84,
      2,
      2,
      166,
      40,
      9,
      2,
      28,
      231,
      238,
      351,
      249,
      2,
      176,
      8,
      349,
      3,
      51,
      41,
      58,
      30,
      153,
      206,
      69,
      17,
      49,
      2,
      71,
      228,
      2558,
      124,
      149,
      118,
      24,
      83,
      42,
      13,
      20,
      976,
      42,
      4,
      550,
      4204,
      2,
      275,
      113,
      74,
      129,
      60,
      18,
      381,
      187,
      18,
      188,
      8,
      4,
      16,
      158,
      2,
      34,
      29,
      3,
      27,
      32,
      2,
      128,
      302,
      307,
      508,
      137,
      241,
      92,
      164,
      2,
      15,
      66,
      48,
      65,
      22,
      259,
      251,
      67,
      39,
      32,
      2,
      3,
      16,
      60,
      56,
      2,
      2,
      31,
      2,
      12,
      93,
      90,
      2,
      2,
      2,
      100,
      145,
      36,
      50,
      19,
      58,
      10,
      2,
      57,
      53,
      2,
      2,
      2,
      210,
      63,
      58,
      287,
      3,
      4,
      3,
      4,
      2,
      228,
      46,
      129,
      25,
      16,
      31,
      127,
      228,
      3,
      4,
      229,
      155,
      179,
      2,
      158,
      116,
      130,
      2,
      3,
      60,
      2,
      2,
      29,
      19,
      2,
      2,
      3,
      25,
      2,
      3,
      2,
      30,
      3,
      3,
      2,
      3,
      2,
      30,
      2,
      2,
      12,
      134,
      150,
      122,
      2,
      3,
      237,
      4128,
      79,
      33,
      8,
      2,
      33,
      99,
      3,
      47,
      145,
      153,
      25,
      10,
      26,
      48,
      4134,
      2,
      57,
      2,
      2,
      2,
      2,
      2,
      2,
      153,
      5,
      6,
      2,
      287,
      2,
      2,
      2,
      99,
      6,
      329,
      132,
      2,
      143,
      50,
      54,
      2,
      167,
      33,
      30,
      164,
      2,
      2,
      3,
      40,
      119,
      13,
      102,
      379,
      263,
      112,
      2,
      15,
      79,
      20,
      209,
      3,
      5,
      52,
      51,
      20,
      21,
      34,
      48,
      14,
      15,
      6,
      3,
      2,
      4131,
      2,
      2,
      6,
      21,
      25,
      4,
      7,
      2,
      2,
      2,
      3,
      2,
      4,
      4,
      7,
      45,
      60,
      3,
      154,
      2,
      60,
      3,
      3,
      59,
      334,
      11,
      75,
      4,
      97,
      2,
      3,
      3,
      9,
      121,
      2,
      2,
      2,
      10,
      2,
      123,
      2,
      2,
      6,
