{
  "primary_metric": "exact_match_flex",
  "n_items": 500,
  "n_items_correct": 84,
  "n_items_incorrect": 416,
  "n_items_unknown": 0,
  "n_generations": 500,
  "samples_per_item": [
    1
  ],
  "all_rollouts": {
    "tokens": {
      "n": 500,
      "min": 2,
      "max": 4967,
      "mean": 424.756,
      "std": 1071.0771608357636,
      "var": 1147206.284464,
      "p10": 2,
      "p25": 2,
      "p50": 25,
      "p75": 252,
      "p90": 628,
      "p95": 3724,
      "p99": 4891
    },
    "tokens_histogram": {
      "edges": [
        0,
        10,
        20,
        50,
        100,
        200,
        500,
        1000,
        2000,
        5000,
        10000,
        20000,
        40000
      ],
      "counts": [
        231,
        15,
        27,
        27,
        50,
        87,
        20,
        4,
        39,
        0,
        0,
        0
      ],
      "labels": [
        "[0,10)",
        "[10,20)",
        "[20,50)",
        "[50,100)",
        "[100,200)",
        "[200,500)",
        "[500,1000)",
        "[1000,2000)",
        "[2000,5000)",
        "[5000,10000)",
        "[10000,20000)",
        "[20000,40000)"
      ]
    },
    "tokens_raw": [
      2,
      569,
      6,
      4,
      342,
      3,
      82,
      3,
      249,
      42,
      4724,
      3299,
      148,
      218,
      3,
      371,
      161,
      3240,
      254,
      1345,
      2,
      2,
      4,
      823,
      2,
      2,
      3,
      3,
      2,
      2,
      25,
      64,
      9,
      2,
      2,
      335,
      2,
      3,
      2,
      2,
      2,
      3550,
      133,
      13,
      364,
      2,
      422,
      2,
      2,
      4480,
      116,
      187,
      233,
      4469,
      3,
      2,
      100,
      70,
      3,
      333,
      595,
      3,
      9,
      8,
      113,
      9,
      50,
      229,
      2,
      427,
      300,
      38,
      32,
      2633,
      241,
      54,
      3,
      2,
      178,
      2,
      749,
      2,
      2,
      2,
      81,
      4946,
      147,
      4,
      3,
      2,
      2,
      156,
      2,
      404,
      3,
      3,
      3,
      2,
      110,
      3,
      2,
      348,
      164,
      366,
      2,
      2,
      2,
      108,
      4908,
      300,
      69,
      2,
      3267,
      2,
      230,
      282,
      4,
      88,
      2,
      3698,
      2,
      4,
      6,
      240,
      4,
      90,
      268,
      30,
      178,
      3482,
      53,
      2,
      2,
      2,
      3,
      3,
      324,
      37,
      28,
      14,
      368,
      154,
      2,
      78,
      9,
      2,
      4,
      355,
      180,
      4209,
      3595,
      98,
      6,
      4385,
      2,
      331,
      19,
      4401,
      4,
      16,
      1693,
      202,
      2,
      3655,
      3692,
      217,
      159,
      3,
      2,
      2,
      4,
      99,
      590,
      2,
      2,
      4120,
      4,
      79,
      185,
      3898,
      3,
      13,
      2,
      5,
      234,
      148,
      3,
      490,
      2,
      2,
      2,
      2,
      2,
      2,
      517,
      2,
      2,
      428,
      2,
      18,
      2,
      2,
      43,
      551,
      4,
      838,
      89,
      2,
      25,
      5,
      351,
      198,
      2,
      141,
      2,
      425,
      60,
      83,
      2,
      10,
      3,
      4013,
      4940,
      10,
      39,
      2,
      4967,
      47,
      224,
      124,
      2,
      650,
      191,
      5,
      4,
      528,
      236,
      3,
      518,
      920,
      2,
      2,
      3,
      21,
      6,
      2,
      29,
      2,
      86,
      2,
      493,
      2,
      3,
      2,
      161,
      123,
      342,
      2,
      11,
      4078,
      2142,
      2,
      186,
      4799,
      2,
      55,
      4443,
      54,
      225,
      37,
      4,
      260,
      394,
      4,
      2,
      3,
      12,
      35,
      193,
      286,
      223,
      2,
      136,
      3,
      2,
      3992,
      139,
      254,
      1183,
      363,
      231,
      4891,
      3,
      2,
      36,
      116,
      382,
      2,
      29,
      2,
      2,
      11,
      4,
      280,
      2,
      2,
      1752,
      2,
      150,
      40,
      90,
      3,
      2,
      3,
      2,
      296,
      5,
      20,
      3,
      4276,
      2,
      2,
      210,
      398,
      3,
      3724,
      439,
      432,
      2,
      2,
      2,
      2,
      2,
      180,
      330,
      249,
      2,
      3,
      3,
      3,
      3,
      2,
      7,
      4,
      2,
      2,
      469,
      434,
      217,
      2,
      2,
      2,
      202,
      267,
      344,
      2,
      500,
      2,
      2,
      2,
      2,
      4,
      57,
      2,
      4,
      643,
      6,
      196,
      2,
      276,
      170,
      299,
      2,
      2,
      148,
      2,
      4,
      2,
      10,
      2,
      355,
      2,
      2,
      2,
      2,
      3,
      6,
      147,
      65,
      143,
      155,
      617,
      3010,
      2,
      4058,
      232,
      3462,
      404,
      133,
      24,
      4122,
      4066,
      318,
      2,
      2,
      2,
      3,
      5,
      214,
      450,
      430,
      2,
      2,
      41,
      3,
      2,
      201,
      253,
      297,
      466,
      3,
      5,
      19,
      2,
      306,
      293,
      503,
      2,
      39,
      260,
      2,
      308,
      95,
      3,
      500,
      111,
      2,
      113,
      42,
      4067,
      437,
      2,
      2,
      31,
      2,
      252,
      57,
      2,
      47,
      150,
      440,
      21,
      65,
      180,
      4,
      229,
      3,
      2,
      11,
      2,
      2,
      2,
      3,
      142,
      170,
      2,
      2,
      176,
      231,
      2,
      504,
      148,
      3,
      3714,
      2,
      16,
      6,
      250,
      2,
      2,
      628,
      2,
      4139,
      317,
      2,
      2,
      3,
      180,
      2,
      515,
      3,
      2,
      108,
      83,
      149,
      262,
      2,
      42,
      266,
      255
    ],
    "chars": {
      "n": 500,
      "min": 0,
      "max": 42458,
      "mean": 1319.528,
      "std": 4063.0857122654943,
      "var": 16508665.505216,
      "p10": 4,
      "p25": 9,
      "p50": 77,
      "p75": 718,
      "p90": 1836,
      "p95": 8286,
      "p99": 21379
    },
    "chars_histogram": {
      "edges": [
        0,
        50,
        100,
        250,
        500,
        1000,
        2500,
        5000,
        10000,
        25000,
        50000,
        100000,
        200000
      ],
      "counts": [
        245,
        9,
        36,
        50,
        77,
        39,
        6,
        19,
        16,
        3,
        0,
        0
      ],
      "labels": [
        "[0,50)",
        "[50,100)",
        "[100,250)",
        "[250,500)",
        "[500,1000)",
        "[1000,2500)",
        "[2500,5000)",
        "[5000,10000)",
        "[10000,25000)",
        "[25000,50000)",
        "[50000,100000)",
        "[100000,200000)"
      ]
    }
  },
  "correct_rollouts": {
    "tokens": {
      "n": 84,
      "min": 10,
      "max": 4385,
      "mean": 309.45238095238096,
      "std": 481.0689586436871,
      "var": 231427.34297052154,
      "p10": 42,
      "p25": 147,
      "p50": 223,
      "p75": 368,
      "p90": 503,
      "p95": 643,
      "p99": 4385
    },
    "tokens_histogram": {
      "edges": [
        0,
        10,
        20,
        50,
        100,
        200,
        500,
        1000,
        2000,
        5000,
        10000,
        20000,
        40000
      ],
      "counts": [
        0,
        3,
        7,
        4,
        23,
        37,
        9,
        0,
        1,
        0,
        0,
        0
      ],