{
  "primary_metric": "pass_at_1",
  "n_items": 612,
  "n_items_correct": 26,
  "n_items_incorrect": 586,
  "n_items_unknown": 0,
  "n_generations": 612,
  "samples_per_item": [
    1
  ],
  "all_rollouts": {
    "tokens": {
      "n": 612,
      "min": 2,
      "max": 4597,
      "mean": 76.81372549019608,
      "std": 193.56856364404516,
      "var": 37468.788831218764,
      "p10": 2,
      "p25": 10,
      "p50": 67,
      "p75": 104,
      "p90": 142,
      "p95": 177,
      "p99": 302
    },
    "tokens_histogram": {
      "edges": [
        0,
        10,
        20,
        50,
        100,
        200,
        500,
        1000,
        2000,
        5000,
        10000,
        20000,
        40000
      ],
      "counts": [
        121,
        71,
        62,
        183,
        157,
        16,
        1,
        0,
        1,
        0,
        0,
        0
      ],
      "labels": [
        "[0,10)",
        "[10,20)",
        "[20,50)",
        "[50,100)",
        "[100,200)",
        "[200,500)",
        "[500,1000)",
        "[1000,2000)",
        "[2000,5000)",
        "[5000,10000)",
        "[10000,20000)",
        "[20000,40000)"
      ]
    },
    "tokens_raw": [
      102,
      167,
      76,
      2,
      146,
      45,
      139,
      131,
      10,
      66,
      88,
      108,
      88,
      2,
      59,
      39,
      80,
      102,
      133,
      77,
      115,
      102,
      129,
      66,
      80,
      28,
      154,
      71,
      37,
      2,
      2,
      31,
      71,
      27,
      122,
      85,
      96,
      140,
      41,
      70,
      91,
      41,
      75,
      77,
      72,
      184,
      121,
      45,
      2,
      172,
      82,
      92,
      144,
      73,
      82,
      244,
      119,
      100,
      127,
      43,
      4597,
      80,
      28,
      2,
      121,
      145,
      112,
      2,
      123,
      157,
      100,
      56,
      166,
      124,
      96,
      129,
      74,
      112,
      139,
      30,
      196,
      103,
      98,
      52,
      43,
      101,
      120,
      85,
      88,
      125,
      111,
      99,
      33,
      29,
      145,
      83,
      302,
      59,
      82,
      71,
      77,
      116,
      49,
      86,
      34,
      36,
      66,
      90,
      107,
      185,
      155,
      141,
      127,
      87,
      29,
      96,
      70,
      78,
      142,
      120,
      118,
      62,
      129,
      79,
      90,
      87,
      127,
      101,
      96,
      2,
      98,
      30,
      83,
      111,
      2,
      76,
      179,
      97,
      147,
      116,
      114,
      93,
      2,
      100,
      77,
      30,
      45,
      117,
      63,
      146,
      100,
      61,
      68,
      95,
      2,
      87,
      43,
      89,
      186,
      29,
      115,
      94,
      87,
      2,
      70,
      122,
      122,
      102,
      42,
      80,
      42,
      103,
      24,
      175,
      39,
      106,
      174,
      72,
      131,
      25,
      114,
      2,
      64,
      76,
      2,
      89,
      67,
      131,
      59,
      91,
      2,
      10,
      133,
      2,
      318,
      2,
      33,
      2,
      69,
      10,
      112,
      10,
      2,
      114,
      217,
      122,
      53,
      2,
      216,
      10,
      10,
      2,
      30,
      90,
      10,
      10,
      2,
      26,
      2,
      2,
      2,
      10,
      10,
      2,
      10,
      126,
      10,
      123,
      98,
      10,
      3,
      122,
      2,
      57,
      2,
      122,
      10,
      155,
      77,
      10,
      2,
      90,
      106,
      2,
      82,
      2,
      10,
      10,
      10,
      51,
      389,
      118,
      119,
      10,
      236,
      2,
      10,
      2,
      2,
      10,
      111,
      3,
      95,
      10,
      2,
      98,
      10,
      2,
      10,
      247,
      65,
      10,
      108,
      2,
      98,
      2,
      10,
      2,
      10,
      30,
      3,
      10,
      10,
      10,
      63,
      2,
      10,
      120,
      2,
      50,
      79,
      2,
      152,
      194,
      50,
      10,
      156,
      127,
      2,
      55,
      62,
      2,
      2,
      2,
      366,
      20,
      153,
      10,
      104,
      2,
      10,
      43,
      76,
      2,
      10,
      2,
      88,
      51,
      10,
      117,
      2,
      2,
      113,
      2,
      49,
      10,
      2,
      52,
      112,
      10,
      140,
      10,
      2,
      131,
      87,
      2,
      2,
      2,
      25,
      75,
      10,
      2,
      95,
      111,
      75,
      10,
      2,
      206,
      136,
      10,
      10,
      39,
      73,
      2,
      2,
      10,
      40,
      52,
      10,
      136,
      24,
      70,
      42,
      104,
      2,
      3,
      75,
      2,
      2,
      51,
      2,
      2,
      2,
      130,
      2,
      2,
      520,
      10,
      10,
      54,
      95,
      18,
      10,
      2,
      57,
      159,
      10,
      109,
      10,
      2,
      2,
      62,
      2,
      86,
      2,
      36,
      2,
      2,
      10,
      10,
      73,
      52,
      143,
      2,
      10,
      2,
      2,
      2,
      2,
      226,
      2,
      2,
      88,
      2,
      94,
      58,
      122,
      2,
      52,
      323,
      10,
      104,
      2,
      2,
      108,
      10,
      49,
      10,
      92,
      2,
      10,
      65,
      2,
      150,
      2,
      2,
      238,
      10,
      80,
      2,
      62,
      2,
      73,
      92,
      77,
      10,
      2,
      109,
      50,
      51,
      194,
      44,
      193,
      127,
      2,
      10,
      104,
      101,
      64,
      2,
      184,
      57,
      74,
      194,
      34,
      116,
      32,
      117,
      135,
      66,
      78,
      97,
      129,
      136,
      61,
      101,
      111,
      92,
      32,
      75,
      35,
      93,
      89,
      102,
      71,
      101,
      59,
      93,
      55,
      42,
      63,
      144,
      2,
      115,
      72,
      2,
      104,
      119,
      142,
      2,
      96,
      92,
      130,
      56,
      88,
      94,
      119,
      27,
      88,
      81,
      96,
      51,
      2,
      2,
      2,
      100,
      2,
      70,
      46,
      80,
      10,
      2,
      10,
      2,
      206,
      41,
      68,
      2,
      10,
      2,
      2,
      2,
      123,
      52,
      40,
      10,
      36,
      92,
      2,
      68,
      154,
      2,
      10,
      148,
      10,
      57,
      282,
      53,
      2,
      88,
      136,
      83,
      10,
      10,
      10,
      10,
      104,
      162,
      70,
      2,
      2,
      86,
      2,
      117,
      86,
      73,
      95,
      85,
      104,
      63,
      78,
      99,
      159,
      85,
      157,
      2,
      83,
      89,
      39,
      72,
      52,
      182,
      131,
      97,
      48,
      66,
      177,
      99,
      46,
      88,
      87,
      101,
      39,
      184,
      32,
      105,
      75,
      2,
      157,
      172,
      40,
      154,
      30,
      88,
      107,
      76,
      62,
      59,
      213,
      112,
      126,
      28
    ],
    "chars": {
      "n": 612,
      "min": 1,
      "max": 18848,
      "mean": 279.55882352941177,
      "std": 786.3939425086527,
      "var": 618415.4328143022,
      "p10": 1,
      "p25": 30,
      "p50": 234,
      "p75": 383,
      "p90": 549,
      "p95": 631,
      "p99": 1052
    },
    "chars_histogram": {
      "edges": [
        0,
        50,
        100,
        250,
        500,
        1000,
        2500,
        5000,
        10000,
        25000,
        50000,
        100000,
        200000
      ],