{
  "primary_metric": "length_controlled_winrate",
  "n_items": 805,
  "n_items_correct": 0,
  "n_items_incorrect": 0,
  "n_items_unknown": 805,
  "n_generations": 805,
  "samples_per_item": [
    1
  ],
  "all_rollouts": {
    "tokens": {
      "n": 805,
      "min": 2,
      "max": 5029,
      "mean": 205.3192546583851,
      "std": 654.2874223120277,
      "var": 428092.03099571774,
      "p10": 5,
      "p25": 19,
      "p50": 59,
      "p75": 164,
      "p90": 312,
      "p95": 465,
      "p99": 4308
    },
    "tokens_histogram": {
      "edges": [
        0,
        10,
        20,
        50,
        100,
        200,
        500,
        1000,
        2000,
        5000,
        10000,
        20000,
        40000
      ],
      "counts": [
        117,
        85,
        166,
        136,
        157,
        111,
        12,
        3,
        16,
        2,
        0,
        0
      ],
      "labels": [
        "[0,10)",
        "[10,20)",
        "[20,50)",
        "[50,100)",
        "[100,200)",
        "[200,500)",
        "[500,1000)",
        "[1000,2000)",
        "[2000,5000)",
        "[5000,10000)",
        "[10000,20000)",
        "[20000,40000)"
      ]
    },
    "tokens_raw": [
      41,
      24,
      153,
      114,
      13,
      14,
      36,
      13,
      66,
      279,
      92,
      183,
      258,
      109,
      32,
      165,
      123,
      361,
      33,
      4044,
      70,
      74,
      14,
      153,
      5,
      70,
      26,
      134,
      155,
      184,
      292,
      415,
      24,
      78,
      8,
      46,
      98,
      32,
      324,
      26,
      5,
      135,
      102,
      40,
      24,
      3,
      184,
      4223,
      35,
      179,
      5,
      17,
      464,
      4098,
      183,
      82,
      131,
      341,
      621,
      74,
      149,
      318,
      523,
      117,
      384,
      33,
      188,
      477,
      5005,
      6,
      33,
      7,
      133,
      105,
      212,
      55,
      301,
      492,
      27,
      167,
      133,
      103,
      475,
      13,
      12,
      264,
      229,
      416,
      20,
      270,
      129,
      5,
      4105,
      20,
      1002,
      52,
      26,
      9,
      45,
      40,
      263,
      33,
      2,
      177,
      318,
      9,
      196,
      207,
      37,
      23,
      174,
      283,
      31,
      3,
      18,
      4177,
      486,
      199,
      37,
      96,
      5,
      23,
      42,
      216,
      352,
      38,
      131,
      620,
      12,
      71,
      129,
      49,
      88,
      18,
      182,
      22,
      176,
      36,
      4905,
      346,
      49,
      78,
      44,
      20,
      6,
      155,
      185,
      5,
      1002,
      5,
      4,
      167,
      6,
      283,
      47,
      44,
      595,
      39,
      15,
      2,
      440,
      23,
      339,
      44,
      2,
      68,
      145,
      5,
      2,
      5,
      214,
      4308,
      6,
      26,
      12,
      88,
      249,
      356,
      11,
      79,
      298,
      144,
      98,
      179,
      28,
      5,
      62,
      106,
      384,
      15,
      5,
      140,
      33,
      193,
      472,
      4,
      32,
      15,
      26,
      2,
      32,
      167,
      50,
      392,
      136,
      299,
      212,
      7,
      542,
      113,
      2,
      3,
      196,
      136,
      2,
      357,
      41,
      128,
      100,
      110,
      101,
      287,
      41,
      153,
      9,
      6,
      36,
      132,
      4394,
      75,
      43,
      102,
      2,
      48,
      28,
      424,
      179,
      116,
      155,
      145,
      246,
      184,
      26,
      6,
      27,
      3,
      115,
      173,
      2,
      16,
      142,
      58,
      93,
      38,
      15,
      153,
      212,
      43,
      46,
      44,
      33,
      55,
      2,
      310,
      18,
      694,
      11,
      234,
      4,
      85,
      151,
      172,
      10,
      41,
      74,
      114,
      70,
      33,
      87,
      4,
      35,
      240,
      88,
      78,
      807,
      85,
      17,
      177,
      215,
      452,
      223,
      104,
      35,
      50,
      5,
      9,
      13,
      119,
      401,
      65,
      130,
      120,
      65,
      19,
      252,
      4,
      137,
      41,
      4209,
      167,
      269,
      3,
      286,
      98,
      53,
      31,
      84,
      36,
      19,
      146,
      227,
      148,
      61,
      111,
      117,
      204,
      38,
      26,
      338,
      133,
      136,
      305,
      5,
      2,
      715,
      27,
      9,
      29,
      29,
      17,
      14,
      28,
      2,
      55,
      117,
      31,
      19,
      117,
      62,
      14,
      16,
      111,
      41,
      78,
      115,
      140,
      17,
      95,
      171,
      6,
      94,
      637,
      2,
      234,
      48,
      99,
      14,
      87,
      28,
      5029,
      3,
      7,
      178,
      29,
      368,
      10,
      25,
      19,
      200,
      480,
      180,
      190,
      16,
      38,
      171,
      4,
      25,
      93,
      53,
      9,
      3,
      42,
      40,
      26,
      114,
      32,
      34,
      265,
      230,
      211,
      95,
      61,
      7,
      40,
      14,
      124,
      54,
      57,
      18,
      12,
      353,
      77,
      84,
      220,
      274,
      175,
      92,
      127,
      55,
      25,
      12,
      84,
      136,
      15,
      7,
      172,
      103,
      59,
      280,
      65,
      13,
      349,
      59,
      25,
      135,
      174,
      16,
      17,
      21,
      2,
      11,
      118,
      116,
      33,
      28,
      188,
      32,
      17,
      2,
      76,
      196,
      342,
      85,
      40,
      118,
      60,
      175,
      21,
      11,
      131,
      60,
      3,
      18,
      179,
      201,
      51,
      45,
      12,
      27,
      25,
      4999,
      2,
      49,
      15,
      47,
      31,
      58,
      4970,
      94,
      78,
      43,
      18,
      186,
      91,
      22,
      16,
      57,
      26,
      57,
      12,
      70,
      24,
      56,
      11,
      4,
      5,
      312,
      54,
      31,
      150,
      39,
      55,
      162,
      40,
      8,
      2,
      52,
      8,
      29,
      8,
      39,
      80,
      1980,
      18,
      131,
      234,
      4701,
      7,
      32,
      83,
      65,
      373,
      228,
      33,
      33,
      21,
      53,
      21,
      14,
      4892,
      164,
      85,
      43,
      18,
      75,
      29,
      31,
      2,
      64,
      168,
      11,
      108,
      5,
      4,
      67,
      9,
      97,
      141,
      68,
      4,
      312,
      164,
      17,
      77,
      31,
      19,
      180,
      557,
      4168,
      366,
      49,
      87,
      377,
      56,
      28,
      179,
      65,
      4090,
      176,
      205,
      76,
      18,
      68,
      157,
      93,
      63,
      174,
      56,
      32,
      74,
      477,
      183,
      69,
      294,
      198,
      29,
      391,
      149,
      41,
      240,
      15,
      59,
      72,
      50,
      30,
      47,
      69,
      6,
      3,
      14,
      26,
      87,
      34,
      170,
      343,
      59,
      62,
      153,
      13,
      40,
      9,
      76,
      3,
      64,
      77,
      3,
      2,
      12,
      35,
      68,
      8,
      35,
      6,
      3,
      2,
      19,
      2,
      14,
      19,
      25,
      30,
      4,
      32,
      98,
      43,
      12,
      2,
      2,
      5,
      4,
      15,
      29,
      87,
      4,
      28,
      37,
      6,
      2,
      25,
      41,
      131,
      10,
      54,
      47,
      67,
      23,
      3,
      2,
      17,
      79,
