{
  "primary_metric": "length_controlled_winrate",
  "n_items": 805,
  "n_items_correct": 0,
  "n_items_incorrect": 0,
  "n_items_unknown": 805,
  "n_generations": 805,
  "samples_per_item": [
    1
  ],
  "all_rollouts": {
    "tokens": {
      "n": 805,
      "min": 2,
      "max": 5962,
      "mean": 679.1080745341615,
      "std": 1369.1817947510326,
      "var": 1874658.787077659,
      "p10": 24,
      "p25": 66,
      "p50": 181,
      "p75": 394,
      "p90": 4061,
      "p95": 4677,
      "p99": 5155
    },
    "tokens_histogram": {
      "edges": [
        0,
        10,
        20,
        50,
        100,
        200,
        500,
        1000,
        2000,
        5000,
        10000,
        20000,
        40000
      ],
      "counts": [
        23,
        45,
        89,
        104,
        166,
        219,
        66,
        7,
        68,
        18,
        0,
        0
      ],
      "labels": [
        "[0,10)",
        "[10,20)",
        "[20,50)",
        "[50,100)",
        "[100,200)",
        "[200,500)",
        "[500,1000)",
        "[1000,2000)",
        "[2000,5000)",
        "[5000,10000)",
        "[10000,20000)",
        "[20000,40000)"
      ]
    },
    "tokens_raw": [
      154,
      329,
      241,
      244,
      468,
      4328,
      27,
      75,
      132,
      608,
      4446,
      311,
      676,
      468,
      227,
      544,
      240,
      291,
      324,
      896,
      145,
      121,
      334,
      248,
      13,
      209,
      31,
      323,
      180,
      247,
      284,
      4195,
      214,
      161,
      42,
      180,
      485,
      4110,
      4094,
      62,
      38,
      362,
      666,
      109,
      129,
      549,
      528,
      4594,
      36,
      290,
      15,
      85,
      4101,
      190,
      263,
      124,
      985,
      277,
      855,
      87,
      4120,
      586,
      386,
      454,
      580,
      254,
      4494,
      418,
      295,
      4091,
      57,
      16,
      429,
      132,
      113,
      4181,
      275,
      412,
      56,
      212,
      135,
      162,
      679,
      653,
      290,
      444,
      4150,
      4983,
      51,
      351,
      215,
      58,
      4136,
      33,
      419,
      4184,
      4677,
      253,
      5216,
      578,
      331,
      23,
      241,
      310,
      737,
      66,
      55,
      4108,
      250,
      31,
      123,
      160,
      49,
      120,
      124,
      325,
      449,
      287,
      44,
      374,
      20,
      46,
      68,
      319,
      601,
      38,
      258,
      206,
      102,
      382,
      370,
      101,
      503,
      56,
      345,
      121,
      240,
      67,
      473,
      443,
      4203,
      135,
      34,
      361,
      6,
      4489,
      185,
      341,
      2007,
      292,
      9,
      194,
      4186,
      4934,
      4201,
      4902,
      394,
      110,
      62,
      26,
      252,
      56,
      4976,
      169,
      11,
      114,
      598,
      25,
      16,
      93,
      461,
      4142,
      193,
      195,
      168,
      123,
      458,
      681,
      502,
      4955,
      661,
      105,
      210,
      5134,
      204,
      4766,
      274,
      179,
      152,
      284,
      3,
      167,
      190,
      160,
      4167,
      37,
      215,
      79,
      175,
      2,
      145,
      4128,
      100,
      430,
      5274,
      453,
      179,
      49,
      441,
      162,
      12,
      32,
      597,
      4076,
      2,
      4085,
      646,
      135,
      125,
      255,
      4726,
      296,
      20,
      263,
      201,
      22,
      156,
      135,
      5166,
      321,
      114,
      62,
      56,
      160,
      58,
      925,
      482,
      142,
      194,
      274,
      5522,
      691,
      76,
      611,
      128,
      15,
      337,
      173,
      811,
      15,
      227,
      240,
      4241,
      290,
      208,
      739,
      273,
      289,
      37,
      50,
      67,
      134,
      2,
      528,
      362,
      851,
      26,
      53,
      54,
      237,
      4394,
      400,
      132,
      128,
      114,
      181,
      253,
      175,
      194,
      291,
      32,
      1029,
      145,
      299,
      5723,
      100,
      94,
      135,
      240,
      4381,
      254,
      304,
      20,
      36,
      16,
      168,
      14,
      1082,
      363,
      79,
      495,
      158,
      67,
      4212,
      4847,
      5141,
      527,
      92,
      406,
      881,
      5130,
      60,
      629,
      212,
      46,
      4179,
      109,
      63,
      213,
      128,
      293,
      117,
      280,
      145,
      742,
      889,
      37,
      69,
      384,
      300,
      179,
      576,
      12,
      10,
      664,
      174,
      17,
      257,
      51,
      45,
      16,
      541,
      12,
      389,
      337,
      291,
      391,
      232,
      34,
      52,
      428,
      160,
      67,
      201,
      289,
      201,
      44,
      228,
      216,
      213,
      4987,
      5155,
      7,
      5503,
      592,
      250,
      42,
      133,
      27,
      1183,
      8,
      19,
      220,
      34,
      4976,
      4998,
      21,
      233,
      239,
      512,
      1063,
      268,
      323,
      177,
      4693,
      57,
      96,
      206,
      68,
      112,
      4141,
      80,
      246,
      242,
      707,
      363,
      4847,
      369,
      273,
      2000,
      4882,
      210,
      13,
      155,
      34,
      210,
      140,
      99,
      18,
      72,
      812,
      392,
      94,
      684,
      250,
      224,
      142,
      301,
      78,
      39,
      19,
      158,
      614,
      46,
      13,
      281,
      220,
      163,
      257,
      112,
      76,
      141,
      74,
      93,
      602,
      392,
      22,
      288,
      9,
      12,
      32,
      185,
      156,
      125,
      178,
      215,
      34,
      126,
      60,
      281,
      355,
      90,
      195,
      4135,
      203,
      160,
      5962,
      58,
      11,
      150,
      141,
      27,
      573,
      143,
      399,
      4332,
      5061,
      26,
      67,
      51,
      5111,
      5048,
      52,
      19,
      47,
      31,
      57,
      66,
      140,
      81,
      59,
      56,
      82,
      42,
      340,
      43,
      181,
      46,
      60,
      25,
      272,
      102,
      56,
      24,
      4093,
      90,
      479,
      151,
      46,
      248,
      140,
      47,
      131,
      189,
      55,
      80,
      72,
      279,
      189,
      19,
      85,
      103,
      274,
      34,
      152,
      4939,
      168,
      178,
      324,
      161,
      318,
      182,
      4717,
      54,
      266,
      99,
      71,
      30,
      12,
      409,
      171,
      84,
      184,
      37,
      4704,
      17,
      25,
      13,
      211,
      448,
      125,
      84,
      55,
      93,
      138,
      12,
      113,
      166,
      117,
      14,
      811,
      331,
      9,
      101,
      133,
      48,
      139,
      563,
      172,
      109,
      162,
      327,
      138,
      79,
      93,
      181,
      250,
      4066,
      487,
      236,
      102,
      54,
      204,
      154,
      174,
      186,
      4725,
      20,
      206,
      98,
      571,
      291,
      4106,
      4056,
      182,
      148,
      229,
      233,
      53,
      303,
      169,
      597,
      90,
      297,
      292,
      89,
      324,
      17,
      46,
      26,
      31,
      233,
      41,
      646,
      1024,
      213,
      159,
      50,
      13,
      128,
      144,
      242,
      3,
      4061,
      238,
      172,
      276,
      16,
      4915,
      131,
      25,
      187,
      153,
      20,
      54,
      3,
