{
  "primary_metric": "length_controlled_winrate",
  "n_items": 805,
  "n_items_correct": 0,
  "n_items_incorrect": 0,
  "n_items_unknown": 805,
  "n_generations": 805,
  "samples_per_item": [
    1
  ],
  "all_rollouts": {
    "tokens": {
      "n": 805,
      "min": 2,
      "max": 6023,
      "mean": 390.9055900621118,
      "std": 1145.7903674940032,
      "var": 1312835.5662420432,
      "p10": 2,
      "p25": 2,
      "p50": 10,
      "p75": 143,
      "p90": 519,
      "p95": 4159,
      "p99": 4961
    },
    "tokens_histogram": {
      "edges": [
        0,
        10,
        20,
        50,
        100,
        200,
        500,
        1000,
        2000,
        5000,
        10000,
        20000,
        40000
      ],
      "counts": [
        402,
        97,
        60,
        29,
        43,
        93,
        20,
        5,
        48,
        8,
        0,
        0
      ],
      "labels": [
        "[0,10)",
        "[10,20)",
        "[20,50)",
        "[50,100)",
        "[100,200)",
        "[200,500)",
        "[500,1000)",
        "[1000,2000)",
        "[2000,5000)",
        "[5000,10000)",
        "[10000,20000)",
        "[20000,40000)"
      ]
    },
    "tokens_raw": [
      2,
      1466,
      82,
      15,
      9,
      10,
      27,
      62,
      12,
      498,
      217,
      233,
      112,
      11,
      705,
      2,
      206,
      23,
      2,
      1687,
      180,
      15,
      5135,
      9,
      8,
      3,
      8,
      5144,
      4,
      10,
      9,
      419,
      274,
      2,
      35,
      6,
      2,
      9,
      4079,
      38,
      13,
      11,
      728,
      9,
      3,
      9,
      2,
      562,
      2,
      14,
      12,
      2,
      2,
      251,
      257,
      10,
      11,
      2,
      634,
      2,
      4096,
      477,
      2,
      8,
      4600,
      8,
      10,
      3,
      365,
      2,
      2,
      2,
      168,
      10,
      2,
      14,
      579,
      3,
      13,
      2,
      24,
      2,
      27,
      11,
      14,
      4,
      999,
      4164,
      11,
      23,
      14,
      4902,
      4136,
      2,
      1117,
      356,
      11,
      237,
      278,
      248,
      3,
      9,
      10,
      4407,
      3,
      5,
      152,
      27,
      3,
      129,
      2,
      4078,
      126,
      8,
      2,
      2,
      25,
      30,
      4586,
      9,
      13,
      117,
      87,
      9,
      2,
      4322,
      193,
      2,
      9,
      443,
      6,
      2,
      2,
      30,
      189,
      11,
      3,
      50,
      55,
      640,
      451,
      272,
      71,
      3,
      3,
      426,
      3,
      2,
      5023,
      290,
      2,
      12,
      17,
      2,
      422,
      64,
      493,
      2,
      13,
      2,
      2,
      4245,
      4,
      3,
      3,
      195,
      37,
      21,
      2,
      2,
      247,
      3,
      3,
      2,
      20,
      2,
      2,
      4750,
      9,
      16,
      3,
      9,
      546,
      2,
      139,
      3,
      25,
      4,
      2,
      18,
      3,
      435,
      329,
      3,
      4577,
      32,
      2,
      11,
      169,
      6,
      10,
      56,
      28,
      3,
      13,
      4961,
      3,
      26,
      2,
      2,
      23,
      7,
      291,
      14,
      2,
      2,
      18,
      3,
      2,
      3,
      17,
      3,
      48,
      232,
      2,
      3,
      326,
      143,
      2755,
      4,
      29,
      59,
      11,
      2,
      3,
      5115,
      4777,
      39,
      4107,
      199,
      4861,
      13,
      130,
      3,
      114,
      2,
      2,
      4196,
      3,
      8,
      3,
      4,
      7,
      8,
      226,
      19,
      231,
      3,
      14,
      15,
      3,
      4132,
      2,
      2,
      2,
      795,
      84,
      45,
      2,
      2,
      2,
      383,
      230,
      3,
      3,
      228,
      2,
      2,
      2,
      3,
      2,
      2,
      4514,
      283,
      6023,
      4780,
      2,
      9,
      18,
      8,
      432,
      2,
      4140,
      2,
      17,
      335,
      2,
      5181,
      4192,
      3,
      335,
      156,
      2,
      3,
      4145,
      26,
      2,
      102,
      3,
      5155,
      230,
      4355,
      936,
      2,
      370,
      20,
      194,
      37,
      12,
      2,
      286,
      2,
      15,
      432,
      790,
      43,
      7,
      61,
      2,
      231,
      178,
      2,
      10,
      10,
      385,
      2,
      2,
      32,
      3,
      55,
      10,
      990,
      26,
      35,
      22,
      11,
      2,
      318,
      4297,
      85,
      7,
      762,
      14,
      2,
      4115,
      4389,
      2,
      250,
      227,
      164,
      539,
      24,
      32,
      3,
      471,
      437,
      4782,
      275,
      8,
      15,
      10,
      7,
      2,
      38,
      2,
      4555,
      12,
      405,
      21,
      519,
      6,
      4,
      18,
      3,
      187,
      11,
      3,
      8,
      2,
      4808,
      3,
      76,
      2,
      4132,
      3458,
      240,
      3,
      1453,
      2,
      3,
      203,
      182,
      52,
      9,
      7,
      268,
      246,
      5004,
      2,
      2,
      2,
      224,
      2,
      520,
      16,
      2,
      172,
      197,
      125,
      3,
      10,
      255,
      298,
      87,
      14,
      2,
      347,
      3,
      2,
      11,
      42,
      3,
      2,
      2,
      2,
      2,
      2,
      10,
      19,
      4,
      19,
      10,
      362,
      2,
      2,
      2,
      21,
      2,
      28,
      164,
      4,
      2,
      271,
      358,
      3,
      175,
      3,
      2,
      8,
      14,
      2,
      4781,
      2,
      77,
      2,
      23,
      239,
      12,
      3,
      3,
      177,
      4159,
      83,
      2,
      2,
      2,
      215,
      3,
      148,
      2,
      21,
      14,
      2,
      13,
      3,
      2,
      2,
      4682,
      2,
      2,
      3,
      2,
      55,
      3,
      6,
      3,
      260,
      12,
      3,
      3,
      2,
      4,
      8,
      2,
      3,
      3,
      21,
      2,
      12,
      3,
      2,
      245,
      216,
      2,
      27,
      14,
      4,
      718,
      3,
      2,
      132,
      629,
      3,
      3,
      2,
      2,
      2,
      2,
      2,
      2,
      3,
      3,
      3,
      64,
      4,
      2,
      2,
      2,
      2,
      3,
      2,
      2,
      89,
      2,
      3,
      97,
      2,
      154,
      16,
      2,
      2,
      345,
      2,
      2,
      3,
      253,
      2,
      2,
      310,
      381,
      3,
      386,
      2,
      2,
      2,
      2,
      272,
      20,
      4929,
      305,
      2,
      28,
      3,
      15,
      2,
      3,
      3,
      2,
      2,
      2,
      2,
      16,
      4928,
      314,
      32,
      2,
      2,
      2,
      54,
      3,
      15,
      2,
      19,
      2,
      2,
      151,
      2,
      17,
      4811,
      14,
      2,
      490,
      49,
      360,
      3,
      4140,
      209,
      330,
      3,
      2,
      2,
      2,
      49,
      466,
      3,
      2,
      2,
      2,
      2,
      7,
      6,
      2,
      2,
      6,
      3,
      3,
      2,
      2,
      49,
      2,
      40,
      8,
      2,
      2,
      3,
      2,
      2,
      2,
      2,
      2,
      3,
      68,
      2,
      2,
      224,
      2,
      2,
      2,
      6,
      67,
      290,
      10,
      2,
      20,
      3,
      2,
      3,
      2,
      71,
      4934,
      22,
      3,
      3,
      2,
      18,
      2,
      3,
      40,
      2,
      84,
      7,
      300,
      2,
      2,
      2,
      2,
      3,
      2,
      47,
      3,
      49,
      3,
      2,
      2,
      2,
      2,
      2,
      22,
