{
  "primary_metric": "pass_at_1",
  "n_items": 612,
  "n_items_correct": 13,
  "n_items_incorrect": 599,
  "n_items_unknown": 0,
  "n_generations": 612,
  "samples_per_item": [
    1
  ],
  "all_rollouts": {
    "tokens": {
      "n": 612,
      "min": 1,
      "max": 5070,
      "mean": 180.12418300653596,
      "std": 654.2883133580192,
      "var": 428093.19699688157,
      "p10": 2,
      "p25": 2,
      "p50": 3,
      "p75": 90,
      "p90": 277,
      "p95": 765,
      "p99": 4078
    },
    "tokens_histogram": {
      "edges": [
        0,
        10,
        20,
        50,
        100,
        200,
        500,
        1000,
        2000,
        5000,
        10000,
        20000,
        40000
      ],
      "counts": [
        339,
        57,
        10,
        65,
        67,
        31,
        26,
        1,
        15,
        1,
        0,
        0
      ],
      "labels": [
        "[0,10)",
        "[10,20)",
        "[20,50)",
        "[50,100)",
        "[100,200)",
        "[200,500)",
        "[500,1000)",
        "[1000,2000)",
        "[2000,5000)",
        "[5000,10000)",
        "[10000,20000)",
        "[20000,40000)"
      ]
    },
    "tokens_raw": [
      489,
      13,
      2,
      4248,
      2,
      2,
      2,
      2,
      449,
      2,
      63,
      2,
      124,
      2,
      105,
      2,
      70,
      230,
      2,
      73,
      2,
      2,
      61,
      54,
      155,
      133,
      117,
      70,
      2,
      2,
      78,
      2,
      64,
      3,
      59,
      2,
      2,
      118,
      39,
      2,
      2,
      147,
      58,
      2,
      2,
      130,
      81,
      2,
      2,
      2,
      2,
      90,
      135,
      2,
      146,
      929,
      123,
      2,
      127,
      2,
      2,
      2,
      2,
      2,
      119,
      2,
      2,
      839,
      2,
      109,
      106,
      66,
      122,
      171,
      66,
      94,
      2,
      2,
      97,
      2,
      150,
      2,
      221,
      47,
      4145,
      3,
      300,
      2,
      2,
      127,
      2,
      35,
      2,
      2,
      121,
      77,
      2,
      59,
      160,
      2,
      277,
      2,
      62,
      61,
      30,
      2,
      5070,
      79,
      2,
      2,
      175,
      256,
      131,
      90,
      94,
      106,
      91,
      2,
      2,
      2,
      92,
      62,
      208,
      2,
      2,
      2,
      199,
      2,
      2,
      2,
      39,
      88,
      81,
      2,
      2,
      95,
      125,
      126,
      5,
      2,
      105,
      115,
      204,
      2,
      77,
      146,
      2,
      115,
      65,
      195,
      123,
      2,
      3,
      95,
      2,
      4,
      3,
      99,
      3,
      2,
      84,
      2,
      46,
      115,
      2,
      2,
      28,
      2,
      120,
      2,
      2,
      132,
      2,
      3477,
      34,
      2,
      2,
      2,
      3,
      79,
      2,
      2,
      115,
      2,
      2,
      100,
      53,
      2,
      2,
      2,
      10,
      6,
      113,
      10,
      544,
      2,
      2,
      2,
      3,
      2,
      2,
      2,
      2,
      582,
      2,
      5,
      90,
      2,
      392,
      10,
      2,
      2,
      281,
      2,
      131,
      813,
      2,
      2,
      209,
      2,
      2,
      2,
      2,
      7,
      1309,
      2,
      2,
      138,
      2,
      484,
      2,
      2,
      2,
      10,
      711,
      3,
      2,
      2,
      10,
      10,
      169,
      2,
      4078,
      8,
      2,
      3543,
      2,
      791,
      10,
      2,
      10,
      2,
      2,
      2,
      7,
      786,
      2,
      10,
      2,
      2,
      2,
      2,
      2,
      2,
      2,
      153,
      10,
      11,
      2,
      712,
      2,
      10,
      10,
      624,
      2,
      258,
      909,
      2,
      3,
      2,
      2,
      2,
      2,
      2,
      2,
      54,
      59,
      2,
      2,
      2,
      410,
      2,
      10,
      2,
      6,
      2,
      665,
      2,
      304,
      2,
      10,
      2,
      632,
      2,
      612,
      2,
      2,
      2,
      2,
      2,
      2,
      396,
      2,
      2,
      2,
      2,
      2,
      2,
      22,
      10,
      2,
      2,
      10,
      2,
      10,
      2,
      2,
      2,
      176,
      10,
      2,
      10,
      2,
      2,
      2,
      138,
      2,
      2,
      2,
      10,
      2,
      2,
      2,
      2,
      2,
      970,
      2,
      10,
      191,
      10,
      3,
      10,
      2,
      10,
      2,
      10,
      2,
      10,
      10,
      2,
      2,
      10,
      10,
      2,
      4,
      2,
      2,
      587,
      2,
      2,
      3,
      913,
      10,
      10,
      772,
      2,
      2,
      2,
      3536,
      2,
      2,
      2,
      3,
      113,
      2,
      765,
      10,
      10,
      10,
      10,
      2,
      2,
      2,
      2,
      2,
      8,
      2,
      3,
      2,
      2,
      3839,
      2,
      2,
      103,
      2,
      4001,
      2,
      2,
      2,
      2,
      423,
      785,
      2,
      864,
      431,
      884,
      2,
      10,
      2,
      3202,
      10,
      2,
      2,
      2,
      2,
      2,
      2,
      4107,
      111,
      2,
      2,
      10,
      2,
      393,
      10,
      2,
      2,
      2,
      10,
      2,
      2,
      2,
      2,
      10,
      10,
      2,
      3,
      3766,
      10,
      3,
      10,
      3776,
      2,
      10,
      262,
      2,
      2,
      153,
      2,
      2,
      136,
      62,
      2,
      3,
      215,
      2,
      2,
      2,
      430,
      59,
      89,
      113,
      3,
      2,
      2,
      81,
      154,
      62,
      81,
      80,
      2,
      2,
      2,
      2,
      2,
      102,
      2,
      278,
      2,
      42,
      2,
      2,
      2,
      92,
      2,
      1,
      4778,
      119,
      2,
      2,
      2,
      2,
      2,
      56,
      2,
      2,
      158,
      525,
      206,
      67,
      96,
      10,
      2,
      3,
      9,
      310,
      456,
      2,
      2,
      2,
      4487,
      631,
      2,
      3,
      2,
      2,
      753,
      2,
      2,
      10,
      2,
      12,
      2,
      10,
      10,
      3997,
      2,
      10,
      2,
      198,
      282,
      414,
      938,
      2,
      3,
      2,
      2,
      10,
      2,
      2,
      2,
      3,
      2,
      10,
      2,
      3,
      10,
      2,
      226,
      2,
      10,
      2,
      2,
      2,
      95,
      68,
      106,
      73,
      55,
      5,
      78,
      2,
      2,
      71,
      2,
      2,
      2,
      109,
      2,
      4,
      106,
      164,
      2,
      2,
      3,
      2,
      108,
      2,
      2,
      2,
      71,
      110,
      222,
      2,
      2,
      105,
      154,
      2,
      70,
      2,
      2,
      81,
      62,
      103,
      84,
      51,
      63,
      2,
      2,
      77,
      89,
      170
    ],
    "chars": {
      "n": 612,
      "min": 0,
      "max": 106204,
      "mean": 935.1748366013072,
      "std": 6374.56756194372,
      "var": 40635111.6017851,
      "p10": 2,
      "p25": 3,
      "p50": 10,
      "p75": 339,
      "p90": 1097,
      "p95": 2352,
      "p99": 14924
    },
    "chars_histogram": {
      "edges": [
        0,
        50,
        100,
        250,
        500,
        1000,
        2500,
        5000,
        10000,
        25000,
        50000,
        100000,
        200000
      ],
      "counts": [
        388,
        6,
        34,
        80,
        41,
        37,
        9,
        2,
        13,
        0,
        0,
        2
      ],