{
  "primary_metric": "exact_match_flex",
  "n_items": 500,
  "n_items_correct": 129,
  "n_items_incorrect": 371,
  "n_items_unknown": 0,
  "n_generations": 500,
  "samples_per_item": [
    1
  ],
  "all_rollouts": {
    "tokens": {
      "n": 500,
      "min": 2,
      "max": 5039,
      "mean": 479.162,
      "std": 1121.5620891221315,
      "var": 1257901.519756,
      "p10": 2,
      "p25": 3,
      "p50": 128,
      "p75": 312,
      "p90": 608,
      "p95": 4071,
      "p99": 4953
    },
    "tokens_histogram": {
      "edges": [
        0,
        10,
        20,
        50,
        100,
        200,
        500,
        1000,
        2000,
        5000,
        10000,
        20000,
        40000
      ],
      "counts": [
        155,
        25,
        36,
        21,
        50,
        150,
        22,
        1,
        37,
        3,
        0,
        0
      ],
      "labels": [
        "[0,10)",
        "[10,20)",
        "[20,50)",
        "[50,100)",
        "[100,200)",
        "[200,500)",
        "[500,1000)",
        "[1000,2000)",
        "[2000,5000)",
        "[5000,10000)",
        "[10000,20000)",
        "[20000,40000)"
      ]
    },
    "tokens_raw": [
      26,
      377,
      15,
      2,
      8,
      4,
      32,
      2,
      252,
      54,
      2,
      235,
      2,
      4635,
      6,
      449,
      113,
      19,
      157,
      4832,
      114,
      307,
      3773,
      718,
      2,
      285,
      306,
      335,
      2,
      2,
      231,
      25,
      2,
      2,
      5039,
      339,
      283,
      2,
      4883,
      151,
      11,
      65,
      178,
      4820,
      311,
      385,
      58,
      19,
      174,
      2,
      2,
      50,
      2,
      57,
      9,
      199,
      11,
      69,
      3327,
      2,
      261,
      280,
      231,
      605,
      21,
      78,
      291,
      2,
      154,
      291,
      2,
      45,
      2,
      3971,
      42,
      350,
      208,
      3,
      608,
      13,
      510,
      2,
      35,
      190,
      2,
      117,
      3,
      327,
      42,
      42,
      2,
      62,
      4163,
      16,
      23,
      2,
      189,
      3,
      173,
      46,
      2,
      517,
      221,
      2,
      7,
      19,
      126,
      2,
      4154,
      258,
      218,
      2,
      121,
      2,
      519,
      358,
      2,
      2,
      274,
      308,
      203,
      289,
      354,
      83,
      241,
      231,
      387,
      310,
      39,
      2,
      55,
      16,
      2,
      2,
      490,
      2,
      3351,
      429,
      10,
      50,
      253,
      75,
      2,
      553,
      32,
      2,
      34,
      375,
      21,
      2,
      340,
      180,
      312,
      22,
      340,
      278,
      165,
      3183,
      571,
      8,
      2,
      155,
      515,
      4017,
      262,
      2,
      2,
      4,
      16,
      4815,
      347,
      2,
      2,
      506,
      325,
      648,
      4847,
      2,
      262,
      69,
      2,
      4134,
      2,
      212,
      250,
      163,
      236,
      6,
      2,
      8,
      2,
      2,
      480,
      332,
      4953,
      350,
      28,
      11,
      165,
      45,
      489,
      3896,
      2,
      2,
      235,
      490,
      4140,
      7,
      315,
      178,
      7,
      189,
      2,
      198,
      5003,
      2,
      2,
      2,
      260,
      30,
      267,
      2,
      4629,
      42,
      2,
      2,
      2,
      10,
      103,
      2,
      202,
      3321,
      210,
      432,
      419,
      609,
      118,
      392,
      693,
      2,
      199,
      50,
      2,
      240,
      3,
      720,
      2,
      12,
      2,
      51,
      565,
      263,
      4963,
      10,
      7,
      5031,
      367,
      27,
      7,
      188,
      7,
      249,
      182,
      413,
      155,
      297,
      1636,
      29,
      128,
      221,
      2,
      4100,
      2,
      2,
      7,
      2,
      384,
      2,
      185,
      9,
      318,
      9,
      186,
      4669,
      596,
      230,
      164,
      4107,
      4903,
      443,
      245,
      378,
      331,
      3,
      2,
      253,
      259,
      287,
      746,
      264,
      202,
      11,
      201,
      11,
      42,
      287,
      435,
      54,
      47,
      39,
      2,
      2,
      141,
      20,
      51,
      2660,
      2,
      74,
      295,
      212,
      16,
      256,
      244,
      27,
      259,
      2,
      2,
      8,
      214,
      4,
      2,
      3,
      352,
      202,
      367,
      35,
      204,
      2,
      26,
      383,
      34,
      2,
      337,
      2,
      261,
      202,
      284,
      321,
      2,
      9,
      2,
      4071,
      370,
      329,
      2,
      7,
      4058,
      4075,
      112,
      6,
      156,
      222,
      2,
      2,
      451,
      2,
      464,
      191,
      7,
      24,
      155,
      229,
      188,
      368,
      6,
      372,
      351,
      16,
      2,
      2,
      261,
      170,
      2,
      411,
      2,
      3,
      226,
      3,
      49,
      3724,
      4444,
      495,
      63,
      2,
      240,
      253,
      428,
      253,
      133,
      67,
      433,
      367,
      15,
      2,
      273,
      2,
      107,
      2,
      2887,
      718,
      414,
      2,
      12,
      17,
      2,
      2,
      228,
      265,
      2,
      370,
      2947,
      4035,
      401,
      2,
      40,
      276,
      560,
      4155,
      488,
      3882,
      2,
      538,
      241,
      262,
      482,
      222,
      549,
      113,
      2,
      291,
      273,
      9,
      221,
      2,
      228,
      23,
      2,
      2,
      11,
      2,
      492,
      290,
      403,
      2,
      17,
      112,
      609,
      2,
      3,
      10,
      2,
      7,
      2,
      103,
      2,
      2,
      194,
      163,
      233,
      2,
      413,
      7,
      2,
      21,
      2,
      133,
      2,
      463,
      207,
      300,
      295,
      230,
      4729,
      342,
      154,
      73,
      4,
      2,
      2,
      42,
      3,
      8,
      106,
      2,
      143,
      208,
      2,
      2,
      233,
      305
    ],
    "chars": {
      "n": 500,
      "min": 1,
      "max": 15449,
      "mean": 1115.826,
      "std": 2517.3761275828447,
      "var": 6337182.567724,
      "p10": 6,
      "p25": 10,
      "p50": 382,
      "p75": 865,
      "p90": 1477,
      "p95": 7865,
      "p99": 13861
    },
    "chars_histogram": {
      "edges": [
        0,
        50,
        100,
        250,
        500,
        1000,
        2500,
        5000,
        10000,
        25000,
        50000,
        100000,
        200000
      ],
      "counts": [
        178,
        20,
        36,
        36,
        129,
        60,
        4,
        25,
        12,
        0,
        0,
        0
      ],
      "labels": [
        "[0,50)",
        "[50,100)",
        "[100,250)",
        "[250,500)",
        "[500,1000)",
        "[1000,2500)",
        "[2500,5000)",
        "[5000,10000)",
        "[10000,25000)",
        "[25000,50000)",
        "[50000,100000)",
        "[100000,200000)"
      ]
    }
  },
  "correct_rollouts": {
    "tokens": {
      "n": 129,
      "min": 6,
      "max": 4883,
      "mean": 350.5503875968992,
      "std": 641.6654440085842,
      "var": 411734.5420347335,
      "p10": 19,
      "p25": 155,
      "p50": 253,
      "p75": 337,
      "p90": 515,
      "p95": 609,
      "p99": 4635
    },
    "tokens_histogram": {
      "edges": [
        0,
        10,
        20,
        50,
        100,
        200,
        500,
        1000,
        2000,
        5000,
        10000,
        20000,
        40000
      ],