{
  "primary_metric": "length_controlled_winrate",
  "n_items": 805,
  "n_items_correct": 0,
  "n_items_incorrect": 0,
  "n_items_unknown": 805,
  "n_generations": 805,
  "samples_per_item": [
    1
  ],
  "all_rollouts": {
    "tokens": {
      "n": 805,
      "min": 2,
      "max": 5693,
      "mean": 289.80993788819876,
      "std": 896.9158819421809,
      "var": 804458.0992801203,
      "p10": 2,
      "p25": 2,
      "p50": 11,
      "p75": 198,
      "p90": 453,
      "p95": 917,
      "p99": 4946
    },
    "tokens_histogram": {
      "edges": [
        0,
        10,
        20,
        50,
        100,
        200,
        500,
        1000,
        2000,
        5000,
        10000,
        20000,
        40000
      ],
      "counts": [
        375,
        76,
        43,
        45,
        66,
        128,
        33,
        6,
        27,
        6,
        0,
        0
      ],
      "labels": [
        "[0,10)",
        "[10,20)",
        "[20,50)",
        "[50,100)",
        "[100,200)",
        "[200,500)",
        "[500,1000)",
        "[1000,2000)",
        "[2000,5000)",
        "[5000,10000)",
        "[10000,20000)",
        "[20000,40000)"
      ]
    },
    "tokens_raw": [
      5693,
      2,
      118,
      15,
      9,
      10,
      35,
      52,
      2,
      530,
      265,
      243,
      654,
      2,
      2,
      11,
      305,
      708,
      2,
      4142,
      220,
      15,
      2,
      8,
      8,
      3,
      31,
      4150,
      19,
      11,
      8,
      712,
      317,
      10,
      8,
      6,
      10,
      2,
      700,
      192,
      7,
      3,
      2,
      70,
      220,
      12,
      3,
      352,
      2,
      2,
      11,
      28,
      2,
      710,
      274,
      2,
      2,
      236,
      377,
      73,
      3,
      333,
      2,
      8,
      5044,
      8,
      8,
      470,
      54,
      2,
      81,
      16,
      180,
      134,
      4,
      13,
      531,
      2,
      2,
      9,
      176,
      11,
      28,
      10,
      2,
      484,
      4978,
      4129,
      123,
      329,
      2,
      9,
      607,
      2,
      519,
      46,
      11,
      54,
      150,
      199,
      3,
      10,
      71,
      1172,
      343,
      61,
      249,
      15,
      2,
      70,
      4140,
      4480,
      69,
      8,
      208,
      4131,
      745,
      2,
      2,
      9,
      13,
      52,
      67,
      2,
      396,
      60,
      177,
      2,
      10,
      351,
      3,
      105,
      230,
      241,
      2,
      11,
      2,
      1382,
      2,
      493,
      3,
      324,
      77,
      2,
      2,
      532,
      168,
      2,
      4185,
      339,
      2,
      313,
      10,
      2,
      257,
      10,
      2,
      201,
      19,
      105,
      2,
      8,
      260,
      3,
      19,
      2,
      506,
      29,
      28,
      2,
      13,
      436,
      2,
      2,
      2,
      2,
      502,
      531,
      9,
      127,
      2,
      8,
      4138,
      18,
      2,
      4946,
      173,
      160,
      2,
      35,
      2,
      35,
      182,
      4737,
      1786,
      16,
      3,
      11,
      210,
      5,
      10,
      51,
      28,
      2,
      13,
      427,
      282,
      21,
      2,
      2,
      10,
      7,
      2,
      13,
      2,
      2,
      153,
      2,
      2,
      3,
      4,
      2,
      2,
      232,
      45,
      57,
      221,
      2,
      917,
      2,
      3,
      75,
      12,
      182,
      2,
      4342,
      3,
      3,
      224,
      4175,
      4951,
      13,
      177,
      10,
      238,
      36,
      583,
      196,
      2,
      41,
      2,
      4,
      600,
      9,
      144,
      360,
      2,
      3,
      235,
      15,
      97,
      121,
      2,
      294,
      140,
      794,
      27,
      425,
      47,
      2,
      2352,
      2,
      154,
      2,
      88,
      181,
      4833,
      2,
      161,
      2,
      66,
      721,
      60,
      1344,
      4082,
      104,
      213,
      14,
      237,
      8,
      426,
      292,
      2,
      29,
      2,
      18,
      43,
      280,
      453,
      3,
      2,
      344,
      2,
      3,
      466,
      26,
      44,
      316,
      2,
      317,
      2,
      14,
      2,
      227,
      2,
      822,
      2,
      56,
      194,
      2,
      465,
      2,
      15,
      198,
      4740,
      299,
      2,
      207,
      183,
      147,
      4,
      2,
      38,
      10,
      323,
      2,
      3,
      154,
      72,
      7,
      9,
      387,
      26,
      763,
      3,
      11,
      2,
      232,
      4637,
      3,
      6,
      187,
      2,
      239,
      2,
      206,
      230,
      237,
      362,
      2,
      6,
      1147,
      64,
      285,
      243,
      234,
      7,
      246,
      9,
      4152,
      8,
      8,
      2,
      31,
      356,
      7,
      8,
      180,
      22,
      3,
      7,
      2,
      2,
      8,
      195,
      2,
      2,
      6,
      326,
      9,
      2,
      85,
      4129,
      9,
      724,
      138,
      648,
      293,
      2,
      283,
      4411,
      375,
      119,
      9,
      39,
      262,
      117,
      10,
      20,
      3,
      981,
      460,
      70,
      418,
      15,
      2,
      152,
      212,
      58,
      2,
      10,
      2,
      4105,
      37,
      14,
      2,
      3,
      24,
      266,
      11,
      10,
      3,
      2,
      3,
      1067,
      4086,
      53,
      68,
      22,
      11,
      32,
      8,
      328,
      2,
      324,
      2,
      2,
      138,
      27,
      2,
      2,
      2,
      402,
      175,
      241,
      213,
      361,
      3,
      4,
      13,
      139,
      9,
      16,
      36,
      2,
      9,
      2,
      12,
      2,
      2,
      564,
      6,
      68,
      3,
      2,
      2,
      3,
      4,
      168,
      2,
      3,
      15,
      2,
      5,
      3,
      2,
      2,
      2,
      2,
      2,
      2,
      95,
      2,
      3,
      3,
      7,
      315,
      168,
      5,
      2,
      3,
      91,
      2,
      2,
      2,
      3,
      53,
      3,
      12,
      3,
      2,
      232,
      232,
      2,
      2,
      540,
      162,
      245,
      226,
      178,
      3,
      2,
      2,
      3,
      154,
      2,
      2,
      18,
      45,
      2,
      171,
      2,
      214,
      2,
      2,
      2,
      6,
      2,
      2,
      2,
      3,
      2,
      72,
      2,
      2,
      3,
      3,
      194,
      2,
      3,
      296,
      369,
      2,
      2,
      3,
      151,
      2,
      5,
      329,
      12,
      282,
      62,
      2,
      2,
      2,
      2,
      273,
      2,
      2,
      306,
      52,
      2,
      2,
      120,
      2,
      3,
      2,
      2,
      2,
      2,
      838,
      2,
      17,
      216,
      299,
      2,
      374,
      2,
      2,
      270,
      15,
      2,
      236,
      2,
      336,
      28,
      2,
      2,
      3,
      13,
      2,
      316,
      20,
      316,
      2,
      376,
      157,
      329,
      3,
      3,
      3,
      2,
      37,
      215,
      337,
      2,
      2,
      2,
      2,
      114,
      21,
      2,
      2,
      2,
      3,
      2,
      2,
      3,
      95,
      2,
      40,
      13,
      2,
      3,
      2,
      2,
      2,
      59,
      15,
      2,
      3,
      64,
      112,
      2,
      291,
      2,
      241,
      2,
      6,
      85,
      250,
      10,
      2,
      20,
      3,
      2,
      2,
      2,
      89,
      154,
      2,
      2,
      3,
      2,
      2,
      3,
      2,
      24,
      2,
      73,
      2,
      435,
      2,
      2,
      2,
      48,
      3,
      3,
      66,
      2,
      2,
      3,
      2,
