{
  "primary_metric": "length_controlled_winrate",
  "n_items": 805,
  "n_items_correct": 0,
  "n_items_incorrect": 0,
  "n_items_unknown": 805,
  "n_generations": 805,
  "samples_per_item": [
    1
  ],
  "all_rollouts": {
    "tokens": {
      "n": 805,
      "min": 2,
      "max": 5649,
      "mean": 941.1354037267081,
      "std": 1763.324828268692,
      "var": 3109314.449988812,
      "p10": 2,
      "p25": 2,
      "p50": 3,
      "p75": 314,
      "p90": 4454,
      "p95": 4608,
      "p99": 4789
    },
    "tokens_histogram": {
      "edges": [
        0,
        10,
        20,
        50,
        100,
        200,
        500,
        1000,
        2000,
        5000,
        10000,
        20000,
        40000
      ],
      "counts": [
        451,
        10,
        23,
        36,
        47,
        65,
        10,
        1,
        156,
        6,
        0,
        0
      ],
      "labels": [
        "[0,10)",
        "[10,20)",
        "[20,50)",
        "[50,100)",
        "[100,200)",
        "[200,500)",
        "[500,1000)",
        "[1000,2000)",
        "[2000,5000)",
        "[5000,10000)",
        "[10000,20000)",
        "[20000,40000)"
      ]
    },
    "tokens_raw": [
      121,
      2,
      52,
      2,
      2,
      641,
      17,
      107,
      3,
      522,
      210,
      4447,
      354,
      4,
      4132,
      4647,
      456,
      51,
      4137,
      774,
      117,
      173,
      2,
      2,
      10,
      4,
      4613,
      3,
      391,
      3,
      457,
      307,
      251,
      2,
      30,
      6,
      4484,
      4130,
      300,
      3,
      15,
      4666,
      2,
      2,
      135,
      2,
      2,
      364,
      4574,
      4608,
      2,
      103,
      4724,
      345,
      222,
      2,
      3243,
      2,
      4761,
      123,
      4136,
      289,
      200,
      4717,
      4600,
      4722,
      4594,
      4624,
      54,
      2,
      2,
      40,
      2,
      3,
      2,
      3,
      2,
      4168,
      221,
      2,
      166,
      92,
      4440,
      2,
      2,
      2,
      244,
      4167,
      70,
      273,
      240,
      2,
      786,
      50,
      353,
      2,
      4110,
      249,
      204,
      2,
      4361,
      2,
      4,
      4406,
      2,
      47,
      5002,
      2,
      4,
      52,
      2,
      4725,
      118,
      3,
      4283,
      2,
      341,
      4471,
      46,
      197,
      19,
      14,
      82,
      170,
      314,
      39,
      2,
      155,
      2,
      2,
      34,
      2,
      2,
      182,
      2,
      160,
      4575,
      144,
      3,
      322,
      366,
      2,
      2,
      2,
      4104,
      172,
      2,
      3,
      2,
      4355,
      2,
      4664,
      11,
      2,
      4234,
      132,
      2,
      130,
      2,
      2,
      4142,
      6,
      4348,
      3,
      4750,
      3,
      917,
      2,
      3,
      3,
      2,
      50,
      2,
      2,
      6,
      55,
      451,
      4640,
      2,
      4597,
      2,
      2,
      2,
      2,
      2,
      3,
      375,
      192,
      2,
      19,
      2,
      132,
      235,
      4378,
      2,
      2,
      2,
      2,
      4,
      4124,
      218,
      4360,
      104,
      2,
      3,
      4598,
      3,
      2,
      2,
      2,
      9,
      4131,
      2,
      572,
      2,
      2,
      439,
      2,
      3,
      2,
      3,
      4709,
      83,
      3,
      4130,
      2,
      136,
      111,
      3,
      60,
      60,
      41,
      6,
      2,
      2,
      693,
      2,
      4137,
      4239,
      2,
      4604,
      2,
      2,
      4750,
      241,
      2,
      2,
      4730,
      2,
      31,
      2,
      2,
      4272,
      4446,
      2,
      154,
      4127,
      2,
      2,
      2,
      2,
      2,
      3,
      3,
      4717,
      56,
      29,
      280,
      3,
      312,
      2,
      4464,
      119,
      2,
      4173,
      4,
      3,
      2,
      2,
      2,
      2,
      4577,
      4282,
      2,
      4049,
      55,
      2,
      189,
      3,
      5649,
      272,
      2,
      5139,
      44,
      2,
      2,
      4499,
      170,
      419,
      2,
      2,
      2,
      2,
      2,
      186,
      3,
      6,
      48,
      5,
      67,
      2,
      2,
      505,
      126,
      2,
      753,
      145,
      45,
      61,
      2,
      4472,
      3,
      4164,
      2,
      131,
      2,
      3,
      96,
      493,
      4242,
      4454,
      5114,
      2,
      2,
      2,
      2,
      3,
      3,
      2,
      2,
      37,
      4423,
      2,
      343,
      4598,
      2,
      2,
      4261,
      2,
      2,
      2,
      4249,
      2,
      4458,
      173,
      52,
      2,
      3,
      4591,
      4750,
      2,
      3,
      58,
      3,
      2,
      3,
      4574,
      207,
      3,
      2515,
      4,
      3,
      2,
      3,
      2,
      2,
      89,
      4803,
      223,
      2,
      75,
      4602,
      445,
      2,
      2,
      3,
      2,
      4614,
      4386,
      6,
      2,
      2,
      4277,
      452,
      224,
      203,
      2,
      1064,
      2,
      2,
      4607,
      163,
      4429,
      163,
      41,
      4605,
      83,
      3,
      5,
      2,
      2,
      2,
      4389,
      4653,
      4612,
      2,
      179,
      164,
      55,
      2,
      2,
      2,
      455,
      2,
      2,
      539,
      4830,
      2,
      2,
      346,
      4789,
      2,
      2,
      2,
      4578,
      383,
      48,
      287,
      2,
      4676,
      2,
      2,
      2,
      2,
      316,
      2,
      29,
      164,
      4572,
      3,
      2,
      2,
      80,
      4358,
      2,
      2,
      4750,
      2,
      10,
      2,
      132,
      2,
      5463,
      28,
      2,
      56,
      205,
      4608,
      2,
      2,
      4251,
      4735,
      2,
      2,
      2,
      2,
      3,
      2,
      2,
      2,
      2,
      3,
      4128,
      2,
      2,
      16,
      57,
      2,
      3,
      3,
      2,
      3,
      46,
      2,
      3,
      3,
      323,
      4113,
      2,
      4730,
      2,
      92,
      3,
      3,
      3,
      3,
      2,
      2,
      4392,
      3,
      2,
      2,
      2,
      4103,
      4436,
      2,
      4133,
      216,
      2,
      2,
      222,
      2,
      2,
      3,
      4117,
      4132,
      2,
      3,
      4563,
      2,
      2,
      2,
      2,
      2,
      3,
      3,
      28,
      2,
      2,
      2,
      2,
      3,
      2,
      2,
      6,
      3,
      2,
      176,
      138,
      3,
      2,
      2,
      4542,
      3920,
      3,
      2,
      4280,
      6,
      3,
      4459,
      4266,
      351,
      2,
      71,
      4595,
      4123,
      4368,
      2,
      3,
      4541,
      2,
      2,
      2,
      2,
      4084,
      4126,
      2,
      4374,
      2,
      2,
      2,
      3,
      3,
      2,
      4381,
      2,
      4132,
      2,
      6,
      206,
      2,
      2,
      59,
      2,
      2,
      20,
      2,
      2,
      5141,
      2,
      2,
      3,
      34,
      2,
      2,
      4612,
      141,
      4561,
      23,
      4262,
      2,
      3,
      35,
      2,
      3,
      2,
      2,
      4630,
      2,
      2,
      3,
      2,
      2,
      3,
      7,
      4592,
      2,
      2,
      2,
      2,
      3,
      2,
      2,
      2,
      2,
      3,
      3,
      2,
      15,
      4574,
      3,
      2,
      4581,
      3,
      4536,
      4,
      3,
      4422,
      3,
      3,
      335,
      2,
      2,
      3,
      3,
      4253,
      4125,
      4126,
      56,
      193,
      2,
      3,
      2,
      9,
      2,
      472,
      2,
      2,
      7,
      4139,
      2,
      84,
      3,
      3,
      2,
