{
  "primary_metric": "length_controlled_winrate",
  "n_items": 805,
  "n_items_correct": 0,
  "n_items_incorrect": 0,
  "n_items_unknown": 805,
  "n_generations": 805,
  "samples_per_item": [
    1
  ],
  "all_rollouts": {
    "tokens": {
      "n": 805,
      "min": 2,
      "max": 6229,
      "mean": 277.0981366459627,
      "std": 841.5281804954344,
      "var": 708169.6785679564,
      "p10": 8,
      "p25": 25,
      "p50": 77,
      "p75": 173,
      "p90": 344,
      "p95": 663,
      "p99": 5010
    },
    "tokens_histogram": {
      "edges": [
        0,
        10,
        20,
        50,
        100,
        200,
        500,
        1000,
        2000,
        5000,
        10000,
        20000,
        40000
      ],
      "counts": [
        88,
        76,
        166,
        111,
        187,
        129,
        17,
        3,
        19,
        9,
        0,
        0
      ],
      "labels": [
        "[0,10)",
        "[10,20)",
        "[20,50)",
        "[50,100)",
        "[100,200)",
        "[200,500)",
        "[500,1000)",
        "[1000,2000)",
        "[2000,5000)",
        "[5000,10000)",
        "[10000,20000)",
        "[20000,40000)"
      ]
    },
    "tokens_raw": [
      45,
      160,
      12,
      75,
      91,
      141,
      16,
      50,
      87,
      672,
      155,
      203,
      240,
      166,
      123,
      278,
      165,
      102,
      29,
      4158,
      25,
      129,
      40,
      203,
      12,
      136,
      27,
      1095,
      237,
      119,
      144,
      19,
      36,
      17,
      8,
      53,
      110,
      564,
      266,
      30,
      18,
      35,
      161,
      37,
      148,
      451,
      403,
      326,
      27,
      139,
      15,
      50,
      362,
      16,
      206,
      114,
      162,
      144,
      273,
      31,
      46,
      273,
      265,
      159,
      338,
      125,
      165,
      227,
      121,
      102,
      33,
      15,
      472,
      34,
      127,
      215,
      316,
      4418,
      86,
      347,
      128,
      4185,
      5010,
      20,
      263,
      419,
      273,
      389,
      36,
      59,
      170,
      16,
      4163,
      11,
      68,
      346,
      158,
      9,
      89,
      26,
      103,
      10,
      14,
      5027,
      358,
      40,
      147,
      189,
      290,
      31,
      150,
      283,
      33,
      10,
      32,
      426,
      262,
      169,
      43,
      163,
      12,
      19,
      29,
      149,
      411,
      20,
      107,
      28,
      12,
      35,
      280,
      83,
      156,
      24,
      258,
      10,
      254,
      211,
      1244,
      366,
      152,
      75,
      70,
      20,
      6,
      148,
      126,
      4,
      5138,
      66,
      29,
      220,
      10,
      403,
      5097,
      24,
      344,
      54,
      18,
      12,
      402,
      8,
      69,
      23,
      2,
      107,
      146,
      25,
      10,
      28,
      292,
      403,
      98,
      35,
      34,
      69,
      362,
      225,
      4155,
      64,
      183,
      140,
      214,
      182,
      57,
      235,
      246,
      106,
      603,
      32,
      2,
      131,
      145,
      1593,
      341,
      19,
      39,
      43,
      38,
      2,
      38,
      2,
      104,
      393,
      160,
      25,
      302,
      7,
      396,
      101,
      2,
      11,
      39,
      412,
      2,
      147,
      187,
      110,
      89,
      37,
      4457,
      296,
      66,
      201,
      431,
      38,
      166,
      144,
      4312,
      114,
      31,
      156,
      7,
      101,
      129,
      5049,
      172,
      4107,
      79,
      210,
      410,
      30,
      26,
      714,
      31,
      15,
      158,
      205,
      705,
      17,
      105,
      44,
      114,
      238,
      138,
      140,
      184,
      162,
      5103,
      22,
      51,
      20,
      2,
      242,
      30,
      709,
      19,
      49,
      17,
      103,
      220,
      230,
      136,
      2,
      61,
      140,
      123,
      64,
      55,
      8,
      35,
      124,
      108,
      251,
      6229,
      858,
      38,
      452,
      60,
      512,
      199,
      189,
      4,
      35,
      17,
      136,
      14,
      29,
      237,
      73,
      102,
      121,
      42,
      10,
      270,
      2,
      428,
      30,
      290,
      44,
      165,
      46,
      247,
      106,
      33,
      23,
      46,
      46,
      18,
      2,
      128,
      299,
      164,
      140,
      163,
      206,
      2,
      19,
      378,
      128,
      48,
      2,
      12,
      10,
      210,
      27,
      9,
      55,
      33,
      21,
      11,
      196,
      2,
      370,
      21,
      23,
      141,
      108,
      39,
      7,
      6,
      105,
      155,
      171,
      137,
      41,
      255,
      237,
      124,
      100,
      189,
      802,
      7,
      4682,
      62,
      102,
      20,
      113,
      25,
      4077,
      8,
      7,
      39,
      31,
      153,
      36,
      17,
      23,
      48,
      505,
      185,
      207,
      39,
      27,
      102,
      11,
      2,
      60,
      68,
      9,
      2,
      22,
      56,
      224,
      128,
      231,
      43,
      212,
      136,
      197,
      309,
      41,
      7,
      60,
      25,
      121,
      54,
      65,
      18,
      60,
      386,
      79,
      56,
      4670,
      150,
      356,
      173,
      140,
      28,
      36,
      12,
      159,
      791,
      68,
      7,
      617,
      663,
      108,
      270,
      37,
      40,
      100,
      57,
      60,
      213,
      169,
      23,
      16,
      19,
      12,
      16,
      34,
      218,
      31,
      17,
      682,
      33,
      14,
      76,
      157,
      236,
      277,
      234,
      161,
      134,
      18,
      195,
      2,
      19,
      78,
      62,
      10,
      26,
      173,
      254,
      52,
      108,
      23,
      2,
      46,
      299,
      72,
      39,
      2,
      57,
      31,
      27,
      3,
      70,
      75,
      77,
      3,
      3,
      38,
      146,
      17,
      57,
      41,
      58,
      12,
      91,
      74,
      82,
      5,
      2,
      7,
      342,
      68,
      79,
      85,
      85,
      84,
      4251,
      103,
      2,
      81,
      44,
      151,
      158,
      25,
      24,
      105,
      92,
      33,
      130,
      281,
      218,
      160,
      115,
      131,
      66,
      176,
      145,
      2,
      101,
      2,
      43,
      36,
      23,
      2,
      3,
      79,
      40,
      151,
      44,
      23,
      21,
      2,
      2,
      110,
      13,
      38,
      52,
      4,
      94,
      11,
      72,
      178,
      84,
      2,
      580,
      204,
      11,
      83,
      49,
      21,
      100,
      4099,
      234,
      208,
      72,
      4596,
      133,
      34,
      131,
      158,
      61,
      26,
      19,
      245,
      34,
      41,
      69,
      2,
      305,
      64,
      233,
      262,
      186,
      25,
      594,
      222,
      16,
      224,
      142,
      76,
      405,
      199,
      39,
      194,
      20,
      53,
      78,
      126,
      28,
      37,
      88,
      22,
      2,
      33,
      37,
      155,
      21,
      98,
      394,
      267,
      144,
      153,
      12,
      75,
      52,
      8,
      3,
      97,
      11,
      111,
      20,
      26,
      128,
      50,
      21,
      165,
      114,
      2,
      3,
      2,
      2,
      2,
      6,
      20,
      30,
      8,
      22,
      83,
      44,
      16,
      3,
      2,
      4,
      4,
      18,
      67,
      96,
      2,
      43,
      15,
      88,
      131,
      40,
      20,
      113,
      10,
