{
  "primary_metric": "pass_at_1",
  "n_items": 612,
  "n_items_correct": 39,
  "n_items_incorrect": 573,
  "n_items_unknown": 0,
  "n_generations": 612,
  "samples_per_item": [
    1
  ],
  "all_rollouts": {
    "tokens": {
      "n": 612,
      "min": 10,
      "max": 5274,
      "mean": 193.09803921568627,
      "std": 540.0170811230438,
      "var": 291618.44790465204,
      "p10": 49,
      "p25": 78,
      "p50": 111,
      "p75": 166,
      "p90": 251,
      "p95": 334,
      "p99": 4275
    },
    "tokens_histogram": {
      "edges": [
        0,
        10,
        20,
        50,
        100,
        200,
        500,
        1000,
        2000,
        5000,
        10000,
        20000,
        40000
      ],
      "counts": [
        0,
        36,
        26,
        193,
        260,
        87,
        1,
        0,
        7,
        2,
        0,
        0
      ],
      "labels": [
        "[0,10)",
        "[10,20)",
        "[20,50)",
        "[50,100)",
        "[100,200)",
        "[200,500)",
        "[500,1000)",
        "[1000,2000)",
        "[2000,5000)",
        "[5000,10000)",
        "[10000,20000)",
        "[20000,40000)"
      ]
    },
    "tokens_raw": [
      128,
      190,
      57,
      10,
      10,
      68,
      10,
      124,
      10,
      66,
      92,
      159,
      132,
      127,
      112,
      111,
      70,
      134,
      136,
      102,
      120,
      31,
      90,
      53,
      159,
      109,
      172,
      72,
      37,
      95,
      102,
      47,
      109,
      27,
      170,
      81,
      97,
      143,
      39,
      184,
      86,
      109,
      75,
      67,
      73,
      165,
      127,
      5274,
      190,
      120,
      101,
      92,
      135,
      99,
      82,
      129,
      116,
      84,
      176,
      57,
      393,
      104,
      186,
      71,
      121,
      176,
      106,
      56,
      129,
      93,
      106,
      106,
      180,
      133,
      71,
      99,
      79,
      90,
      124,
      268,
      164,
      95,
      93,
      55,
      43,
      30,
      129,
      39,
      84,
      127,
      109,
      72,
      143,
      240,
      147,
      149,
      109,
      59,
      84,
      76,
      90,
      112,
      72,
      111,
      54,
      4941,
      54,
      79,
      116,
      118,
      141,
      272,
      128,
      92,
      111,
      98,
      78,
      80,
      174,
      167,
      88,
      62,
      137,
      86,
      124,
      92,
      142,
      97,
      88,
      56,
      102,
      222,
      81,
      111,
      129,
      76,
      170,
      102,
      130,
      85,
      110,
      120,
      114,
      101,
      76,
      125,
      103,
      126,
      64,
      111,
      126,
      83,
      80,
      112,
      158,
      85,
      274,
      90,
      145,
      217,
      60,
      94,
      56,
      137,
      71,
      88,
      115,
      96,
      75,
      84,
      42,
      148,
      196,
      167,
      48,
      91,
      118,
      78,
      166,
      145,
      90,
      79,
      64,
      69,
      243,
      101,
      63,
      177,
      61,
      87,
      162,
      406,
      247,
      114,
      10,
      4795,
      70,
      381,
      121,
      149,
      375,
      10,
      155,
      102,
      10,
      146,
      10,
      192,
      284,
      232,
      233,
      546,
      81,
      234,
      72,
      135,
      10,
      75,
      62,
      173,
      167,
      83,
      52,
      109,
      10,
      104,
      336,
      129,
      111,
      93,
      3851,
      186,
      279,
      56,
      4450,
      10,
      420,
      182,
      107,
      10,
      152,
      242,
      132,
      107,
      87,
      158,
      316,
      358,
      208,
      58,
      10,
      129,
      188,
      198,
      334,
      69,
      10,
      166,
      185,
      10,
      123,
      10,
      376,
      10,
      40,
      109,
      131,
      248,
      10,
      282,
      89,
      201,
      110,
      222,
      109,
      104,
      10,
      10,
      272,
      36,
      77,
      393,
      270,
      118,
      87,
      127,
      140,
      121,
      124,
      69,
      98,
      95,
      10,
      10,
      92,
      362,
      350,
      350,
      144,
      69,
      114,
      10,
      143,
      141,
      216,
      54,
      94,
      247,
      265,
      496,
      188,
      66,
      119,
      124,
      318,
      124,
      102,
      64,
      10,
      154,
      195,
      64,
      83,
      97,
      83,
      437,
      32,
      78,
      86,
      156,
      109,
      156,
      63,
      136,
      106,
      166,
      112,
      99,
      123,
      78,
      156,
      10,
      98,
      114,
      122,
      10,
      26,
      158,
      151,
      4359,
      10,
      39,
      77,
      191,
      177,
      316,
      61,
      105,
      281,
      10,
      40,
      57,
      127,
      228,
      103,
      187,
      87,
      210,
      58,
      54,
      99,
      281,
      10,
      189,
      251,
      86,
      256,
      85,
      405,
      54,
      142,
      90,
      182,
      176,
      64,
      127,
      218,
      153,
      142,
      202,
      47,
      160,
      104,
      130,
      10,
      47,
      100,
      129,
      68,
      3615,
      203,
      68,
      188,
      61,
      210,
      322,
      52,
      338,
      112,
      194,
      57,
      104,
      105,
      68,
      94,
      109,
      176,
      222,
      58,
      400,
      301,
      210,
      62,
      110,
      10,
      10,
      56,
      76,
      97,
      256,
      225,
      113,
      207,
      4275,
      79,
      121,
      312,
      401,
      100,
      122,
      314,
      133,
      73,
      95,
      84,
      128,
      94,
      96,
      54,
      271,
      179,
      96,
      297,
      90,
      254,
      69,
      136,
      102,
      64,
      113,
      100,
      60,
      58,
      179,
      186,
      128,
      40,
      130,
      134,
      66,
      91,
      129,
      140,
      112,
      114,
      152,
      192,
      127,
      197,
      77,
      176,
      259,
      160,
      112,
      160,
      153,
      60,
      82,
      59,
      42,
      70,
      179,
      138,
      89,
      110,
      72,
      130,
      128,
      213,
      66,
      76,
      95,
      131,
      77,
      80,
      113,
      156,
      123,
      191,
      67,
      101,
      62,
      96,
      109,
      10,
      155,
      10,
      86,
      150,
      95,
      277,
      169,
      280,
      195,
      205,
      57,
      10,
      121,
      217,
      49,
      245,
      139,
      122,
      278,
      60,
      134,
      5198,
      149,
      62,
      106,
      173,
      291,
      10,
      202,
      151,
      95,
      194,
      172,
      82,
      115,
      195,
      87,
      116,
      187,
      191,
      393,
      212,
      325,
      115,
      46,
      92,
      99,
      129,
      152,
      88,
      72,
      93,
      84,
      104,
      127,
      79,
      97,
      185,
      90,
      232,
      137,
      74,
      133,
      355,
      68,
      117,
      27,
      134,
      104,
      208,
      123,
      181,
      86,
      46,
      90,
      128,
      153,
      85,
      290,
      33,
      150,
      143,
      58,
      138,
      169,
      40,
      134,
      83,
      88,
      119,
      92,
      64,
      110,
      160,
      91,
      225,
      222
    ],
    "chars": {
      "n": 612,
      "min": 30,
      "max": 22514,
      "mean": 671.2042483660131,
      "std": 1787.8326983535717,
      "var": 3196345.757302213,
      "p10": 159,
      "p25": 271,
      "p50": 400,
      "p75": 595,
      "p90": 949,
      "p95": 1308,
      "p99": 10588
    },