{
  "primary_metric": "prompt_level_loose_acc",
  "n_items": 300,
  "n_items_correct": 53,
  "n_items_incorrect": 247,
  "n_items_unknown": 0,
  "n_generations": 300,
  "samples_per_item": [
    1
  ],
  "all_rollouts": {
    "tokens": {
      "n": 300,
      "min": 2,
      "max": 9244,
      "mean": 2871.5133333333333,
      "std": 2406.7215826698543,
      "var": 5792308.776488889,
      "p10": 62,
      "p25": 160,
      "p50": 4202,
      "p75": 4982,
      "p90": 5273,
      "p95": 5667,
      "p99": 7629
    },
    "tokens_histogram": {
      "edges": [
        0,
        10,
        20,
        50,
        100,
        200,
        500,
        1000,
        2000,
        5000,
        10000,
        20000,
        40000
      ],
      "counts": [
        2,
        1,
        17,
        30,
        34,
        30,
        15,
        3,
        97,
        71,
        0,
        0
      ],
      "labels": [
        "[0,10)",
        "[10,20)",
        "[20,50)",
        "[50,100)",
        "[100,200)",
        "[200,500)",
        "[500,1000)",
        "[1000,2000)",
        "[2000,5000)",
        "[5000,10000)",
        "[10000,20000)",
        "[20000,40000)"
      ]
    },
    "tokens_raw": [
      6958,
      4745,
      4533,
      4915,
      305,
      1274,
      5566,
      4098,
      4303,
      185,
      4472,
      5082,
      120,
      97,
      605,
      5262,
      5027,
      51,
      5735,
      53,
      124,
      4165,
      463,
      113,
      4543,
      3832,
      5157,
      4474,
      4098,
      4140,
      4544,
      6882,
      101,
      103,
      4993,
      4950,
      5172,
      64,
      4950,
      4599,
      820,
      31,
      4929,
      44,
      69,
      5247,
      4784,
      91,
      6716,
      131,
      307,
      4697,
      276,
      211,
      4762,
      5022,
      161,
      4939,
      4954,
      4595,
      4351,
      4876,
      5273,
      580,
      5061,
      6845,
      97,
      4525,
      5092,
      605,
      4743,
      5073,
      5327,
      426,
      210,
      4450,
      4368,
      62,
      5053,
      5004,
      42,
      4893,
      4127,
      243,
      4078,
      175,
      5050,
      121,
      4103,
      4847,
      431,
      61,
      4558,
      918,
      5066,
      4572,
      163,
      4861,
      117,
      4812,
      39,
      2508,
      4785,
      2,
      4876,
      4776,
      734,
      5154,
      4642,
      6509,
      9244,
      229,
      212,
      4988,
      4519,
      160,
      56,
      32,
      5001,
      888,
      5287,
      5834,
      1075,
      5061,
      698,
      4129,
      5417,
      199,
      915,
      4325,
      294,
      5034,
      228,
      4711,
      166,
      5153,
      5743,
      4708,
      4807,
      4721,
      4839,
      5305,
      4951,
      2652,
      330,
      647,
      204,
      5070,
      131,
      5392,
      152,
      4945,
      4934,
      4908,
      119,
      4978,
      82,
      58,
      648,
      88,
      253,
      4849,
      101,
      4638,
      346,
      326,
      50,
      4202,
      57,
      2,
      142,
      5419,
      194,
      5128,
      38,
      180,
      4626,
      4173,
      128,
      134,
      4057,
      5090,
      5001,
      77,
      5373,
      5211,
      4578,
      56,
      4695,
      53,
      4998,
      5624,
      5579,
      90,
      4791,
      5093,
      4427,
      131,
      5676,
      354,
      4876,
      120,
      5091,
      87,
      72,
      5288,
      88,
      2448,
      76,
      4785,
      4957,
      5131,
      5024,
      4427,
      5309,
      99,
      4559,
      16,
      4749,
      5054,
      4839,
      5155,
      152,
      4561,
      43,
      34,
      33,
      4515,
      5091,
      4740,
      456,
      4402,
      4737,
      6151,
      3107,
      45,
      5035,
      711,
      620,
      5667,
      279,
      4927,
      403,
      4846,
      5014,
      4358,
      4916,
      211,
      4957,
      4605,
      5054,
      117,
      5301,
      5058,
      7676,
      4982,
      57,
      5232,
      5075,
      801,
      5143,
      79,
      4109,
      92,
      103,
      5404,
      69,
      75,
      445,
      253,
      7629,
      86,
      4596,
      33,
      134,
      109,
      313,
      1861,
      5758,
      251,
      46,
      4151,
      146,
      32,
      4778,
      37,
      4723,
      31,
      844,
      380,
      5019,
      233,
      5229,
      133,
      145,
      326,
      47,
      48,
      5129,
      4086
    ],
    "chars": {
      "n": 300,
      "min": 3,
      "max": 58730,
      "mean": 13563.9,
      "std": 13125.60995649345,
      "var": 172281636.73,
      "p10": 270,
      "p25": 712,
      "p50": 12867,
      "p75": 23512,
      "p90": 30074,
      "p95": 35018,
      "p99": 49852
    },
    "chars_histogram": {
      "edges": [
        0,
        50,
        100,
        250,
        500,
        1000,
        2500,
        5000,
        10000,
        25000,
        50000,
        100000,
        200000
      ],
      "counts": [
        2,
        2,
        22,
        32,
        35,
        28,
        15,
        8,
        98,
        56,
        2,
        0
      ],
      "labels": [
        "[0,50)",
        "[50,100)",
        "[100,250)",
        "[250,500)",
        "[500,1000)",
        "[1000,2500)",
        "[2500,5000)",
        "[5000,10000)",
        "[10000,25000)",
        "[25000,50000)",
        "[50000,100000)",
        "[100000,200000)"
      ]
    }
  },
  "correct_rollouts": {
    "tokens": {
      "n": 53,
      "min": 2,
      "max": 6882,
      "mean": 2053.490566037736,
      "std": 2317.884792281178,
      "var": 5372589.910288359,
      "p10": 61,
      "p25": 131,
      "p50": 326,
      "p75": 4561,
      "p90": 5155,
      "p95": 5417,
      "p99": 6882
    },
    "tokens_histogram": {
      "edges": [
        0,
        10,
        20,
        50,
        100,
        200,
        500,
        1000,
        2000,
        5000,
        10000,
        20000,
        40000
      ],
      "counts": [
        1,
        0,
        2,
        8,
        9,
        10,
        2,
        0,
        13,
        8,
        0,
        0
      ],
      "labels": [
        "[0,10)",
        "[10,20)",
        "[20,50)",
        "[50,100)",
        "[100,200)",
        "[200,500)",
        "[500,1000)",
        "[1000,2000)",
        "[2000,5000)",
        "[5000,10000)",
        "[10000,20000)",
        "[20000,40000)"
      ]
    },
    "tokens_raw": [
      5566,
      4098,
      4140,
      6882,
      103,
      91,
      131,
      307,
      276,
      211,
      97,
      62,
      4127,
      243,
      431,
      61,
      2,
      4988,
      4519,
      160,
      56,
      32,
      5417,
      199,
      915,
      4325,
      294,
      5034,
      228,
      346,
      326,
      194,
      5128,
      4173,
      128,
      77,
      5211,
      90,
      5155,
      152,
      4561,
      711,
      4927,
      4846,
      4358,
      4916,
      4605,
      57,
      46,
      5229,
      133,
      145,
      326
    ],
    "chars": {
      "n": 53,
      "min": 3,
      "max": 58730,
      "mean": 9431.094339622641,
      "std": 12934.402462679585,
      "var": 167298767.06657174,
      "p10": 222,
      "p25": 504,
      "p50": 1188,
      "p75": 17663,
      "p90": 28338,
      "p95": 32430,
      "p99": 58730
    },
    "chars_histogram": {
      "edges": [
        0,
        50,
        100,
        250,
        500,
        1000,
        2500,
        5000,
        10000,
        25000,
        50000,
        100000,
        200000
      ],
      "counts": [
        1,
        1,
        4,
        7,
        10,
        8,
        2,
        1,
        11,
        7,
        1,
        0
      ],