{
  "primary_metric": "length_controlled_winrate",
  "n_items": 805,
  "n_items_correct": 0,
  "n_items_incorrect": 0,
  "n_items_unknown": 805,
  "n_generations": 805,
  "samples_per_item": [
    1
  ],
  "all_rollouts": {
    "tokens": {
      "n": 805,
      "min": 2,
      "max": 5718,
      "mean": 433.77267080745344,
      "std": 1014.1326186437426,
      "var": 1028464.9681972146,
      "p10": 2,
      "p25": 25,
      "p50": 159,
      "p75": 313,
      "p90": 636,
      "p95": 4021,
      "p99": 5014
    },
    "tokens_histogram": {
      "edges": [
        0,
        10,
        20,
        50,
        100,
        200,
        500,
        1000,
        2000,
        5000,
        10000,
        20000,
        40000
      ],
      "counts": [
        163,
        30,
        72,
        59,
        139,
        230,
        58,
        7,
        37,
        10,
        0,
        0
      ],
      "labels": [
        "[0,10)",
        "[10,20)",
        "[20,50)",
        "[50,100)",
        "[100,200)",
        "[200,500)",
        "[500,1000)",
        "[1000,2000)",
        "[2000,5000)",
        "[5000,10000)",
        "[10000,20000)",
        "[20000,40000)"
      ]
    },
    "tokens_raw": [
      103,
      595,
      5014,
      194,
      375,
      142,
      186,
      47,
      382,
      667,
      49,
      252,
      449,
      2,
      2,
      226,
      215,
      562,
      207,
      352,
      138,
      136,
      2,
      5097,
      13,
      2,
      28,
      257,
      351,
      216,
      4060,
      537,
      251,
      578,
      40,
      83,
      359,
      2,
      598,
      235,
      70,
      4,
      690,
      61,
      205,
      918,
      330,
      544,
      151,
      234,
      15,
      50,
      4100,
      306,
      218,
      157,
      3787,
      325,
      4249,
      129,
      148,
      319,
      391,
      258,
      4003,
      390,
      521,
      4021,
      365,
      263,
      58,
      16,
      182,
      108,
      254,
      194,
      260,
      620,
      2,
      386,
      206,
      110,
      4121,
      200,
      242,
      360,
      273,
      4098,
      73,
      341,
      484,
      48,
      4175,
      49,
      641,
      496,
      202,
      521,
      243,
      4173,
      740,
      61,
      60,
      562,
      545,
      59,
      239,
      293,
      4179,
      159,
      2,
      400,
      129,
      10,
      2,
      639,
      767,
      200,
      141,
      2313,
      47,
      178,
      49,
      198,
      767,
      62,
      278,
      243,
      57,
      377,
      186,
      102,
      223,
      223,
      130,
      10,
      4108,
      448,
      2,
      593,
      317,
      266,
      112,
      178,
      57,
      412,
      117,
      2,
      2161,
      238,
      135,
      5682,
      283,
      573,
      313,
      321,
      318,
      193,
      41,
      51,
      4162,
      47,
      169,
      894,
      54,
      120,
      169,
      61,
      17,
      4935,
      333,
      255,
      369,
      237,
      139,
      204,
      1351,
      536,
      104,
      152,
      5028,
      192,
      240,
      731,
      100,
      498,
      669,
      165,
      3912,
      209,
      3,
      190,
      176,
      212,
      567,
      16,
      2,
      40,
      149,
      3,
      247,
      2,
      82,
      2,
      636,
      323,
      300,
      47,
      2,
      202,
      13,
      233,
      288,
      221,
      2,
      446,
      241,
      2,
      136,
      223,
      283,
      4790,
      147,
      236,
      159,
      35,
      160,
      163,
      5083,
      136,
      144,
      61,
      48,
      328,
      254,
      5136,
      127,
      4191,
      240,
      291,
      339,
      4827,
      164,
      5126,
      221,
      15,
      278,
      214,
      176,
      44,
      2,
      3,
      439,
      2,
      494,
      204,
      814,
      252,
      244,
      59,
      128,
      93,
      2,
      576,
      273,
      777,
      27,
      904,
      203,
      790,
      2813,
      371,
      228,
      2,
      80,
      217,
      332,
      193,
      137,
      644,
      314,
      986,
      116,
      1299,
      5718,
      509,
      110,
      188,
      65,
      4135,
      317,
      13,
      24,
      32,
      16,
      154,
      14,
      387,
      356,
      65,
      487,
      159,
      228,
      2,
      245,
      2,
      385,
      76,
      313,
      449,
      340,
      45,
      1044,
      252,
      133,
      38,
      360,
      40,
      142,
      3,
      935,
      2,
      303,
      530,
      277,
      158,
      2,
      106,
      256,
      288,
      178,
      2,
      48,
      10,
      54,
      2,
      2,
      118,
      75,
      71,
      39,
      522,
      3,
      640,
      580,
      224,
      36,
      333,
      130,
      3,
      31,
      285,
      161,
      184,
      203,
      195,
      198,
      159,
      192,
      146,
      652,
      454,
      78,
      4553,
      360,
      270,
      42,
      317,
      69,
      1210,
      8,
      3,
      223,
      32,
      627,
      56,
      2,
      174,
      460,
      480,
      159,
      245,
      283,
      220,
      225,
      13,
      3,
      178,
      516,
      9,
      2,
      97,
      330,
      740,
      3,
      233,
      48,
      335,
      2,
      3,
      390,
      351,
      39,
      291,
      35,
      298,
      363,
      108,
      23,
      4823,
      667,
      179,
      115,
      410,
      4094,
      2,
      41,
      276,
      148,
      38,
      36,
      2,
      1148,
      33,
      28,
      4210,
      537,
      167,
      5010,
      309,
      141,
      280,
      306,
      71,
      1338,
      363,
      54,
      188,
      9,
      4,
      19,
      175,
      185,
      2,
      4736,
      2,
      57,
      209,
      163,
      280,
      598,
      302,
      456,
      2,
      239,
      108,
      4941,
      2,
      15,
      205,
      109,
      27,
      35,
      416,
      252,
      91,
      2,
      288,
      2,
      3,
      5097,
      2,
      99,
      2,
      2,
      31,
      3,
      6,
      186,
      21,
      3,
      3,
      2,
      40,
      3,
      2,
      2,
      3,
      108,
      74,
      184,
      112,
      61,
      2,
      2,
      2,
      179,
      131,
      94,
      404,
      3,
      93,
      180,
      71,
      47,
      133,
      61,
      158,
      3,
      19,
      42,
      208,
      249,
      37,
      2,
      315,
      171,
      305,
      392,
      191,
      350,
      2,
      3,
      2,
      194,
      2,
      2,
      37,
      40,
      2,
      131,
      2,
      336,
      226,
      3,
      2,
      32,
      6,
      2,
      2,
      3,
      2,
      72,
      2,
      2,
      3,
      127,
      162,
      150,
      2,
      258,
      352,
      2,
      100,
      38,
      126,
      606,
      4123,
      279,
      343,
      268,
      150,
      343,
      79,
      2,
      3,
      285,
      465,
      2,
      291,
      52,
      2,
      2,
      2,
      2,
      3,
      162,
      2,
      243,
      4981,
      802,
      259,
      16,
      228,
      258,
      172,
      339,
      190,
      42,
      248,
      196,
      290,
      117,
      244,
      138,
      196,
      197,
      3,
      3,
      38,
      43,
      4088,
      33,
      231,
      489,
      316,
      196,
      67,
      12,
      3,
      90,
      2,
      22,
      769,
      418,
      3,
      237,
      307,
      54,
      103,
      3,
      180,
      121,
      3,
      6,
      3,
      2,
      3,
      2,
      42,
      40,
      28,
      46,
      113,
      43,
      2,
      55,
      26,
      16,
      2,
      3,
      56,
      110,
      2,
