{
  "primary_metric": "length_controlled_winrate",
  "n_items": 805,
  "n_items_correct": 0,
  "n_items_incorrect": 0,
  "n_items_unknown": 805,
  "n_generations": 805,
  "samples_per_item": [
    1
  ],
  "all_rollouts": {
    "tokens": {
      "n": 805,
      "min": 2,
      "max": 5339,
      "mean": 601.6124223602485,
      "std": 1279.050241135504,
      "var": 1635969.5193487906,
      "p10": 7,
      "p25": 54,
      "p50": 160,
      "p75": 277,
      "p90": 4057,
      "p95": 4200,
      "p99": 4794
    },
    "tokens_histogram": {
      "edges": [
        0,
        10,
        20,
        50,
        100,
        200,
        500,
        1000,
        2000,
        5000,
        10000,
        20000,
        40000
      ],
      "counts": [
        86,
        26,
        76,
        89,
        216,
        195,
        29,
        4,
        78,
        6,
        0,
        0
      ],
      "labels": [
        "[0,10)",
        "[10,20)",
        "[20,50)",
        "[50,100)",
        "[100,200)",
        "[200,500)",
        "[500,1000)",
        "[1000,2000)",
        "[2000,5000)",
        "[5000,10000)",
        "[10000,20000)",
        "[20000,40000)"
      ]
    },
    "tokens_raw": [
      120,
      325,
      267,
      117,
      165,
      169,
      36,
      73,
      139,
      220,
      185,
      185,
      482,
      182,
      207,
      393,
      316,
      696,
      2,
      5125,
      126,
      142,
      42,
      4125,
      13,
      49,
      69,
      336,
      67,
      146,
      466,
      277,
      188,
      153,
      31,
      279,
      307,
      36,
      4134,
      21,
      45,
      681,
      4386,
      62,
      211,
      549,
      174,
      264,
      48,
      187,
      15,
      57,
      455,
      175,
      216,
      139,
      4273,
      312,
      346,
      175,
      216,
      240,
      263,
      4067,
      1229,
      189,
      336,
      81,
      182,
      585,
      59,
      43,
      266,
      183,
      137,
      200,
      347,
      246,
      67,
      232,
      160,
      159,
      478,
      160,
      143,
      215,
      311,
      4138,
      52,
      521,
      183,
      59,
      687,
      43,
      288,
      526,
      136,
      53,
      128,
      302,
      609,
      39,
      34,
      333,
      545,
      40,
      126,
      4156,
      4804,
      51,
      175,
      219,
      57,
      18,
      4154,
      954,
      749,
      192,
      42,
      140,
      19,
      71,
      76,
      251,
      385,
      58,
      182,
      195,
      90,
      357,
      5,
      95,
      206,
      127,
      217,
      151,
      4290,
      42,
      375,
      381,
      169,
      187,
      132,
      140,
      4153,
      270,
      139,
      96,
      1349,
      286,
      84,
      4559,
      380,
      760,
      200,
      88,
      463,
      88,
      2,
      46,
      480,
      4911,
      4057,
      241,
      57,
      48,
      238,
      117,
      3,
      4476,
      3,
      292,
      150,
      43,
      63,
      127,
      828,
      381,
      43,
      104,
      294,
      230,
      362,
      157,
      78,
      374,
      254,
      136,
      4132,
      106,
      3,
      155,
      138,
      4338,
      4296,
      32,
      50,
      31,
      128,
      2,
      185,
      4300,
      80,
      4093,
      226,
      71,
      271,
      49,
      588,
      4546,
      13,
      91,
      218,
      177,
      2,
      218,
      181,
      4101,
      136,
      109,
      110,
      641,
      31,
      364,
      149,
      49,
      208,
      117,
      5072,
      109,
      114,
      171,
      4153,
      112,
      4067,
      5061,
      145,
      3,
      234,
      294,
      1393,
      145,
      102,
      595,
      45,
      16,
      336,
      4,
      160,
      31,
      84,
      4081,
      192,
      4530,
      127,
      169,
      151,
      220,
      41,
      300,
      3,
      78,
      2,
      249,
      210,
      751,
      21,
      134,
      139,
      72,
      422,
      168,
      73,
      4031,
      78,
      154,
      4085,
      131,
      189,
      3,
      51,
      284,
      87,
      256,
      2127,
      157,
      28,
      187,
      137,
      4195,
      244,
      448,
      42,
      124,
      3,
      254,
      4136,
      307,
      204,
      82,
      301,
      388,
      229,
      4255,
      273,
      4,
      263,
      78,
      395,
      239,
      184,
      31,
      326,
      247,
      65,
      36,
      115,
      52,
      100,
      174,
      432,
      2,
      275,
      195,
      168,
      110,
      33,
      71,
      256,
      124,
      182,
      4,
      38,
      10,
      111,
      157,
      2,
      226,
      62,
      4794,
      19,
      274,
      39,
      239,
      4141,
      219,
      161,
      217,
      21,
      2,
      2,
      209,
      75,
      139,
      147,
      170,
      45,
      293,
      141,
      111,
      178,
      1140,
      7,
      4141,
      225,
      237,
      4507,
      140,
      44,
      4514,
      8,
      15,
      285,
      27,
      195,
      37,
      3,
      140,
      174,
      480,
      138,
      239,
      181,
      217,
      183,
      62,
      2,
      177,
      194,
      10,
      4226,
      112,
      277,
      198,
      185,
      205,
      40,
      253,
      154,
      899,
      184,
      157,
      51,
      55,
      27,
      236,
      217,
      62,
      22,
      4193,
      4204,
      161,
      72,
      754,
      270,
      284,
      326,
      212,
      80,
      62,
      20,
      51,
      303,
      41,
      13,
      259,
      139,
      181,
      280,
      209,
      139,
      205,
      106,
      3,
      773,
      175,
      15,
      247,
      26,
      8,
      16,
      179,
      106,
      69,
      126,
      3,
      63,
      137,
      38,
      162,
      196,
      654,
      88,
      99,
      257,
      135,
      318,
      48,
      15,
      171,
      100,
      64,
      18,
      577,
      243,
      84,
      7,
      195,
      4134,
      31,
      574,
      151,
      53,
      3,
      2,
      31,
      3,
      4,
      97,
      97,
      137,
      3,
      3,
      146,
      17,
      47,
      138,
      166,
      104,
      78,
      403,
      101,
      56,
      4228,
      4155,
      3,
      236,
      122,
      67,
      415,
      4131,
      72,
      4149,
      163,
      8,
      130,
      70,
      184,
      170,
      87,
      33,
      147,
      4356,
      4133,
      135,
      270,
      182,
      194,
      182,
      140,
      165,
      160,
      2,
      4586,
      183,
      4195,
      3,
      30,
      30,
      360,
      152,
      67,
      4157,
      41,
      203,
      111,
      34,
      2,
      3,
      4141,
      4178,
      3,
      58,
      3,
      3,
      9,
      127,
      139,
      82,
      3,
      365,
      331,
      4202,
      173,
      34,
      51,
      133,
      264,
      255,
      311,
      161,
      342,
      173,
      54,
      379,
      213,
      136,
      167,
      4121,
      179,
      2,
      2,
      4112,
      2,
      3,
      3,
      669,
      127,
      138,
      451,
      692,
      295,
      3,
      238,
      203,
      161,
      320,
      204,
      2,
      206,
      167,
      330,
      89,
      156,
      165,
      164,
      151,
      4509,
      2,
      268,
      3,
      188,
      40,
      151,
      384,
      213,
      160,
      54,
      15,
      146,
      49,
      175,
      28,
      4517,
      3,
      4133,
      251,
      196,
      36,
      45,
      31,
      178,
      4784,
      4200,
      4200,
      4237,
      4085,
      2,
      19,
      23,
      31,
      4,
      31,
      2,
