{
  "primary_metric": "length_controlled_winrate",
  "n_items": 805,
  "n_items_correct": 0,
  "n_items_incorrect": 0,
  "n_items_unknown": 805,
  "n_generations": 805,
  "samples_per_item": [
    1
  ],
  "all_rollouts": {
    "tokens": {
      "n": 805,
      "min": 2,
      "max": 6236,
      "mean": 440.47329192546584,
      "std": 1040.5180319208876,
      "var": 1082677.7747525172,
      "p10": 16,
      "p25": 52,
      "p50": 153,
      "p75": 258,
      "p90": 542,
      "p95": 4133,
      "p99": 4577
    },
    "tokens_histogram": {
      "edges": [
        0,
        10,
        20,
        50,
        100,
        200,
        500,
        1000,
        2000,
        5000,
        10000,
        20000,
        40000
      ],
      "counts": [
        59,
        29,
        107,
        91,
        228,
        205,
        31,
        4,
        49,
        2,
        0,
        0
      ],
      "labels": [
        "[0,10)",
        "[10,20)",
        "[20,50)",
        "[50,100)",
        "[100,200)",
        "[200,500)",
        "[500,1000)",
        "[1000,2000)",
        "[2000,5000)",
        "[5000,10000)",
        "[10000,20000)",
        "[20000,40000)"
      ]
    },
    "tokens_raw": [
      117,
      360,
      265,
      179,
      193,
      158,
      37,
      55,
      135,
      47,
      445,
      161,
      447,
      661,
      120,
      341,
      181,
      273,
      142,
      350,
      183,
      192,
      53,
      251,
      13,
      182,
      249,
      340,
      36,
      190,
      346,
      4148,
      439,
      141,
      37,
      4127,
      4133,
      771,
      461,
      36,
      41,
      228,
      224,
      55,
      97,
      4268,
      165,
      302,
      51,
      268,
      21,
      47,
      542,
      52,
      196,
      258,
      186,
      277,
      558,
      74,
      120,
      328,
      213,
      184,
      709,
      211,
      216,
      198,
      77,
      301,
      60,
      15,
      140,
      187,
      164,
      271,
      263,
      450,
      84,
      540,
      134,
      153,
      4328,
      175,
      115,
      336,
      294,
      4177,
      59,
      217,
      238,
      91,
      4196,
      27,
      456,
      877,
      140,
      149,
      742,
      37,
      345,
      4793,
      40,
      193,
      420,
      84,
      226,
      659,
      304,
      45,
      123,
      329,
      243,
      18,
      32,
      633,
      605,
      228,
      37,
      107,
      21,
      45,
      68,
      173,
      283,
      50,
      238,
      151,
      167,
      356,
      192,
      91,
      186,
      208,
      168,
      138,
      171,
      78,
      227,
      394,
      194,
      256,
      65,
      232,
      4121,
      601,
      173,
      157,
      4151,
      298,
      122,
      258,
      166,
      777,
      428,
      50,
      411,
      88,
      35,
      27,
      346,
      37,
      87,
      197,
      28,
      110,
      141,
      33,
      29,
      4564,
      3,
      225,
      149,
      226,
      95,
      74,
      636,
      428,
      42,
      128,
      280,
      151,
      4133,
      171,
      83,
      315,
      4189,
      118,
      319,
      127,
      3,
      166,
      159,
      205,
      338,
      36,
      110,
      48,
      139,
      2,
      144,
      4292,
      86,
      4096,
      242,
      253,
      216,
      37,
      623,
      4597,
      13,
      91,
      173,
      395,
      2,
      239,
      52,
      121,
      100,
      213,
      80,
      640,
      42,
      136,
      108,
      25,
      151,
      144,
      465,
      133,
      46,
      176,
      2,
      210,
      139,
      623,
      170,
      147,
      206,
      158,
      4126,
      335,
      1955,
      337,
      41,
      17,
      203,
      165,
      214,
      317,
      101,
      3,
      232,
      226,
      314,
      174,
      388,
      185,
      152,
      34,
      2,
      112,
      2,
      517,
      169,
      929,
      22,
      60,
      192,
      424,
      363,
      329,
      112,
      65,
      50,
      190,
      4079,
      153,
      118,
      3,
      55,
      301,
      89,
      276,
      763,
      75,
      25,
      195,
      133,
      1616,
      231,
      382,
      17,
      37,
      2,
      138,
      4134,
      115,
      300,
      71,
      301,
      149,
      126,
      49,
      162,
      3,
      325,
      46,
      485,
      220,
      144,
      56,
      344,
      153,
      56,
      5017,
      357,
      42,
      52,
      234,
      276,
      2,
      252,
      154,
      247,
      4891,
      40,
      70,
      329,
      188,
      130,
      4534,
      38,
      10,
      306,
      153,
      2,
      152,
      72,
      34,
      18,
      379,
      78,
      291,
      32,
      186,
      148,
      154,
      39,
      158,
      38,
      156,
      81,
      181,
      125,
      173,
      149,
      291,
      153,
      106,
      4132,
      393,
      9,
      218,
      307,
      229,
      29,
      133,
      45,
      629,
      8,
      15,
      291,
      31,
      227,
      81,
      38,
      133,
      232,
      485,
      118,
      178,
      215,
      133,
      97,
      53,
      2,
      190,
      225,
      10,
      4628,
      57,
      227,
      250,
      270,
      200,
      72,
      376,
      177,
      1479,
      235,
      164,
      53,
      67,
      25,
      177,
      263,
      300,
      22,
      45,
      436,
      158,
      44,
      267,
      219,
      159,
      123,
      156,
      141,
      38,
      20,
      39,
      212,
      35,
      39,
      384,
      180,
      114,
      354,
      137,
      104,
      100,
      75,
      3,
      311,
      4167,
      46,
      177,
      26,
      6,
      16,
      246,
      97,
      79,
      222,
      259,
      68,
      43,
      38,
      156,
      172,
      198,
      220,
      169,
      151,
      83,
      239,
      33,
      11,
      26,
      150,
      44,
      23,
      299,
      325,
      89,
      22,
      176,
      4207,
      36,
      591,
      2,
      83,
      4163,
      2,
      32,
      55,
      9,
      95,
      84,
      37,
      38,
      61,
      117,
      87,
      37,
      137,
      128,
      87,
      4125,
      184,
      102,
      8,
      4584,
      4217,
      3,
      110,
      139,
      54,
      368,
      4272,
      63,
      110,
      168,
      8,
      160,
      43,
      151,
      215,
      23,
      38,
      119,
      117,
      4307,
      168,
      308,
      166,
      182,
      30,
      123,
      116,
      222,
      3,
      42,
      107,
      3,
      44,
      39,
      15,
      343,
      125,
      4624,
      228,
      61,
      218,
      26,
      20,
      7,
      4577,
      195,
      4131,
      3,
      4204,
      3,
      6,
      33,
      114,
      111,
      153,
      2,
      294,
      309,
      14,
      174,
      62,
      39,
      159,
      311,
      270,
      233,
      263,
      242,
      231,
      54,
      198,
      231,
      136,
      516,
      155,
      179,
      66,
      3,
      2,
      2,
      2,
      3,
      721,
      269,
      128,
      145,
      540,
      307,
      2,
      392,
      200,
      144,
      472,
      232,
      2,
      242,
      115,
      144,
      110,
      166,
      58,
      187,
      154,
      4509,
      3,
      104,
      4143,
      243,
      32,
      170,
      417,
      287,
      101,
      41,
      18,
      143,
      42,
      120,
      12,
      132,
      155,
      4253,
      230,
      172,
      59,
      122,
      30,
      149,
      158,
      2,
      4200,
      6,
      3,
      22,
      19,
      26,
      31,
      4,
      30,
      87,
      44,
