{
  "primary_metric": "length_controlled_winrate",
  "n_items": 805,
  "n_items_correct": 0,
  "n_items_incorrect": 0,
  "n_items_unknown": 805,
  "n_generations": 805,
  "samples_per_item": [
    1
  ],
  "all_rollouts": {
    "tokens": {
      "n": 805,
      "min": 2,
      "max": 5157,
      "mean": 320.1565217391304,
      "std": 861.912112565231,
      "var": 742892.4897866595,
      "p10": 2,
      "p25": 27,
      "p50": 124,
      "p75": 230,
      "p90": 422,
      "p95": 664,
      "p99": 4977
    },
    "tokens_histogram": {
      "edges": [
        0,
        10,
        20,
        50,
        100,
        200,
        500,
        1000,
        2000,
        5000,
        10000,
        20000,
        40000
      ],
      "counts": [
        140,
        41,
        73,
        107,
        194,
        186,
        30,
        3,
        25,
        6,
        0,
        0
      ],
      "labels": [
        "[0,10)",
        "[10,20)",
        "[20,50)",
        "[50,100)",
        "[100,200)",
        "[200,500)",
        "[500,1000)",
        "[1000,2000)",
        "[2000,5000)",
        "[5000,10000)",
        "[10000,20000)",
        "[20000,40000)"
      ]
    },
    "tokens_raw": [
      343,
      327,
      229,
      160,
      145,
      142,
      26,
      63,
      2,
      266,
      89,
      194,
      322,
      2,
      4172,
      198,
      949,
      132,
      2,
      654,
      184,
      131,
      75,
      184,
      7,
      29,
      34,
      184,
      202,
      179,
      4541,
      385,
      68,
      237,
      16,
      108,
      396,
      5049,
      376,
      168,
      39,
      182,
      313,
      93,
      221,
      390,
      4160,
      440,
      65,
      336,
      15,
      59,
      446,
      385,
      175,
      337,
      331,
      293,
      280,
      61,
      331,
      310,
      236,
      538,
      4024,
      112,
      9,
      355,
      664,
      168,
      60,
      81,
      217,
      240,
      166,
      151,
      286,
      500,
      212,
      237,
      156,
      316,
      4977,
      129,
      193,
      351,
      297,
      4452,
      52,
      246,
      167,
      2,
      567,
      26,
      461,
      201,
      196,
      99,
      161,
      102,
      268,
      50,
      79,
      382,
      368,
      48,
      108,
      180,
      330,
      62,
      235,
      469,
      62,
      6,
      175,
      4035,
      448,
      162,
      53,
      4712,
      16,
      30,
      90,
      194,
      333,
      21,
      181,
      189,
      41,
      732,
      46,
      149,
      225,
      44,
      168,
      10,
      2,
      100,
      556,
      320,
      231,
      138,
      105,
      262,
      11,
      292,
      187,
      2,
      1074,
      12,
      102,
      259,
      10,
      4335,
      883,
      62,
      647,
      247,
      36,
      26,
      358,
      67,
      211,
      177,
      6,
      2,
      36,
      43,
      15,
      70,
      12,
      332,
      90,
      2,
      214,
      81,
      562,
      420,
      54,
      212,
      347,
      234,
      234,
      451,
      69,
      174,
      447,
      172,
      678,
      126,
      5,
      153,
      160,
      215,
      360,
      29,
      118,
      50,
      37,
      5,
      172,
      56,
      80,
      2,
      185,
      622,
      3947,
      29,
      2,
      2,
      9,
      52,
      170,
      36,
      2,
      216,
      95,
      124,
      121,
      157,
      137,
      254,
      68,
      172,
      52,
      22,
      204,
      145,
      5153,
      152,
      75,
      156,
      9,
      46,
      51,
      789,
      184,
      337,
      247,
      261,
      210,
      277,
      52,
      6,
      129,
      15,
      179,
      195,
      171,
      21,
      129,
      2,
      188,
      261,
      101,
      235,
      147,
      174,
      134,
      260,
      152,
      66,
      2,
      219,
      295,
      1026,
      68,
      168,
      91,
      212,
      368,
      303,
      119,
      71,
      66,
      243,
      202,
      2,
      120,
      615,
      53,
      447,
      112,
      287,
      4513,
      82,
      55,
      200,
      350,
      4154,
      192,
      460,
      4,
      58,
      2,
      163,
      13,
      203,
      223,
      53,
      322,
      155,
      4807,
      26,
      249,
      2,
      275,
      63,
      276,
      253,
      385,
      8,
      300,
      171,
      39,
      428,
      208,
      53,
      48,
      2,
      578,
      2,
      381,
      169,
      101,
      2540,
      7,
      100,
      355,
      167,
      15,
      2,
      12,
      10,
      176,
      137,
      3,
      71,
      34,
      46,
      18,
      436,
      2,
      365,
      368,
      247,
      155,
      137,
      10,
      2,
      7,
      108,
      97,
      222,
      560,
      175,
      152,
      194,
      143,
      100,
      649,
      417,
      7,
      334,
      627,
      238,
      2,
      111,
      135,
      4641,
      8,
      9,
      229,
      28,
      494,
      35,
      13,
      133,
      327,
      480,
      200,
      232,
      160,
      518,
      73,
      44,
      105,
      193,
      144,
      7,
      2,
      56,
      234,
      220,
      404,
      193,
      51,
      128,
      185,
      4978,
      112,
      182,
      53,
      157,
      36,
      121,
      84,
      158,
      23,
      4426,
      634,
      167,
      109,
      216,
      5010,
      312,
      146,
      163,
      66,
      45,
      38,
      134,
      5091,
      91,
      4,
      3515,
      225,
      133,
      107,
      100,
      110,
      69,
      62,
      2,
      266,
      293,
      54,
      206,
      2,
      4,
      25,
      177,
      212,
      118,
      189,
      208,
      30,
      168,
      34,
      178,
      234,
      4986,
      65,
      223,
      296,
      100,
      340,
      2,
      15,
      157,
      70,
      62,
      10,
      178,
      193,
      99,
      15,
      167,
      3,
      29,
      198,
      110,
      59,
      2,
      23,
      30,
      2,
      2,
      78,
      2,
      47,
      40,
      2,
      135,
      87,
      16,
      95,
      2,
      2,
      74,
      222,
      94,
      82,
      2,
      2,
      13,
      335,
      204,
      100,
      640,
      2,
      76,
      2,
      87,
      8,
      15,
      70,
      5,
      15,
      19,
      35,
      124,
      2,
      38,
      2,
      305,
      152,
      235,
      153,
      146,
      153,
      4761,
      2,
      2,
      123,
      2,
      115,
      29,
      29,
      2,
      125,
      2,
      2,
      93,
      104,
      147,
      32,
      3,
      2,
      151,
      2,
      2,
      49,
      2,
      2,
      5,
      119,
      152,
      172,
      2,
      378,
      287,
      17,
      77,
      30,
      47,
      2,
      422,
      65,
      286,
      192,
      195,
      464,
      59,
      153,
      2,
      67,
      2,
      18,
      255,
      52,
      2,
      2,
      2,
      2,
      2,
      2,
      124,
      143,
      2,
      518,
      2,
      16,
      356,
      192,
      98,
      4936,
      135,
      2,
      249,
      207,
      190,
      229,
      193,
      27,
      197,
      143,
      2,
      2,
      112,
      41,
      554,
      49,
      230,
      412,
      230,
      147,
      2,
      21,
      77,
      57,
      183,
      19,
      181,
      126,
      92,
      242,
      194,
      54,
      52,
      21,
      2,
      84,
      6,
      3,
      2,
      10,
      2,
      17,
      2,
      26,
      8,
      42,
      98,
      2,
      2,
      38,
      2,
      6,
      4,
      9,
      79,
      95,
      2,
      172,
      2,
      75,
      4690,
      40,
