{
  "primary_metric": "exact_match_flex",
  "n_items": 500,
  "n_items_correct": 247,
  "n_items_incorrect": 253,
  "n_items_unknown": 0,
  "n_generations": 500,
  "samples_per_item": [
    1
  ],
  "all_rollouts": {
    "tokens": {
      "n": 500,
      "min": 2,
      "max": 5183,
      "mean": 607.254,
      "std": 1096.4418349752987,
      "var": 1202184.697484,
      "p10": 44,
      "p25": 208,
      "p50": 299,
      "p75": 446,
      "p90": 683,
      "p95": 4089,
      "p99": 5073
    },
    "tokens_histogram": {
      "edges": [
        0,
        10,
        20,
        50,
        100,
        200,
        500,
        1000,
        2000,
        5000,
        10000,
        20000,
        40000
      ],
      "counts": [
        30,
        11,
        10,
        5,
        58,
        290,
        55,
        5,
        24,
        12,
        0,
        0
      ],
      "labels": [
        "[0,10)",
        "[10,20)",
        "[20,50)",
        "[50,100)",
        "[100,200)",
        "[200,500)",
        "[500,1000)",
        "[1000,2000)",
        "[2000,5000)",
        "[5000,10000)",
        "[10000,20000)",
        "[20000,40000)"
      ]
    },
    "tokens_raw": [
      215,
      195,
      5009,
      265,
      8,
      180,
      412,
      744,
      369,
      237,
      344,
      175,
      194,
      202,
      134,
      634,
      213,
      24,
      288,
      340,
      122,
      500,
      197,
      657,
      6,
      397,
      241,
      169,
      192,
      274,
      207,
      248,
      209,
      5183,
      5154,
      299,
      316,
      30,
      238,
      578,
      184,
      537,
      261,
      346,
      296,
      492,
      497,
      624,
      184,
      277,
      407,
      213,
      15,
      36,
      13,
      178,
      127,
      446,
      275,
      299,
      370,
      350,
      4032,
      252,
      157,
      96,
      32,
      240,
      175,
      343,
      318,
      286,
      4089,
      285,
      279,
      279,
      4903,
      176,
      342,
      199,
      562,
      5069,
      401,
      4687,
      337,
      383,
      10,
      501,
      582,
      279,
      7,
      256,
      449,
      390,
      425,
      613,
      95,
      6,
      176,
      1531,
      2,
      315,
      170,
      313,
      140,
      8,
      182,
      198,
      378,
      270,
      311,
      291,
      184,
      287,
      656,
      327,
      331,
      225,
      327,
      4857,
      255,
      206,
      303,
      469,
      286,
      246,
      408,
      238,
      7,
      5043,
      353,
      366,
      6,
      275,
      635,
      275,
      337,
      336,
      259,
      402,
      322,
      6,
      242,
      573,
      206,
      300,
      232,
      441,
      163,
      837,
      409,
      250,
      208,
      385,
      469,
      297,
      250,
      5076,
      571,
      357,
      450,
      98,
      490,
      3483,
      340,
      224,
      254,
      2,
      8,
      266,
      294,
      268,
      401,
      674,
      277,
      4279,
      5045,
      3,
      248,
      1203,
      325,
      324,
      234,
      415,
      236,
      194,
      440,
      326,
      121,
      303,
      268,
      119,
      525,
      367,
      4931,
      408,
      2,
      457,
      218,
      235,
      434,
      814,
      401,
      471,
      3953,
      442,
      380,
      7,
      341,
      298,
      233,
      287,
      196,
      345,
      8,
      414,
      697,
      5123,
      216,
      15,
      11,
      477,
      433,
      5019,
      185,
      197,
      169,
      36,
      302,
      7,
      208,
      729,
      255,
      431,
      313,
      558,
      418,
      499,
      517,
      310,
      189,
      512,
      591,
      263,
      352,
      509,
      10,
      476,
      5073,
      1294,
      422,
      129,
      584,
      182,
      223,
      252,
      337,
      314,
      4948,
      93,
      598,
      329,
      222,
      268,
      266,
      239,
      605,
      265,
      200,
      206,
      11,
      480,
      410,
      407,
      287,
      175,
      344,
      2,
      193,
      2,
      377,
      158,
      8,
      6,
      625,
      142,
      291,
      364,
      1832,
      430,
      360,
      246,
      203,
      428,
      282,
      2860,
      44,
      387,
      645,
      237,
      129,
      10,
      125,
      441,
      516,
      277,
      207,
      305,
      290,
      324,
      302,
      559,
      167,
      282,
      262,
      303,
      482,
      95,
      409,
      257,
      454,
      7,
      221,
      371,
      328,
      2529,
      291,
      581,
      238,
      203,
      293,
      4939,
      384,
      303,
      410,
      458,
      249,
      369,
      298,
      347,
      400,
      514,
      369,
      228,
      340,
      183,
      366,
      276,
      289,
      5058,
      244,
      245,
      278,
      290,
      469,
      422,
      789,
      264,
      161,
      2631,
      393,
      220,
      11,
      178,
      497,
      586,
      242,
      149,
      242,
      261,
      149,
      209,
      219,
      300,
      6,
      446,
      564,
      260,
      338,
      44,
      683,
      662,
      450,
      606,
      162,
      265,
      231,
      259,
      290,
      4972,
      359,
      742,
      3276,
      349,
      362,
      277,
      290,
      231,
      9,
      10,
      4117,
      405,
      307,
      498,
      274,
      2,
      377,
      336,
      260,
      618,
      372,
      3,
      505,
      212,
      463,
      613,
      259,
      168,
      370,
      489,
      4224,
      4029,
      470,
      265,
      457,
      267,
      418,
      229,
      568,
      498,
      8,
      320,
      402,
      2,
      343,
      267,
      3823,
      376,
      5028,
      308,
      248,
      9,
      179,
      272,
      3176,
      23,
      3841,
      364,
      371,
      180,
      544,
      290,
      450,
      353,
      592,
      41,
      589,
      22,
      3,
      1316,
      187,
      528,
      263,
      250,
      603,
      144,
      426,
      155,
      216,
      242,
      412,
      261,
      272,
      16,
      501,
      321,
      275,
      708,
      304,
      198,
      662,
      235,
      459,
      4173,
      346,
      116,
      207,
      222,
      189,
      434,
      336,
      8,
      681,
      426,
      191,
      224,
      4989,
      192,
      303,
      279
    ],
    "chars": {
      "n": 500,
      "min": 4,
      "max": 16998,
      "mean": 1396.12,
      "std": 2123.8897715277035,
      "var": 4510907.7616,
      "p10": 148,
      "p25": 600,
      "p50": 864,
      "p75": 1157,
      "p90": 1779,
      "p95": 7301,
      "p99": 10300
    },
    "chars_histogram": {
      "edges": [
        0,
        50,
        100,
        250,
        500,
        1000,
        2500,
        5000,
        10000,
        25000,
        50000,
        100000,
        200000
      ],
      "counts": [
        41,
        5,
        7,
        27,
        238,
        141,
        6,
        29,
        6,
        0,
        0,
        0
      ],
      "labels": [
        "[0,50)",
        "[50,100)",
        "[100,250)",
        "[250,500)",
        "[500,1000)",
        "[1000,2500)",
        "[2500,5000)",
        "[5000,10000)",
        "[10000,25000)",
        "[25000,50000)",
        "[50000,100000)",
        "[100000,200000)"
      ]
    }
  },
  "correct_rollouts": {
    "tokens": {
      "n": 247,
      "min": 6,
      "max": 2631,
      "mean": 334.61538461538464,
      "std": 240.1148886748042,
      "var": 57655.15976331361,
      "p10": 149,
      "p25": 213,
      "p50": 290,
      "p75": 408,
      "p90": 559,
      "p95": 662,
      "p99": 1294
    },