{
  "primary_metric": "prompt_level_loose_acc",
  "n_items": 300,
  "n_items_correct": 45,
  "n_items_incorrect": 255,
  "n_items_unknown": 0,
  "n_generations": 300,
  "samples_per_item": [
    1
  ],
  "all_rollouts": {
    "tokens": {
      "n": 300,
      "min": 3,
      "max": 12718,
      "mean": 3386.4766666666665,
      "std": 2282.7679607855216,
      "var": 5211029.562788889,
      "p10": 86,
      "p25": 327,
      "p50": 4428,
      "p75": 4947,
      "p90": 5183,
      "p95": 5604,
      "p99": 9060
    },
    "tokens_histogram": {
      "edges": [
        0,
        10,
        20,
        50,
        100,
        200,
        500,
        1000,
        2000,
        5000,
        10000,
        20000,
        40000
      ],
      "counts": [
        1,
        1,
        11,
        21,
        28,
        23,
        10,
        1,
        143,
        60,
        1,
        0
      ],
      "labels": [
        "[0,10)",
        "[10,20)",
        "[20,50)",
        "[50,100)",
        "[100,200)",
        "[200,500)",
        "[500,1000)",
        "[1000,2000)",
        "[2000,5000)",
        "[5000,10000)",
        "[10000,20000)",
        "[20000,40000)"
      ]
    },
    "tokens_raw": [
      147,
      189,
      6067,
      4919,
      34,
      4608,
      5696,
      4686,
      4253,
      4985,
      173,
      5317,
      4947,
      5183,
      4952,
      5150,
      5016,
      51,
      193,
      4299,
      4319,
      4204,
      5291,
      70,
      485,
      4901,
      4488,
      54,
      5604,
      3999,
      4466,
      4799,
      101,
      103,
      4780,
      5018,
      4292,
      4124,
      5655,
      4274,
      764,
      35,
      5727,
      5079,
      71,
      4597,
      4669,
      4909,
      4934,
      221,
      4936,
      4535,
      5077,
      4550,
      4262,
      253,
      4476,
      4611,
      5053,
      61,
      4924,
      4863,
      5075,
      519,
      63,
      5220,
      4499,
      4283,
      4335,
      4548,
      4609,
      4908,
      4980,
      4451,
      4627,
      5044,
      4999,
      82,
      5215,
      5581,
      4135,
      4239,
      4226,
      4582,
      4744,
      140,
      115,
      4295,
      4255,
      4910,
      238,
      4185,
      4558,
      4398,
      5257,
      4705,
      5100,
      4946,
      5183,
      4146,
      4575,
      4812,
      4511,
      53,
      9372,
      4508,
      5053,
      5086,
      5065,
      4319,
      9060,
      223,
      70,
      5573,
      463,
      4981,
      43,
      124,
      5127,
      892,
      4345,
      4529,
      402,
      4893,
      4911,
      4554,
      4978,
      202,
      1263,
      4792,
      164,
      114,
      5752,
      4608,
      613,
      961,
      5130,
      5148,
      4144,
      4899,
      5051,
      4652,
      4883,
      4901,
      4951,
      948,
      5145,
      5147,
      4570,
      189,
      152,
      5384,
      5159,
      4174,
      86,
      4683,
      73,
      57,
      698,
      12718,
      146,
      4291,
      256,
      5111,
      5067,
      5149,
      5077,
      4287,
      4507,
      3,
      4697,
      5476,
      189,
      180,
      100,
      4079,
      4377,
      78,
      5152,
      62,
      4322,
      101,
      4594,
      6615,
      670,
      4256,
      5402,
      4966,
      4706,
      4121,
      4403,
      4924,
      360,
      269,
      5026,
      4328,
      5425,
      4777,
      4480,
      166,
      4263,
      5595,
      4276,
      4576,
      66,
      655,
      128,
      174,
      4159,
      4957,
      4428,
      112,
      4808,
      4426,
      4735,
      4331,
      4199,
      16,
      378,
      4923,
      4751,
      97,
      146,
      214,
      145,
      34,
      4646,
      359,
      4786,
      464,
      5473,
      4658,
      6886,
      5088,
      4970,
      5669,
      167,
      49,
      67,
      4199,
      4796,
      4283,
      327,
      4572,
      4703,
      4465,
      4725,
      4215,
      5183,
      4217,
      4225,
      4117,
      5200,
      4412,
      213,
      316,
      4132,
      4948,
      4941,
      5109,
      4396,
      4241,
      4107,
      4686,
      4790,
      4157,
      69,
      7151,
      4343,
      4324,
      4846,
      86,
      43,
      32,
      135,
      4343,
      308,
      4955,
      372,
      244,
      46,
      50,
      690,
      32,
      4582,
      4278,
      86,
      4777,
      5732,
      5028,
      4994,
      5704,
      191,
      131,
      235,
      389,
      44,
      47,
      5146,
      4939
    ],
    "chars": {
      "n": 300,
      "min": 13,
      "max": 56179,
      "mean": 14308.123333333333,
      "std": 10522.349275777513,
      "var": 110719834.28145556,
      "p10": 393,
      "p25": 1480,
      "p50": 17451,
      "p75": 22497,
      "p90": 25601,
      "p95": 29144,
      "p99": 34103
    },
    "chars_histogram": {
      "edges": [
        0,
        50,
        100,
        250,
        500,
        1000,
        2500,
        5000,
        10000,
        25000,
        50000,
        100000,
        200000
      ],
      "counts": [
        1,
        3,
        14,
        22,
        24,
        21,
        12,
        11,
        157,
        34,
        1,
        0
      ],
      "labels": [
        "[0,50)",
        "[50,100)",
        "[100,250)",
        "[250,500)",
        "[500,1000)",
        "[1000,2500)",
        "[2500,5000)",
        "[5000,10000)",
        "[10000,25000)",
        "[25000,50000)",
        "[50000,100000)",
        "[100000,200000)"
      ]
    }
  },
  "correct_rollouts": {
    "tokens": {
      "n": 45,
      "min": 43,
      "max": 5752,
      "mean": 3009.2444444444445,
      "std": 2284.533369864553,
      "var": 5219092.718024692,
      "p10": 97,
      "p25": 202,
      "p50": 4283,
      "p75": 4936,
      "p90": 5476,
      "p95": 5604,
      "p99": 5752
    },
    "tokens_histogram": {
      "edges": [
        0,
        10,
        20,
        50,
        100,
        200,
        500,
        1000,
        2000,
        5000,
        10000,
        20000,
        40000
      ],
      "counts": [
        0,
        0,
        2,
        3,
        6,
        5,
        1,
        1,
        19,
        8,
        0,
        0
      ],
      "labels": [
        "[0,10)",
        "[10,20)",
        "[20,50)",
        "[50,100)",
        "[100,200)",
        "[200,500)",
        "[500,1000)",
        "[1000,2000)",
        "[2000,5000)",
        "[5000,10000)",
        "[10000,20000)",
        "[20000,40000)"
      ]
    },
    "tokens_raw": [
      5696,
      4901,
      5604,
      3999,
      4799,
      103,
      221,
      4936,
      5077,
      4550,
      4262,
      4476,
      82,
      4226,
      4582,
      5183,
      5573,
      463,
      4981,
      43,
      124,
      4978,
      202,
      1263,
      4792,
      164,
      114,
      5752,
      5476,
      4377,
      78,
      4966,
      5026,
      4923,
      97,
      4283,
      4725,
      4396,
      4241,
      46,
      690,
      191,
      131,
      235,
      389
    ],
    "chars": {
      "n": 45,
      "min": 97,
      "max": 31500,
      "mean": 11687.68888888889,
      "std": 9921.94587954113,
      "var": 98445010.0365432,
      "p10": 442,
      "p25": 950,
      "p50": 12843,
      "p75": 18077,
      "p90": 25185,
      "p95": 29488,
      "p99": 31500
    },
    "chars_histogram": {
      "edges": [
        0,
        50,
        100,
        250,
        500,
        1000,
        2500,
        5000,
        10000,
        25000,
        50000,
        100000,
        200000
      ],
      "counts": [
        0,
        1,
        1,
        4,
        6,
        4,
        2,
        2,
        20,
        5,
        0,
        0
      ],