{
  "primary_metric": "prompt_level_loose_acc",
  "n_items": 300,
  "n_items_correct": 113,
  "n_items_incorrect": 187,
  "n_items_unknown": 0,
  "n_generations": 300,
  "samples_per_item": [
    1
  ],
  "all_rollouts": {
    "tokens": {
      "n": 300,
      "min": 2,
      "max": 5163,
      "mean": 2220.7833333333333,
      "std": 2321.8907632334663,
      "var": 5391176.716388889,
      "p10": 2,
      "p25": 2,
      "p50": 110,
      "p75": 4628,
      "p90": 4889,
      "p95": 5016,
      "p99": 5142
    },
    "tokens_histogram": {
      "edges": [
        0,
        10,
        20,
        50,
        100,
        200,
        500,
        1000,
        2000,
        5000,
        10000,
        20000,
        40000
      ],
      "counts": [
        139,
        0,
        6,
        5,
        6,
        1,
        0,
        0,
        126,
        17,
        0,
        0
      ],
      "labels": [
        "[0,10)",
        "[10,20)",
        "[20,50)",
        "[50,100)",
        "[100,200)",
        "[200,500)",
        "[500,1000)",
        "[1000,2000)",
        "[2000,5000)",
        "[5000,10000)",
        "[10000,20000)",
        "[20000,40000)"
      ]
    },
    "tokens_raw": [
      4515,
      4791,
      4808,
      4254,
      5,
      4361,
      4267,
      4589,
      4333,
      4271,
      4922,
      4711,
      3,
      4585,
      4,
      3,
      4111,
      2,
      2,
      4815,
      2,
      3,
      4944,
      4947,
      4933,
      4,
      2,
      3,
      4136,
      2,
      4,
      4660,
      4314,
      4368,
      4809,
      2,
      4271,
      4741,
      4886,
      54,
      4876,
      4623,
      2,
      4269,
      2,
      2,
      2,
      2,
      2,
      2,
      2,
      2,
      4732,
      4205,
      4840,
      2,
      2,
      5163,
      4818,
      4,
      2,
      2,
      133,
      2,
      2,
      4524,
      4283,
      4638,
      4254,
      4628,
      3,
      4605,
      4582,
      4957,
      22,
      149,
      3,
      2,
      3,
      3,
      2,
      5019,
      2,
      3,
      2,
      2,
      2,
      5010,
      4691,
      3,
      2,
      2,
      4706,
      4,
      2,
      4710,
      2,
      4328,
      43,
      24,
      2,
      3,
      2,
      2,
      4,
      2,
      82,
      2,
      5017,
      4264,
      4741,
      4877,
      4607,
      4571,
      5092,
      2,
      79,
      4410,
      5082,
      4807,
      4718,
      4787,
      2,
      5016,
      4314,
      4255,
      3,
      29,
      128,
      25,
      55,
      2,
      115,
      3,
      4768,
      2,
      2,
      2,
      3,
      3,
      2,
      2,
      3,
      5098,
      4455,
      4623,
      4270,
      4932,
      4208,
      2,
      3,
      3,
      4981,
      2,
      4579,
      2,
      4,
      2,
      4348,
      4578,
      3,
      4403,
      4654,
      4137,
      2,
      4311,
      2,
      2,
      2,
      2,
      4509,
      4,
      4939,
      2,
      2,
      4202,
      4207,
      2,
      4458,
      4574,
      3,
      4403,
      4581,
      3,
      3,
      4728,
      4274,
      4,
      3,
      4594,
      3,
      4700,
      2,
      2,
      4938,
      5002,
      3,
      3,
      4917,
      3,
      3,
      3,
      2,
      3,
      2,
      2,
      4538,
      4553,
      4447,
      4586,
      4836,
      4653,
      4441,
      4876,
      4585,
      5139,
      4821,
      2,
      5076,
      2,
      3,
      2,
      3,
      3,
      4449,
      4735,
      4742,
      4278,
      3,
      3,
      3,
      2,
      3,
      2,
      4706,
      4889,
      4976,
      4925,
      2,
      4786,
      4591,
      4719,
      4464,
      4651,
      3,
      4273,
      4694,
      5132,
      4599,
      4425,
      5026,
      2,
      2,
      3,
      4640,
      4435,
      4727,
      4578,
      2,
      2,
      2,
      4423,
      2,
      5145,
      5115,
      3,
      3,
      4877,
      4264,
      5142,
      2,
      4273,
      4720,
      4733,
      110,
      4581,
      4580,
      2,
      2,
      2,
      5016,
      2,
      2,
      4733,
      4713,
      2,
      2,
      4716,
      2,
      2,
      3,
      2,
      130,
      279,
      23,
      52,
      4603,
      3,
      5,
      3
    ],
    "chars": {
      "n": 300,
      "min": 1,
      "max": 5162,
      "mean": 2239.7966666666666,
      "std": 2305.9586167121233,
      "var": 5317445.141988889,
      "p10": 1,
      "p25": 9,
      "p50": 425,
      "p75": 4627,
      "p90": 4888,
      "p95": 5015,
      "p99": 5141
    },
    "chars_histogram": {
      "edges": [
        0,
        50,
        100,
        250,
        500,
        1000,
        2500,
        5000,
        10000,
        25000,
        50000,
        100000,
        200000
      ],
      "counts": [
        139,
        2,
        8,
        3,
        4,
        1,
        126,
        17,
        0,
        0,
        0,
        0
      ],
      "labels": [
        "[0,50)",
        "[50,100)",
        "[100,250)",
        "[250,500)",
        "[500,1000)",
        "[1000,2500)",
        "[2500,5000)",
        "[5000,10000)",
        "[10000,25000)",
        "[25000,50000)",
        "[50000,100000)",
        "[100000,200000)"
      ]
    }
  },
  "correct_rollouts": {
    "tokens": {
      "n": 113,
      "min": 2,
      "max": 5145,
      "mean": 1557.575221238938,
      "std": 2173.5822591432143,
      "var": 4724459.837262119,
      "p10": 2,
      "p25": 2,
      "p50": 3,
      "p75": 4403,
      "p90": 4727,
      "p95": 4939,
      "p99": 5142
    },
    "tokens_histogram": {
      "edges": [
        0,
        10,
        20,
        50,
        100,
        200,
        500,
        1000,
        2000,
        5000,
        10000,
        20000,
        40000
      ],
      "counts": [
        64,
        0,
        4,
        3,
        3,
        1,
        0,
        0,
        34,
        4,
        0,
        0
      ],
      "labels": [
        "[0,10)",
        "[10,20)",
        "[20,50)",
        "[50,100)",
        "[100,200)",
        "[200,500)",
        "[500,1000)",
        "[1000,2000)",
        "[2000,5000)",
        "[5000,10000)",
        "[10000,20000)",
        "[20000,40000)"
      ]
    },
    "tokens_raw": [
      2,
      2,
      2,
      2,
      2,
      4957,
      22,
      3,
      2,
      3,
      3,
      2,
      2,
      4706,
      4,
      2,
      2,
      3,
      2,
      4571,
      5092,
      2,
      79,
      4410,
      3,
      29,
      128,
      25,
      55,
      2,
      115,
      3,
      4768,
      2,
      2,
      2,
      2,
      4579,
      2,
      4,
      2,
      3,
      4403,
      4654,
      4137,
      2,
      4311,
      4,
      4939,
      2,
      2,
      4202,
      4207,
      2,
      4458,
      4574,
      3,
      4403,
      4581,
      3,
      3,
      4728,
      4274,
      4,
      3,
      3,
      2,
      2,
      2,
      2,
      3,
      2,
      3,
      3,
      4449,
      4735,
      4742,
      4278,
      3,
      3,
      3,
      2,
      3,
      2,
      4719,
      4464,
      4651,
      3,
      4273,
      4694,
      2,
      3,
      4640,
      4435,
      4727,
      5145,
      5115,
      3,
      3,
      4877,
      4264,
      5142,
      2,
      2,
      3,
      2,
      130,
      279,
      23,
      52,
      4603,
      3,
      3
    ],
    "chars": {
      "n": 113,
      "min": 1,
      "max": 5144,
      "mean": 1591.9469026548672,
      "std": 2155.325221710163,
      "var": 4645426.811339964,
      "p10": 1,
      "p25": 5,
      "p50": 11,
      "p75": 4402,
      "p90": 4726,
      "p95": 4938,
      "p99": 5141
    },