{
  "primary_metric": "exact_match_flex",
  "n_items": 500,
  "n_items_correct": 107,
  "n_items_incorrect": 393,
  "n_items_unknown": 0,
  "n_generations": 500,
  "samples_per_item": [
    1
  ],
  "all_rollouts": {
    "tokens": {
      "n": 500,
      "min": 2,
      "max": 4963,
      "mean": 83.312,
      "std": 483.97302265312265,
      "var": 234229.886656,
      "p10": 2,
      "p25": 6,
      "p50": 8,
      "p75": 15,
      "p90": 46,
      "p95": 195,
      "p99": 4162
    },
    "tokens_histogram": {
      "edges": [
        0,
        10,
        20,
        50,
        100,
        200,
        500,
        1000,
        2000,
        5000,
        10000,
        20000,
        40000
      ],
      "counts": [
        285,
        123,
        43,
        8,
        17,
        14,
        2,
        2,
        6,
        0,
        0,
        0
      ],
      "labels": [
        "[0,10)",
        "[10,20)",
        "[20,50)",
        "[50,100)",
        "[100,200)",
        "[200,500)",
        "[500,1000)",
        "[1000,2000)",
        "[2000,5000)",
        "[5000,10000)",
        "[10000,20000)",
        "[20000,40000)"
      ]
    },
    "tokens_raw": [
      169,
      114,
      14,
      7,
      3,
      7,
      2,
      16,
      243,
      10,
      9,
      6,
      8,
      2,
      7,
      23,
      114,
      2,
      15,
      6,
      16,
      9,
      435,
      469,
      2,
      10,
      13,
      2,
      17,
      2,
      25,
      11,
      8,
      11,
      6,
      6,
      6,
      7,
      100,
      7,
      7,
      3,
      7,
      17,
      9,
      6,
      6,
      6,
      10,
      2,
      8,
      46,
      6,
      11,
      9,
      16,
      7,
      20,
      9,
      2,
      548,
      12,
      6,
      287,
      12,
      6,
      15,
      19,
      8,
      9,
      9,
      9,
      17,
      14,
      10,
      2,
      6,
      10,
      8,
      6,
      6,
      6,
      2,
      27,
      6,
      12,
      8,
      6,
      6,
      33,
      7,
      28,
      13,
      7,
      18,
      10,
      17,
      6,
      10,
      33,
      2,
      7,
      12,
      6,
      7,
      8,
      10,
      7,
      6,
      29,
      6,
      8,
      7,
      12,
      16,
      8,
      214,
      6,
      19,
      2,
      6,
      6,
      6,
      2,
      11,
      195,
      12,
      11,
      7,
      4206,
      6,
      10,
      6,
      2,
      7,
      2,
      166,
      10,
      10,
      21,
      6,
      6,
      9,
      6,
      26,
      6,
      14,
      7,
      7,
      2,
      21,
      7,
      3,
      11,
      133,
      10,
      19,
      6,
      8,
      330,
      7,
      29,
      14,
      4809,
      1651,
      10,
      11,
      3,
      6,
      26,
      7,
      12,
      12,
      18,
      6,
      563,
      15,
      2,
      30,
      4162,
      6,
      234,
      9,
      2,
      269,
      6,
      9,
      6,
      6,
      2,
      10,
      6,
      7,
      6,
      17,
      7,
      3,
      6,
      8,
      2,
      8,
      7,
      10,
      2682,
      59,
      44,
      392,
      7,
      6,
      3,
      6,
      8,
      2,
      10,
      8,
      6,
      24,
      11,
      32,
      10,
      8,
      20,
      143,
      21,
      11,
      8,
      6,
      2,
      429,
      7,
      10,
      6,
      6,
      7,
      180,
      10,
      7,
      7,
      103,
      20,
      18,
      59,
      10,
      2,
      6,
      9,
      7,
      6,
      26,
      7,
      329,
      4,
      15,
      11,
      8,
      2,
      12,
      8,
      7,
      66,
      7,
      7,
      6,
      7,
      2,
      9,
      22,
      8,
      6,
      6,
      2,
      17,
      87,
      2,
      168,
      20,
      6,
      14,
      62,
      2,
      124,
      9,
      4,
      13,
      8,
      21,
      12,
      22,
      15,
      11,
      16,
      7,
      9,
      2,
      2,
      7,
      6,
      2,
      26,
      19,
      7,
      10,
      2,
      7,
      12,
      10,
      6,
      18,
      10,
      23,
      2,
      2,
      17,
      7,
      8,
      10,
      2,
      6,
      27,
      11,
      12,
      7,
      6,
      24,
      2,
      6,
      9,
      8,
      6,
      9,
      9,
      11,
      6,
      149,
      7,
      6,
      14,
      3,
      11,
      9,
      4845,
      18,
      6,
      10,
      225,
      6,
      15,
      25,
      9,
      10,
      6,
      11,
      7,
      8,
      8,
      13,
      10,
      6,
      6,
      6,
      6,
      6,
      3,
      6,
      17,
      6,
      78,
      6,
      76,
      2,
      7,
      6,
      7,
      12,
      44,
      134,
      2,
      29,
      6,
      3,
      40,
      10,
      3,
      21,
      12,
      2,
      6,
      7,
      6,
      14,
      8,
      6,
      3,
      2,
      6,
      6,
      6,
      7,
      3,
      29,
      10,
      6,
      15,
      6,
      2,
      7,
      24,
      6,
      20,
      448,
      6,
      2,
      8,
      9,
      6,
      6,
      101,
      6,
      16,
      172,
      217,
      7,
      9,
      13,
      8,
      14,
      10,
      2,
      7,
      22,
      8,
      11,
      1327,
      12,
      8,
      22,
      6,
      2,
      6,
      36,
      10,
      8,
      6,
      7,
      10,
      21,
      6,
      7,
      95,
      2,
      11,
      13,
      2,
      2,
      13,
      6,
      10,
      27,
      7,
      2,
      4,
      7,
      7,
      6,
      6,
      2,
      8,
      7,
      2,
      15,
      9,
      7,
      14,
      3,
      14,
      12,
      8,
      6,
      16,
      17,
      10,
      10,
      10,
      6,
      6,
      2,
      154,
      6,
      2,
      4963,
      7,
      2,
      8,
      6,
      17,
      9,
      14,
      15,
      10,
      9
    ],
    "chars": {
      "n": 500,
      "min": 1,
      "max": 17002,
      "mean": 200.194,
      "std": 1207.3086052720737,
      "var": 1457594.068364,
      "p10": 1,
      "p25": 9,
      "p50": 11,
      "p75": 35,
      "p90": 119,
      "p95": 514,
      "p99": 6885
    },
    "chars_histogram": {
      "edges": [
        0,
        50,
        100,
        250,
        500,
        1000,
        2500,
        5000,
        10000,
        25000,
        50000,
        100000,
        200000
      ],
      "counts": [
        400,
        48,
        10,
        17,
        11,
        6,
        2,
        3,
        3,
        0,
        0,
        0
      ],
      "labels": [
        "[0,50)",
        "[50,100)",
        "[100,250)",
        "[250,500)",
        "[500,1000)",
        "[1000,2500)",
        "[2500,5000)",
        "[5000,10000)",
        "[10000,25000)",
        "[25000,50000)",
        "[50000,100000)",
        "[100000,200000)"
      ]
    }
  },
  "correct_rollouts": {
    "tokens": {
      "n": 107,
      "min": 6,
      "max": 469,
      "mean": 34.80373831775701,
      "std": 73.80036715106813,
      "var": 5446.494191632457,
      "p10": 6,
      "p25": 7,
      "p50": 10,
      "p75": 21,
      "p90": 76,
      "p95": 214,
      "p99": 330
    },
    "tokens_histogram": {
      "edges": [
        0,
        10,
        20,
        50,
        100,
        200,
        500,
        1000,
        2000,
        5000,
        10000,
        20000,
        40000
      ],
      "counts": [
        50,
        29,
        15,
        3,
        4,
        6,
        0,
        0,
        0,
        0,
        0,
        0
      ],
      "labels": [
        "[0,10)",
        "[10,20)",
        "[20,50)",
        "[50,100)",
        "[100,200)",
        "[200,500)",
        "[500,1000)",
        "[1000,2000)",
        "[2000,5000)",
        "[5000,10000)",
        "[10000,20000)",
        "[20000,40000)"
      ]
    },