{
  "primary_metric": "prompt_level_loose_acc",
  "n_items": 300,
  "n_items_correct": 63,
  "n_items_incorrect": 237,
  "n_items_unknown": 0,
  "n_generations": 300,
  "samples_per_item": [
    1
  ],
  "all_rollouts": {
    "tokens": {
      "n": 300,
      "min": 2,
      "max": 8675,
      "mean": 3349.05,
      "std": 2340.9365606169963,
      "var": 5479983.980833333,
      "p10": 77,
      "p25": 294,
      "p50": 4549,
      "p75": 5001,
      "p90": 5637,
      "p95": 5932,
      "p99": 7569
    },
    "tokens_histogram": {
      "edges": [
        0,
        10,
        20,
        50,
        100,
        200,
        500,
        1000,
        2000,
        5000,
        10000,
        20000,
        40000
      ],
      "counts": [
        5,
        5,
        11,
        17,
        25,
        30,
        6,
        4,
        122,
        75,
        0,
        0
      ],
      "labels": [
        "[0,10)",
        "[10,20)",
        "[20,50)",
        "[50,100)",
        "[100,200)",
        "[200,500)",
        "[500,1000)",
        "[1000,2000)",
        "[2000,5000)",
        "[5000,10000)",
        "[10000,20000)",
        "[20000,40000)"
      ]
    },
    "tokens_raw": [
      4541,
      5002,
      4563,
      4961,
      4837,
      7559,
      4211,
      177,
      326,
      167,
      4908,
      4289,
      158,
      5049,
      331,
      36,
      4139,
      12,
      10,
      4716,
      18,
      4182,
      4169,
      4141,
      4918,
      4699,
      4837,
      3875,
      676,
      6022,
      5455,
      4890,
      370,
      4563,
      5679,
      4105,
      4031,
      5785,
      5637,
      5391,
      1289,
      33,
      4909,
      4147,
      4672,
      5341,
      18,
      4665,
      4341,
      211,
      83,
      4206,
      283,
      109,
      5031,
      4600,
      161,
      4935,
      4,
      4145,
      4223,
      4156,
      38,
      32,
      5377,
      5110,
      74,
      5101,
      4859,
      4555,
      329,
      4845,
      108,
      4930,
      4430,
      5023,
      4331,
      4916,
      4560,
      4563,
      4115,
      4037,
      4915,
      4801,
      4110,
      4887,
      4557,
      5001,
      254,
      4733,
      5011,
      149,
      4624,
      387,
      5355,
      409,
      4901,
      268,
      4758,
      2307,
      78,
      3,
      24,
      2,
      4957,
      46,
      501,
      5327,
      330,
      4941,
      478,
      282,
      4890,
      5669,
      423,
      156,
      58,
      174,
      4904,
      4866,
      6717,
      5049,
      4045,
      6651,
      268,
      4519,
      314,
      185,
      5027,
      4914,
      4876,
      4980,
      4909,
      5753,
      4533,
      5685,
      5698,
      4307,
      5932,
      5317,
      4672,
      6252,
      5243,
      5637,
      7561,
      782,
      5037,
      4525,
      599,
      4837,
      155,
      4589,
      4909,
      4199,
      119,
      7295,
      4767,
      53,
      5392,
      5688,
      313,
      5682,
      4200,
      4786,
      7215,
      4523,
      56,
      4897,
      46,
      2,
      61,
      5071,
      636,
      5042,
      38,
      114,
      4116,
      5173,
      4829,
      306,
      1320,
      4717,
      5094,
      5096,
      6699,
      5194,
      4144,
      6372,
      5195,
      4922,
      77,
      1173,
      4946,
      4968,
      280,
      5286,
      4585,
      4369,
      4167,
      4960,
      4124,
      5042,
      4244,
      87,
      4967,
      7569,
      88,
      5745,
      4521,
      5070,
      5221,
      150,
      4864,
      4769,
      4085,
      122,
      5027,
      7634,
      4956,
      4917,
      4917,
      4296,
      2,
      59,
      83,
      25,
      4549,
      343,
      5014,
      437,
      5735,
      4136,
      4835,
      255,
      139,
      283,
      4907,
      5660,
      634,
      4021,
      5343,
      4414,
      4653,
      4547,
      5004,
      202,
      4125,
      5689,
      128,
      4950,
      4150,
      5180,
      4559,
      4925,
      5242,
      294,
      57,
      4660,
      5575,
      8675,
      4555,
      66,
      226,
      4559,
      159,
      5052,
      4927,
      4777,
      5394,
      4825,
      6738,
      77,
      5014,
      27,
      137,
      100,
      391,
      1860,
      156,
      271,
      51,
      162,
      4636,
      4291,
      489,
      4754,
      4663,
      5193,
      4521,
      5149,
      5071,
      5428,
      182,
      5646,
      121,
      326,
      10,
      25,
      83,
      173
    ],
    "chars": {
      "n": 300,
      "min": 0,
      "max": 52181,
      "mean": 15615.81,
      "std": 14479.261137015936,
      "var": 209649003.0739,
      "p10": 319,
      "p25": 1116,
      "p50": 14707,
      "p75": 24062,
      "p90": 35524,
      "p95": 49720,
      "p99": 50922
    },
    "chars_histogram": {
      "edges": [
        0,
        50,
        100,
        250,
        500,
        1000,
        2500,
        5000,
        10000,
        25000,
        50000,
        100000,
        200000
      ],
      "counts": [
        8,
        5,
        12,
        21,
        27,
        25,
        5,
        30,
        103,
        51,
        13,
        0
      ],
      "labels": [
        "[0,50)",
        "[50,100)",
        "[100,250)",
        "[250,500)",
        "[500,1000)",
        "[1000,2500)",
        "[2500,5000)",
        "[5000,10000)",
        "[10000,25000)",
        "[25000,50000)",
        "[50000,100000)",
        "[100000,200000)"
      ]
    }
  },
  "correct_rollouts": {
    "tokens": {
      "n": 63,
      "min": 2,
      "max": 5679,
      "mean": 2738.4444444444443,
      "std": 2345.7187532046128,
      "var": 5502396.469135802,
      "p10": 25,
      "p25": 177,
      "p50": 4206,
      "p75": 4917,
      "p90": 5195,
      "p95": 5455,
      "p99": 5679
    },
    "tokens_histogram": {
      "edges": [
        0,
        10,
        20,
        50,
        100,
        200,
        500,
        1000,
        2000,
        5000,
        10000,
        20000,
        40000
      ],
      "counts": [
        3,
        2,
        2,
        5,
        6,
        7,
        3,
        1,
        22,
        12,
        0,
        0
      ],
      "labels": [
        "[0,10)",
        "[10,20)",
        "[20,50)",
        "[50,100)",
        "[100,200)",
        "[200,500)",
        "[500,1000)",
        "[1000,2000)",
        "[2000,5000)",
        "[5000,10000)",
        "[10000,20000)",
        "[20000,40000)"
      ]
    },
    "tokens_raw": [
      177,
      326,
      12,
      676,
      5455,
      4890,
      5679,
      4341,
      211,
      83,
      4206,
      283,
      109,
      4624,
      5355,
      3,
      2,
      501,
      5669,
      423,
      58,
      174,
      314,
      185,
      5027,
      4914,
      4876,
      4980,
      4909,
      4533,
      4767,
      4786,
      4523,
      5071,
      636,
      5042,
      4116,
      5173,
      1320,
      5194,
      5195,
      4917,
      4917,
      4296,
      2,
      59,
      25,
      4414,
      4547,
      4125,
      4950,
      294,
      57,
      5394,
      4825,
      51,
      4521,
      182,
      5646,
      121,
      326,
      10,
      25
    ],
    "chars": {
      "n": 63,
      "min": 3,
      "max": 52118,
      "mean": 12223.269841269841,
      "std": 14159.388462274717,
      "var": 200488281.6255984,
      "p10": 84,
      "p25": 607,
      "p50": 6380,
      "p75": 24003,
      "p90": 32488,
      "p95": 35304,
      "p99": 52118
    },
    "chars_histogram": {
      "edges": [
        0,
        50,
        100,
        250,
        500,
        1000,
        2500,
        5000,
        10000,
        25000,
        50000,
        100000,
        200000
      ],