{
  "primary_metric": "prompt_level_loose_acc",
  "n_items": 300,
  "n_items_correct": 117,
  "n_items_incorrect": 183,
  "n_items_unknown": 0,
  "n_generations": 300,
  "samples_per_item": [
    1
  ],
  "all_rollouts": {
    "tokens": {
      "n": 300,
      "min": 2,
      "max": 5316,
      "mean": 115.68333333333334,
      "std": 683.6605417814377,
      "var": 467391.7363888889,
      "p10": 2,
      "p25": 2,
      "p50": 2,
      "p75": 3,
      "p90": 68,
      "p95": 143,
      "p99": 4984
    },
    "tokens_histogram": {
      "edges": [
        0,
        10,
        20,
        50,
        100,
        200,
        500,
        1000,
        2000,
        5000,
        10000,
        20000,
        40000
      ],
      "counts": [
        249,
        4,
        12,
        14,
        9,
        4,
        2,
        0,
        4,
        2,
        0,
        0
      ],
      "labels": [
        "[0,10)",
        "[10,20)",
        "[20,50)",
        "[50,100)",
        "[100,200)",
        "[200,500)",
        "[500,1000)",
        "[1000,2000)",
        "[2000,5000)",
        "[5000,10000)",
        "[10000,20000)",
        "[20000,40000)"
      ]
    },
    "tokens_raw": [
      24,
      2,
      2,
      2,
      7,
      2,
      2,
      2,
      2,
      2,
      4,
      3,
      2,
      3,
      2,
      3,
      3,
      2,
      2,
      34,
      2,
      2,
      2,
      2,
      2,
      3,
      106,
      6,
      3,
      3,
      3,
      2,
      2,
      3,
      2,
      74,
      2,
      3,
      2,
      3,
      2,
      3,
      2,
      2,
      79,
      29,
      2,
      2,
      2,
      2,
      2,
      2,
      2,
      2,
      2,
      2,
      2,
      3,
      2,
      2,
      16,
      2,
      2,
      2,
      2,
      2,
      2,
      2,
      2,
      2,
      2,
      2,
      2,
      640,
      4984,
      4798,
      2,
      2,
      2,
      2,
      2,
      2,
      3,
      2,
      2,
      3,
      14,
      2,
      2,
      2,
      2,
      2,
      2,
      2,
      2,
      157,
      79,
      162,
      44,
      68,
      2,
      6,
      3,
      2,
      3,
      2,
      5316,
      2,
      227,
      2,
      2,
      2,
      2,
      3,
      3,
      3,
      45,
      2,
      3,
      3,
      3,
      3,
      3,
      2,
      2,
      2,
      84,
      138,
      510,
      55,
      89,
      60,
      264,
      122,
      96,
      137,
      42,
      98,
      23,
      2,
      71,
      5,
      10,
      10,
      309,
      2,
      2,
      3,
      2,
      2,
      3,
      3,
      4,
      2,
      65,
      2,
      2,
      9,
      3,
      2,
      2,
      2,
      3,
      2,
      3,
      2,
      2,
      2,
      2,
      2,
      2,
      2,
      2,
      2,
      2,
      3,
      2,
      2,
      2,
      63,
      2,
      4,
      2,
      2,
      3,
      2,
      6,
      2,
      2,
      2,
      3,
      3,
      2,
      4,
      4,
      3,
      4,
      3,
      4,
      3,
      2,
      2,
      2,
      5,
      2,
      2,
      2,
      2,
      2,
      2,
      2,
      2,
      2,
      2,
      2,
      2,
      2,
      2,
      2,
      3,
      2,
      2,
      2,
      3,
      63,
      3,
      3,
      3,
      4891,
      3,
      2,
      2,
      2,
      2,
      2,
      2,
      2,
      2,
      2,
      2,
      20,
      2,
      2,
      2,
      2,
      2,
      3,
      2,
      2,
      2,
      2,
      2,
      2,
      4193,
      2,
      2,
      2,
      2,
      2,
      2,
      2,
      3,
      2,
      2,
      3,
      2,
      2,
      2,
      2,
      2,
      143,
      2,
      3,
      4,
      127,
      3,
      3,
      5040,
      31,
      2,
      39,
      3,
      2,
      2,
      3,
      3,
      3,
      3,
      2,
      3,
      2,
      7,
      125,
      241,
      21,
      21,
      2,
      2,
      5,
      2
    ],
    "chars": {
      "n": 300,
      "min": 1,
      "max": 26058,
      "mean": 404.8,
      "std": 2549.9548388157777,
      "var": 6502269.68,
      "p10": 1,
      "p25": 6,
      "p50": 7,
      "p75": 10,
      "p90": 291,
      "p95": 698,
      "p99": 18765
    },
    "chars_histogram": {
      "edges": [
        0,
        50,
        100,
        250,
        500,
        1000,
        2500,
        5000,
        10000,
        25000,
        50000,
        100000,
        200000
      ],
      "counts": [
        252,
        8,
        8,
        13,
        8,
        4,
        1,
        2,
        3,
        1,
        0,
        0
      ],
      "labels": [
        "[0,50)",
        "[50,100)",
        "[100,250)",
        "[250,500)",
        "[500,1000)",
        "[1000,2500)",
        "[2500,5000)",
        "[5000,10000)",
        "[10000,25000)",
        "[25000,50000)",
        "[50000,100000)",
        "[100000,200000)"
      ]
    }
  },
  "correct_rollouts": {
    "tokens": {
      "n": 117,
      "min": 2,
      "max": 510,
      "mean": 21.94871794871795,
      "std": 62.571510700540045,
      "var": 3915.1939513477973,
      "p10": 2,
      "p25": 2,
      "p50": 2,
      "p75": 3,
      "p90": 71,
      "p95": 127,
      "p99": 264
    },
    "tokens_histogram": {
      "edges": [
        0,
        10,
        20,
        50,
        100,
        200,
        500,
        1000,
        2000,
        5000,
        10000,
        20000,
        40000
      ],
      "counts": [
        95,
        2,
        5,
        7,
        5,
        2,
        1,
        0,
        0,
        0,
        0,
        0
      ],
      "labels": [
        "[0,10)",
        "[10,20)",
        "[20,50)",
        "[50,100)",
        "[100,200)",
        "[200,500)",
        "[500,1000)",
        "[1000,2000)",
        "[2000,5000)",
        "[5000,10000)",
        "[10000,20000)",
        "[20000,40000)"
      ]
    },
    "tokens_raw": [
      24,
      106,
      6,
      2,
      2,
      2,
      2,
      2,
      2,
      2,
      2,
      2,
      14,
      2,
      2,
      2,
      2,
      2,
      2,
      6,
      3,
      2,
      3,
      45,
      2,
      84,
      138,
      510,
      55,
      89,
      60,
      264,
      96,
      137,
      71,
      10,
      2,
      2,
      2,
      3,
      2,
      2,
      2,
      3,
      2,
      3,
      2,
      2,
      2,
      2,
      2,
      3,
      2,
      2,
      2,
      2,
      4,
      2,
      2,
      3,
      2,
      6,
      2,
      2,
      2,
      2,
      5,
      2,
      2,
      2,
      2,
      2,
      2,
      2,
      2,
      2,
      3,
      2,
      2,
      2,
      3,
      63,
      3,
      3,
      3,
      3,
      2,
      2,
      2,
      2,
      2,
      2,
      2,
      2,
      2,
      3,
      2,
      2,
      2,
      2,
      2,
      3,
      2,
      2,
      2,
      2,
      2,
      127,
      39,
      2,
      3,
      7,
      125,
      241,
      21,
      21,
      2
    ],
    "chars": {
      "n": 117,
      "min": 1,
      "max": 1353,
      "mean": 84.27350427350427,
      "std": 229.6511893832818,
      "var": 52739.66878515596,
      "p10": 1,
      "p25": 6,
      "p50": 7,
      "p75": 10,
      "p90": 265,
      "p95": 561,
      "p99": 1219
    },
    "chars_histogram": {
      "edges": [
        0,
        50,
        100,
        250,
        500,
        1000,
        2500,
        5000,
        10000,
        25000,
        50000,
        100000,
        200000
      ],
      "counts": [
        96,
        4,
        5,
        6,
        3,
        3,
        0,
        0,
        0,
        0,
        0,
        0
      ],