{
  "primary_metric": "pass_at_1",
  "n_items": 612,
  "n_items_correct": 32,
  "n_items_incorrect": 580,
  "n_items_unknown": 0,
  "n_generations": 612,
  "samples_per_item": [
    1
  ],
  "all_rollouts": {
    "tokens": {
      "n": 612,
      "min": 10,
      "max": 5172,
      "mean": 650.3284313725491,
      "std": 1008.1929014065507,
      "var": 1016452.926446559,
      "p10": 80,
      "p25": 130,
      "p50": 373,
      "p75": 692,
      "p90": 980,
      "p95": 4007,
      "p99": 4804
    },
    "tokens_histogram": {
      "edges": [
        0,
        10,
        20,
        50,
        100,
        200,
        500,
        1000,
        2000,
        5000,
        10000,
        20000,
        40000
      ],
      "counts": [
        0,
        11,
        7,
        83,
        127,
        125,
        200,
        20,
        35,
        4,
        0,
        0
      ],
      "labels": [
        "[0,10)",
        "[10,20)",
        "[20,50)",
        "[50,100)",
        "[100,200)",
        "[200,500)",
        "[500,1000)",
        "[1000,2000)",
        "[2000,5000)",
        "[5000,10000)",
        "[10000,20000)",
        "[20000,40000)"
      ]
    },
    "tokens_raw": [
      489,
      95,
      724,
      908,
      3750,
      95,
      4114,
      750,
      807,
      65,
      92,
      219,
      151,
      380,
      112,
      488,
      929,
      609,
      86,
      186,
      113,
      39,
      551,
      65,
      564,
      109,
      633,
      80,
      40,
      519,
      111,
      340,
      180,
      614,
      283,
      80,
      100,
      399,
      203,
      261,
      184,
      135,
      75,
      151,
      73,
      75,
      122,
      5061,
      792,
      692,
      404,
      93,
      650,
      407,
      168,
      696,
      123,
      75,
      202,
      131,
      578,
      465,
      747,
      79,
      116,
      171,
      416,
      493,
      105,
      259,
      92,
      113,
      245,
      127,
      248,
      92,
      376,
      606,
      103,
      226,
      607,
      255,
      558,
      55,
      68,
      144,
      105,
      77,
      535,
      554,
      519,
      111,
      540,
      579,
      154,
      767,
      741,
      62,
      71,
      172,
      242,
      834,
      146,
      271,
      122,
      478,
      66,
      562,
      97,
      179,
      194,
      769,
      630,
      4275,
      621,
      106,
      512,
      643,
      216,
      710,
      184,
      66,
      512,
      83,
      586,
      92,
      225,
      104,
      638,
      48,
      69,
      189,
      86,
      193,
      142,
      81,
      245,
      538,
      127,
      528,
      118,
      109,
      825,
      174,
      80,
      628,
      412,
      570,
      64,
      169,
      3543,
      64,
      272,
      4766,
      270,
      85,
      247,
      76,
      537,
      790,
      60,
      691,
      75,
      671,
      492,
      61,
      122,
      104,
      5078,
      301,
      42,
      253,
      317,
      190,
      287,
      89,
      4586,
      374,
      254,
      149,
      441,
      553,
      131,
      462,
      531,
      112,
      73,
      139,
      61,
      683,
      567,
      723,
      614,
      156,
      4886,
      180,
      373,
      819,
      3691,
      171,
      227,
      927,
      652,
      547,
      284,
      648,
      1179,
      905,
      896,
      844,
      435,
      1191,
      128,
      510,
      712,
      816,
      4135,
      312,
      118,
      486,
      303,
      642,
      211,
      626,
      4239,
      536,
      503,
      344,
      686,
      733,
      980,
      581,
      4804,
      341,
      979,
      162,
      776,
      614,
      616,
      4007,
      644,
      683,
      965,
      218,
      10,
      721,
      683,
      665,
      256,
      301,
      10,
      233,
      603,
      1171,
      810,
      458,
      95,
      200,
      181,
      1049,
      848,
      769,
      3570,
      10,
      329,
      157,
      840,
      290,
      696,
      95,
      475,
      527,
      968,
      863,
      507,
      118,
      931,
      994,
      1033,
      246,
      134,
      771,
      4682,
      179,
      209,
      802,
      196,
      165,
      1033,
      387,
      191,
      126,
      10,
      1060,
      159,
      256,
      731,
      4363,
      4015,
      335,
      193,
      1020,
      654,
      952,
      291,
      372,
      601,
      656,
      880,
      294,
      837,
      355,
      153,
      737,
      738,
      765,
      560,
      177,
      13,
      649,
      238,
      84,
      599,
      899,
      57,
      663,
      313,
      155,
      494,
      877,
      183,
      425,
      158,
      159,
      441,
      516,
      731,
      648,
      565,
      134,
      10,
      10,
      709,
      13,
      898,
      10,
      56,
      727,
      339,
      893,
      3932,
      347,
      875,
      10,
      755,
      917,
      62,
      687,
      326,
      754,
      295,
      64,
      121,
      627,
      519,
      577,
      132,
      811,
      546,
      63,
      425,
      1156,
      979,
      111,
      945,
      90,
      365,
      74,
      4626,
      390,
      606,
      187,
      210,
      1256,
      174,
      203,
      126,
      4150,
      1079,
      1131,
      95,
      704,
      703,
      203,
      4090,
      499,
      769,
      830,
      359,
      1144,
      668,
      305,
      564,
      440,
      785,
      948,
      659,
      900,
      4631,
      903,
      470,
      675,
      811,
      87,
      134,
      324,
      736,
      851,
      92,
      4519,
      1161,
      633,
      95,
      262,
      1049,
      3030,
      5172,
      4181,
      780,
      673,
      128,
      126,
      679,
      916,
      98,
      427,
      760,
      274,
      483,
      989,
      4179,
      881,
      482,
      805,
      101,
      579,
      132,
      125,
      75,
      659,
      740,
      200,
      4125,
      614,
      249,
      498,
      161,
      124,
      546,
      680,
      674,
      59,
      204,
      127,
      189,
      130,
      255,
      178,
      912,
      66,
      90,
      25,
      408,
      316,
      140,
      117,
      134,
      146,
      168,
      81,
      153,
      4469,
      112,
      112,
      738,
      108,
      273,
      4241,
      95,
      45,
      110,
      739,
      141,
      104,
      229,
      83,
      118,
      559,
      790,
      509,
      100,
      120,
      125,
      143,
      86,
      208,
      564,
      3800,
      692,
      75,
      98,
      72,
      131,
      549,
      267,
      607,
      613,
      165,
      87,
      387,
      245,
      815,
      708,
      1271,
      4450,
      311,
      13,
      537,
      874,
      206,
      474,
      187,
      790,
      671,
      70,
      1116,
      4534,
      553,
      4609,
      90,
      245,
      4884,
      1121,
      674,
      3744,
      104,
      544,
      526,
      95,
      631,
      470,
      89,
      566,
      4140,
      1410,
      1160,
      848,
      569,
      452,
      395,
      483,
      583,
      794,
      132,
      395,
      187,
      115,
      673,
      254,
      105,
      82,
      106,
      539,
      557,
      150,
      725,
      202,
      455,
      862,
      360,
      75,
      149,
      147,
      128,
      90,
      45,
      216,
      161,
      53,
      91,
      424,
      79,
      489,
      792,
      199,
      152,
      457,
      61,
      778,
      149,
      54,
      142,
      113,
      395,
      83,
      59,
      59,
      56,
      617,
      158,
      618,
      5149
    ],
    "chars": {
      "n": 612,
      "min": 30,
      "max": 110138,