{
  "primary_metric": "length_controlled_winrate",
  "n_items": 805,
  "n_items_correct": 0,
  "n_items_incorrect": 0,
  "n_items_unknown": 805,
  "n_generations": 805,
  "samples_per_item": [
    1
  ],
  "all_rollouts": {
    "tokens": {
      "n": 805,
      "min": 2,
      "max": 5263,
      "mean": 355.8583850931677,
      "std": 890.1529116012454,
      "var": 792372.2060321746,
      "p10": 2,
      "p25": 31,
      "p50": 147,
      "p75": 263,
      "p90": 500,
      "p95": 1042,
      "p99": 4831
    },
    "tokens_histogram": {
      "edges": [
        0,
        10,
        20,
        50,
        100,
        200,
        500,
        1000,
        2000,
        5000,
        10000,
        20000,
        40000
      ],
      "counts": [
        150,
        30,
        80,
        81,
        166,
        217,
        38,
        8,
        30,
        5,
        0,
        0
      ],
      "labels": [
        "[0,10)",
        "[10,20)",
        "[20,50)",
        "[50,100)",
        "[100,200)",
        "[200,500)",
        "[500,1000)",
        "[1000,2000)",
        "[2000,5000)",
        "[5000,10000)",
        "[10000,20000)",
        "[20000,40000)"
      ]
    },
    "tokens_raw": [
      133,
      757,
      233,
      142,
      163,
      154,
      21,
      49,
      231,
      4153,
      39,
      201,
      379,
      142,
      168,
      245,
      138,
      496,
      151,
      4098,
      62,
      170,
      43,
      261,
      13,
      139,
      29,
      170,
      1021,
      216,
      378,
      550,
      251,
      147,
      40,
      159,
      358,
      436,
      4080,
      183,
      50,
      194,
      4127,
      69,
      273,
      266,
      178,
      349,
      48,
      234,
      17,
      56,
      691,
      164,
      166,
      229,
      220,
      306,
      203,
      65,
      159,
      350,
      302,
      221,
      410,
      283,
      245,
      171,
      239,
      154,
      2,
      36,
      187,
      164,
      166,
      177,
      500,
      562,
      209,
      365,
      146,
      196,
      817,
      4134,
      257,
      421,
      284,
      383,
      54,
      396,
      212,
      64,
      4172,
      21,
      224,
      4116,
      309,
      133,
      238,
      63,
      339,
      59,
      47,
      181,
      643,
      52,
      215,
      4125,
      304,
      115,
      62,
      343,
      61,
      37,
      175,
      390,
      313,
      339,
      44,
      113,
      18,
      44,
      38,
      191,
      353,
      44,
      200,
      237,
      424,
      365,
      173,
      167,
      168,
      282,
      191,
      10,
      298,
      2,
      2,
      444,
      230,
      298,
      52,
      246,
      52,
      197,
      215,
      9,
      354,
      314,
      62,
      210,
      196,
      1048,
      417,
      232,
      393,
      283,
      52,
      37,
      261,
      2,
      3979,
      211,
      3,
      99,
      178,
      43,
      20,
      98,
      277,
      4470,
      156,
      518,
      36,
      213,
      576,
      504,
      37,
      119,
      2,
      165,
      152,
      207,
      93,
      290,
      167,
      157,
      2,
      1153,
      4,
      154,
      186,
      736,
      880,
      38,
      107,
      66,
      127,
      7,
      206,
      6,
      2,
      2,
      360,
      204,
      194,
      22,
      2,
      3,
      26,
      79,
      491,
      593,
      2,
      218,
      721,
      119,
      92,
      233,
      110,
      395,
      40,
      268,
      280,
      22,
      226,
      185,
      738,
      137,
      49,
      185,
      14,
      351,
      245,
      2,
      222,
      221,
      157,
      170,
      5213,
      329,
      58,
      2,
      57,
      16,
      367,
      260,
      235,
      58,
      2,
      2,
      5250,
      813,
      166,
      210,
      528,
      283,
      174,
      505,
      41,
      191,
      2,
      622,
      631,
      760,
      27,
      120,
      4130,
      438,
      4816,
      263,
      201,
      2,
      71,
      252,
      197,
      2,
      486,
      478,
      88,
      552,
      154,
      2,
      430,
      136,
      58,
      4096,
      231,
      5165,
      235,
      412,
      22,
      48,
      2,
      215,
      2,
      243,
      333,
      2,
      399,
      150,
      41,
      2,
      222,
      2,
      790,
      124,
      298,
      181,
      291,
      46,
      1239,
      219,
      53,
      4979,
      109,
      56,
      68,
      133,
      265,
      2,
      565,
      177,
      169,
      202,
      33,
      96,
      219,
      160,
      122,
      2,
      38,
      10,
      322,
      168,
      2,
      222,
      139,
      21,
      26,
      409,
      51,
      393,
      329,
      224,
      121,
      162,
      2,
      3,
      39,
      183,
      115,
      149,
      162,
      40,
      177,
      298,
      143,
      104,
      2603,
      723,
      7,
      4895,
      347,
      269,
      27,
      109,
      40,
      4796,
      8,
      2,
      2,
      26,
      4106,
      50,
      13,
      171,
      181,
      3,
      451,
      208,
      332,
      228,
      172,
      55,
      2,
      217,
      264,
      11,
      2,
      49,
      331,
      167,
      210,
      201,
      35,
      1042,
      212,
      4581,
      433,
      179,
      53,
      171,
      36,
      126,
      222,
      134,
      22,
      4845,
      367,
      254,
      78,
      269,
      262,
      297,
      129,
      263,
      57,
      46,
      35,
      49,
      1327,
      253,
      13,
      4320,
      194,
      136,
      628,
      343,
      111,
      178,
      89,
      2,
      385,
      4831,
      34,
      157,
      6,
      17,
      19,
      171,
      130,
      86,
      177,
      4,
      35,
      33,
      80,
      305,
      2,
      309,
      345,
      143,
      128,
      82,
      364,
      2,
      11,
      144,
      194,
      48,
      19,
      181,
      417,
      78,
      144,
      175,
      2,
      2,
      544,
      76,
      44,
      2,
      2,
      31,
      2,
      2,
      86,
      2,
      2,
      2,
      2,
      159,
      164,
      16,
      58,
      159,
      64,
      74,
      2,
      97,
      65,
      2,
      2,
      2,
      504,
      196,
      101,
      346,
      2,
      78,
      2,
      40,
      2,
      69,
      62,
      405,
      251,
      38,
      31,
      100,
      711,
      2,
      154,
      265,
      152,
      346,
      2,
      201,
      217,
      4705,
      81,
      2,
      6,
      220,
      62,
      31,
      18,
      2,
      175,
      83,
      224,
      2,
      140,
      140,
      86,
      2,
      196,
      2,
      2,
      2,
      61,
      2,
      71,
      25,
      2,
      242,
      129,
      2,
      275,
      361,
      12,
      2,
      38,
      38,
      287,
      2,
      125,
      399,
      183,
      180,
      296,
      71,
      2,
      213,
      84,
      665,
      2,
      2,
      2,
      2,
      616,
      2,
      2,
      2,
      373,
      2,
      81,
      2,
      2,
      350,
      16,
      289,
      225,
      47,
      5088,
      156,
      2,
      4107,
      271,
      169,
      82,
      241,
      2,
      195,
      143,
      2,
      40,
      131,
      29,
      236,
      51,
      168,
      396,
      367,
      119,
      621,
      24,
      197,
      57,
      218,
      19,
      286,
      2,
      2,
      305,
      202,
      59,
      87,
      21,
      212,
      2,
      8,
      2,
      2,
      2,
      2,
      19,
      27,
      31,
      4,
      63,
      99,
      2,
      2,
      2,
      2,
      4,
      2,
      18,
      77,
      2,
      4,
      2,
      4132,
      45,
