{
  "primary_metric": "exact_match_flex",
  "n_items": 500,
  "n_items_correct": 130,
  "n_items_incorrect": 370,
  "n_items_unknown": 0,
  "n_generations": 500,
  "samples_per_item": [
    1
  ],
  "all_rollouts": {
    "tokens": {
      "n": 500,
      "min": 2,
      "max": 960,
      "mean": 30.184,
      "std": 76.58964775999429,
      "var": 5865.974144,
      "p10": 6,
      "p25": 7,
      "p50": 8,
      "p75": 11,
      "p90": 82,
      "p95": 193,
      "p99": 393
    },
    "tokens_histogram": {
      "edges": [
        0,
        10,
        20,
        50,
        100,
        200,
        500,
        1000,
        2000,
        5000,
        10000,
        20000,
        40000
      ],
      "counts": [
        338,
        88,
        15,
        18,
        18,
        21,
        2,
        0,
        0,
        0,
        0,
        0
      ],
      "labels": [
        "[0,10)",
        "[10,20)",
        "[20,50)",
        "[50,100)",
        "[100,200)",
        "[200,500)",
        "[500,1000)",
        "[1000,2000)",
        "[2000,5000)",
        "[5000,10000)",
        "[10000,20000)",
        "[20000,40000)"
      ]
    },
    "tokens_raw": [
      13,
      10,
      11,
      7,
      8,
      8,
      7,
      7,
      10,
      6,
      9,
      11,
      8,
      7,
      6,
      10,
      7,
      6,
      7,
      6,
      12,
      9,
      6,
      6,
      2,
      6,
      8,
      8,
      10,
      7,
      9,
      11,
      9,
      10,
      393,
      6,
      187,
      7,
      9,
      8,
      7,
      7,
      7,
      8,
      9,
      6,
      6,
      6,
      10,
      7,
      8,
      65,
      29,
      11,
      9,
      6,
      7,
      8,
      9,
      7,
      98,
      8,
      6,
      6,
      6,
      6,
      24,
      9,
      7,
      6,
      9,
      9,
      6,
      65,
      11,
      10,
      6,
      6,
      173,
      6,
      6,
      6,
      168,
      7,
      7,
      8,
      8,
      193,
      6,
      7,
      7,
      6,
      11,
      7,
      7,
      6,
      9,
      6,
      10,
      23,
      8,
      7,
      101,
      9,
      7,
      8,
      10,
      7,
      6,
      7,
      6,
      8,
      188,
      9,
      7,
      9,
      6,
      8,
      7,
      7,
      6,
      6,
      6,
      7,
      11,
      6,
      5,
      11,
      7,
      500,
      6,
      7,
      6,
      8,
      7,
      6,
      6,
      294,
      10,
      6,
      6,
      6,
      9,
      16,
      11,
      218,
      10,
      135,
      7,
      7,
      47,
      8,
      75,
      10,
      10,
      10,
      7,
      314,
      8,
      8,
      7,
      6,
      11,
      11,
      9,
      12,
      11,
      7,
      7,
      7,
      7,
      12,
      8,
      6,
      6,
      6,
      14,
      7,
      8,
      23,
      6,
      238,
      9,
      7,
      84,
      130,
      6,
      6,
      6,
      7,
      10,
      6,
      7,
      6,
      82,
      8,
      9,
      7,
      9,
      7,
      8,
      7,
      10,
      130,
      8,
      23,
      14,
      7,
      6,
      7,
      6,
      7,
      7,
      87,
      8,
      6,
      7,
      11,
      9,
      10,
      6,
      8,
      6,
      7,
      17,
      7,
      6,
      6,
      13,
      7,
      168,
      6,
      160,
      7,
      215,
      11,
      6,
      7,
      11,
      7,
      9,
      7,
      178,
      6,
      6,
      9,
      6,
      397,
      207,
      7,
      7,
      9,
      8,
      10,
      7,
      6,
      13,
      8,
      7,
      7,
      7,
      7,
      6,
      7,
      12,
      9,
      13,
      8,
      6,
      6,
      7,
      8,
      9,
      9,
      7,
      6,
      8,
      9,
      8,
      7,
      6,
      7,
      8,
      6,
      20,
      50,
      46,
      8,
      18,
      7,
      6,
      8,
      6,
      18,
      7,
      8,
      8,
      8,
      27,
      8,
      7,
      8,
      6,
      7,
      217,
      10,
      6,
      140,
      94,
      7,
      12,
      6,
      10,
      7,
      8,
      6,
      7,
      6,
      91,
      7,
      12,
      7,
      6,
      10,
      7,
      8,
      9,
      8,
      6,
      9,
      9,
      11,
      68,
      108,
      8,
      6,
      10,
      6,
      11,
      150,
      9,
      6,
      6,
      10,
      6,
      6,
      250,
      233,
      9,
      9,
      6,
      10,
      7,
      8,
      8,
      7,
      11,
      7,
      6,
      6,
      6,
      10,
      10,
      6,
      225,
      6,
      6,
      6,
      7,
      8,
      7,
      6,
      9,
      20,
      6,
      315,
      9,
      6,
      6,
      17,
      186,
      10,
      10,
      21,
      12,
      8,
      6,
      7,
      6,
      10,
      7,
      221,
      7,
      10,
      12,
      6,
      11,
      7,
      7,
      10,
      17,
      99,
      10,
      6,
      6,
      7,
      6,
      6,
      20,
      10,
      204,
      7,
      8,
      9,
      7,
      6,
      63,
      6,
      15,
      249,
      18,
      7,
      15,
      9,
      7,
      16,
      10,
      7,
      205,
      7,
      8,
      11,
      127,
      12,
      8,
      21,
      6,
      6,
      6,
      36,
      211,
      9,
      7,
      7,
      15,
      6,
      6,
      7,
      207,
      7,
      6,
      16,
      8,
      7,
      14,
      6,
      9,
      6,
      7,
      10,
      7,
      7,
      9,
      6,
      490,
      8,
      6,
      13,
      6,
      7,
      198,
      7,
      14,
      7,
      960,
      7,
      8,
      6,
      38,
      7,
      6,
      7,
      281,
      6,
      83,
      7,
      10,
      6,
      7,
      97,
      7,
      8,
      9,
      7,
      57,
      18,
      8,
      64,
      74,
      10
    ],
    "chars": {
      "n": 500,
      "min": 1,
      "max": 3118,
      "mean": 75.714,
      "std": 218.7761326196256,
      "var": 47862.996204,
      "p10": 9,
      "p25": 10,
      "p50": 11,
      "p75": 20,
      "p90": 252,
      "p95": 501,
      "p99": 903
    },
    "chars_histogram": {
      "edges": [
        0,
        50,
        100,
        250,
        500,
        1000,
        2500,
        5000,
        10000,
        25000,
        50000,
        100000,
        200000
      ],
      "counts": [
        434,
        4,
        11,
        25,
        23,
        2,
        1,
        0,
        0,
        0,
        0,
        0
      ],
      "labels": [
        "[0,50)",
        "[50,100)",
        "[100,250)",
        "[250,500)",
        "[500,1000)",
        "[1000,2500)",
        "[2500,5000)",
        "[5000,10000)",
        "[10000,25000)",
        "[25000,50000)",
        "[50000,100000)",
        "[100000,200000)"
      ]
    }
  },
  "correct_rollouts": {
    "tokens": {
      "n": 130,
      "min": 6,
      "max": 490,
      "mean": 27.323076923076922,
      "std": 71.60073220345589,
      "var": 5126.664852071006,
      "p10": 6,
      "p25": 6,
      "p50": 7,
      "p75": 10,
      "p90": 36,
      "p95": 193,
      "p99": 397
    },
    "tokens_histogram": {
      "edges": [
        0,
        10,
        20,
        50,
        100,
        200,
        500,
        1000,
        2000,
        5000,
        10000,
        20000,
        40000
      ],
      "counts": [
        95,
        20,
        3,
        2,
        4,
        6,
        0,
        0,
        0,
        0,
        0,
        0
      ],
      "labels": [
        "[0,10)",
        "[10,20)",
        "[20,50)",
        "[50,100)",
        "[100,200)",
        "[200,500)",
        "[500,1000)",
        "[1000,2000)",
        "[2000,5000)",
        "[5000,10000)",
        "[10000,20000)",
        "[20000,40000)"
      ]
    },