{
  "primary_metric": "prompt_level_loose_acc",
  "n_items": 300,
  "n_items_correct": 103,
  "n_items_incorrect": 197,
  "n_items_unknown": 0,
  "n_generations": 300,
  "samples_per_item": [
    1
  ],
  "all_rollouts": {
    "tokens": {
      "n": 300,
      "min": 2,
      "max": 6327,
      "mean": 1051.7266666666667,
      "std": 1876.6195845959,
      "var": 3521701.0652888888,
      "p10": 4,
      "p25": 27,
      "p50": 96,
      "p75": 440,
      "p90": 4864,
      "p95": 5114,
      "p99": 5723
    },
    "tokens_histogram": {
      "edges": [
        0,
        10,
        20,
        50,
        100,
        200,
        500,
        1000,
        2000,
        5000,
        10000,
        20000,
        40000
      ],
      "counts": [
        46,
        22,
        37,
        51,
        32,
        39,
        9,
        6,
        38,
        20,
        0,
        0
      ],
      "labels": [
        "[0,10)",
        "[10,20)",
        "[20,50)",
        "[50,100)",
        "[100,200)",
        "[200,500)",
        "[500,1000)",
        "[1000,2000)",
        "[2000,5000)",
        "[5000,10000)",
        "[10000,20000)",
        "[20000,40000)"
      ]
    },
    "tokens_raw": [
      40,
      31,
      277,
      4831,
      81,
      158,
      82,
      5007,
      12,
      96,
      32,
      25,
      211,
      83,
      2,
      3,
      3,
      4,
      14,
      56,
      8,
      14,
      5240,
      9,
      310,
      246,
      260,
      6,
      4101,
      199,
      148,
      3975,
      301,
      10,
      5131,
      74,
      5142,
      64,
      4748,
      4814,
      517,
      15,
      17,
      42,
      20,
      28,
      76,
      84,
      20,
      380,
      4741,
      4273,
      279,
      83,
      5385,
      157,
      427,
      315,
      4293,
      5052,
      16,
      28,
      98,
      3,
      7,
      4033,
      71,
      5372,
      4666,
      84,
      9,
      223,
      126,
      4929,
      322,
      4708,
      72,
      25,
      4861,
      4964,
      11,
      48,
      15,
      196,
      94,
      17,
      43,
      4864,
      36,
      5083,
      48,
      39,
      307,
      57,
      2,
      137,
      84,
      194,
      64,
      114,
      2,
      3,
      3,
      2,
      3,
      3,
      1005,
      4669,
      230,
      3985,
      99,
      272,
      64,
      385,
      5215,
      122,
      284,
      100,
      5400,
      4811,
      53,
      4440,
      63,
      1558,
      974,
      5723,
      66,
      348,
      287,
      294,
      125,
      98,
      6327,
      4938,
      92,
      115,
      4205,
      253,
      440,
      98,
      53,
      57,
      4875,
      60,
      679,
      573,
      206,
      4861,
      4,
      81,
      152,
      4925,
      49,
      5114,
      122,
      37,
      8,
      268,
      540,
      151,
      121,
      34,
      75,
      2,
      81,
      127,
      2,
      2,
      2,
      2,
      69,
      243,
      268,
      2,
      10,
      163,
      580,
      67,
      121,
      56,
      514,
      4696,
      4351,
      66,
      4189,
      18,
      65,
      33,
      34,
      116,
      42,
      1201,
      1859,
      55,
      5159,
      1877,
      2932,
      4977,
      223,
      203,
      4887,
      4846,
      2,
      3,
      2,
      52,
      87,
      143,
      47,
      29,
      4915,
      101,
      5008,
      66,
      346,
      47,
      5155,
      13,
      570,
      3,
      2,
      22,
      3,
      76,
      216,
      14,
      33,
      229,
      5681,
      352,
      441,
      34,
      118,
      10,
      45,
      199,
      173,
      687,
      1311,
      171,
      279,
      7,
      4,
      4249,
      19,
      17,
      4,
      14,
      26,
      20,
      16,
      2,
      5068,
      4767,
      9,
      33,
      5,
      4902,
      333,
      48,
      5,
      5711,
      142,
      70,
      157,
      5749,
      74,
      27,
      74,
      48,
      79,
      8,
      98,
      2,
      134,
      87,
      350,
      3047,
      4859,
      276,
      45,
      17,
      55,
      7,
      193,
      34,
      5,
      2,
      59,
      15,
      4717,
      11,
      214,
      155,
      205,
      53,
      2,
      8,
      5,
      30
    ],
    "chars": {
      "n": 300,
      "min": 1,
      "max": 38232,
      "mean": 4288.136666666666,
      "std": 8632.6369179984,
      "var": 74522420.15798889,
      "p10": 13,
      "p25": 92,
      "p50": 439,
      "p75": 1879,
      "p90": 20306,
      "p95": 25927,
      "p99": 36300
    },
    "chars_histogram": {
      "edges": [
        0,
        50,
        100,
        250,
        500,
        1000,
        2500,
        5000,
        10000,
        25000,
        50000,
        100000,
        200000
      ],
      "counts": [
        62,
        14,
        36,
        45,
        43,
        32,
        12,
        12,
        27,
        17,
        0,
        0
      ],
      "labels": [
        "[0,50)",
        "[50,100)",
        "[100,250)",
        "[250,500)",
        "[500,1000)",
        "[1000,2500)",
        "[2500,5000)",
        "[5000,10000)",
        "[10000,25000)",
        "[25000,50000)",
        "[50000,100000)",
        "[100000,200000)"
      ]
    }
  },
  "correct_rollouts": {
    "tokens": {
      "n": 103,
      "min": 2,
      "max": 6327,
      "mean": 644.2621359223301,
      "std": 1519.220104988498,
      "var": 2308029.727401263,
      "p10": 3,
      "p25": 10,
      "p50": 66,
      "p75": 268,
      "p90": 4101,
      "p95": 4696,
      "p99": 5372
    },
    "tokens_histogram": {
      "edges": [
        0,
        10,
        20,
        50,
        100,
        200,
        500,
        1000,
        2000,
        5000,
        10000,
        20000,
        40000
      ],
      "counts": [
        24,
        12,
        12,
        15,
        9,
        18,
        1,
        0,
        8,
        4,
        0,
        0
      ],
      "labels": [
        "[0,10)",
        "[10,20)",
        "[20,50)",
        "[50,100)",
        "[100,200)",
        "[200,500)",
        "[500,1000)",
        "[1000,2000)",
        "[2000,5000)",
        "[5000,10000)",
        "[10000,20000)",
        "[20000,40000)"
      ]
    },
    "tokens_raw": [
      82,
      5007,
      12,
      4,
      14,
      8,
      14,
      310,
      246,
      260,
      6,
      4101,
      199,
      148,
      3975,
      301,
      10,
      20,
      380,
      4741,
      4273,
      279,
      83,
      427,
      71,
      5372,
      4666,
      9,
      72,
      15,
      196,
      17,
      43,
      48,
      39,
      2,
      2,
      3,
      2,
      3,
      4669,
      272,
      385,
      5215,
      122,
      284,
      100,
      66,
      348,
      287,
      294,
      125,
      98,
      6327,
      92,
      115,
      98,
      53,
      8,
      2,
      243,
      268,
      10,
      580,
      67,
      4696,
      66,
      18,
      34,
      42,
      2,
      2,
      3,
      2,
      22,
      3,
      76,
      173,
      7,
      4,
      4249,
      19,
      17,
      20,
      2,
      9,
      33,
      5,
      333,
      48,
      27,
      87,
      45,
      59,
      15,
      11,
      214,
      155,
      205,
      53,
      2,
      8,
      5
    ],
    "chars": {
      "n": 103,
      "min": 2,
      "max": 38232,
      "mean": 2648.349514563107,
      "std": 7151.498207767631,
      "var": 51143926.61570365,
      "p10": 9,
      "p25": 29,
      "p50": 258,
      "p75": 935,
      "p90": 8118,
      "p95": 18909,
      "p99": 36300
    },