{
  "primary_metric": "prompt_level_loose_acc",
  "n_items": 300,
  "n_items_correct": 115,
  "n_items_incorrect": 185,
  "n_items_unknown": 0,
  "n_generations": 300,
  "samples_per_item": [
    1
  ],
  "all_rollouts": {
    "tokens": {
      "n": 300,
      "min": 2,
      "max": 4601,
      "mean": 122.90666666666667,
      "std": 708.0981508865059,
      "var": 501402.9912888889,
      "p10": 2,
      "p25": 2,
      "p50": 2,
      "p75": 3,
      "p90": 12,
      "p95": 73,
      "p99": 4508
    },
    "tokens_histogram": {
      "edges": [
        0,
        10,
        20,
        50,
        100,
        200,
        500,
        1000,
        2000,
        5000,
        10000,
        20000,
        40000
      ],
      "counts": [
        268,
        8,
        8,
        4,
        4,
        0,
        0,
        0,
        8,
        0,
        0,
        0
      ],
      "labels": [
        "[0,10)",
        "[10,20)",
        "[20,50)",
        "[50,100)",
        "[100,200)",
        "[200,500)",
        "[500,1000)",
        "[1000,2000)",
        "[2000,5000)",
        "[5000,10000)",
        "[10000,20000)",
        "[20000,40000)"
      ]
    },
    "tokens_raw": [
      5,
      2,
      2,
      2,
      5,
      2,
      2,
      2,
      2,
      2,
      4,
      2,
      2,
      2,
      2,
      3,
      3,
      2,
      2,
      2,
      2,
      2,
      2,
      2,
      2,
      2,
      105,
      6,
      2,
      2,
      2,
      2,
      2,
      6,
      2,
      75,
      3,
      2,
      2,
      2,
      2,
      2,
      2,
      2,
      5,
      5,
      2,
      2,
      2,
      2,
      2,
      2,
      4272,
      2,
      3,
      2,
      2,
      2,
      2,
      2,
      2,
      2,
      2,
      2,
      2,
      2,
      2,
      2,
      3,
      3,
      2,
      2,
      2,
      2,
      13,
      79,
      2,
      2,
      2,
      2,
      2,
      2,
      3,
      23,
      2,
      2,
      2,
      2,
      2,
      2,
      2,
      2,
      2,
      2,
      2,
      66,
      44,
      2,
      2,
      34,
      2,
      5,
      2,
      2,
      2,
      2,
      2,
      2,
      2,
      2,
      2,
      2,
      2,
      2,
      2,
      2,
      2,
      2,
      2,
      2,
      2,
      2,
      2,
      3,
      2,
      2,
      43,
      130,
      73,
      17,
      35,
      15,
      115,
      2,
      2,
      2,
      2,
      2,
      2,
      2,
      2,
      4,
      2,
      3,
      2,
      2,
      2,
      2,
      2,
      4,
      3,
      3,
      4,
      3,
      2,
      2,
      2,
      2,
      2,
      2,
      2,
      2,
      2,
      2,
      2,
      2,
      2,
      2,
      2,
      2,
      2,
      2,
      2,
      2,
      2,
      2,
      2,
      2,
      3,
      2,
      2,
      4459,
      4415,
      4,
      2,
      4,
      4508,
      3,
      2,
      2,
      2,
      5,
      3,
      4,
      4,
      3,
      4,
      3,
      4,
      3,
      2,
      2,
      2,
      2,
      2,
      2,
      2,
      2,
      3,
      2,
      2,
      2,
      2,
      2,
      2,
      2,
      2,
      2,
      2,
      2,
      2,
      2,
      2,
      3,
      2,
      3,
      2,
      3,
      2,
      2,
      2,
      2,
      2,
      2,
      2,
      3,
      2,
      3,
      2,
      4406,
      3923,
      2,
      2,
      2,
      2,
      2,
      2,
      2,
      3,
      2,
      2,
      2,
      2,
      2,
      2,
      2,
      2,
      2,
      2,
      2,
      2,
      2,
      2,
      2,
      2,
      2,
      2,
      2,
      2,
      2,
      21,
      2,
      2,
      4601,
      104,
      26,
      3,
      11,
      10,
      2,
      26,
      3,
      2,
      4577,
      2,
      2,
      2,
      2,
      2,
      2,
      2,
      2,
      12,
      2,
      12,
      12,
      2,
      2,
      2,
      3
    ],
    "chars": {
      "n": 300,
      "min": 1,
      "max": 4600,
      "mean": 133.48333333333332,
      "std": 709.3074719204798,
      "var": 503117.08972222224,
      "p10": 1,
      "p25": 1,
      "p50": 1,
      "p75": 4,
      "p90": 41,
      "p95": 228,
      "p99": 4507
    },
    "chars_histogram": {
      "edges": [
        0,
        50,
        100,
        250,
        500,
        1000,
        2500,
        5000,
        10000,
        25000,
        50000,
        100000,
        200000
      ],
      "counts": [
        276,
        4,
        6,
        4,
        2,
        0,
        8,
        0,
        0,
        0,
        0,
        0
      ],
      "labels": [
        "[0,50)",
        "[50,100)",
        "[100,250)",
        "[250,500)",
        "[500,1000)",
        "[1000,2500)",
        "[2500,5000)",
        "[5000,10000)",
        "[10000,25000)",
        "[25000,50000)",
        "[50000,100000)",
        "[100000,200000)"
      ]
    }
  },
  "correct_rollouts": {
    "tokens": {
      "n": 115,
      "min": 2,
      "max": 4508,
      "mean": 124.26086956521739,
      "std": 710.0480459794561,
      "var": 504168.22759924387,
      "p10": 2,
      "p25": 2,
      "p50": 2,
      "p75": 3,
      "p90": 17,
      "p95": 105,
      "p99": 4459
    },
    "tokens_histogram": {
      "edges": [
        0,
        10,
        20,
        50,
        100,
        200,
        500,
        1000,
        2000,
        5000,
        10000,
        20000,
        40000
      ],
      "counts": [
        97,
        7,
        3,
        2,
        3,
        0,
        0,
        0,
        3,
        0,
        0,
        0
      ],
      "labels": [
        "[0,10)",
        "[10,20)",
        "[20,50)",
        "[50,100)",
        "[100,200)",
        "[200,500)",
        "[500,1000)",
        "[1000,2000)",
        "[2000,5000)",
        "[5000,10000)",
        "[10000,20000)",
        "[20000,40000)"
      ]
    },
    "tokens_raw": [
      105,
      6,
      2,
      2,
      2,
      2,
      2,
      2,
      13,
      79,
      2,
      2,
      2,
      2,
      23,
      2,
      2,
      2,
      2,
      2,
      2,
      5,
      2,
      2,
      2,
      2,
      2,
      2,
      43,
      130,
      73,
      17,
      35,
      15,
      115,
      2,
      2,
      2,
      3,
      2,
      2,
      2,
      2,
      2,
      2,
      2,
      2,
      2,
      2,
      2,
      2,
      2,
      2,
      2,
      2,
      2,
      3,
      2,
      2,
      4459,
      4415,
      4,
      2,
      4,
      4508,
      3,
      2,
      2,
      2,
      2,
      2,
      2,
      3,
      2,
      3,
      2,
      3,
      2,
      2,
      2,
      2,
      2,
      2,
      2,
      2,
      2,
      2,
      2,
      2,
      3,
      2,
      2,
      2,
      2,
      2,
      2,
      2,
      2,
      2,
      2,
      2,
      2,
      2,
      11,
      2,
      2,
      2,
      2,
      12,
      12,
      12,
      2,
      2,
      2,
      3
    ],
    "chars": {
      "n": 115,
      "min": 1,
      "max": 4507,
      "mean": 143.47826086956522,
      "std": 713.2215869812873,
      "var": 508685.0321361059,
      "p10": 1,
      "p25": 1,
      "p50": 1,
      "p75": 4,
      "p90": 52,
      "p95": 396,
      "p99": 4458
    },
    "chars_histogram": {
      "edges": [
        0,
        50,
        100,
        250,
        500,
        1000,
        2500,
        5000,
        10000,
        25000,
        50000,
        100000,
        200000
      ],
      "counts": [
        103,
        2,
        3,
        2,
        2,
        0,
        3,
        0,
        0,
        0,
        0,
        0
      ],