{
  "primary_metric": "length_controlled_winrate",
  "n_items": 805,
  "n_items_correct": 0,
  "n_items_incorrect": 0,
  "n_items_unknown": 805,
  "n_generations": 805,
  "samples_per_item": [
    1
  ],
  "all_rollouts": {
    "tokens": {
      "n": 805,
      "min": 2,
      "max": 5143,
      "mean": 1886.368944099379,
      "std": 2195.741419067419,
      "var": 4821280.379408202,
      "p10": 2,
      "p25": 4,
      "p50": 206,
      "p75": 4483,
      "p90": 4751,
      "p95": 4820,
      "p99": 4949
    },
    "tokens_histogram": {
      "edges": [
        0,
        10,
        20,
        50,
        100,
        200,
        500,
        1000,
        2000,
        5000,
        10000,
        20000,
        40000
      ],
      "counts": [
        233,
        22,
        36,
        43,
        65,
        69,
        12,
        2,
        320,
        3,
        0,
        0
      ],
      "labels": [
        "[0,10)",
        "[10,20)",
        "[20,50)",
        "[50,100)",
        "[100,200)",
        "[200,500)",
        "[500,1000)",
        "[1000,2000)",
        "[2000,5000)",
        "[5000,10000)",
        "[10000,20000)",
        "[20000,40000)"
      ]
    },
    "tokens_raw": [
      4823,
      4538,
      308,
      3,
      4530,
      169,
      27,
      36,
      4445,
      4714,
      473,
      4544,
      275,
      4823,
      4753,
      4354,
      4495,
      405,
      14,
      4145,
      2,
      4453,
      4,
      4357,
      4457,
      3,
      26,
      674,
      4169,
      4379,
      4395,
      401,
      187,
      3,
      41,
      6,
      4519,
      2,
      336,
      4514,
      3953,
      4459,
      4602,
      53,
      194,
      2,
      6,
      519,
      4772,
      4339,
      15,
      4756,
      4463,
      219,
      181,
      4550,
      4553,
      4700,
      4450,
      49,
      213,
      4528,
      787,
      4456,
      4639,
      4395,
      4651,
      4469,
      230,
      3,
      2,
      3,
      3,
      4465,
      4148,
      4456,
      4450,
      4632,
      235,
      4399,
      4459,
      2,
      6,
      4755,
      4903,
      3,
      349,
      4178,
      73,
      317,
      4644,
      4506,
      4951,
      51,
      485,
      4708,
      4785,
      37,
      217,
      4553,
      4870,
      3,
      4204,
      4900,
      4397,
      3,
      205,
      13,
      4603,
      27,
      2,
      4526,
      50,
      3,
      4613,
      3,
      4612,
      257,
      55,
      4,
      13,
      4453,
      4,
      4357,
      4,
      4155,
      47,
      3,
      4615,
      2,
      3,
      3,
      6,
      190,
      2,
      11,
      4645,
      266,
      4387,
      447,
      5047,
      191,
      122,
      24,
      4632,
      38,
      3,
      3,
      4925,
      212,
      101,
      4347,
      11,
      2,
      1090,
      308,
      4272,
      118,
      4617,
      35,
      3,
      2,
      3934,
      4813,
      4,
      2,
      37,
      46,
      28,
      2,
      4277,
      3,
      3,
      4533,
      167,
      136,
      566,
      373,
      2,
      3,
      4730,
      4922,
      3,
      4918,
      88,
      2,
      159,
      68,
      3,
      19,
      3,
      147,
      128,
      4774,
      654,
      33,
      2,
      4938,
      124,
      4462,
      3,
      4814,
      102,
      4684,
      3,
      326,
      196,
      65,
      4571,
      3,
      28,
      4348,
      3,
      4521,
      2,
      3,
      4856,
      2,
      4386,
      3,
      4,
      4330,
      80,
      280,
      258,
      25,
      138,
      109,
      889,
      2,
      73,
      56,
      4,
      327,
      4267,
      3654,
      12,
      4269,
      206,
      3,
      3,
      2,
      4747,
      4762,
      122,
      3,
      2,
      179,
      3,
      2,
      4747,
      4261,
      276,
      4952,
      127,
      4602,
      5,
      320,
      3,
      4668,
      4373,
      4787,
      2,
      4398,
      36,
      8,
      74,
      51,
      4838,
      381,
      600,
      2,
      153,
      4578,
      4,
      5143,
      179,
      4779,
      3,
      2,
      186,
      4582,
      4818,
      425,
      886,
      4791,
      4582,
      4662,
      4616,
      4280,
      4626,
      4579,
      75,
      49,
      4963,
      4669,
      4624,
      4913,
      678,
      60,
      4788,
      271,
      4137,
      3,
      221,
      4777,
      3,
      96,
      4580,
      4,
      4624,
      4911,
      4483,
      228,
      4534,
      52,
      174,
      3,
      61,
      2,
      240,
      3,
      4454,
      109,
      181,
      4449,
      2,
      19,
      2,
      166,
      4836,
      2,
      38,
      10,
      4730,
      3,
      3,
      122,
      4534,
      4506,
      4277,
      4753,
      2,
      319,
      4492,
      4,
      3,
      4697,
      4976,
      3,
      3,
      122,
      103,
      4512,
      2,
      163,
      4667,
      3,
      216,
      4816,
      4607,
      4672,
      72,
      4574,
      4450,
      219,
      4841,
      95,
      12,
      1367,
      8,
      2,
      4273,
      27,
      4594,
      4487,
      2,
      3996,
      4565,
      3,
      130,
      2,
      4522,
      2,
      70,
      4820,
      2,
      4,
      4949,
      10,
      3,
      110,
      4913,
      299,
      178,
      4513,
      4665,
      2,
      4,
      4656,
      4503,
      113,
      2,
      4837,
      40,
      160,
      228,
      62,
      4397,
      2,
      4642,
      238,
      4,
      412,
      4817,
      4130,
      4625,
      146,
      28,
      6,
      4422,
      256,
      4266,
      9,
      4269,
      6,
      2,
      4814,
      4681,
      239,
      4623,
      88,
      4629,
      3,
      537,
      4926,
      4131,
      191,
      6,
      4510,
      4143,
      196,
      4142,
      61,
      2,
      3,
      13,
      164,
      4924,
      3,
      3,
      4715,
      136,
      150,
      3,
      802,
      4875,
      2,
      15,
      2,
      4560,
      4513,
      4393,
      165,
      4767,
      75,
      168,
      4758,
      4134,
      4,
      4987,
      33,
      53,
      4619,
      4617,
      30,
      2,
      3,
      88,
      2,
      4363,
      3,
      4025,
      4531,
      4595,
      4751,
      115,
      4502,
      260,
      2,
      4674,
      3,
      56,
      4276,
      3,
      4826,
      283,
      4475,
      4473,
      4387,
      4534,
      4,
      2,
      2,
      4315,
      4150,
      2,
      4754,
      206,
      4765,
      20,
      129,
      4907,
      2,
      4925,
      278,
      4660,
      168,
      350,
      4456,
      3,
      4411,
      4311,
      4711,
      4733,
      4771,
      2,
      4480,
      60,
      2,
      6,
      4798,
      4627,
      4705,
      4729,
      4279,
      32,
      2,
      4554,
      4165,
      4324,
      2,
      56,
      3,
      3,
      4688,
      4330,
      122,
      4,
      2,
      4613,
      388,
      13,
      100,
      72,
      50,
      2,
      203,
      151,
      4396,
      273,
      2,
      154,
      71,
      2,
      4878,
      2,
      4681,
      2,
      4263,
      2,
      3,
      4271,
      3,
      2,
      2,
      4125,
      4804,
      2,
      4738,
      4870,
      3,
      3,
      191,
      4609,
      7,
      2,
      2,
      2,
      3,
      4872,
      138,
      2,
      4736,
      4917,
      2,
      2,
      4312,
      4837,
      2,
      4278,
      3,
      53,
      228,
      4728,
      4573,
      145,
      52,
      4418,
      4777,
      3,
      2,
      48,
      4737,
      2,
      4603,
      2,
      191,
      4750,
      68,
      21,
      4337,
      3,
      3,
      3,
      4272,
      4116,
      3,
      3,
      3,
      40,
