{
  "primary_metric": "prompt_level_loose_acc",
  "n_items": 300,
  "n_items_correct": 108,
  "n_items_incorrect": 192,
  "n_items_unknown": 0,
  "n_generations": 300,
  "samples_per_item": [
    1
  ],
  "all_rollouts": {
    "tokens": {
      "n": 300,
      "min": 2,
      "max": 4593,
      "mean": 153.40666666666667,
      "std": 804.3294109311737,
      "var": 646945.8012888889,
      "p10": 2,
      "p25": 2,
      "p50": 2,
      "p75": 2,
      "p90": 3,
      "p95": 37,
      "p99": 4577
    },
    "tokens_histogram": {
      "edges": [
        0,
        10,
        20,
        50,
        100,
        200,
        500,
        1000,
        2000,
        5000,
        10000,
        20000,
        40000
      ],
      "counts": [
        279,
        4,
        4,
        0,
        3,
        0,
        0,
        0,
        10,
        0,
        0,
        0
      ],
      "labels": [
        "[0,10)",
        "[10,20)",
        "[20,50)",
        "[50,100)",
        "[100,200)",
        "[200,500)",
        "[500,1000)",
        "[1000,2000)",
        "[2000,5000)",
        "[5000,10000)",
        "[10000,20000)",
        "[20000,40000)"
      ]
    },
    "tokens_raw": [
      2,
      2,
      2,
      2,
      2,
      2,
      2,
      2,
      3,
      2,
      3,
      2,
      2,
      2,
      2,
      3,
      2,
      2,
      2,
      2,
      2,
      2,
      3,
      2,
      2,
      3,
      3,
      6,
      3,
      2,
      2,
      2,
      2,
      3,
      2,
      2,
      2,
      2,
      2,
      2,
      2,
      2,
      2,
      2,
      2,
      28,
      2,
      2,
      2,
      2,
      2,
      2,
      3,
      2,
      3,
      2,
      2,
      2,
      2,
      2,
      2,
      2,
      2,
      2,
      2,
      2,
      2,
      2,
      3,
      2,
      2,
      2,
      2,
      2,
      15,
      167,
      2,
      2,
      2,
      2,
      2,
      2,
      2,
      2,
      2,
      3,
      17,
      2,
      2,
      2,
      2,
      2,
      2,
      2,
      2,
      2,
      2,
      2,
      2,
      2,
      2,
      2,
      2,
      2,
      2,
      2,
      2,
      2,
      2,
      2,
      2,
      2,
      2,
      2,
      2,
      2,
      13,
      2,
      2,
      2,
      2,
      2,
      2,
      3,
      2,
      2,
      2,
      2,
      37,
      2,
      2,
      2,
      132,
      2,
      2,
      2,
      2,
      2,
      2,
      2,
      2,
      2,
      2,
      3,
      2,
      2,
      2,
      2,
      2,
      2,
      2,
      2,
      2,
      3,
      2,
      2,
      2,
      2,
      3,
      2,
      2,
      2,
      2,
      2,
      2,
      2,
      2,
      2,
      2,
      2,
      2,
      2,
      2,
      2,
      2,
      2,
      2,
      2,
      4450,
      2,
      2,
      4533,
      4440,
      3,
      2,
      10,
      4582,
      3,
      2,
      2,
      2,
      2,
      2,
      2,
      4,
      2,
      2,
      3,
      4,
      3,
      3,
      2,
      2,
      2,
      2,
      2,
      2,
      2,
      2,
      2,
      2,
      2,
      2,
      2,
      2,
      2,
      3,
      2,
      3,
      2,
      2,
      2,
      2,
      4,
      2,
      3,
      2,
      3,
      2,
      2,
      2,
      2,
      2,
      2,
      2,
      3,
      4571,
      3,
      3,
      4418,
      4205,
      2,
      2,
      2,
      2,
      2,
      2,
      2,
      4459,
      2,
      2,
      2,
      2,
      2,
      2,
      2,
      2,
      2,
      2,
      2,
      4,
      2,
      4,
      2,
      2,
      2,
      2,
      2,
      2,
      2,
      2,
      4,
      2,
      4593,
      104,
      2,
      3,
      2,
      2,
      2,
      3,
      3,
      2,
      4577,
      2,
      2,
      2,
      2,
      2,
      2,
      2,
      2,
      2,
      2,
      44,
      22,
      2,
      2,
      2,
      2
    ],
    "chars": {
      "n": 300,
      "min": 1,
      "max": 4592,
      "mean": 158.87333333333333,
      "std": 805.6483169610809,
      "var": 649069.2106222223,
      "p10": 1,
      "p25": 1,
      "p50": 1,
      "p75": 1,
      "p90": 10,
      "p95": 119,
      "p99": 4576
    },
    "chars_histogram": {
      "edges": [
        0,
        50,
        100,
        250,
        500,
        1000,
        2500,
        5000,
        10000,
        25000,
        50000,
        100000,
        200000
      ],
      "counts": [
        280,
        5,
        3,
        0,
        2,
        0,
        10,
        0,
        0,
        0,
        0,
        0
      ],
      "labels": [
        "[0,50)",
        "[50,100)",
        "[100,250)",
        "[250,500)",
        "[500,1000)",
        "[1000,2500)",
        "[2500,5000)",
        "[5000,10000)",
        "[10000,25000)",
        "[25000,50000)",
        "[50000,100000)",
        "[100000,200000)"
      ]
    }
  },
  "correct_rollouts": {
    "tokens": {
      "n": 108,
      "min": 2,
      "max": 4582,
      "mean": 171.28703703703704,
      "std": 849.3610240005253,
      "var": 721414.1490912208,
      "p10": 2,
      "p25": 2,
      "p50": 2,
      "p75": 2,
      "p90": 13,
      "p95": 44,
      "p99": 4533
    },
    "tokens_histogram": {
      "edges": [
        0,
        10,
        20,
        50,
        100,
        200,
        500,
        1000,
        2000,
        5000,
        10000,
        20000,
        40000
      ],
      "counts": [
        96,
        4,
        3,
        0,
        1,
        0,
        0,
        0,
        4,
        0,
        0,
        0
      ],
      "labels": [
        "[0,10)",
        "[10,20)",
        "[20,50)",
        "[50,100)",
        "[100,200)",
        "[200,500)",
        "[500,1000)",
        "[1000,2000)",
        "[2000,5000)",
        "[5000,10000)",
        "[10000,20000)",
        "[20000,40000)"
      ]
    },
    "tokens_raw": [
      6,
      2,
      2,
      2,
      2,
      2,
      2,
      15,
      2,
      2,
      2,
      2,
      17,
      2,
      2,
      2,
      2,
      2,
      2,
      2,
      2,
      2,
      13,
      2,
      2,
      2,
      37,
      2,
      2,
      2,
      132,
      2,
      2,
      2,
      2,
      2,
      3,
      2,
      2,
      2,
      2,
      2,
      2,
      2,
      2,
      2,
      2,
      2,
      2,
      2,
      2,
      2,
      2,
      2,
      4450,
      2,
      2,
      4533,
      4440,
      3,
      2,
      10,
      4582,
      3,
      3,
      2,
      2,
      2,
      2,
      4,
      2,
      3,
      2,
      3,
      2,
      2,
      2,
      2,
      2,
      2,
      2,
      2,
      2,
      2,
      2,
      2,
      2,
      2,
      2,
      2,
      2,
      2,
      2,
      2,
      2,
      2,
      2,
      2,
      2,
      2,
      2,
      2,
      44,
      22,
      2,
      2,
      2,
      2
    ],
    "chars": {
      "n": 108,
      "min": 1,
      "max": 4581,
      "mean": 179.52777777777777,
      "std": 850.0312571413383,
      "var": 722553.1381172839,
      "p10": 1,
      "p25": 1,
      "p50": 1,
      "p75": 1,
      "p90": 54,
      "p95": 192,
      "p99": 4532
    },
    "chars_histogram": {
      "edges": [
        0,
        50,
        100,
        250,
        500,
        1000,
        2500,
        5000,
        10000,
        25000,
        50000,
        100000,
        200000
      ],
      "counts": [
        97,
        5,
        1,
        0,
        1,
        0,
        4,
        0,
        0,
        0,
        0,
        0
      ],
      "labels": [
        "[0,50)",
        "[50,100)",
        "[100,250)",
        "[250,500)",
        "[500,1000)",
        "[1000,2500)",
        "[2500,5000)",
        "[5000,10000)",
        "[10000,25000)",
        "[25000,50000)",
        "[50000,100000)",
        "[100000,200000)"
      ]
    }
  },
  "incorrect_rollouts": {
    "tokens": {
      "n": 192,