{
  "primary_metric": "length_controlled_winrate",
  "n_items": 805,
  "n_items_correct": 0,
  "n_items_incorrect": 0,
  "n_items_unknown": 805,
  "n_generations": 805,
  "samples_per_item": [
    1
  ],
  "all_rollouts": {
    "tokens": {
      "n": 805,
      "min": 2,
      "max": 5666,
      "mean": 987.7627329192546,
      "std": 1785.6039435113305,
      "var": 3188381.4430832146,
      "p10": 2,
      "p25": 2,
      "p50": 24,
      "p75": 407,
      "p90": 4486,
      "p95": 4801,
      "p99": 5051
    },
    "tokens_histogram": {
      "edges": [
        0,
        10,
        20,
        50,
        100,
        200,
        500,
        1000,
        2000,
        5000,
        10000,
        20000,
        40000
      ],
      "counts": [
        299,
        81,
        75,
        35,
        49,
        77,
        18,
        6,
        152,
        13,
        0,
        0
      ],
      "labels": [
        "[0,10)",
        "[10,20)",
        "[20,50)",
        "[50,100)",
        "[100,200)",
        "[200,500)",
        "[500,1000)",
        "[1000,2000)",
        "[2000,5000)",
        "[5000,10000)",
        "[10000,20000)",
        "[20000,40000)"
      ]
    },
    "tokens_raw": [
      2,
      4949,
      292,
      15,
      12,
      4612,
      178,
      53,
      164,
      2,
      805,
      2,
      4529,
      4536,
      4947,
      11,
      4103,
      4486,
      4138,
      5064,
      2,
      33,
      6,
      4820,
      4765,
      5024,
      4875,
      2,
      144,
      11,
      9,
      4124,
      14,
      197,
      16,
      4968,
      4952,
      4793,
      230,
      4881,
      3919,
      32,
      4144,
      4250,
      5404,
      3368,
      2,
      4,
      6,
      5054,
      4257,
      56,
      2,
      16,
      272,
      10,
      4703,
      4440,
      4723,
      2,
      2,
      2,
      25,
      8,
      3,
      21,
      4141,
      4931,
      95,
      2,
      3,
      2,
      465,
      149,
      354,
      4487,
      2,
      5051,
      14,
      3258,
      4101,
      11,
      4258,
      4713,
      34,
      552,
      4138,
      4801,
      4355,
      4183,
      290,
      4641,
      49,
      4361,
      4,
      4200,
      260,
      152,
      102,
      391,
      3,
      22,
      11,
      1424,
      4631,
      4134,
      206,
      12,
      2,
      81,
      362,
      4064,
      15,
      4469,
      4360,
      857,
      25,
      407,
      5313,
      20,
      13,
      2,
      91,
      9,
      482,
      49,
      149,
      237,
      9,
      450,
      258,
      2,
      4,
      28,
      4944,
      4699,
      4,
      4305,
      54,
      319,
      224,
      2,
      2,
      2,
      2,
      4119,
      147,
      2,
      5106,
      2,
      2,
      4947,
      4748,
      2,
      287,
      2,
      1035,
      4948,
      4947,
      28,
      4,
      23,
      69,
      4137,
      3,
      4,
      4091,
      2,
      2,
      2,
      2,
      4090,
      2,
      33,
      188,
      8,
      726,
      4590,
      4589,
      4046,
      2,
      8,
      4241,
      16,
      4351,
      4925,
      55,
      148,
      2,
      18,
      4,
      4279,
      4031,
      75,
      4750,
      49,
      2,
      4606,
      5002,
      11,
      4836,
      4,
      28,
      4,
      4948,
      330,
      4963,
      18,
      580,
      2,
      12,
      2,
      2,
      79,
      6,
      5096,
      22,
      2,
      157,
      14,
      16,
      4,
      35,
      206,
      45,
      56,
      2,
      56,
      4660,
      34,
      135,
      12,
      3,
      2,
      5,
      825,
      13,
      39,
      4225,
      4539,
      13,
      13,
      2,
      4653,
      4194,
      12,
      26,
      4319,
      2,
      4949,
      4932,
      7,
      14,
      4322,
      2,
      2,
      3681,
      2,
      151,
      15,
      4603,
      2,
      2,
      4,
      4945,
      14,
      38,
      3496,
      4,
      4,
      2,
      458,
      229,
      121,
      20,
      4958,
      2,
      3,
      2,
      4776,
      4,
      931,
      14,
      2,
      4966,
      135,
      77,
      393,
      261,
      5161,
      352,
      24,
      4775,
      4,
      17,
      18,
      57,
      596,
      443,
      21,
      2,
      14,
      2,
      2,
      227,
      4203,
      1243,
      161,
      214,
      4832,
      376,
      4442,
      19,
      493,
      2,
      23,
      202,
      19,
      4766,
      69,
      335,
      2,
      4543,
      1068,
      774,
      2,
      7,
      86,
      114,
      297,
      630,
      2,
      25,
      2,
      27,
      4,
      2,
      32,
      872,
      4487,
      10,
      435,
      26,
      722,
      22,
      12,
      11,
      4,
      4549,
      2,
      5008,
      2,
      14,
      193,
      2,
      4065,
      339,
      283,
      504,
      2,
      14,
      4229,
      40,
      319,
      4340,
      16,
      8,
      195,
      9,
      4703,
      4106,
      4199,
      4289,
      2,
      2,
      4825,
      35,
      203,
      2,
      4107,
      3303,
      104,
      45,
      4172,
      50,
      4879,
      12,
      4334,
      2,
      9,
      2,
      123,
      2,
      10,
      3,
      173,
      4,
      457,
      8,
      4317,
      31,
      58,
      34,
      4807,
      4481,
      41,
      116,
      4785,
      24,
      100,
      591,
      204,
      11,
      2,
      15,
      4102,
      225,
      2,
      93,
      16,
      10,
      255,
      283,
      33,
      2,
      2,
      19,
      141,
      22,
      11,
      11,
      2,
      176,
      2,
      2,
      9,
      4137,
      4722,
      2,
      16,
      25,
      49,
      2,
      2,
      384,
      2,
      39,
      115,
      28,
      4148,
      3,
      12,
      2,
      309,
      129,
      4140,
      20,
      2,
      34,
      4198,
      2,
      4959,
      4003,
      77,
      5,
      4165,
      14,
      4305,
      3,
      6,
      21,
      257,
      4,
      2,
      2,
      45,
      2,
      3,
      3,
      2,
      46,
      3,
      89,
      174,
      2,
      26,
      113,
      2,
      102,
      4591,
      3,
      2,
      46,
      2,
      14,
      6,
      12,
      12,
      2,
      2,
      2,
      3,
      2,
      2,
      4087,
      3,
      21,
      2,
      277,
      2,
      17,
      213,
      5024,
      2,
      4345,
      4284,
      2,
      3,
      2,
      2,
      5666,
      290,
      2,
      3,
      2,
      4599,
      3,
      2,
      2,
      2,
      4601,
      2,
      307,
      3,
      2,
      4,
      2,
      2,
      3,
      4,
      2,
      2,
      6,
      2,
      2,
      61,
      29,
      193,
      3,
      2,
      215,
      383,
      4733,
      4,
      29,
      2,
      4089,
      2,
      186,
      764,
      2,
      2,
      2,
      2,
      249,
      2,
      174,
      20,
      153,
      238,
      74,
      2,
      3,
      126,
      2,
      2,
      2,
      2,
      2,
      2,
      2,
      36,
      200,
      224,
      2,
      22,
      2,
      2,
      4082,
      343,
      15,
      91,
      239,
      2,
      2,
      21,
      2,
      18,
      4750,
      13,
      4,
      881,
      2,
      2,
      4610,
      7,
      2,
      2,
      50,
      2,
      2,
      2,
      2,
      1557,
      2,
      2,
      29,
      2,
      2,
      86,
      2,
      2,
      2,
      2,
      4179,
      4067,
      63,
      4,
      6,
      56,
      44,
      23,
      37,
      8,
      3,
      3895,
      2,
      317,
      2,
      6,
      2,
      19,
      2,
      2,
      4132,
      414,
      2,
      2,
      6,
      90,
      473,
      10,
      2,
      20,
      6,
      2,
      2,
      2,
      49,
