{
  "primary_metric": "length_controlled_winrate",
  "n_items": 805,
  "n_items_correct": 0,
  "n_items_incorrect": 0,
  "n_items_unknown": 805,
  "n_generations": 805,
  "samples_per_item": [
    1
  ],
  "all_rollouts": {
    "tokens": {
      "n": 805,
      "min": 2,
      "max": 5576,
      "mean": 767.6944099378882,
      "std": 1600.76733805693,
      "var": 2562456.0705898693,
      "p10": 2,
      "p25": 3,
      "p50": 31,
      "p75": 252,
      "p90": 4344,
      "p95": 4671,
      "p99": 5083
    },
    "tokens_histogram": {
      "edges": [
        0,
        10,
        20,
        50,
        100,
        200,
        500,
        1000,
        2000,
        5000,
        10000,
        20000,
        40000
      ],
      "counts": [
        275,
        82,
        81,
        42,
        86,
        95,
        18,
        3,
        110,
        13,
        0,
        0
      ],
      "labels": [
        "[0,10)",
        "[10,20)",
        "[20,50)",
        "[50,100)",
        "[100,200)",
        "[200,500)",
        "[500,1000)",
        "[1000,2000)",
        "[2000,5000)",
        "[5000,10000)",
        "[10000,20000)",
        "[20000,40000)"
      ]
    },
    "tokens_raw": [
      17,
      13,
      25,
      35,
      10,
      4821,
      34,
      55,
      12,
      749,
      133,
      16,
      620,
      10,
      148,
      12,
      184,
      111,
      3,
      953,
      162,
      15,
      3,
      4849,
      4707,
      7,
      4606,
      2,
      308,
      11,
      9,
      5005,
      233,
      11,
      4123,
      24,
      23,
      45,
      30,
      2,
      4333,
      6,
      347,
      4782,
      11,
      4529,
      4142,
      303,
      4952,
      5155,
      2,
      4387,
      442,
      2,
      141,
      10,
      4552,
      365,
      4628,
      79,
      4033,
      2,
      386,
      4793,
      3,
      4605,
      2610,
      2,
      254,
      25,
      2,
      15,
      235,
      9,
      15,
      14,
      230,
      1148,
      4828,
      11,
      190,
      11,
      27,
      11,
      4730,
      483,
      684,
      4177,
      50,
      23,
      16,
      4161,
      22,
      55,
      433,
      258,
      2,
      11,
      223,
      11,
      4089,
      14,
      3,
      293,
      4582,
      6,
      28,
      12,
      233,
      49,
      166,
      281,
      199,
      5576,
      11,
      2,
      5091,
      43,
      48,
      4703,
      13,
      42,
      78,
      272,
      443,
      4344,
      185,
      4550,
      9,
      296,
      4,
      134,
      194,
      216,
      213,
      10,
      4505,
      88,
      480,
      362,
      298,
      309,
      42,
      24,
      4660,
      256,
      142,
      2,
      4,
      212,
      81,
      12,
      4167,
      2,
      309,
      34,
      703,
      197,
      13,
      2,
      2,
      9,
      2086,
      54,
      3,
      2,
      37,
      6,
      7,
      3,
      13,
      2,
      2,
      4946,
      72,
      2,
      287,
      4673,
      3,
      4139,
      4280,
      4367,
      218,
      15,
      2,
      4,
      234,
      4,
      2,
      19,
      3,
      196,
      138,
      28,
      423,
      10,
      3,
      2,
      80,
      2288,
      23,
      4105,
      2,
      4592,
      189,
      31,
      5,
      20,
      4324,
      2,
      17,
      4854,
      33,
      17,
      2,
      4949,
      18,
      2,
      133,
      3,
      4157,
      540,
      40,
      194,
      46,
      25,
      2,
      149,
      5083,
      18,
      4,
      66,
      4711,
      37,
      2,
      5005,
      11,
      232,
      43,
      222,
      260,
      13,
      3,
      4177,
      136,
      17,
      943,
      6,
      2,
      11,
      2,
      4263,
      2,
      9,
      166,
      181,
      2,
      2,
      2,
      4538,
      191,
      3,
      2,
      209,
      35,
      843,
      2,
      51,
      2,
      2,
      5341,
      3,
      17,
      4286,
      4269,
      3,
      3,
      2,
      140,
      2,
      235,
      547,
      4278,
      49,
      4227,
      48,
      102,
      14,
      134,
      4617,
      242,
      2,
      31,
      147,
      16,
      2,
      4718,
      25,
      142,
      3,
      2,
      449,
      164,
      2,
      406,
      25,
      222,
      77,
      251,
      18,
      4486,
      14,
      14,
      215,
      80,
      467,
      163,
      49,
      7,
      3,
      208,
      4192,
      212,
      193,
      4092,
      488,
      2,
      5005,
      2,
      139,
      12,
      2,
      11,
      10,
      4080,
      2,
      3,
      4,
      24,
      55,
      10,
      299,
      2,
      506,
      23,
      4374,
      3,
      208,
      4759,
      84,
      7,
      4269,
      14,
      162,
      2,
      201,
      2,
      314,
      266,
      2,
      3,
      2,
      82,
      282,
      168,
      33,
      5135,
      167,
      21,
      7,
      8,
      4763,
      2,
      27,
      3,
      4722,
      12,
      21,
      5077,
      518,
      27,
      2,
      3,
      4,
      71,
      4778,
      3,
      4894,
      18,
      4963,
      3,
      23,
      4724,
      23,
      180,
      296,
      4198,
      171,
      4608,
      354,
      23,
      763,
      66,
      9,
      4528,
      179,
      193,
      4322,
      21,
      22,
      4274,
      56,
      3,
      18,
      4143,
      3,
      140,
      150,
      63,
      11,
      10,
      255,
      4510,
      108,
      9,
      2,
      2,
      137,
      92,
      117,
      10,
      109,
      2,
      2,
      441,
      198,
      2,
      8,
      9,
      4,
      34,
      9,
      194,
      31,
      5265,
      2,
      4953,
      52,
      8,
      221,
      4412,
      96,
      332,
      14,
      252,
      6,
      1795,
      2,
      8,
      14,
      91,
      4609,
      23,
      18,
      174,
      4207,
      228,
      12,
      2,
      3,
      5101,
      100,
      73,
      3,
      2,
      30,
      316,
      7,
      106,
      2,
      4518,
      4,
      2,
      13,
      4396,
      2,
      2,
      2,
      126,
      2,
      80,
      2,
      57,
      5,
      3,
      7,
      4188,
      12,
      91,
      2,
      4,
      60,
      2,
      40,
      2,
      193,
      21,
      2,
      148,
      3,
      2,
      189,
      231,
      2,
      23,
      271,
      168,
      392,
      261,
      159,
      182,
      232,
      2,
      4135,
      164,
      2,
      2,
      24,
      2,
      71,
      159,
      4633,
      4360,
      2,
      3,
      2,
      2,
      2,
      2,
      4342,
      3,
      2,
      37,
      2,
      2,
      20,
      2,
      170,
      149,
      2,
      322,
      2,
      4,
      2,
      2,
      52,
      2,
      2,
      651,
      581,
      2,
      2,
      171,
      71,
      2,
      2,
      197,
      20,
      45,
      239,
      2,
      2,
      4126,
      3,
      2,
      2,
      2,
      2,
      2,
      2,
      534,
      16,
      4912,
      207,
      4119,
      126,
      2,
      233,
      2,
      152,
      35,
      134,
      15,
      110,
      2,
      178,
      2,
      4665,
      3,
      31,
      3,
      4757,
      4511,
      247,
      4442,
      292,
      152,
      291,
      3,
      2,
      2,
      2,
      22,
      1221,
      2,
      171,
      263,
      214,
      2,
      69,
      21,
      2,
      4606,
      3,
      3,
      4597,
      4,
      3,
      4114,
      3,
      31,
      32,
      29,
      96,
      2,
      4,
      2,
      2,
      2,
      2,
      2,
      69,
      2,
      2,
      133,
      2,
      240,
      2,
      47,
      86,
      965,
      10,
      2,
      20,
      2,
      2,
      2,
      3,
      33,
      157,
