{
  "primary_metric": "length_controlled_winrate",
  "n_items": 805,
  "n_items_correct": 0,
  "n_items_incorrect": 0,
  "n_items_unknown": 805,
  "n_generations": 805,
  "samples_per_item": [
    1
  ],
  "all_rollouts": {
    "tokens": {
      "n": 805,
      "min": 2,
      "max": 5679,
      "mean": 325.44472049689443,
      "std": 982.4682801385183,
      "var": 965243.9214783381,
      "p10": 2,
      "p25": 3,
      "p50": 10,
      "p75": 187,
      "p90": 481,
      "p95": 2218,
      "p99": 4956
    },
    "tokens_histogram": {
      "edges": [
        0,
        10,
        20,
        50,
        100,
        200,
        500,
        1000,
        2000,
        5000,
        10000,
        20000,
        40000
      ],
      "counts": [
        394,
        71,
        55,
        27,
        63,
        119,
        29,
        5,
        35,
        7,
        0,
        0
      ],
      "labels": [
        "[0,10)",
        "[10,20)",
        "[20,50)",
        "[50,100)",
        "[100,200)",
        "[200,500)",
        "[500,1000)",
        "[1000,2000)",
        "[2000,5000)",
        "[5000,10000)",
        "[10000,20000)",
        "[20000,40000)"
      ]
    },
    "tokens_raw": [
      3,
      3,
      757,
      16,
      24,
      10,
      21,
      52,
      3,
      3,
      4394,
      182,
      4129,
      10,
      2,
      12,
      163,
      465,
      3,
      735,
      4217,
      160,
      2,
      833,
      9,
      3,
      4181,
      218,
      4923,
      10,
      9,
      1078,
      346,
      260,
      26,
      15,
      9,
      2,
      208,
      177,
      19,
      2,
      415,
      10,
      152,
      12,
      14,
      538,
      37,
      3,
      13,
      40,
      3,
      2,
      211,
      2,
      11,
      3,
      2,
      48,
      3,
      381,
      339,
      8,
      3,
      4,
      24,
      2,
      4154,
      322,
      82,
      15,
      219,
      3,
      2,
      284,
      478,
      3,
      184,
      9,
      137,
      2,
      4155,
      10,
      188,
      3,
      4971,
      4178,
      40,
      2218,
      5,
      4125,
      660,
      2,
      4659,
      741,
      11,
      340,
      133,
      3,
      3,
      3,
      2,
      2,
      3,
      45,
      289,
      305,
      3,
      86,
      2,
      251,
      62,
      11,
      2,
      4063,
      970,
      3,
      6,
      10,
      13,
      181,
      80,
      8,
      734,
      26,
      235,
      238,
      69,
      2,
      4,
      167,
      307,
      243,
      2,
      10,
      3,
      51,
      3,
      562,
      3,
      302,
      82,
      23,
      2,
      607,
      3,
      2,
      2170,
      279,
      123,
      2,
      11,
      209,
      28,
      141,
      2,
      164,
      3,
      40,
      4231,
      9,
      305,
      3,
      2,
      61,
      186,
      86,
      18,
      2,
      12,
      4112,
      2,
      2,
      6,
      2,
      731,
      3,
      9,
      4,
      2,
      9,
      259,
      16,
      2,
      4129,
      26,
      212,
      1134,
      18,
      3,
      252,
      153,
      2,
      5031,
      32,
      2,
      160,
      148,
      6,
      10,
      2,
      28,
      3,
      13,
      529,
      5,
      52,
      2,
      2,
      9,
      7,
      44,
      14,
      2,
      2,
      4229,
      2,
      112,
      3,
      18,
      3,
      2,
      237,
      2,
      44,
      170,
      175,
      438,
      3,
      3,
      72,
      12,
      350,
      2,
      4424,
      12,
      2,
      265,
      2,
      5679,
      13,
      4729,
      7,
      42,
      2,
      2,
      11,
      3,
      13,
      8,
      3,
      7,
      9,
      148,
      3,
      674,
      3,
      271,
      16,
      4,
      4,
      2,
      1131,
      399,
      1128,
      22,
      3,
      3,
      765,
      322,
      444,
      242,
      2,
      3,
      223,
      121,
      2,
      2,
      2,
      233,
      613,
      4641,
      444,
      5008,
      176,
      136,
      593,
      17,
      10,
      247,
      329,
      6,
      176,
      2,
      244,
      2,
      494,
      25,
      3,
      450,
      399,
      2,
      2,
      209,
      27,
      2,
      111,
      308,
      320,
      3,
      53,
      345,
      253,
      33,
      461,
      158,
      4409,
      77,
      3,
      5116,
      4,
      301,
      227,
      708,
      309,
      2,
      82,
      607,
      200,
      11,
      2,
      36,
      10,
      5056,
      172,
      3,
      3,
      2,
      2,
      10,
      384,
      3,
      217,
      223,
      12,
      3,
      220,
      10,
      2,
      6,
      324,
      14,
      189,
      3,
      275,
      3,
      307,
      493,
      3,
      46,
      553,
      51,
      4918,
      187,
      179,
      20,
      210,
      6,
      16,
      8,
      7,
      258,
      28,
      3,
      8,
      2,
      4,
      244,
      3,
      6,
      187,
      2,
      2,
      3,
      11,
      2,
      3,
      3,
      23,
      2,
      133,
      2,
      8,
      4956,
      310,
      5,
      481,
      2,
      4434,
      510,
      352,
      53,
      10,
      41,
      219,
      236,
      9,
      2,
      3,
      3,
      240,
      94,
      483,
      15,
      3,
      163,
      249,
      166,
      59,
      10,
      49,
      613,
      38,
      83,
      2,
      272,
      3,
      399,
      306,
      6,
      3,
      3,
      2,
      4,
      4119,
      2,
      184,
      8,
      2,
      25,
      2,
      3,
      2,
      159,
      3,
      21,
      174,
      216,
      3,
      3,
      619,
      155,
      4219,
      222,
      2,
      2,
      3,
      8,
      2,
      3,
      76,
      33,
      160,
      437,
      36,
      5020,
      6,
      3,
      3,
      213,
      2,
      3,
      2,
      2,
      3,
      4,
      12,
      139,
      4,
      3,
      6,
      2,
      4,
      3,
      2,
      257,
      2,
      135,
      2,
      3,
      91,
      2,
      3,
      8,
      3,
      383,
      109,
      3,
      1012,
      3578,
      4,
      2,
      2,
      2,
      2,
      21,
      2,
      3,
      3,
      35,
      191,
      3,
      2,
      3,
      423,
      136,
      411,
      3,
      185,
      189,
      2,
      3,
      3,
      172,
      2,
      2,
      42,
      38,
      500,
      3,
      2,
      2,
      24,
      5,
      3,
      6,
      2,
      7,
      2,
      3,
      3,
      65,
      2,
      2,
      3,
      2,
      151,
      16,
      2,
      3,
      353,
      2,
      2,
      2,
      206,
      3,
      5,
      240,
      20,
      193,
      496,
      2,
      2,
      2,
      3,
      139,
      2,
      18,
      29,
      2,
      2,
      2,
      3,
      2,
      3,
      7,
      2,
      2,
      2,
      961,
      16,
      17,
      4145,
      162,
      49,
      4770,
      2,
      3,
      636,
      3,
      2,
      124,
      2,
      206,
      3,
      3,
      4,
      6,
      14,
      2,
      4290,
      38,
      481,
      471,
      3,
      207,
      3,
      3,
      3,
      3,
      2,
      20,
      2,
      4,
      2,
      287,
      2,
      2,
      106,
      6,
      2,
      2,
      3,
      2,
      3,
      2,
      3,
      2,
      26,
      2,
      2,
      2,
      3,
      2,
      3,
      2,
      2,
      16,
      2,
      3,
      74,
      2,
      2,
      209,
      2,
      2,
      2,
      2,
      2,
      634,
      10,
      3,
      2,
      2,
      3,
      3,
      2,
      127,
      177,
      22,
      3,
      2,
      11,
      2,
      2,
      3,
      2,
      2,
      76,
      2,
      84,
      3,
      3,
      2,
      48,
      4,
      2,
      4,
      3,
      2,
      4,
      2,
      3,
