{
  "primary_metric": "pass_at_1",
  "n_items": 612,
  "n_items_correct": 32,
  "n_items_incorrect": 580,
  "n_items_unknown": 0,
  "n_generations": 612,
  "samples_per_item": [
    1
  ],
  "all_rollouts": {
    "tokens": {
      "n": 612,
      "min": 2,
      "max": 4429,
      "mean": 60.33660130718954,
      "std": 182.50494961562143,
      "var": 33308.05663420052,
      "p10": 2,
      "p25": 2,
      "p50": 56,
      "p75": 84,
      "p90": 112,
      "p95": 127,
      "p99": 171
    },
    "tokens_histogram": {
      "edges": [
        0,
        10,
        20,
        50,
        100,
        200,
        500,
        1000,
        2000,
        5000,
        10000,
        20000,
        40000
      ],
      "counts": [
        203,
        3,
        70,
        247,
        86,
        2,
        0,
        0,
        1,
        0,
        0,
        0
      ],
      "labels": [
        "[0,10)",
        "[10,20)",
        "[20,50)",
        "[50,100)",
        "[100,200)",
        "[200,500)",
        "[500,1000)",
        "[1000,2000)",
        "[2000,5000)",
        "[5000,10000)",
        "[10000,20000)",
        "[20000,40000)"
      ]
    },
    "tokens_raw": [
      48,
      2,
      2,
      2,
      75,
      2,
      117,
      2,
      86,
      36,
      27,
      87,
      89,
      2,
      45,
      81,
      62,
      101,
      76,
      73,
      93,
      85,
      84,
      53,
      114,
      92,
      78,
      57,
      36,
      3,
      83,
      31,
      66,
      27,
      89,
      63,
      90,
      62,
      83,
      57,
      84,
      93,
      40,
      40,
      62,
      156,
      98,
      40,
      70,
      90,
      86,
      92,
      99,
      76,
      74,
      102,
      124,
      68,
      82,
      35,
      64,
      56,
      2,
      50,
      77,
      2,
      83,
      56,
      2,
      81,
      75,
      39,
      106,
      78,
      69,
      55,
      66,
      75,
      67,
      105,
      61,
      82,
      72,
      50,
      2,
      84,
      116,
      38,
      63,
      110,
      121,
      79,
      33,
      84,
      102,
      63,
      60,
      50,
      50,
      61,
      89,
      83,
      55,
      84,
      26,
      90,
      46,
      83,
      85,
      74,
      121,
      110,
      107,
      82,
      38,
      72,
      62,
      82,
      143,
      69,
      91,
      2,
      103,
      69,
      64,
      64,
      89,
      75,
      76,
      36,
      104,
      94,
      79,
      33,
      91,
      69,
      96,
      54,
      114,
      79,
      73,
      63,
      72,
      92,
      65,
      112,
      48,
      106,
      56,
      93,
      53,
      47,
      2,
      88,
      62,
      65,
      261,
      90,
      27,
      111,
      64,
      79,
      63,
      92,
      64,
      47,
      106,
      80,
      68,
      72,
      39,
      85,
      96,
      148,
      32,
      50,
      113,
      76,
      83,
      110,
      2,
      2,
      58,
      67,
      2,
      75,
      67,
      97,
      50,
      92,
      2,
      113,
      59,
      2,
      241,
      2,
      2,
      2,
      2,
      65,
      96,
      168,
      53,
      113,
      152,
      2,
      26,
      49,
      171,
      2,
      2,
      2,
      22,
      54,
      2,
      70,
      2,
      2,
      2,
      2,
      141,
      2,
      52,
      2,
      169,
      2,
      2,
      76,
      68,
      2,
      2,
      2,
      110,
      2,
      2,
      77,
      37,
      103,
      2,
      155,
      2,
      35,
      2,
      2,
      2,
      2,
      37,
      63,
      2,
      2,
      2,
      2,
      2,
      2,
      121,
      2,
      29,
      2,
      2,
      2,
      2,
      2,
      105,
      2,
      2,
      60,
      116,
      2,
      2,
      27,
      2,
      149,
      82,
      118,
      2,
      2,
      10,
      2,
      50,
      2,
      2,
      2,
      112,
      2,
      48,
      74,
      68,
      63,
      2,
      2,
      2,
      2,
      10,
      163,
      2,
      2,
      2,
      116,
      72,
      41,
      70,
      2,
      2,
      2,
      150,
      2,
      2,
      2,
      81,
      2,
      120,
      2,
      54,
      79,
      2,
      58,
      2,
      2,
      75,
      98,
      124,
      2,
      2,
      2,
      27,
      36,
      2,
      2,
      2,
      87,
      2,
      2,
      38,
      2,
      2,
      2,
      60,
      46,
      85,
      67,
      2,
      109,
      61,
      48,
      2,
      128,
      2,
      58,
      2,
      83,
      123,
      26,
      2,
      68,
      67,
      4429,
      2,
      49,
      97,
      28,
      2,
      20,
      2,
      58,
      2,
      2,
      2,
      2,
      33,
      2,
      2,
      2,
      2,
      88,
      2,
      2,
      2,
      2,
      2,
      2,
      53,
      12,
      2,
      94,
      2,
      89,
      2,
      2,
      2,
      116,
      2,
      2,
      2,
      2,
      2,
      33,
      2,
      2,
      2,
      42,
      2,
      2,
      2,
      2,
      2,
      35,
      2,
      2,
      78,
      2,
      2,
      51,
      53,
      2,
      71,
      2,
      2,
      115,
      2,
      2,
      144,
      2,
      2,
      2,
      2,
      8,
      2,
      2,
      2,
      87,
      72,
      47,
      2,
      195,
      52,
      2,
      172,
      138,
      44,
      2,
      2,
      2,
      71,
      68,
      48,
      2,
      2,
      2,
      2,
      52,
      131,
      60,
      135,
      2,
      189,
      2,
      78,
      71,
      55,
      83,
      103,
      2,
      69,
      2,
      58,
      103,
      36,
      70,
      150,
      52,
      83,
      104,
      120,
      2,
      47,
      94,
      69,
      91,
      95,
      38,
      82,
      127,
      86,
      91,
      73,
      90,
      2,
      79,
      2,
      32,
      47,
      66,
      2,
      89,
      2,
      94,
      121,
      101,
      54,
      47,
      54,
      58,
      108,
      37,
      64,
      136,
      123,
      2,
      69,
      75,
      84,
      2,
      50,
      2,
      2,
      81,
      2,
      51,
      2,
      2,
      2,
      2,
      62,
      38,
      106,
      2,
      2,
      2,
      2,
      44,
      126,
      54,
      2,
      87,
      2,
      2,
      2,
      85,
      43,
      2,
      67,
      40,
      135,
      2,
      2,
      45,
      142,
      33,
      2,
      57,
      2,
      2,
      77,
      2,
      96,
      2,
      71,
      91,
      54,
      2,
      47,
      80,
      42,
      72,
      86,
      58,
      62,
      71,
      97,
      93,
      72,
      86,
      64,
      64,
      87,
      73,
      62,
      99,
      38,
      2,
      80,
      142,
      114,
      2,
      109,
      57,
      164,
      62,
      35,
      63,
      85,
      100,
      27,
      154,
      94,
      97,
      114,
      2,
      89,
      89,
      32,
      79,
      127,
      76,
      69,
      79,
      54,
      64,
      115,
      100,
      114,
      125
    ],
    "chars": {
      "n": 612,
      "min": 1,
      "max": 53070,
      "mean": 270.8529411764706,
      "std": 2142.7129369114496,
      "var": 4591218.730007689,
      "p10": 1,
      "p25": 1,
      "p50": 180,
      "p75": 305,
      "p90": 393,
      "p95": 456,
      "p99": 665
    },
    "chars_histogram": {
      "edges": [
        0,
        50,
        100,
        250,
        500,
        1000,
        2500,
        5000,
        10000,
        25000,
        50000,
        100000,
        200000
      ],
      "counts": [
        206,
        17,
        166,
        203,
        18,
        1,
        0,
        0,
        0,
        0,
        1,
        0
      ],