{
  "primary_metric": "exact_match_flex",
  "n_items": 500,
  "n_items_correct": 120,
  "n_items_incorrect": 380,
  "n_items_unknown": 0,
  "n_generations": 500,
  "samples_per_item": [
    1
  ],
  "all_rollouts": {
    "tokens": {
      "n": 500,
      "min": 4,
      "max": 53,
      "mean": 8.218,
      "std": 3.9591004028693186,
      "var": 15.674476,
      "p10": 6,
      "p25": 6,
      "p50": 7,
      "p75": 9,
      "p90": 11,
      "p95": 13,
      "p99": 24
    },
    "tokens_histogram": {
      "edges": [
        0,
        10,
        20,
        50,
        100,
        200,
        500,
        1000,
        2000,
        5000,
        10000,
        20000,
        40000
      ],
      "counts": [
        392,
        97,
        10,
        1,
        0,
        0,
        0,
        0,
        0,
        0,
        0,
        0
      ],
      "labels": [
        "[0,10)",
        "[10,20)",
        "[20,50)",
        "[50,100)",
        "[100,200)",
        "[200,500)",
        "[500,1000)",
        "[1000,2000)",
        "[2000,5000)",
        "[5000,10000)",
        "[10000,20000)",
        "[20000,40000)"
      ]
    },
    "tokens_raw": [
      12,
      10,
      11,
      6,
      8,
      7,
      7,
      7,
      10,
      8,
      9,
      6,
      8,
      6,
      6,
      35,
      7,
      6,
      7,
      6,
      10,
      10,
      6,
      6,
      6,
      6,
      8,
      8,
      10,
      6,
      9,
      11,
      8,
      10,
      9,
      6,
      6,
      7,
      9,
      7,
      11,
      7,
      7,
      8,
      9,
      6,
      6,
      7,
      10,
      7,
      8,
      24,
      6,
      11,
      9,
      6,
      7,
      8,
      9,
      7,
      12,
      8,
      6,
      6,
      6,
      6,
      7,
      9,
      8,
      6,
      9,
      9,
      6,
      24,
      6,
      10,
      6,
      6,
      9,
      6,
      6,
      6,
      10,
      6,
      6,
      8,
      8,
      6,
      6,
      7,
      7,
      6,
      13,
      7,
      7,
      6,
      4,
      6,
      10,
      23,
      8,
      7,
      12,
      6,
      6,
      8,
      10,
      7,
      6,
      7,
      6,
      8,
      7,
      10,
      7,
      9,
      6,
      6,
      7,
      6,
      6,
      6,
      6,
      7,
      11,
      6,
      7,
      11,
      6,
      7,
      6,
      6,
      6,
      8,
      6,
      6,
      6,
      10,
      10,
      6,
      6,
      6,
      9,
      16,
      11,
      6,
      10,
      7,
      7,
      7,
      6,
      8,
      7,
      11,
      12,
      10,
      7,
      7,
      9,
      8,
      7,
      6,
      12,
      11,
      6,
      10,
      11,
      7,
      6,
      7,
      7,
      12,
      8,
      6,
      6,
      6,
      13,
      7,
      8,
      19,
      6,
      10,
      9,
      7,
      10,
      6,
      6,
      6,
      6,
      7,
      10,
      6,
      7,
      6,
      10,
      7,
      9,
      6,
      9,
      7,
      7,
      7,
      10,
      6,
      6,
      23,
      13,
      7,
      6,
      6,
      6,
      6,
      7,
      6,
      8,
      6,
      7,
      8,
      11,
      10,
      6,
      7,
      8,
      6,
      17,
      8,
      6,
      6,
      6,
      7,
      6,
      6,
      6,
      7,
      6,
      10,
      7,
      7,
      9,
      7,
      7,
      7,
      10,
      6,
      6,
      10,
      6,
      6,
      26,
      7,
      7,
      8,
      8,
      10,
      8,
      6,
      13,
      8,
      7,
      7,
      7,
      7,
      6,
      7,
      12,
      9,
      10,
      8,
      6,
      6,
      7,
      8,
      10,
      9,
      7,
      7,
      8,
      9,
      8,
      9,
      6,
      7,
      8,
      6,
      4,
      7,
      6,
      7,
      7,
      7,
      6,
      8,
      6,
      13,
      7,
      8,
      8,
      8,
      23,
      7,
      6,
      8,
      6,
      7,
      7,
      10,
      6,
      13,
      6,
      7,
      6,
      6,
      11,
      8,
      8,
      6,
      7,
      6,
      16,
      7,
      12,
      7,
      6,
      10,
      7,
      6,
      9,
      8,
      6,
      9,
      9,
      11,
      6,
      6,
      7,
      6,
      10,
      6,
      11,
      7,
      9,
      6,
      6,
      10,
      6,
      6,
      8,
      18,
      9,
      9,
      6,
      11,
      7,
      8,
      9,
      8,
      13,
      6,
      6,
      6,
      6,
      6,
      10,
      6,
      16,
      6,
      6,
      6,
      7,
      8,
      6,
      6,
      9,
      20,
      6,
      7,
      8,
      6,
      6,
      13,
      19,
      10,
      10,
      11,
      12,
      7,
      6,
      7,
      6,
      10,
      7,
      6,
      7,
      10,
      6,
      6,
      6,
      7,
      7,
      10,
      10,
      6,
      6,
      6,
      6,
      7,
      6,
      6,
      20,
      11,
      6,
      7,
      8,
      9,
      6,
      6,
      10,
      6,
      15,
      53,
      11,
      6,
      15,
      9,
      8,
      9,
      10,
      7,
      8,
      7,
      8,
      6,
      6,
      12,
      8,
      15,
      6,
      6,
      6,
      36,
      10,
      9,
      7,
      7,
      10,
      6,
      6,
      7,
      6,
      7,
      7,
      12,
      8,
      7,
      14,
      6,
      9,
      6,
      7,
      7,
      8,
      7,
      6,
      6,
      6,
      8,
      6,
      7,
      6,
      7,
      6,
      7,
      14,
      7,
      6,
      8,
      8,
      6,
      6,
      7,
      6,
      9,
      6,
      6,
      6,
      7,
      8,
      6,
      7,
      11,
      6,
      7,
      10,
      7,
      6,
      10,
      6,
      15,
      6,
      9
    ],
    "chars": {
      "n": 500,
      "min": 8,
      "max": 116,
      "mean": 12.958,
      "std": 8.146179227097818,
      "var": 66.360236,
      "p10": 9,
      "p25": 9,
      "p50": 10,
      "p75": 13,
      "p90": 20,
      "p95": 23,
      "p99": 51
    },
    "chars_histogram": {
      "edges": [
        0,
        50,
        100,
        250,
        500,
        1000,
        2500,
        5000,
        10000,
        25000,
        50000,
        100000,
        200000
      ],
      "counts": [
        494,
        5,
        1,
        0,
        0,
        0,
        0,
        0,
        0,
        0,
        0,
        0
      ],
      "labels": [
        "[0,50)",
        "[50,100)",
        "[100,250)",
        "[250,500)",
        "[500,1000)",
        "[1000,2500)",
        "[2500,5000)",
        "[5000,10000)",
        "[10000,25000)",
        "[25000,50000)",
        "[50000,100000)",
        "[100000,200000)"
      ]
    }
  },
  "correct_rollouts": {
    "tokens": {
      "n": 120,
      "min": 6,
      "max": 36,
      "mean": 8.016666666666667,
      "std": 3.6696578708224132,
      "var": 13.466388888888888,
      "p10": 6,
      "p25": 6,
      "p50": 7,
      "p75": 9,
      "p90": 11,
      "p95": 12,
      "p99": 24
    },
    "tokens_histogram": {
      "edges": [
        0,
        10,
        20,
        50,
        100,
        200,
        500,
        1000,
        2000,
        5000,
        10000,
        20000,
        40000
      ],
      "counts": [
        95,
        23,
        2,
        0,
        0,
        0,
        0,
        0,
        0,
        0,
        0,
        0
      ],
      "labels": [
        "[0,10)",
        "[10,20)",
        "[20,50)",
        "[50,100)",
        "[100,200)",
        "[200,500)",
        "[500,1000)",
        "[1000,2000)",
        "[2000,5000)",
        "[5000,10000)",
        "[10000,20000)",
        "[20000,40000)"
      ]
    },