{
  "primary_metric": "pass_at_1",
  "n_items": 612,
  "n_items_correct": 23,
  "n_items_incorrect": 589,
  "n_items_unknown": 0,
  "n_generations": 612,
  "samples_per_item": [
    1
  ],
  "all_rollouts": {
    "tokens": {
      "n": 612,
      "min": 2,
      "max": 256,
      "mean": 49.630718954248366,
      "std": 48.51141201368536,
      "var": 2353.357095561536,
      "p10": 2,
      "p25": 10,
      "p50": 32,
      "p75": 86,
      "p90": 116,
      "p95": 133,
      "p99": 182
    },
    "tokens_histogram": {
      "edges": [
        0,
        10,
        20,
        50,
        100,
        200,
        500,
        1000,
        2000,
        5000,
        10000,
        20000,
        40000
      ],
      "counts": [
        93,
        196,
        53,
        167,
        98,
        5,
        0,
        0,
        0,
        0,
        0,
        0
      ],
      "labels": [
        "[0,10)",
        "[10,20)",
        "[20,50)",
        "[50,100)",
        "[100,200)",
        "[200,500)",
        "[500,1000)",
        "[1000,2000)",
        "[2000,5000)",
        "[5000,10000)",
        "[10000,20000)",
        "[20000,40000)"
      ]
    },
    "tokens_raw": [
      2,
      10,
      10,
      2,
      160,
      10,
      10,
      10,
      10,
      65,
      92,
      86,
      108,
      2,
      59,
      39,
      70,
      102,
      104,
      57,
      120,
      94,
      79,
      59,
      116,
      112,
      101,
      75,
      37,
      77,
      71,
      31,
      71,
      27,
      174,
      2,
      97,
      129,
      40,
      127,
      80,
      100,
      75,
      67,
      73,
      125,
      96,
      44,
      47,
      132,
      79,
      92,
      133,
      73,
      83,
      102,
      97,
      69,
      128,
      43,
      141,
      60,
      28,
      59,
      117,
      168,
      105,
      56,
      114,
      122,
      94,
      45,
      118,
      84,
      99,
      77,
      75,
      84,
      71,
      30,
      142,
      95,
      87,
      50,
      43,
      86,
      126,
      39,
      73,
      123,
      106,
      69,
      46,
      40,
      149,
      79,
      221,
      59,
      57,
      71,
      89,
      103,
      47,
      69,
      34,
      111,
      66,
      79,
      98,
      116,
      162,
      120,
      107,
      76,
      29,
      98,
      70,
      84,
      108,
      108,
      96,
      62,
      117,
      77,
      86,
      89,
      147,
      105,
      88,
      56,
      102,
      142,
      83,
      104,
      105,
      76,
      68,
      86,
      119,
      28,
      114,
      93,
      36,
      101,
      77,
      165,
      73,
      111,
      75,
      108,
      75,
      64,
      70,
      89,
      31,
      84,
      256,
      92,
      35,
      29,
      60,
      96,
      70,
      144,
      71,
      94,
      128,
      99,
      42,
      86,
      42,
      99,
      150,
      167,
      36,
      110,
      34,
      80,
      107,
      87,
      107,
      2,
      64,
      68,
      110,
      80,
      60,
      191,
      61,
      91,
      10,
      2,
      10,
      10,
      10,
      2,
      10,
      2,
      2,
      10,
      10,
      2,
      2,
      10,
      10,
      10,
      10,
      10,
      10,
      10,
      10,
      2,
      10,
      10,
      10,
      2,
      2,
      10,
      32,
      10,
      10,
      2,
      76,
      2,
      10,
      2,
      10,
      110,
      10,
      10,
      2,
      2,
      10,
      10,
      10,
      10,
      10,
      10,
      10,
      10,
      2,
      2,
      2,
      2,
      10,
      10,
      10,
      2,
      10,
      10,
      10,
      10,
      2,
      2,
      10,
      74,
      10,
      10,
      128,
      2,
      2,
      2,
      10,
      2,
      2,
      10,
      10,
      10,
      10,
      58,
      66,
      10,
      10,
      159,
      10,
      92,
      2,
      2,
      2,
      33,
      2,
      10,
      10,
      2,
      10,
      2,
      87,
      10,
      2,
      2,
      10,
      10,
      10,
      10,
      10,
      10,
      2,
      10,
      10,
      10,
      85,
      2,
      2,
      2,
      10,
      10,
      10,
      2,
      10,
      2,
      10,
      43,
      76,
      10,
      10,
      10,
      10,
      55,
      2,
      10,
      10,
      64,
      10,
      2,
      10,
      10,
      26,
      59,
      2,
      2,
      10,
      10,
      2,
      2,
      10,
      10,
      10,
      10,
      10,
      10,
      10,
      10,
      10,
      10,
      2,
      10,
      22,
      10,
      10,
      10,
      10,
      10,
      10,
      10,
      2,
      10,
      39,
      10,
      10,
      10,
      10,
      27,
      10,
      10,
      13,
      2,
      2,
      2,
      10,
      10,
      2,
      10,
      2,
      10,
      2,
      10,
      10,
      10,
      10,
      54,
      10,
      10,
      10,
      10,
      49,
      10,
      10,
      10,
      10,
      10,
      10,
      2,
      2,
      10,
      10,
      35,
      2,
      2,
      10,
      13,
      13,
      2,
      10,
      10,
      2,
      128,
      10,
      10,
      2,
      10,
      2,
      10,
      10,
      64,
      10,
      2,
      133,
      10,
      10,
      10,
      10,
      10,
      10,
      2,
      2,
      10,
      10,
      2,
      2,
      10,
      10,
      10,
      2,
      10,
      71,
      2,
      10,
      10,
      10,
      2,
      2,
      2,
      2,
      10,
      10,
      2,
      2,
      10,
      47,
      10,
      10,
      85,
      10,
      90,
      241,
      10,
      10,
      110,
      64,
      111,
      130,
      59,
      74,
      114,
      24,
      122,
      32,
      88,
      133,
      59,
      83,
      98,
      122,
      2,
      53,
      122,
      91,
      76,
      32,
      74,
      149,
      121,
      96,
      31,
      73,
      103,
      60,
      79,
      55,
      42,
      62,
      136,
      114,
      90,
      71,
      150,
      83,
      120,
      101,
      63,
      95,
      70,
      91,
      45,
      86,
      100,
      128,
      121,
      88,
      67,
      96,
      64,
      10,
      10,
      10,
      10,
      2,
      74,
      10,
      10,
      10,
      2,
      10,
      2,
      10,
      49,
      10,
      2,
      2,
      2,
      10,
      97,
      2,
      10,
      10,
      2,
      10,
      10,
      10,
      41,
      126,
      10,
      10,
      10,
      10,
      66,
      144,
      2,
      10,
      10,
      2,
      2,
      10,
      10,
      10,
      223,
      10,
      10,
      89,
      2,
      78,
      10,
      10,
      10,
      94,
      69,
      90,
      79,
      113,
      119,
      79,
      99,
      134,
      85,
      85,
      84,
      33,
      105,
      39,
      67,
      78,
      149,
      134,
      93,
      156,
      80,
      92,
      69,
      45,
      77,
      99,
      91,
      38,
      182,
      108,
      105,
      116,
      58,
      107,
      29,
      51,
      93,
      32,
      84,
      77,
      76,
      46,
      58,
      114,
      97,
      220,
      28
    ],
    "chars": {
      "n": 612,
      "min": 1,
      "max": 1349,
      "mean": 186.5653594771242,
      "std": 197.0094320492652,
      "var": 38812.71631637404,
      "p10": 9,
      "p25": 30,
      "p50": 111,
      "p75": 318,
      "p90": 457,
      "p95": 536,
      "p99": 748
    },
    "chars_histogram": {
      "edges": [
        0,
        50,
        100,
        250,
        500,
        1000,
        2500,
        5000,
        10000,
        25000,
        50000,
        100000,
        200000
      ],