{
  "primary_metric": "length_controlled_winrate",
  "n_items": 805,
  "n_items_correct": 0,
  "n_items_incorrect": 0,
  "n_items_unknown": 805,
  "n_generations": 805,
  "samples_per_item": [
    1
  ],
  "all_rollouts": {
    "tokens": {
      "n": 805,
      "min": 2,
      "max": 5621,
      "mean": 402.4024844720497,
      "std": 1170.6643840648997,
      "var": 1370455.100118051,
      "p10": 2,
      "p25": 2,
      "p50": 12,
      "p75": 136,
      "p90": 466,
      "p95": 4272,
      "p99": 4926
    },
    "tokens_histogram": {
      "edges": [
        0,
        10,
        20,
        50,
        100,
        200,
        500,
        1000,
        2000,
        5000,
        10000,
        20000,
        40000
      ],
      "counts": [
        387,
        48,
        85,
        59,
        69,
        80,
        15,
        3,
        55,
        4,
        0,
        0
      ],
      "labels": [
        "[0,10)",
        "[10,20)",
        "[20,50)",
        "[50,100)",
        "[100,200)",
        "[200,500)",
        "[500,1000)",
        "[1000,2000)",
        "[2000,5000)",
        "[5000,10000)",
        "[10000,20000)",
        "[20000,40000)"
      ]
    },
    "tokens_raw": [
      2,
      6,
      192,
      54,
      2,
      19,
      16,
      62,
      4,
      432,
      108,
      202,
      353,
      3,
      4750,
      219,
      174,
      96,
      109,
      26,
      312,
      36,
      62,
      2,
      3,
      51,
      31,
      231,
      244,
      141,
      21,
      385,
      20,
      53,
      9,
      4283,
      4495,
      4,
      65,
      38,
      3,
      4793,
      4933,
      4292,
      210,
      2,
      52,
      376,
      40,
      2,
      15,
      32,
      4771,
      13,
      180,
      112,
      2,
      3,
      4139,
      48,
      578,
      311,
      255,
      4654,
      4076,
      46,
      20,
      4448,
      39,
      10,
      93,
      2,
      179,
      42,
      2,
      4334,
      481,
      24,
      39,
      142,
      125,
      12,
      28,
      2,
      25,
      429,
      265,
      43,
      88,
      5061,
      16,
      3,
      658,
      25,
      418,
      42,
      138,
      9,
      427,
      195,
      3,
      10,
      11,
      4687,
      453,
      2,
      98,
      28,
      2,
      139,
      2,
      4012,
      62,
      7,
      3,
      308,
      4154,
      49,
      99,
      99,
      13,
      6,
      98,
      2,
      514,
      6,
      188,
      215,
      11,
      265,
      458,
      96,
      232,
      219,
      2,
      11,
      2,
      11,
      2,
      389,
      39,
      116,
      45,
      3,
      4656,
      248,
      125,
      6,
      5081,
      186,
      46,
      3,
      11,
      2,
      379,
      57,
      2,
      136,
      13,
      3,
      2,
      21,
      958,
      67,
      3,
      2,
      16,
      3,
      8,
      2,
      3,
      4434,
      2,
      2,
      3,
      4,
      501,
      19,
      4921,
      2,
      2,
      3,
      2,
      163,
      17,
      2,
      267,
      318,
      2,
      19,
      2,
      123,
      174,
      2,
      613,
      9,
      10,
      2,
      129,
      15,
      37,
      3,
      2,
      2,
      2,
      231,
      4,
      26,
      3,
      2,
      8,
      8,
      3,
      26,
      2,
      199,
      175,
      88,
      90,
      2,
      7,
      40,
      114,
      196,
      46,
      22,
      205,
      2,
      5022,
      19,
      107,
      328,
      3,
      270,
      2,
      805,
      170,
      2,
      200,
      243,
      5,
      246,
      64,
      13,
      35,
      3,
      231,
      21,
      1137,
      12,
      2,
      4,
      190,
      184,
      129,
      2,
      365,
      279,
      147,
      16,
      3,
      58,
      2,
      4142,
      37,
      674,
      29,
      449,
      47,
      35,
      4999,
      3,
      30,
      2,
      2,
      2,
      31,
      3,
      207,
      443,
      75,
      2,
      3194,
      2,
      4867,
      31,
      116,
      400,
      74,
      1847,
      2,
      639,
      6,
      72,
      2,
      243,
      2,
      167,
      24,
      2,
      2,
      118,
      108,
      2,
      83,
      2,
      2,
      46,
      369,
      171,
      2,
      4209,
      2,
      83,
      46,
      31,
      156,
      4355,
      43,
      2,
      210,
      2,
      33,
      279,
      190,
      143,
      3,
      19,
      2,
      160,
      3,
      4575,
      2,
      10,
      279,
      2,
      2,
      2,
      2,
      42,
      14,
      2,
      2,
      205,
      60,
      7,
      3,
      99,
      13,
      3,
      2,
      2,
      28,
      170,
      2,
      44,
      26,
      293,
      150,
      3,
      4,
      2,
      7,
      4809,
      2,
      38,
      4190,
      109,
      89,
      4084,
      3,
      4751,
      550,
      28,
      2,
      4196,
      18,
      19,
      2,
      3,
      75,
      2,
      221,
      4950,
      34,
      3,
      2,
      3,
      3,
      21,
      2,
      96,
      2,
      4558,
      214,
      239,
      2,
      156,
      13,
      2,
      2,
      2,
      7,
      84,
      39,
      121,
      84,
      9,
      19,
      2,
      2,
      129,
      40,
      2,
      476,
      2,
      59,
      23,
      34,
      12,
      4148,
      79,
      259,
      25,
      2,
      5621,
      4145,
      2,
      39,
      91,
      4447,
      2,
      2,
      2,
      2,
      599,
      33,
      106,
      2,
      13,
      2,
      149,
      2,
      74,
      194,
      3,
      2,
      35,
      2,
      148,
      2,
      2,
      411,
      4947,
      2,
      72,
      4210,
      2,
      9,
      2,
      2,
      10,
      6,
      25,
      2,
      126,
      2,
      2,
      2,
      3,
      528,
      1443,
      42,
      3,
      2,
      9,
      3,
      6,
      3,
      2,
      2,
      15,
      3,
      43,
      4270,
      16,
      57,
      3,
      2,
      2,
      2,
      100,
      2,
      3,
      3,
      4,
      161,
      79,
      2,
      3,
      2,
      94,
      2,
      40,
      4,
      4,
      2,
      157,
      16,
      7,
      2,
      2,
      2,
      3,
      23,
      339,
      148,
      190,
      3,
      2,
      156,
      4905,
      3,
      4,
      7,
      4412,
      3,
      31,
      29,
      2,
      2,
      2,
      2,
      2,
      2,
      3,
      2,
      2,
      2,
      4,
      2,
      2,
      4507,
      3,
      6,
      3,
      2,
      154,
      132,
      3,
      2,
      3,
      3,
      2,
      2,
      43,
      2,
      4,
      301,
      3,
      42,
      471,
      48,
      59,
      50,
      4925,
      2,
      8,
      206,
      239,
      52,
      89,
      3,
      3,
      2,
      3,
      2,
      2,
      2,
      2,
      234,
      4598,
      3,
      2,
      3,
      164,
      4235,
      2,
      2,
      2,
      2,
      190,
      2,
      4430,
      2,
      177,
      2,
      2,
      3,
      2,
      2,
      279,
      25,
      357,
      2,
      2,
      103,
      4180,
      2,
      80,
      3,
      5,
      13,
      4080,
      291,
      2,
      22,
      3,
      7,
      81,
      3,
      2,
      2,
      3,
      6,
      4623,
      2,
      2,
      2,
      2,
      32,
      2,
      84,
      2,
      2,
      2,
      2,
      2,
      2,
      4,
      3,
      18,
      2,
      4613,
      2,
      2,
      78,
      4435,
      9,
      66,
      22,
      2,
      3,
      4,
      2,
      2,
      2,
      2,
      11,
      97,
      2,
      2,
      2,
      9,
      2,
      15,
      2,
      2,
      6,
      27,
      2,
      87,
      3,
      3,
      2,
      45,
      2,
      2,
      11,
      4,
      3,
      4,
      2,
