{
  "primary_metric": "length_controlled_winrate",
  "n_items": 805,
  "n_items_correct": 0,
  "n_items_incorrect": 0,
  "n_items_unknown": 805,
  "n_generations": 805,
  "samples_per_item": [
    1
  ],
  "all_rollouts": {
    "tokens": {
      "n": 805,
      "min": 2,
      "max": 7243,
      "mean": 2807.6136645962733,
      "std": 2220.5310821444946,
      "var": 4930758.286769801,
      "p10": 77,
      "p25": 261,
      "p50": 4145,
      "p75": 4915,
      "p90": 5069,
      "p95": 5151,
      "p99": 5690
    },
    "tokens_histogram": {
      "edges": [
        0,
        10,
        20,
        50,
        100,
        200,
        500,
        1000,
        2000,
        5000,
        10000,
        20000,
        40000
      ],
      "counts": [
        7,
        13,
        31,
        44,
        69,
        130,
        38,
        13,
        350,
        110,
        0,
        0
      ],
      "labels": [
        "[0,10)",
        "[10,20)",
        "[20,50)",
        "[50,100)",
        "[100,200)",
        "[200,500)",
        "[500,1000)",
        "[1000,2000)",
        "[2000,5000)",
        "[5000,10000)",
        "[10000,20000)",
        "[20000,40000)"
      ]
    },
    "tokens_raw": [
      160,
      412,
      5033,
      165,
      818,
      298,
      4139,
      142,
      4264,
      4576,
      4939,
      4951,
      4079,
      4705,
      4948,
      308,
      4149,
      4931,
      124,
      4933,
      5012,
      165,
      4978,
      268,
      72,
      4396,
      4626,
      5237,
      4334,
      361,
      5062,
      4942,
      4614,
      225,
      54,
      5024,
      827,
      4876,
      4150,
      482,
      38,
      4231,
      4149,
      5039,
      4162,
      4176,
      423,
      4115,
      5011,
      4330,
      77,
      94,
      4911,
      4709,
      4948,
      5121,
      4935,
      5036,
      4908,
      4525,
      4189,
      3054,
      1021,
      4126,
      4777,
      310,
      432,
      4181,
      4119,
      3533,
      63,
      44,
      4836,
      5846,
      4119,
      4130,
      4906,
      1745,
      382,
      4795,
      269,
      278,
      5111,
      4956,
      354,
      4141,
      4139,
      5069,
      117,
      4803,
      4937,
      143,
      2794,
      4720,
      5067,
      4812,
      171,
      64,
      247,
      5690,
      527,
      384,
      14,
      4736,
      4954,
      51,
      209,
      4169,
      5066,
      27,
      4144,
      647,
      65,
      370,
      273,
      4905,
      4109,
      4718,
      59,
      481,
      4116,
      128,
      4359,
      5001,
      730,
      34,
      4101,
      4950,
      68,
      476,
      4084,
      114,
      269,
      4190,
      157,
      4515,
      4141,
      4808,
      5005,
      520,
      4628,
      4523,
      4705,
      4139,
      6,
      4671,
      4973,
      4334,
      5691,
      146,
      4503,
      976,
      193,
      4749,
      387,
      4920,
      643,
      171,
      4735,
      5123,
      4105,
      4165,
      4740,
      4552,
      24,
      4915,
      270,
      4186,
      42,
      109,
      4292,
      4521,
      4991,
      136,
      311,
      5143,
      406,
      128,
      4342,
      205,
      4109,
      177,
      4835,
      4145,
      296,
      1279,
      488,
      75,
      4887,
      1876,
      4,
      488,
      471,
      4967,
      4140,
      4711,
      94,
      88,
      4126,
      4739,
      275,
      4806,
      306,
      195,
      5531,
      4239,
      333,
      54,
      1316,
      182,
      40,
      190,
      450,
      4154,
      4434,
      219,
      2194,
      199,
      3592,
      301,
      277,
      4908,
      4282,
      5181,
      3954,
      48,
      339,
      5067,
      4134,
      4420,
      140,
      74,
      44,
      4118,
      224,
      4750,
      4952,
      471,
      106,
      5086,
      6237,
      423,
      231,
      975,
      539,
      42,
      5024,
      419,
      414,
      26,
      4585,
      4469,
      5103,
      426,
      119,
      4262,
      1743,
      5195,
      4917,
      237,
      528,
      141,
      5030,
      5599,
      4970,
      957,
      317,
      440,
      5194,
      5300,
      4252,
      331,
      414,
      4593,
      4550,
      4853,
      4629,
      4709,
      5172,
      4130,
      5032,
      679,
      251,
      4135,
      5924,
      5142,
      4717,
      294,
      87,
      5117,
      5315,
      4260,
      68,
      4276,
      4671,
      177,
      235,
      4950,
      5097,
      4942,
      394,
      5138,
      280,
      4919,
      384,
      30,
      4457,
      118,
      329,
      4349,
      4891,
      168,
      4950,
      4837,
      248,
      5141,
      169,
      187,
      59,
      4612,
      817,
      276,
      162,
      5075,
      400,
      511,
      58,
      193,
      4214,
      468,
      20,
      4952,
      12,
      10,
      2275,
      4491,
      84,
      5361,
      4733,
      4489,
      2167,
      5143,
      5034,
      5148,
      4202,
      262,
      4940,
      257,
      4159,
      81,
      421,
      4414,
      367,
      1250,
      5423,
      4928,
      4947,
      4878,
      5332,
      925,
      4308,
      4175,
      4131,
      4972,
      7243,
      260,
      42,
      4695,
      4966,
      5085,
      8,
      17,
      4905,
      176,
      4787,
      4786,
      5007,
      262,
      4874,
      4339,
      221,
      267,
      4836,
      4419,
      5275,
      79,
      250,
      5105,
      4942,
      4442,
      4138,
      108,
      5094,
      5137,
      4874,
      4247,
      4724,
      4292,
      707,
      4145,
      6312,
      4947,
      62,
      171,
      64,
      5253,
      1257,
      5026,
      4993,
      4362,
      4579,
      5020,
      4824,
      5122,
      4263,
      4473,
      2555,
      539,
      71,
      5589,
      32,
      3772,
      4921,
      5006,
      28,
      5083,
      414,
      4952,
      4962,
      4159,
      100,
      5401,
      4092,
      5171,
      5153,
      1769,
      333,
      4714,
      258,
      4572,
      4148,
      93,
      4940,
      4938,
      4047,
      5126,
      45,
      4974,
      119,
      5069,
      5128,
      4939,
      178,
      4143,
      4943,
      113,
      5515,
      204,
      16,
      555,
      4949,
      119,
      4959,
      734,
      913,
      4292,
      75,
      4939,
      4573,
      52,
      4953,
      5101,
      4966,
      41,
      4899,
      36,
      3984,
      39,
      4043,
      93,
      5150,
      4521,
      4962,
      4794,
      4583,
      207,
      4963,
      4972,
      126,
      4465,
      4123,
      119,
      74,
      124,
      5129,
      4949,
      4150,
      167,
      4943,
      491,
      5264,
      2,
      607,
      4349,
      347,
      254,
      4519,
      4806,
      5047,
      5036,
      123,
      542,
      298,
      50,
      4851,
      4949,
      173,
      260,
      4934,
      4936,
      4945,
      4836,
      4648,
      133,
      4,
      4996,
      4835,
      4944,
      5013,
      368,
      472,
      201,
      225,
      118,
      176,
      452,
      4923,
      22,
      4890,
      4121,
      106,
      127,
      585,
      4556,
      5109,
      68,
      4691,
      178,
      4681,
      4921,
      4150,
      389,
      4927,
      258,
      4342,
      187,
      204,
      4857,
      4488,
      526,
      189,
      4942,
      5151,
      4920,
      548,
      5088,
      4973,
      4706,
      4996,
      4602,
      104,
      181,
      5082,
      156,
      4151,
      10,
      5072,
      4510,
      68,
      4947,
      4683,
      47,
      4157,
      710,
      4934,
      4713,
      4026,
      515,
      65,
      5729,
