{
  "primary_metric": "pass_at_1",
  "n_items": 612,
  "n_items_correct": 47,
  "n_items_incorrect": 565,
  "n_items_unknown": 0,
  "n_generations": 612,
  "samples_per_item": [
    1
  ],
  "all_rollouts": {
    "tokens": {
      "n": 612,
      "min": 10,
      "max": 5669,
      "mean": 183.72875816993465,
      "std": 472.77962810877017,
      "var": 223520.576754667,
      "p10": 58,
      "p25": 81,
      "p50": 115,
      "p75": 165,
      "p90": 243,
      "p95": 322,
      "p99": 3677
    },
    "tokens_histogram": {
      "edges": [
        0,
        10,
        20,
        50,
        100,
        200,
        500,
        1000,
        2000,
        5000,
        10000,
        20000,
        40000
      ],
      "counts": [
        0,
        4,
        38,
        200,
        266,
        94,
        3,
        0,
        6,
        1,
        0,
        0
      ],
      "labels": [
        "[0,10)",
        "[10,20)",
        "[20,50)",
        "[50,100)",
        "[100,200)",
        "[200,500)",
        "[500,1000)",
        "[1000,2000)",
        "[2000,5000)",
        "[5000,10000)",
        "[10000,20000)",
        "[20000,40000)"
      ]
    },
    "tokens_raw": [
      152,
      113,
      140,
      10,
      157,
      45,
      152,
      135,
      201,
      66,
      60,
      102,
      64,
      121,
      109,
      109,
      82,
      121,
      104,
      99,
      120,
      106,
      102,
      53,
      136,
      175,
      145,
      72,
      37,
      105,
      119,
      31,
      71,
      27,
      196,
      86,
      99,
      176,
      249,
      219,
      94,
      137,
      75,
      79,
      73,
      200,
      126,
      71,
      190,
      107,
      94,
      92,
      132,
      75,
      82,
      150,
      168,
      75,
      134,
      43,
      139,
      5669,
      204,
      71,
      121,
      152,
      108,
      57,
      137,
      120,
      86,
      61,
      139,
      127,
      98,
      97,
      79,
      84,
      107,
      125,
      218,
      113,
      93,
      55,
      46,
      96,
      130,
      39,
      88,
      126,
      145,
      137,
      161,
      195,
      102,
      100,
      195,
      59,
      87,
      77,
      77,
      120,
      62,
      102,
      54,
      139,
      54,
      78,
      98,
      168,
      146,
      162,
      129,
      68,
      80,
      95,
      73,
      78,
      132,
      163,
      88,
      62,
      138,
      77,
      91,
      92,
      142,
      93,
      96,
      56,
      72,
      138,
      83,
      116,
      155,
      78,
      114,
      88,
      119,
      85,
      128,
      97,
      86,
      101,
      77,
      159,
      147,
      115,
      76,
      169,
      239,
      145,
      81,
      111,
      165,
      85,
      305,
      92,
      137,
      142,
      101,
      94,
      100,
      137,
      71,
      56,
      120,
      96,
      146,
      86,
      31,
      101,
      123,
      182,
      47,
      61,
      142,
      68,
      121,
      201,
      92,
      80,
      64,
      70,
      182,
      94,
      82,
      172,
      69,
      88,
      324,
      242,
      68,
      113,
      378,
      272,
      32,
      537,
      220,
      83,
      199,
      291,
      149,
      141,
      187,
      199,
      345,
      148,
      216,
      165,
      291,
      342,
      120,
      80,
      70,
      138,
      357,
      62,
      63,
      225,
      192,
      78,
      80,
      112,
      306,
      88,
      179,
      109,
      140,
      104,
      4416,
      156,
      161,
      38,
      291,
      123,
      348,
      210,
      89,
      205,
      168,
      190,
      97,
      188,
      171,
      123,
      417,
      389,
      160,
      53,
      186,
      128,
      160,
      4117,
      202,
      60,
      278,
      115,
      125,
      130,
      129,
      187,
      302,
      258,
      35,
      120,
      151,
      237,
      216,
      255,
      81,
      127,
      102,
      175,
      82,
      91,
      401,
      190,
      149,
      29,
      77,
      196,
      228,
      95,
      115,
      126,
      153,
      82,
      301,
      49,
      88,
      82,
      10,
      203,
      46,
      210,
      156,
      208,
      105,
      69,
      109,
      314,
      133,
      104,
      307,
      28,
      114,
      275,
      260,
      275,
      430,
      38,
      56,
      99,
      311,
      143,
      97,
      50,
      207,
      120,
      157,
      59,
      113,
      92,
      40,
      312,
      23,
      46,
      75,
      123,
      134,
      124,
      83,
      54,
      79,
      242,
      83,
      104,
      118,
      65,
      138,
      130,
      88,
      83,
      174,
      242,
      17,
      235,
      20,
      262,
      287,
      29,
      91,
      203,
      227,
      388,
      30,
      74,
      234,
      133,
      35,
      54,
      40,
      185,
      109,
      106,
      96,
      143,
      66,
      41,
      69,
      158,
      122,
      308,
      43,
      58,
      151,
      67,
      476,
      90,
      111,
      81,
      122,
      150,
      31,
      116,
      306,
      165,
      141,
      241,
      38,
      115,
      64,
      90,
      109,
      40,
      72,
      93,
      112,
      642,
      222,
      46,
      139,
      55,
      107,
      335,
      26,
      168,
      127,
      231,
      52,
      131,
      138,
      63,
      92,
      110,
      142,
      214,
      56,
      4679,
      352,
      180,
      77,
      121,
      123,
      412,
      69,
      136,
      84,
      206,
      226,
      155,
      96,
      264,
      61,
      137,
      344,
      488,
      170,
      118,
      102,
      193,
      68,
      106,
      70,
      115,
      94,
      161,
      74,
      243,
      146,
      153,
      248,
      116,
      279,
      69,
      168,
      111,
      64,
      148,
      159,
      59,
      80,
      110,
      336,
      124,
      70,
      92,
      258,
      59,
      88,
      129,
      127,
      117,
      57,
      105,
      112,
      78,
      169,
      76,
      168,
      4902,
      134,
      102,
      68,
      147,
      60,
      82,
      55,
      42,
      86,
      165,
      143,
      125,
      102,
      113,
      80,
      118,
      173,
      70,
      108,
      95,
      131,
      133,
      80,
      140,
      151,
      117,
      132,
      67,
      93,
      84,
      61,
      82,
      199,
      120,
      185,
      68,
      35,
      71,
      103,
      149,
      366,
      81,
      169,
      39,
      10,
      108,
      125,
      52,
      265,
      125,
      170,
      229,
      51,
      232,
      3677,
      167,
      79,
      99,
      175,
      250,
      322,
      190,
      147,
      125,
      206,
      139,
      148,
      95,
      110,
      87,
      259,
      225,
      216,
      601,
      202,
      214,
      115,
      61,
      71,
      137,
      210,
      105,
      88,
      69,
      98,
      102,
      111,
      137,
      79,
      86,
      162,
      81,
      155,
      85,
      65,
      146,
      104,
      122,
      88,
      176,
      130,
      104,
      191,
      96,
      142,
      95,
      46,
      88,
      90,
      91,
      3788,
      347,
      192,
      144,
      132,
      58,
      148,
      150,
      40,
      119,
      30,
      94,
      111,
      95,
      83,
      107,
      152,
      87,
      135,
      232
    ],
    "chars": {
      "n": 612,
      "min": 30,
      "max": 23651,
      "mean": 675.2369281045752,
      "std": 1846.0119347247241,
      "var": 3407760.063146119,
      "p10": 191,
      "p25": 285,
      "p50": 419,
      "p75": 599,
      "p90": 935,
      "p95": 1211,