{
  "primary_metric": "length_controlled_winrate",
  "n_items": 805,
  "n_items_correct": 0,
  "n_items_incorrect": 0,
  "n_items_unknown": 805,
  "n_generations": 805,
  "samples_per_item": [
    1
  ],
  "all_rollouts": {
    "tokens": {
      "n": 805,
      "min": 2,
      "max": 5489,
      "mean": 419.79627329192544,
      "std": 1041.527398809356,
      "var": 1084779.3224705837,
      "p10": 3,
      "p25": 32,
      "p50": 136,
      "p75": 261,
      "p90": 511,
      "p95": 4104,
      "p99": 4977
    },
    "tokens_histogram": {
      "edges": [
        0,
        10,
        20,
        50,
        100,
        200,
        500,
        1000,
        2000,
        5000,
        10000,
        20000,
        40000
      ],
      "counts": [
        137,
        31,
        86,
        96,
        171,
        199,
        35,
        1,
        41,
        8,
        0,
        0
      ],
      "labels": [
        "[0,10)",
        "[10,20)",
        "[20,50)",
        "[50,100)",
        "[100,200)",
        "[200,500)",
        "[500,1000)",
        "[1000,2000)",
        "[2000,5000)",
        "[5000,10000)",
        "[10000,20000)",
        "[20000,40000)"
      ]
    },
    "tokens_raw": [
      305,
      212,
      178,
      147,
      150,
      137,
      22,
      70,
      178,
      269,
      497,
      270,
      824,
      198,
      95,
      539,
      706,
      3746,
      2,
      479,
      123,
      187,
      58,
      513,
      12,
      4179,
      28,
      425,
      203,
      192,
      456,
      344,
      366,
      147,
      26,
      185,
      292,
      380,
      334,
      165,
      20,
      236,
      209,
      46,
      119,
      4131,
      268,
      455,
      59,
      186,
      25,
      52,
      414,
      44,
      197,
      153,
      4132,
      345,
      732,
      61,
      826,
      231,
      643,
      211,
      297,
      80,
      251,
      525,
      187,
      196,
      58,
      16,
      200,
      187,
      195,
      231,
      267,
      716,
      93,
      305,
      191,
      175,
      4177,
      321,
      238,
      265,
      364,
      4170,
      49,
      4172,
      209,
      11,
      420,
      41,
      439,
      319,
      4977,
      26,
      92,
      212,
      4057,
      2,
      41,
      5029,
      429,
      48,
      175,
      383,
      339,
      26,
      4104,
      251,
      55,
      57,
      35,
      354,
      4903,
      216,
      43,
      92,
      19,
      44,
      61,
      256,
      287,
      21,
      273,
      178,
      169,
      330,
      234,
      77,
      347,
      161,
      134,
      59,
      136,
      91,
      4126,
      504,
      302,
      91,
      62,
      154,
      11,
      305,
      144,
      2,
      899,
      181,
      96,
      189,
      189,
      191,
      286,
      227,
      928,
      519,
      2,
      36,
      558,
      44,
      4063,
      94,
      3,
      90,
      270,
      50,
      4465,
      4656,
      383,
      4087,
      150,
      187,
      33,
      135,
      470,
      541,
      37,
      133,
      221,
      141,
      420,
      773,
      12,
      337,
      213,
      131,
      486,
      312,
      3,
      208,
      170,
      218,
      452,
      31,
      143,
      57,
      111,
      2,
      206,
      250,
      81,
      315,
      182,
      312,
      3,
      42,
      2,
      127,
      17,
      92,
      4156,
      273,
      2,
      371,
      249,
      106,
      113,
      263,
      190,
      154,
      57,
      201,
      4273,
      41,
      161,
      151,
      4098,
      121,
      73,
      175,
      2,
      693,
      212,
      4168,
      243,
      101,
      154,
      159,
      5076,
      97,
      44,
      527,
      47,
      2,
      164,
      154,
      134,
      41,
      2,
      3,
      825,
      231,
      96,
      535,
      260,
      189,
      111,
      164,
      3,
      45,
      2,
      437,
      137,
      706,
      128,
      209,
      4535,
      579,
      327,
      190,
      223,
      90,
      2,
      132,
      4569,
      58,
      109,
      251,
      36,
      485,
      4791,
      440,
      5489,
      92,
      59,
      294,
      72,
      4090,
      283,
      57,
      17,
      83,
      28,
      265,
      40,
      236,
      228,
      66,
      347,
      152,
      201,
      29,
      345,
      3,
      280,
      32,
      914,
      193,
      430,
      42,
      367,
      112,
      48,
      134,
      149,
      52,
      108,
      2,
      235,
      2,
      221,
      159,
      334,
      146,
      7,
      128,
      362,
      243,
      151,
      2,
      55,
      10,
      313,
      153,
      3,
      187,
      64,
      52,
      22,
      464,
      2,
      564,
      586,
      157,
      222,
      159,
      95,
      2,
      6,
      125,
      117,
      179,
      216,
      141,
      119,
      265,
      136,
      109,
      5148,
      945,
      7,
      3,
      212,
      246,
      20,
      128,
      73,
      4295,
      8,
      8,
      202,
      27,
      152,
      7,
      2,
      19,
      223,
      492,
      159,
      246,
      260,
      165,
      162,
      33,
      2,
      217,
      170,
      4432,
      2,
      72,
      255,
      506,
      184,
      192,
      63,
      366,
      2,
      5120,
      309,
      152,
      37,
      155,
      39,
      162,
      181,
      79,
      18,
      56,
      349,
      78,
      78,
      185,
      511,
      201,
      125,
      173,
      58,
      52,
      33,
      136,
      314,
      67,
      13,
      604,
      312,
      88,
      479,
      214,
      13,
      83,
      74,
      2,
      292,
      4973,
      49,
      268,
      5,
      2,
      32,
      160,
      200,
      245,
      174,
      335,
      30,
      181,
      36,
      202,
      263,
      135,
      70,
      216,
      201,
      164,
      5152,
      2,
      9,
      116,
      50,
      65,
      23,
      155,
      255,
      106,
      60,
      3,
      2,
      3,
      155,
      10,
      54,
      2,
      2,
      31,
      3,
      3,
      250,
      77,
      5112,
      14,
      3,
      139,
      78,
      16,
      70,
      104,
      64,
      68,
      157,
      78,
      46,
      2,
      3,
      3,
      321,
      125,
      42,
      4148,
      2,
      78,
      3,
      147,
      6,
      102,
      55,
      162,
      4891,
      25,
      31,
      129,
      111,
      2,
      137,
      276,
      171,
      197,
      4127,
      214,
      157,
      487,
      3,
      3,
      89,
      4120,
      2,
      35,
      23,
      2,
      174,
      77,
      156,
      35,
      2,
      3,
      26,
      25,
      3,
      2,
      2,
      2,
      2,
      4,
      2,
      12,
      2,
      147,
      111,
      3,
      261,
      331,
      12,
      2,
      96,
      39,
      4597,
      301,
      202,
      255,
      156,
      389,
      128,
      71,
      236,
      193,
      2,
      455,
      2,
      2,
      52,
      50,
      2,
      3,
      6,
      3,
      773,
      135,
      159,
      33,
      678,
      338,
      4805,
      245,
      257,
      155,
      466,
      127,
      36,
      268,
      104,
      116,
      88,
      142,
      30,
      3,
      188,
      3,
      3,
      2,
      26,
      296,
      37,
      131,
      329,
      175,
      144,
      4390,
      15,
      217,
      57,
      47,
      3,
      990,
      218,
      2,
      25,
      223,
      36,
      91,
      21,
      4075,
      48,
      3,
      3,
      4648,
      2,
      2,
      2,
      2,
      31,
      4,
      3,
      2,
      2,
      2,
      50,
      2,
      2,
      5,
      20,
      61,
      90,
      2,
      3,
