{
  "primary_metric": "prompt_level_loose_acc",
  "n_items": 300,
  "n_items_correct": 111,
  "n_items_incorrect": 189,
  "n_items_unknown": 0,
  "n_generations": 300,
  "samples_per_item": [
    1
  ],
  "all_rollouts": {
    "tokens": {
      "n": 300,
      "min": 2,
      "max": 4926,
      "mean": 37.41,
      "std": 327.95882144968544,
      "var": 107556.98856666667,
      "p10": 2,
      "p25": 2,
      "p50": 2,
      "p75": 2,
      "p90": 27,
      "p95": 82,
      "p99": 224
    },
    "tokens_histogram": {
      "edges": [
        0,
        10,
        20,
        50,
        100,
        200,
        500,
        1000,
        2000,
        5000,
        10000,
        20000,
        40000
      ],
      "counts": [
        259,
        7,
        9,
        13,
        9,
        1,
        0,
        0,
        2,
        0,
        0,
        0
      ],
      "labels": [
        "[0,10)",
        "[10,20)",
        "[20,50)",
        "[50,100)",
        "[100,200)",
        "[200,500)",
        "[500,1000)",
        "[1000,2000)",
        "[2000,5000)",
        "[5000,10000)",
        "[10000,20000)",
        "[20000,40000)"
      ]
    },
    "tokens_raw": [
      2,
      2,
      71,
      2,
      3,
      2,
      2,
      2,
      16,
      2,
      2,
      2,
      2,
      2,
      4,
      3,
      3,
      4,
      2,
      2,
      2,
      2,
      2,
      2,
      2,
      2,
      2,
      2,
      2,
      2,
      2,
      2,
      2,
      2,
      2,
      38,
      2,
      2,
      2,
      2,
      2,
      2,
      2,
      2,
      2,
      24,
      82,
      2,
      2,
      2,
      2,
      2,
      2,
      2,
      2,
      2,
      2,
      2,
      2,
      2,
      2,
      2,
      2,
      2,
      2,
      2,
      2,
      2,
      2,
      2,
      2,
      2,
      2,
      2,
      22,
      224,
      2,
      2,
      2,
      2,
      2,
      2,
      3,
      2,
      5,
      3,
      19,
      2,
      2,
      2,
      2,
      2,
      2,
      10,
      2,
      53,
      70,
      61,
      48,
      24,
      2,
      3,
      2,
      2,
      3,
      2,
      2,
      2,
      2,
      2,
      2,
      2,
      2,
      2,
      2,
      2,
      13,
      2,
      2,
      2,
      2,
      2,
      3,
      2,
      2,
      2,
      67,
      154,
      192,
      27,
      51,
      93,
      112,
      93,
      46,
      116,
      26,
      2,
      2,
      18,
      2,
      60,
      2,
      2,
      2,
      2,
      2,
      4926,
      2,
      2,
      2,
      2,
      4,
      2,
      2,
      2,
      2,
      2,
      2,
      2,
      2,
      2,
      2,
      2,
      2,
      2,
      2,
      2,
      2,
      2,
      2,
      2,
      2,
      2,
      2,
      81,
      2,
      2,
      2,
      2,
      2,
      2841,
      2,
      2,
      2,
      2,
      4,
      3,
      2,
      2,
      2,
      2,
      2,
      4,
      4,
      3,
      4,
      3,
      4,
      3,
      2,
      2,
      2,
      2,
      2,
      2,
      2,
      2,
      2,
      2,
      2,
      2,
      2,
      2,
      2,
      2,
      2,
      2,
      2,
      2,
      2,
      2,
      2,
      3,
      65,
      2,
      2,
      2,
      194,
      2,
      2,
      2,
      3,
      2,
      2,
      2,
      2,
      2,
      2,
      2,
      2,
      2,
      2,
      2,
      2,
      2,
      2,
      2,
      2,
      2,
      2,
      2,
      2,
      2,
      2,
      2,
      2,
      2,
      2,
      2,
      2,
      2,
      2,
      2,
      2,
      2,
      2,
      2,
      2,
      2,
      2,
      2,
      2,
      2,
      120,
      2,
      2,
      2,
      10,
      2,
      44,
      14,
      2,
      2,
      2,
      2,
      2,
      2,
      2,
      2,
      2,
      2,
      169,
      136,
      190,
      52,
      2,
      2,
      2,
      2
    ],
    "chars": {
      "n": 300,
      "min": 1,
      "max": 21240,
      "mean": 123.88666666666667,
      "std": 1240.6538923039288,
      "var": 1539222.0804888888,
      "p10": 1,
      "p25": 1,
      "p50": 1,
      "p75": 5,
      "p90": 123,
      "p95": 360,
      "p99": 1166
    },
    "chars_histogram": {
      "edges": [
        0,
        50,
        100,
        250,
        500,
        1000,
        2500,
        5000,
        10000,
        25000,
        50000,
        100000,
        200000
      ],
      "counts": [
        262,
        5,
        12,
        10,
        8,
        1,
        1,
        0,
        1,
        0,
        0,
        0
      ],
      "labels": [
        "[0,50)",
        "[50,100)",
        "[100,250)",
        "[250,500)",
        "[500,1000)",
        "[1000,2500)",
        "[2500,5000)",
        "[5000,10000)",
        "[10000,25000)",
        "[25000,50000)",
        "[50000,100000)",
        "[100000,200000)"
      ]
    }
  },
  "correct_rollouts": {
    "tokens": {
      "n": 111,
      "min": 2,
      "max": 2841,
      "mean": 41.486486486486484,
      "std": 269.79791786455957,
      "var": 72790.91648405162,
      "p10": 2,
      "p25": 2,
      "p50": 2,
      "p75": 2,
      "p90": 52,
      "p95": 136,
      "p99": 192
    },
    "tokens_histogram": {
      "edges": [
        0,
        10,
        20,
        50,
        100,
        200,
        500,
        1000,
        2000,
        5000,
        10000,
        20000,
        40000
      ],
      "counts": [
        92,
        2,
        4,
        5,
        7,
        0,
        0,
        0,
        1,
        0,
        0,
        0
      ],
      "labels": [
        "[0,10)",
        "[10,20)",
        "[20,50)",
        "[50,100)",
        "[100,200)",
        "[200,500)",
        "[500,1000)",
        "[1000,2000)",
        "[2000,5000)",
        "[5000,10000)",
        "[10000,20000)",
        "[20000,40000)"
      ]
    },
    "tokens_raw": [
      4,
      2,
      2,
      2,
      2,
      2,
      2,
      22,
      2,
      2,
      2,
      2,
      19,
      2,
      2,
      2,
      2,
      2,
      3,
      2,
      3,
      2,
      2,
      2,
      13,
      2,
      67,
      154,
      192,
      27,
      51,
      93,
      112,
      46,
      2,
      2,
      2,
      2,
      2,
      2,
      2,
      2,
      2,
      2,
      2,
      2,
      2,
      2,
      2,
      2,
      2,
      2,
      2,
      2,
      2,
      2841,
      2,
      2,
      2,
      2,
      4,
      3,
      2,
      2,
      2,
      2,
      2,
      2,
      2,
      2,
      3,
      65,
      2,
      2,
      2,
      2,
      2,
      2,
      2,
      2,
      2,
      2,
      2,
      2,
      2,
      2,
      2,
      2,
      2,
      2,
      2,
      2,
      2,
      2,
      2,
      2,
      2,
      120,
      44,
      2,
      2,
      2,
      2,
      169,
      136,
      190,
      52,
      2,
      2,
      2,
      2
    ],
    "chars": {
      "n": 111,
      "min": 1,
      "max": 2840,
      "mean": 88.31531531531532,
      "std": 316.00330657358813,
      "var": 99858.08976544112,
      "p10": 1,
      "p25": 1,
      "p50": 1,
      "p75": 9,
      "p90": 252,
      "p95": 633,
      "p99": 943
    },
    "chars_histogram": {
      "edges": [
        0,
        50,
        100,
        250,
        500,
        1000,
        2500,
        5000,
        10000,
        25000,
        50000,
        100000,
        200000
      ],
      "counts": [
        92,
        3,
        4,
        5,
        6,
        0,
        1,
        0,
        0,
        0,
        0,
        0
      ],
      "labels": [
        "[0,50)",
        "[50,100)",
        "[100,250)",
        "[250,500)",
        "[500,1000)",
        "[1000,2500)",
        "[2500,5000)",
        "[5000,10000)",
        "[10000,25000)",
        "[25000,50000)",
        "[50000,100000)",
        "[100000,200000)"
      ]
    }
  },