{
  "primary_metric": "exact_match_flex",
  "n_items": 500,
  "n_items_correct": 136,
  "n_items_incorrect": 364,
  "n_items_unknown": 0,
  "n_generations": 500,
  "samples_per_item": [
    1
  ],
  "all_rollouts": {
    "tokens": {
      "n": 500,
      "min": 3,
      "max": 514,
      "mean": 36.958,
      "std": 81.36569446640273,
      "var": 6620.376236,
      "p10": 6,
      "p25": 6,
      "p50": 7,
      "p75": 10,
      "p90": 163,
      "p95": 231,
      "p99": 394
    },
    "tokens_histogram": {
      "edges": [
        0,
        10,
        20,
        50,
        100,
        200,
        500,
        1000,
        2000,
        5000,
        10000,
        20000,
        40000
      ],
      "counts": [
        338,
        86,
        11,
        2,
        27,
        35,
        1,
        0,
        0,
        0,
        0,
        0
      ],
      "labels": [
        "[0,10)",
        "[10,20)",
        "[20,50)",
        "[50,100)",
        "[100,200)",
        "[200,500)",
        "[500,1000)",
        "[1000,2000)",
        "[2000,5000)",
        "[5000,10000)",
        "[10000,20000)",
        "[20000,40000)"
      ]
    },
    "tokens_raw": [
      12,
      10,
      326,
      6,
      8,
      7,
      7,
      7,
      10,
      7,
      9,
      6,
      8,
      7,
      6,
      10,
      155,
      6,
      7,
      6,
      10,
      108,
      6,
      6,
      3,
      6,
      8,
      8,
      10,
      6,
      9,
      11,
      8,
      378,
      8,
      276,
      6,
      7,
      9,
      7,
      7,
      7,
      226,
      7,
      9,
      6,
      6,
      6,
      10,
      7,
      8,
      24,
      6,
      11,
      9,
      6,
      7,
      8,
      9,
      7,
      154,
      7,
      6,
      6,
      6,
      6,
      16,
      7,
      8,
      264,
      9,
      9,
      6,
      38,
      6,
      10,
      171,
      6,
      211,
      6,
      6,
      6,
      10,
      6,
      6,
      8,
      8,
      231,
      6,
      289,
      7,
      6,
      13,
      7,
      7,
      514,
      9,
      6,
      9,
      23,
      8,
      7,
      149,
      6,
      7,
      8,
      10,
      7,
      6,
      7,
      6,
      8,
      138,
      198,
      7,
      9,
      6,
      6,
      169,
      7,
      6,
      6,
      6,
      7,
      11,
      6,
      8,
      11,
      6,
      451,
      6,
      6,
      6,
      8,
      7,
      6,
      6,
      9,
      10,
      6,
      6,
      6,
      8,
      433,
      11,
      6,
      10,
      116,
      7,
      7,
      6,
      8,
      7,
      11,
      10,
      10,
      7,
      227,
      9,
      8,
      7,
      6,
      11,
      11,
      6,
      12,
      11,
      7,
      6,
      7,
      6,
      12,
      371,
      6,
      6,
      6,
      15,
      7,
      8,
      17,
      6,
      10,
      9,
      117,
      11,
      6,
      6,
      6,
      6,
      7,
      10,
      6,
      394,
      6,
      138,
      8,
      9,
      7,
      10,
      7,
      7,
      7,
      10,
      6,
      47,
      23,
      11,
      7,
      6,
      7,
      6,
      210,
      7,
      6,
      8,
      229,
      6,
      15,
      10,
      10,
      6,
      7,
      6,
      6,
      6,
      8,
      6,
      6,
      7,
      7,
      175,
      7,
      6,
      7,
      228,
      10,
      6,
      7,
      12,
      7,
      8,
      7,
      372,
      6,
      6,
      10,
      6,
      6,
      286,
      103,
      7,
      6,
      447,
      10,
      9,
      6,
      13,
      259,
      7,
      7,
      7,
      7,
      6,
      7,
      6,
      9,
      10,
      8,
      6,
      6,
      7,
      97,
      267,
      8,
      7,
      6,
      6,
      9,
      8,
      7,
      6,
      7,
      8,
      11,
      6,
      8,
      18,
      7,
      16,
      171,
      6,
      8,
      6,
      17,
      7,
      180,
      8,
      8,
      28,
      7,
      7,
      9,
      6,
      236,
      175,
      10,
      6,
      13,
      227,
      7,
      6,
      6,
      10,
      7,
      8,
      6,
      282,
      6,
      25,
      195,
      12,
      8,
      6,
      10,
      7,
      6,
      10,
      8,
      6,
      6,
      9,
      11,
      230,
      68,
      7,
      6,
      216,
      6,
      11,
      6,
      7,
      6,
      6,
      10,
      6,
      11,
      8,
      243,
      9,
      10,
      6,
      10,
      7,
      8,
      197,
      8,
      9,
      7,
      6,
      6,
      6,
      6,
      10,
      6,
      245,
      6,
      224,
      6,
      7,
      8,
      7,
      6,
      7,
      11,
      6,
      330,
      8,
      6,
      6,
      13,
      19,
      11,
      9,
      21,
      12,
      7,
      6,
      7,
      6,
      10,
      7,
      290,
      7,
      10,
      6,
      6,
      6,
      7,
      7,
      10,
      10,
      173,
      6,
      6,
      6,
      7,
      6,
      6,
      20,
      176,
      6,
      7,
      8,
      9,
      7,
      335,
      10,
      163,
      15,
      49,
      18,
      7,
      15,
      9,
      8,
      16,
      10,
      7,
      205,
      6,
      8,
      6,
      128,
      12,
      8,
      16,
      261,
      6,
      6,
      36,
      10,
      9,
      6,
      7,
      10,
      6,
      6,
      6,
      6,
      7,
      7,
      16,
      7,
      7,
      13,
      6,
      9,
      6,
      7,
      10,
      8,
      7,
      6,
      6,
      6,
      8,
      6,
      7,
      6,
      7,
      146,
      7,
      14,
      6,
      235,
      8,
      8,
      6,
      6,
      186,
      6,
      7,
      151,
      6,
      6,
      7,
      8,
      6,
      7,
      7,
      6,
      8,
      9,
      7,
      105,
      10,
      178,
      16,
      6,
      8
    ],
    "chars": {
      "n": 500,
      "min": 2,
      "max": 1178,
      "mean": 89.954,
      "std": 212.37613774621667,
      "var": 45103.623884,
      "p10": 9,
      "p25": 9,
      "p50": 11,
      "p75": 20,
      "p90": 437,
      "p95": 627,
      "p99": 1013
    },
    "chars_histogram": {
      "edges": [
        0,
        50,
        100,
        250,
        500,
        1000,
        2500,
        5000,
        10000,
        25000,
        50000,
        100000,
        200000
      ],
      "counts": [
        429,
        4,
        2,
        22,
        38,
        5,
        0,
        0,
        0,
        0,
        0,
        0
      ],
      "labels": [
        "[0,50)",
        "[50,100)",
        "[100,250)",
        "[250,500)",
        "[500,1000)",
        "[1000,2500)",
        "[2500,5000)",
        "[5000,10000)",
        "[10000,25000)",
        "[25000,50000)",
        "[50000,100000)",
        "[100000,200000)"
      ]
    }
  },
  "correct_rollouts": {
    "tokens": {
      "n": 136,
      "min": 6,
      "max": 514,
      "mean": 54.205882352941174,
      "std": 105.40636475139348,
      "var": 11110.501730103806,
      "p10": 6,
      "p25": 6,
      "p50": 7,
      "p75": 11,
      "p90": 226,
      "p95": 276,
      "p99": 447
    },
    "tokens_histogram": {
      "edges": [
        0,
        10,
        20,
        50,
        100,
        200,
        500,
        1000,
        2000,
        5000,
        10000,
        20000,
        40000
      ],
      "counts": [
        90,
        18,
        2,
        1,
        9,
        15,
        1,
        0,
        0,
        0,
        0,
        0
      ],
      "labels": [
        "[0,10)",
        "[10,20)",
        "[20,50)",
        "[50,100)",
        "[100,200)",
        "[200,500)",
        "[500,1000)",
        "[1000,2000)",
        "[2000,5000)",
        "[5000,10000)",
        "[10000,20000)",
        "[20000,40000)"
      ]
    },