{
  "primary_metric": "length_controlled_winrate",
  "n_items": 805,
  "n_items_correct": 0,
  "n_items_incorrect": 0,
  "n_items_unknown": 805,
  "n_generations": 805,
  "samples_per_item": [
    1
  ],
  "all_rollouts": {
    "tokens": {
      "n": 805,
      "min": 2,
      "max": 6656,
      "mean": 1062.47950310559,
      "std": 1710.209981990262,
      "var": 2924818.182499132,
      "p10": 43,
      "p25": 127,
      "p50": 293,
      "p75": 708,
      "p90": 4643,
      "p95": 5094,
      "p99": 5826
    },
    "tokens_histogram": {
      "edges": [
        0,
        10,
        20,
        50,
        100,
        200,
        500,
        1000,
        2000,
        5000,
        10000,
        20000,
        40000
      ],
      "counts": [
        16,
        24,
        54,
        80,
        129,
        226,
        115,
        22,
        82,
        57,
        0,
        0
      ],
      "labels": [
        "[0,10)",
        "[10,20)",
        "[20,50)",
        "[50,100)",
        "[100,200)",
        "[200,500)",
        "[500,1000)",
        "[1000,2000)",
        "[2000,5000)",
        "[5000,10000)",
        "[10000,20000)",
        "[20000,40000)"
      ]
    },
    "tokens_raw": [
      164,
      4138,
      4136,
      274,
      467,
      241,
      114,
      162,
      413,
      592,
      845,
      319,
      915,
      530,
      347,
      635,
      255,
      693,
      172,
      4949,
      90,
      136,
      316,
      5511,
      51,
      4134,
      369,
      5764,
      5082,
      740,
      1503,
      6656,
      411,
      311,
      40,
      5018,
      525,
      5007,
      4088,
      109,
      87,
      2046,
      798,
      175,
      544,
      4251,
      300,
      912,
      216,
      545,
      57,
      108,
      977,
      346,
      274,
      237,
      856,
      822,
      327,
      131,
      4190,
      362,
      4974,
      4167,
      4080,
      265,
      276,
      672,
      4125,
      400,
      94,
      113,
      263,
      216,
      461,
      539,
      410,
      646,
      899,
      5014,
      386,
      850,
      5057,
      1042,
      4830,
      641,
      5050,
      789,
      78,
      4489,
      234,
      99,
      4170,
      63,
      4418,
      336,
      5115,
      312,
      723,
      382,
      585,
      60,
      53,
      4227,
      984,
      50,
      235,
      406,
      553,
      45,
      146,
      4848,
      113,
      46,
      238,
      649,
      1163,
      277,
      41,
      252,
      48,
      65,
      118,
      585,
      1342,
      65,
      319,
      543,
      69,
      708,
      233,
      186,
      210,
      198,
      210,
      76,
      4003,
      148,
      5048,
      6021,
      5176,
      504,
      194,
      459,
      50,
      5056,
      181,
      402,
      5699,
      255,
      124,
      548,
      4174,
      200,
      873,
      243,
      506,
      507,
      203,
      50,
      677,
      450,
      5715,
      941,
      69,
      138,
      462,
      126,
      41,
      257,
      525,
      4429,
      301,
      54,
      275,
      4788,
      1032,
      433,
      792,
      170,
      461,
      314,
      4901,
      611,
      633,
      489,
      361,
      176,
      5817,
      276,
      6,
      272,
      238,
      321,
      5103,
      38,
      252,
      246,
      169,
      2,
      329,
      240,
      325,
      5534,
      4102,
      413,
      164,
      42,
      1248,
      236,
      37,
      304,
      1138,
      4628,
      36,
      5271,
      306,
      176,
      136,
      168,
      227,
      567,
      173,
      330,
      522,
      67,
      301,
      167,
      4958,
      214,
      957,
      2174,
      34,
      309,
      259,
      6425,
      1208,
      284,
      509,
      193,
      4844,
      5121,
      5475,
      5034,
      502,
      36,
      613,
      311,
      577,
      42,
      184,
      91,
      4832,
      723,
      246,
      200,
      968,
      508,
      44,
      54,
      63,
      216,
      2,
      202,
      270,
      1074,
      4345,
      371,
      207,
      401,
      4213,
      455,
      271,
      185,
      59,
      226,
      4397,
      272,
      5149,
      343,
      249,
      5478,
      153,
      349,
      2116,
      77,
      94,
      559,
      335,
      4165,
      371,
      537,
      108,
      157,
      17,
      221,
      88,
      5154,
      407,
      70,
      451,
      159,
      4400,
      72,
      3791,
      35,
      474,
      92,
      602,
      735,
      1228,
      331,
      438,
      339,
      64,
      5267,
      284,
      70,
      160,
      184,
      689,
      355,
      5062,
      316,
      838,
      4786,
      787,
      153,
      355,
      317,
      44,
      111,
      45,
      10,
      533,
      214,
      406,
      469,
      467,
      72,
      17,
      1349,
      171,
      956,
      4546,
      283,
      127,
      377,
      136,
      74,
      33,
      261,
      195,
      778,
      587,
      4100,
      194,
      269,
      599,
      149,
      5089,
      5480,
      131,
      4133,
      173,
      217,
      5030,
      136,
      132,
      2930,
      8,
      39,
      454,
      113,
      4264,
      5551,
      16,
      1087,
      4643,
      599,
      70,
      840,
      723,
      204,
      192,
      60,
      165,
      474,
      308,
      15,
      147,
      145,
      786,
      886,
      373,
      4148,
      1002,
      453,
      198,
      3996,
      5554,
      422,
      53,
      655,
      42,
      433,
      251,
      3062,
      19,
      137,
      658,
      253,
      153,
      1257,
      4120,
      328,
      205,
      145,
      66,
      121,
      37,
      128,
      644,
      148,
      31,
      4163,
      498,
      137,
      4827,
      462,
      115,
      192,
      109,
      4978,
      2429,
      617,
      69,
      903,
      46,
      16,
      71,
      456,
      244,
      155,
      205,
      4789,
      92,
      224,
      152,
      476,
      4846,
      589,
      650,
      286,
      307,
      192,
      4084,
      137,
      9,
      317,
      154,
      27,
      6154,
      92,
      421,
      104,
      170,
      477,
      134,
      46,
      882,
      5044,
      171,
      18,
      4892,
      31,
      58,
      12,
      85,
      102,
      296,
      29,
      4834,
      287,
      256,
      142,
      262,
      162,
      89,
      51,
      258,
      107,
      82,
      15,
      4410,
      4606,
      5029,
      149,
      86,
      589,
      168,
      45,
      156,
      217,
      138,
      256,
      54,
      4418,
      265,
      105,
      103,
      245,
      511,
      62,
      232,
      4156,
      294,
      427,
      344,
      214,
      4187,
      516,
      261,
      136,
      165,
      225,
      151,
      38,
      33,
      5826,
      161,
      85,
      388,
      373,
      167,
      151,
      105,
      2,
      186,
      2935,
      153,
      4890,
      81,
      3,
      4943,
      15,
      145,
      171,
      137,
      43,
      5285,
      443,
      12,
      275,
      74,
      190,
      345,
      560,
      4084,
      536,
      568,
      1272,
      190,
      253,
      193,
      281,
      247,
      463,
      62,
      302,
      131,
      66,
      401,
      159,
      363,
      4968,
      5206,
      100,
      188,
      5168,
      741,
      229,
      552,
      1839,
      247,
      169,
      5875,
      366,
      64,
      315,
      293,
      312,
      203,
      295,
      383,
      208,
      5074,
      13,
      57,
      374,
      49,
      5133,
      65,
      424,
      773,
      528,
      142,
      1153,
      18,
      200,
      154,
      587,
      63,
      805,
