{
  "primary_metric": "prompt_level_loose_acc",
  "n_items": 300,
  "n_items_correct": 76,
  "n_items_incorrect": 224,
  "n_items_unknown": 0,
  "n_generations": 300,
  "samples_per_item": [
    1
  ],
  "all_rollouts": {
    "tokens": {
      "n": 300,
      "min": 2,
      "max": 5024,
      "mean": 491.55333333333334,
      "std": 1390.2725178259916,
      "var": 1932857.6738222223,
      "p10": 2,
      "p25": 2,
      "p50": 2,
      "p75": 76,
      "p90": 888,
      "p95": 4804,
      "p99": 5001
    },
    "tokens_histogram": {
      "edges": [
        0,
        10,
        20,
        50,
        100,
        200,
        500,
        1000,
        2000,
        5000,
        10000,
        20000,
        40000
      ],
      "counts": [
        168,
        6,
        30,
        38,
        21,
        6,
        2,
        0,
        26,
        3,
        0,
        0
      ],
      "labels": [
        "[0,10)",
        "[10,20)",
        "[20,50)",
        "[50,100)",
        "[100,200)",
        "[200,500)",
        "[500,1000)",
        "[1000,2000)",
        "[2000,5000)",
        "[5000,10000)",
        "[10000,20000)",
        "[20000,40000)"
      ]
    },
    "tokens_raw": [
      2,
      2,
      2,
      4804,
      2,
      116,
      4703,
      75,
      135,
      2,
      3,
      2,
      2,
      2,
      2,
      2,
      2,
      24,
      2,
      2,
      2,
      41,
      2,
      2,
      2,
      2,
      3,
      2,
      2,
      4000,
      4466,
      25,
      2,
      7,
      4927,
      132,
      139,
      93,
      79,
      53,
      888,
      120,
      2,
      2,
      69,
      34,
      2,
      2,
      2,
      2,
      2,
      95,
      4735,
      4570,
      18,
      2,
      4574,
      24,
      4273,
      14,
      61,
      2,
      133,
      3,
      2,
      2,
      220,
      3,
      2,
      81,
      27,
      2,
      52,
      2,
      22,
      5019,
      2,
      2,
      4861,
      71,
      2,
      2,
      2,
      4817,
      2,
      2,
      36,
      2,
      2,
      2,
      2,
      2,
      57,
      2,
      2,
      53,
      62,
      113,
      35,
      139,
      38,
      2,
      147,
      2,
      90,
      4792,
      82,
      58,
      2,
      128,
      3896,
      2,
      2,
      2,
      2,
      2,
      48,
      13,
      2,
      37,
      2,
      52,
      2,
      2,
      2,
      2,
      2,
      49,
      604,
      2,
      2,
      2,
      4601,
      80,
      2,
      60,
      76,
      4563,
      2,
      70,
      45,
      57,
      2,
      2,
      2,
      2,
      2,
      97,
      131,
      2,
      153,
      2,
      2,
      4943,
      2,
      35,
      18,
      2,
      411,
      88,
      5024,
      20,
      90,
      39,
      81,
      142,
      2,
      2,
      2,
      2,
      2,
      295,
      5,
      2,
      2,
      107,
      151,
      2,
      2,
      50,
      80,
      4889,
      4,
      4885,
      90,
      4931,
      4,
      4927,
      3,
      4905,
      125,
      2,
      2,
      2,
      24,
      2,
      2,
      2,
      2,
      2,
      2,
      4655,
      2,
      2,
      2,
      2,
      88,
      2,
      2,
      3,
      2,
      96,
      3,
      2,
      2,
      2,
      2,
      3,
      2,
      2,
      3,
      2,
      3,
      137,
      61,
      34,
      33,
      2,
      70,
      4753,
      218,
      2,
      2,
      28,
      2,
      2,
      2,
      2,
      2,
      2,
      2,
      2,
      2,
      2,
      2,
      2,
      30,
      2,
      2,
      2,
      16,
      76,
      2,
      2,
      2,
      2,
      2,
      2,
      19,
      7,
      2,
      2,
      142,
      30,
      29,
      63,
      25,
      92,
      2,
      4708,
      333,
      2,
      2,
      2,
      134,
      2,
      2,
      2,
      44,
      48,
      46,
      2,
      2,
      2,
      4916,
      60,
      2,
      2,
      2,
      42,
      2,
      2,
      356,
      158,
      5001,
      162,
      50,
      27,
      2,
      4921
    ],
    "chars": {
      "n": 300,
      "min": 1,
      "max": 24950,
      "mean": 1814.6333333333334,
      "std": 5381.908783342786,
      "var": 28964942.152222224,
      "p10": 2,
      "p25": 9,
      "p50": 9,
      "p75": 323,
      "p90": 3271,
      "p95": 19432,
      "p99": 24438
    },
    "chars_histogram": {
      "edges": [
        0,
        50,
        100,
        250,
        500,
        1000,
        2500,
        5000,
        10000,
        25000,
        50000,
        100000,
        200000
      ],
      "counts": [
        169,
        6,
        36,
        35,
        18,
        6,
        1,
        6,
        23,
        0,
        0,
        0
      ],
      "labels": [
        "[0,50)",
        "[50,100)",
        "[100,250)",
        "[250,500)",
        "[500,1000)",
        "[1000,2500)",
        "[2500,5000)",
        "[5000,10000)",
        "[10000,25000)",
        "[25000,50000)",
        "[50000,100000)",
        "[100000,200000)"
      ]
    }
  },
  "correct_rollouts": {
    "tokens": {
      "n": 76,
      "min": 2,
      "max": 5019,
      "mean": 526.7236842105264,
      "std": 1462.8738082667082,
      "var": 2139999.778912742,
      "p10": 2,
      "p25": 2,
      "p50": 2,
      "p75": 22,
      "p90": 4000,
      "p95": 4927,
      "p99": 5019
    },
    "tokens_histogram": {
      "edges": [
        0,
        10,
        20,
        50,
        100,
        200,
        500,
        1000,
        2000,
        5000,
        10000,
        20000,
        40000
      ],
      "counts": [
        56,
        1,
        4,
        2,
        3,
        1,
        1,
        0,
        7,
        1,
        0,
        0
      ],
      "labels": [
        "[0,10)",
        "[10,20)",
        "[20,50)",
        "[50,100)",
        "[100,200)",
        "[200,500)",
        "[500,1000)",
        "[1000,2000)",
        "[2000,5000)",
        "[5000,10000)",
        "[10000,20000)",
        "[20000,40000)"
      ]
    },
    "tokens_raw": [
      4000,
      2,
      2,
      2,
      2,
      2,
      22,
      5019,
      2,
      2,
      71,
      2,
      2,
      2,
      2,
      2,
      2,
      2,
      48,
      13,
      2,
      49,
      604,
      2,
      2,
      2,
      4601,
      2,
      4943,
      2,
      2,
      2,
      2,
      2,
      2,
      50,
      4889,
      4,
      4885,
      4931,
      4,
      4927,
      2,
      2,
      2,
      2,
      2,
      3,
      2,
      3,
      2,
      3,
      2,
      3,
      137,
      2,
      2,
      2,
      2,
      2,
      2,
      2,
      2,
      2,
      2,
      2,
      2,
      2,
      2,
      2,
      2,
      46,
      356,
      158,
      162,
      2
    ],
    "chars": {
      "n": 76,
      "min": 1,
      "max": 24778,
      "mean": 2333.657894736842,
      "std": 6537.938025081463,
      "var": 42744633.619806096,
      "p10": 2,
      "p25": 9,
      "p50": 9,
      "p75": 109,
      "p90": 17333,
      "p95": 19765,
      "p99": 24778
    },
    "chars_histogram": {
      "edges": [
        0,
        50,
        100,
        250,
        500,
        1000,
        2500,
        5000,
        10000,
        25000,
        50000,
        100000,
        200000
      ],
      "counts": [
        56,
        1,
        3,
        4,
        2,
        2,
        0,
        0,
        8,
        0,
        0,
        0
      ],
      "labels": [
        "[0,50)",
        "[50,100)",
        "[100,250)",
        "[250,500)",
        "[500,1000)",
        "[1000,2500)",
        "[2500,5000)",
        "[5000,10000)",
        "[10000,25000)",
        "[25000,50000)",
        "[50000,100000)",
        "[100000,200000)"
      ]
    }
  },
  "incorrect_rollouts": {
    "tokens": {
      "n": 224,
      "min": 2,
      "max": 5024,