{
  "primary_metric": "exact_match_flex",
  "n_items": 500,
  "n_items_correct": 165,
  "n_items_incorrect": 335,
  "n_items_unknown": 0,
  "n_generations": 500,
  "samples_per_item": [
    1
  ],
  "all_rollouts": {
    "tokens": {
      "n": 500,
      "min": 2,
      "max": 8438,
      "mean": 2008.128,
      "std": 2053.1055480943983,
      "var": 4215242.391616,
      "p10": 193,
      "p25": 277,
      "p50": 549,
      "p75": 4177,
      "p90": 4948,
      "p95": 5042,
      "p99": 5178
    },
    "tokens_histogram": {
      "edges": [
        0,
        10,
        20,
        50,
        100,
        200,
        500,
        1000,
        2000,
        5000,
        10000,
        20000,
        40000
      ],
      "counts": [
        1,
        1,
        2,
        8,
        42,
        190,
        45,
        9,
        171,
        31,
        0,
        0
      ],
      "labels": [
        "[0,10)",
        "[10,20)",
        "[20,50)",
        "[50,100)",
        "[100,200)",
        "[200,500)",
        "[500,1000)",
        "[1000,2000)",
        "[2000,5000)",
        "[5000,10000)",
        "[10000,20000)",
        "[20000,40000)"
      ]
    },
    "tokens_raw": [
      4011,
      4923,
      292,
      207,
      4538,
      148,
      348,
      4024,
      203,
      188,
      5034,
      5081,
      277,
      4672,
      83,
      3718,
      216,
      3365,
      82,
      4943,
      4994,
      4971,
      3483,
      4542,
      419,
      3487,
      4892,
      4085,
      196,
      3358,
      644,
      171,
      275,
      4123,
      5126,
      346,
      4796,
      140,
      246,
      3804,
      230,
      4048,
      4941,
      383,
      500,
      1752,
      780,
      2355,
      3967,
      330,
      201,
      2894,
      3355,
      4683,
      58,
      4913,
      168,
      218,
      4590,
      727,
      455,
      4126,
      3115,
      773,
      180,
      4172,
      209,
      294,
      456,
      399,
      207,
      4510,
      450,
      5110,
      4855,
      4025,
      4954,
      269,
      4915,
      233,
      967,
      247,
      3428,
      4990,
      386,
      2,
      4336,
      255,
      5104,
      212,
      102,
      194,
      4150,
      288,
      277,
      663,
      865,
      5024,
      243,
      4911,
      2835,
      299,
      204,
      4323,
      497,
      5009,
      204,
      375,
      4909,
      5194,
      3918,
      287,
      4000,
      256,
      217,
      462,
      178,
      151,
      654,
      232,
      458,
      168,
      4154,
      3417,
      641,
      183,
      4911,
      123,
      430,
      5014,
      5012,
      302,
      171,
      5178,
      4948,
      4800,
      4890,
      461,
      297,
      236,
      237,
      224,
      307,
      404,
      114,
      352,
      268,
      3643,
      4161,
      606,
      632,
      4830,
      4608,
      4906,
      4184,
      716,
      4887,
      379,
      4177,
      371,
      564,
      4188,
      4928,
      426,
      186,
      254,
      4881,
      153,
      451,
      4131,
      4112,
      295,
      485,
      3335,
      285,
      5103,
      5126,
      196,
      193,
      4906,
      265,
      2200,
      258,
      549,
      4979,
      4956,
      246,
      346,
      210,
      302,
      342,
      4420,
      1951,
      406,
      280,
      377,
      260,
      3978,
      163,
      471,
      485,
      4866,
      45,
      604,
      3419,
      1220,
      4022,
      253,
      4119,
      4163,
      444,
      240,
      220,
      3869,
      4851,
      3696,
      4722,
      895,
      293,
      2879,
      381,
      4064,
      4308,
      4675,
      4968,
      324,
      91,
      59,
      4108,
      5062,
      3574,
      3468,
      4909,
      4056,
      344,
      561,
      4367,
      719,
      475,
      261,
      4179,
      4763,
      5173,
      306,
      4132,
      756,
      4408,
      4945,
      4256,
      744,
      892,
      341,
      599,
      223,
      403,
      217,
      225,
      237,
      4871,
      250,
      2657,
      4122,
      178,
      4158,
      265,
      219,
      440,
      457,
      167,
      248,
      280,
      483,
      847,
      4278,
      4462,
      297,
      377,
      4726,
      318,
      373,
      372,
      4453,
      210,
      309,
      4313,
      544,
      740,
      5154,
      1097,
      4106,
      390,
      264,
      5050,
      594,
      494,
      558,
      4916,
      4090,
      4184,
      278,
      4999,
      10,
      256,
      277,
      451,
      108,
      310,
      169,
      335,
      397,
      333,
      412,
      249,
      656,
      272,
      405,
      647,
      1922,
      4973,
      250,
      249,
      3041,
      191,
      4996,
      3460,
      5089,
      81,
      7572,
      750,
      211,
      574,
      3444,
      564,
      4067,
      451,
      362,
      4902,
      446,
      247,
      4121,
      442,
      4973,
      4100,
      550,
      227,
      126,
      4247,
      346,
      4748,
      296,
      222,
      261,
      246,
      298,
      185,
      4981,
      991,
      245,
      66,
      4690,
      225,
      3321,
      5514,
      146,
      265,
      5057,
      3166,
      160,
      374,
      306,
      4410,
      461,
      535,
      477,
      286,
      3407,
      223,
      173,
      419,
      474,
      4966,
      4895,
      2007,
      4379,
      4329,
      3394,
      193,
      293,
      4950,
      149,
      348,
      1581,
      3546,
      413,
      4379,
      1102,
      471,
      353,
      4879,
      79,
      4917,
      322,
      4943,
      404,
      205,
      241,
      510,
      4962,
      4901,
      4085,
      409,
      364,
      3574,
      162,
      401,
      524,
      297,
      216,
      4989,
      435,
      5038,
      390,
      4895,
      4948,
      339,
      238,
      679,
      4789,
      5093,
      2932,
      205,
      1204,
      3608,
      3980,
      4101,
      757,
      655,
      464,
      42,
      124,
      320,
      4143,
      4078,
      162,
      477,
      562,
      5074,
      316,
      472,
      164,
      476,
      5115,
      369,
      4775,
      2431,
      128,
      1104,
      102,
      306,
      5123,
      207,
      420,
      303,
      337,
      5100,
      225,
      273,
      183,
      148,
      4922,
      4877,
      4933,
      331,
      238,
      334,
      4811,
      426,
      235,
      4958,
      171,
      4060,
      4908,
      8438,
      3273,
      549,
      4888,
      4903,
      5163,
      5042,
      613,
      441,
      3951,
      5078,
      354,
      244,
      624,
      484,
      3004,
      315,
      4144
    ],
    "chars": {
      "n": 500,
      "min": 4,
      "max": 155636,
      "mean": 6017.098,
      "std": 9471.713526727674,
      "var": 89713357.132396,
      "p10": 545,
      "p25": 784,
      "p50": 1527,
      "p75": 9619,
      "p90": 15215,
      "p95": 20056,
      "p99": 28081
    },
    "chars_histogram": {
      "edges": [
        0,
        50,
        100,
        250,
        500,
        1000,
        2500,
        5000,
        10000,
        25000,
        50000,
        100000,
        200000
      ],
      "counts": [
        2,
        0,
        10,
        28,
        136,
        111,
        10,
        85,
        106,
        11,
        0,
        1
      ],
      "labels": [
        "[0,50)",
        "[50,100)",
        "[100,250)",
        "[250,500)",
        "[500,1000)",
        "[1000,2500)",
        "[2500,5000)",
        "[5000,10000)",
        "[10000,25000)",
        "[25000,50000)",
        "[50000,100000)",
        "[100000,200000)"
      ]
    }
  },
  "correct_rollouts": {
    "tokens": {
      "n": 165,
      "min": 42,