{
  "primary_metric": "length_controlled_winrate",
  "n_items": 805,
  "n_items_correct": 0,
  "n_items_incorrect": 0,
  "n_items_unknown": 805,
  "n_generations": 805,
  "samples_per_item": [
    1
  ],
  "all_rollouts": {
    "tokens": {
      "n": 805,
      "min": 2,
      "max": 6097,
      "mean": 456.5739130434783,
      "std": 1099.780722837822,
      "var": 1209517.638325682,
      "p10": 2,
      "p25": 22,
      "p50": 132,
      "p75": 276,
      "p90": 609,
      "p95": 4140,
      "p99": 5043
    },
    "tokens_histogram": {
      "edges": [
        0,
        10,
        20,
        50,
        100,
        200,
        500,
        1000,
        2000,
        5000,
        10000,
        20000,
        40000
      ],
      "counts": [
        171,
        24,
        71,
        89,
        165,
        178,
        47,
        5,
        42,
        13,
        0,
        0
      ],
      "labels": [
        "[0,10)",
        "[10,20)",
        "[20,50)",
        "[50,100)",
        "[100,200)",
        "[200,500)",
        "[500,1000)",
        "[1000,2000)",
        "[2000,5000)",
        "[5000,10000)",
        "[10000,20000)",
        "[20000,40000)"
      ]
    },
    "tokens_raw": [
      127,
      292,
      5039,
      450,
      315,
      152,
      22,
      55,
      128,
      514,
      47,
      205,
      358,
      772,
      4,
      180,
      471,
      307,
      2,
      2652,
      203,
      139,
      58,
      199,
      7,
      69,
      70,
      503,
      536,
      276,
      4159,
      803,
      240,
      152,
      16,
      4,
      345,
      607,
      4112,
      49,
      42,
      103,
      249,
      60,
      335,
      4445,
      423,
      430,
      65,
      237,
      20,
      72,
      421,
      221,
      199,
      120,
      4107,
      252,
      450,
      48,
      99,
      317,
      213,
      700,
      523,
      358,
      9,
      1949,
      157,
      223,
      58,
      61,
      160,
      43,
      176,
      186,
      344,
      513,
      142,
      301,
      169,
      618,
      754,
      393,
      276,
      272,
      327,
      4169,
      50,
      293,
      190,
      3,
      699,
      26,
      734,
      548,
      123,
      98,
      508,
      101,
      380,
      2,
      53,
      608,
      724,
      60,
      144,
      324,
      221,
      163,
      154,
      325,
      65,
      54,
      244,
      562,
      763,
      217,
      86,
      94,
      22,
      46,
      71,
      236,
      503,
      50,
      222,
      463,
      471,
      373,
      193,
      93,
      279,
      170,
      133,
      103,
      337,
      315,
      2,
      609,
      174,
      155,
      75,
      250,
      6,
      282,
      130,
      3,
      4577,
      203,
      182,
      387,
      351,
      271,
      5043,
      216,
      506,
      197,
      57,
      38,
      5150,
      2,
      2,
      152,
      51,
      2,
      413,
      66,
      15,
      190,
      741,
      4266,
      59,
      55,
      181,
      208,
      607,
      507,
      31,
      252,
      263,
      336,
      4104,
      2586,
      85,
      4819,
      141,
      4036,
      2,
      18,
      2,
      145,
      234,
      2,
      4133,
      32,
      3,
      42,
      133,
      5,
      266,
      2,
      70,
      473,
      236,
      275,
      182,
      79,
      2,
      3,
      53,
      82,
      831,
      553,
      2,
      141,
      5032,
      126,
      136,
      159,
      2,
      853,
      2,
      200,
      226,
      22,
      174,
      135,
      841,
      252,
      53,
      232,
      35,
      370,
      157,
      547,
      440,
      99,
      229,
      261,
      5073,
      243,
      107,
      6,
      706,
      33,
      352,
      5129,
      140,
      128,
      2,
      2,
      3485,
      4252,
      93,
      259,
      4493,
      285,
      45,
      2,
      4700,
      95,
      2,
      287,
      594,
      4273,
      34,
      78,
      227,
      396,
      806,
      244,
      194,
      2,
      121,
      179,
      2,
      2,
      133,
      106,
      65,
      328,
      146,
      275,
      6097,
      52,
      34,
      4126,
      91,
      5040,
      288,
      58,
      45,
      102,
      16,
      173,
      14,
      196,
      307,
      82,
      268,
      104,
      161,
      2,
      587,
      2,
      267,
      80,
      319,
      299,
      161,
      49,
      389,
      114,
      45,
      4184,
      130,
      52,
      113,
      2,
      276,
      2,
      366,
      262,
      194,
      4394,
      2,
      57,
      407,
      133,
      151,
      2,
      35,
      10,
      412,
      166,
      3,
      176,
      88,
      48,
      15,
      380,
      2,
      4088,
      261,
      183,
      196,
      310,
      83,
      2,
      6,
      348,
      52,
      185,
      215,
      175,
      317,
      294,
      5105,
      113,
      5105,
      559,
      7,
      4201,
      274,
      139,
      21,
      119,
      67,
      4352,
      8,
      8,
      141,
      27,
      198,
      22,
      5,
      177,
      122,
      2,
      148,
      172,
      840,
      236,
      72,
      66,
      2,
      354,
      181,
      9,
      2,
      96,
      295,
      4121,
      4140,
      162,
      83,
      4198,
      180,
      4347,
      293,
      175,
      39,
      180,
      28,
      232,
      189,
      193,
      18,
      63,
      494,
      108,
      111,
      4177,
      4159,
      108,
      214,
      203,
      127,
      47,
      12,
      31,
      1011,
      20,
      14,
      452,
      194,
      132,
      5033,
      130,
      99,
      114,
      40,
      253,
      388,
      4196,
      52,
      171,
      8,
      11,
      16,
      70,
      372,
      226,
      39,
      2,
      37,
      95,
      39,
      162,
      236,
      501,
      158,
      225,
      143,
      101,
      5444,
      2,
      11,
      143,
      58,
      63,
      25,
      125,
      247,
      90,
      3,
      22,
      2,
      2,
      139,
      37,
      57,
      2,
      2,
      31,
      2,
      2,
      120,
      2,
      2,
      14,
      43,
      158,
      111,
      16,
      58,
      2,
      89,
      74,
      357,
      81,
      82,
      2,
      3,
      2,
      120,
      355,
      4632,
      442,
      2,
      91,
      2,
      500,
      2,
      80,
      52,
      123,
      256,
      35,
      23,
      136,
      213,
      2,
      2,
      321,
      148,
      400,
      26,
      137,
      197,
      341,
      2,
      2,
      107,
      118,
      2,
      27,
      28,
      2,
      148,
      2,
      154,
      2,
      2,
      2,
      24,
      2,
      2,
      2,
      2,
      2,
      55,
      2,
      2,
      3,
      2,
      172,
      130,
      2,
      339,
      185,
      22,
      2,
      2,
      148,
      2,
      361,
      360,
      580,
      191,
      286,
      257,
      4,
      249,
      179,
      65,
      275,
      151,
      2,
      52,
      2,
      2,
      2,
      2,
      2,
      194,
      2,
      256,
      2,
      2,
      16,
      16,
      3584,
      153,
      125,
      318,
      154,
      3,
      318,
      258,
      153,
      234,
      167,
      76,
      3,
      131,
      2,
      2,
      40,
      2,
      635,
      40,
      422,
      287,
      204,
      144,
      653,
      43,
      228,
      2,
      228,
      51,
      1484,
      2,
      170,
      195,
      180,
      2,
      137,
      21,
      2,
      104,
      2,
      3,
      2,
      2,
      2,
      24,
      2,
      31,
      41,
      53,
      2,
      2,
      2,
      2,
      21,
      4,
      2,
      2,
      60,
      2,
      2,
      3,
      2,
      179,
      2,
