{
  "primary_metric": "prompt_level_loose_acc",
  "n_items": 300,
  "n_items_correct": 93,
  "n_items_incorrect": 207,
  "n_items_unknown": 0,
  "n_generations": 300,
  "samples_per_item": [
    1
  ],
  "all_rollouts": {
    "tokens": {
      "n": 300,
      "min": 2,
      "max": 4944,
      "mean": 149.52,
      "std": 757.6298279942961,
      "var": 574002.9562666666,
      "p10": 2,
      "p25": 2,
      "p50": 2,
      "p75": 30,
      "p90": 92,
      "p95": 142,
      "p99": 4896
    },
    "tokens_histogram": {
      "edges": [
        0,
        10,
        20,
        50,
        100,
        200,
        500,
        1000,
        2000,
        5000,
        10000,
        20000,
        40000
      ],
      "counts": [
        202,
        8,
        34,
        29,
        15,
        3,
        1,
        0,
        8,
        0,
        0,
        0
      ],
      "labels": [
        "[0,10)",
        "[10,20)",
        "[20,50)",
        "[50,100)",
        "[100,200)",
        "[200,500)",
        "[500,1000)",
        "[1000,2000)",
        "[2000,5000)",
        "[5000,10000)",
        "[10000,20000)",
        "[20000,40000)"
      ]
    },
    "tokens_raw": [
      2,
      2,
      2,
      4750,
      2,
      2,
      4,
      75,
      135,
      2,
      2,
      2,
      2,
      2,
      2,
      2,
      2,
      23,
      2,
      2,
      2,
      41,
      2,
      2,
      2,
      2,
      2,
      2,
      4896,
      197,
      23,
      24,
      2,
      2,
      4927,
      132,
      2,
      92,
      79,
      2,
      625,
      3,
      2,
      2,
      2,
      34,
      274,
      3,
      4,
      2,
      3,
      2,
      4741,
      3,
      18,
      2,
      2,
      23,
      22,
      14,
      16,
      32,
      134,
      3,
      46,
      3,
      2,
      2,
      103,
      81,
      2,
      2,
      2,
      2,
      22,
      4330,
      2,
      2,
      3,
      70,
      2,
      2,
      2,
      33,
      2,
      2,
      2,
      4843,
      8,
      2,
      2,
      2,
      57,
      2,
      2,
      53,
      61,
      113,
      35,
      139,
      39,
      2,
      24,
      2,
      91,
      2,
      22,
      57,
      2,
      3,
      29,
      2,
      2,
      2,
      2,
      2,
      13,
      2,
      2,
      2,
      2,
      2,
      2,
      2,
      2,
      2,
      2,
      49,
      107,
      2,
      2,
      2,
      217,
      80,
      3,
      60,
      76,
      2,
      2,
      71,
      45,
      57,
      2,
      2,
      38,
      2,
      2,
      96,
      111,
      2,
      2,
      2,
      2,
      4944,
      2,
      35,
      18,
      3,
      3,
      88,
      2,
      20,
      90,
      39,
      80,
      142,
      2,
      2,
      2,
      2,
      2,
      102,
      2,
      2,
      2,
      89,
      2,
      2,
      2,
      50,
      80,
      97,
      4,
      4,
      90,
      4,
      2,
      6,
      3,
      3,
      125,
      2,
      2,
      2,
      24,
      3,
      2,
      2,
      3,
      2,
      2,
      2,
      2,
      2,
      2,
      2,
      4,
      3,
      2,
      3,
      3,
      2,
      2,
      2,
      2,
      2,
      2,
      2,
      2,
      3,
      3,
      3,
      3,
      5,
      12,
      34,
      3,
      2,
      4233,
      2,
      2,
      2,
      2,
      28,
      2,
      2,
      2,
      2,
      2,
      2,
      2,
      2,
      2,
      2,
      3,
      2,
      30,
      2,
      2,
      2,
      2,
      76,
      2,
      2,
      2,
      2,
      2,
      2,
      19,
      2,
      2,
      2,
      142,
      30,
      29,
      62,
      25,
      2,
      2,
      2,
      79,
      2,
      2,
      2,
      2,
      2,
      2,
      2,
      2,
      48,
      31,
      4,
      2,
      2,
      2,
      60,
      2,
      2,
      2,
      42,
      82,
      2,
      190,
      42,
      247,
      112,
      13,
      27,
      2,
      2
    ],
    "chars": {
      "n": 300,
      "min": 1,
      "max": 24277,
      "mean": 555.38,
      "std": 2840.7162727500026,
      "var": 8069668.942266666,
      "p10": 2,
      "p25": 9,
      "p50": 9,
      "p75": 131,
      "p90": 436,
      "p95": 657,
      "p99": 19710
    },
    "chars_histogram": {
      "edges": [
        0,
        50,
        100,
        250,
        500,
        1000,
        2500,
        5000,
        10000,
        25000,
        50000,
        100000,
        200000
      ],
      "counts": [
        203,
        14,
        30,
        28,
        13,
        3,
        1,
        2,
        6,
        0,
        0,
        0
      ],
      "labels": [
        "[0,50)",
        "[50,100)",
        "[100,250)",
        "[250,500)",
        "[500,1000)",
        "[1000,2500)",
        "[2500,5000)",
        "[5000,10000)",
        "[10000,25000)",
        "[25000,50000)",
        "[50000,100000)",
        "[100000,200000)"
      ]
    }
  },
  "correct_rollouts": {
    "tokens": {
      "n": 93,
      "min": 2,
      "max": 4944,
      "mean": 69.59139784946237,
      "std": 510.2281428689184,
      "var": 260332.75777546538,
      "p10": 2,
      "p25": 2,
      "p50": 2,
      "p75": 3,
      "p90": 49,
      "p95": 190,
      "p99": 4944
    },
    "tokens_histogram": {
      "edges": [
        0,
        10,
        20,
        50,
        100,
        200,
        500,
        1000,
        2000,
        5000,
        10000,
        20000,
        40000
      ],
      "counts": [
        78,
        2,
        4,
        2,
        4,
        2,
        0,
        0,
        1,
        0,
        0,
        0
      ],
      "labels": [
        "[0,10)",
        "[10,20)",
        "[20,50)",
        "[50,100)",
        "[100,200)",
        "[200,500)",
        "[500,1000)",
        "[1000,2000)",
        "[2000,5000)",
        "[5000,10000)",
        "[10000,20000)",
        "[20000,40000)"
      ]
    },
    "tokens_raw": [
      197,
      3,
      4,
      2,
      3,
      2,
      2,
      22,
      2,
      2,
      3,
      70,
      2,
      2,
      2,
      2,
      22,
      2,
      2,
      2,
      13,
      2,
      2,
      49,
      107,
      2,
      2,
      2,
      217,
      3,
      2,
      4944,
      2,
      3,
      3,
      2,
      102,
      2,
      2,
      2,
      2,
      2,
      2,
      50,
      4,
      4,
      4,
      2,
      6,
      2,
      2,
      2,
      2,
      2,
      4,
      3,
      2,
      3,
      3,
      2,
      2,
      2,
      3,
      3,
      3,
      3,
      5,
      12,
      3,
      2,
      2,
      2,
      2,
      2,
      2,
      2,
      2,
      3,
      2,
      2,
      2,
      2,
      2,
      2,
      2,
      2,
      2,
      2,
      190,
      42,
      247,
      2,
      2
    ],
    "chars": {
      "n": 93,
      "min": 1,
      "max": 19777,
      "mean": 285.26881720430106,
      "std": 2042.2770242712772,
      "var": 4170895.443866343,
      "p10": 6,
      "p25": 9,
      "p50": 9,
      "p75": 13,
      "p90": 233,
      "p95": 749,
      "p99": 19777
    },
    "chars_histogram": {
      "edges": [
        0,
        50,
        100,
        250,
        500,
        1000,
        2500,
        5000,
        10000,
        25000,
        50000,
        100000,
        200000
      ],
      "counts": [
        78,
        3,
        3,
        4,
        2,
        2,
        0,
        0,
        1,
        0,
        0,
        0
      ],
      "labels": [
        "[0,50)",
        "[50,100)",
        "[100,250)",
        "[250,500)",
        "[500,1000)",
        "[1000,2500)",
        "[2500,5000)",
        "[5000,10000)",
        "[10000,25000)",
        "[25000,50000)",
        "[50000,100000)",
        "[100000,200000)"
      ]
    }
  },
  "incorrect_rollouts": {
    "tokens": {
      "n": 207,
      "min": 2,
      "max": 4927,