{
  "primary_metric": "length_controlled_winrate",
  "n_items": 805,
  "n_items_correct": 0,
  "n_items_incorrect": 0,
  "n_items_unknown": 805,
  "n_generations": 805,
  "samples_per_item": [
    1
  ],
  "all_rollouts": {
    "tokens": {
      "n": 805,
      "min": 2,
      "max": 5748,
      "mean": 430.311801242236,
      "std": 1004.818438986153,
      "var": 1009660.0953265692,
      "p10": 3,
      "p25": 40,
      "p50": 163,
      "p75": 298,
      "p90": 599,
      "p95": 4106,
      "p99": 4942
    },
    "tokens_histogram": {
      "edges": [
        0,
        10,
        20,
        50,
        100,
        200,
        500,
        1000,
        2000,
        5000,
        10000,
        20000,
        40000
      ],
      "counts": [
        108,
        41,
        74,
        83,
        173,
        223,
        48,
        9,
        38,
        8,
        0,
        0
      ],
      "labels": [
        "[0,10)",
        "[10,20)",
        "[20,50)",
        "[50,100)",
        "[100,200)",
        "[200,500)",
        "[500,1000)",
        "[1000,2000)",
        "[2000,5000)",
        "[5000,10000)",
        "[10000,20000)",
        "[20000,40000)"
      ]
    },
    "tokens_raw": [
      146,
      330,
      379,
      77,
      9,
      232,
      31,
      111,
      207,
      322,
      207,
      397,
      598,
      2,
      155,
      202,
      268,
      280,
      194,
      909,
      33,
      143,
      71,
      8,
      18,
      86,
      67,
      440,
      577,
      175,
      360,
      4123,
      4132,
      159,
      16,
      140,
      9,
      249,
      267,
      218,
      47,
      640,
      342,
      69,
      250,
      253,
      203,
      386,
      220,
      218,
      15,
      50,
      734,
      4130,
      416,
      133,
      4234,
      387,
      541,
      90,
      4247,
      368,
      892,
      4157,
      415,
      180,
      4768,
      534,
      61,
      270,
      58,
      16,
      171,
      228,
      177,
      233,
      513,
      3292,
      137,
      28,
      111,
      174,
      4104,
      10,
      167,
      304,
      377,
      327,
      57,
      4938,
      203,
      58,
      5068,
      65,
      298,
      279,
      123,
      277,
      124,
      232,
      354,
      57,
      30,
      357,
      599,
      2,
      280,
      462,
      486,
      107,
      211,
      304,
      47,
      36,
      52,
      651,
      315,
      213,
      37,
      163,
      19,
      82,
      66,
      169,
      343,
      43,
      460,
      4230,
      74,
      489,
      173,
      80,
      236,
      274,
      246,
      87,
      277,
      76,
      405,
      431,
      124,
      183,
      76,
      199,
      47,
      608,
      202,
      102,
      4180,
      281,
      42,
      745,
      210,
      408,
      400,
      174,
      767,
      123,
      35,
      38,
      254,
      8,
      288,
      196,
      3,
      106,
      214,
      65,
      17,
      69,
      504,
      4904,
      193,
      2,
      188,
      330,
      701,
      4106,
      8,
      157,
      2,
      245,
      131,
      206,
      128,
      402,
      276,
      186,
      5171,
      18,
      3,
      173,
      186,
      4329,
      1013,
      32,
      141,
      36,
      195,
      5,
      297,
      56,
      117,
      386,
      799,
      174,
      264,
      60,
      3,
      120,
      23,
      179,
      490,
      882,
      2,
      202,
      189,
      180,
      113,
      179,
      265,
      503,
      2,
      200,
      46,
      48,
      135,
      155,
      5140,
      246,
      80,
      55,
      22,
      288,
      225,
      782,
      330,
      309,
      283,
      211,
      5055,
      174,
      164,
      5158,
      1263,
      14,
      267,
      199,
      2317,
      20,
      76,
      5,
      556,
      165,
      171,
      190,
      307,
      239,
      247,
      179,
      3,
      85,
      2,
      193,
      231,
      720,
      29,
      451,
      194,
      300,
      478,
      197,
      219,
      25,
      2,
      213,
      4169,
      72,
      173,
      500,
      225,
      847,
      133,
      474,
      5748,
      148,
      117,
      865,
      4857,
      4147,
      452,
      414,
      4,
      71,
      17,
      760,
      2,
      187,
      377,
      76,
      434,
      152,
      103,
      43,
      176,
      4336,
      288,
      65,
      611,
      315,
      124,
      14,
      527,
      250,
      38,
      38,
      105,
      14,
      61,
      68,
      263,
      3,
      289,
      202,
      396,
      389,
      7,
      60,
      354,
      171,
      420,
      4,
      38,
      10,
      220,
      171,
      3,
      115,
      62,
      4405,
      9,
      336,
      2,
      4810,
      496,
      245,
      374,
      312,
      10,
      2,
      6,
      171,
      34,
      187,
      186,
      260,
      226,
      298,
      144,
      139,
      3455,
      958,
      40,
      4942,
      198,
      256,
      25,
      126,
      157,
      4187,
      8,
      7,
      223,
      27,
      423,
      54,
      112,
      75,
      621,
      480,
      192,
      218,
      292,
      202,
      102,
      54,
      2,
      159,
      687,
      9,
      41,
      93,
      341,
      457,
      6,
      253,
      79,
      1033,
      89,
      40,
      280,
      164,
      53,
      215,
      30,
      209,
      175,
      150,
      20,
      4815,
      386,
      305,
      104,
      400,
      289,
      284,
      147,
      199,
      108,
      74,
      29,
      106,
      726,
      35,
      30,
      262,
      214,
      106,
      229,
      173,
      46,
      163,
      90,
      412,
      306,
      292,
      41,
      219,
      9,
      3,
      32,
      175,
      142,
      97,
      265,
      3,
      45,
      36,
      35,
      298,
      195,
      615,
      409,
      213,
      193,
      97,
      416,
      3,
      11,
      173,
      125,
      62,
      11,
      1028,
      212,
      4213,
      68,
      173,
      2,
      38,
      302,
      5096,
      96,
      2,
      2,
      31,
      215,
      9,
      145,
      85,
      183,
      19,
      2,
      111,
      121,
      58,
      123,
      157,
      102,
      51,
      311,
      101,
      62,
      2,
      2,
      3,
      201,
      304,
      54,
      533,
      4145,
      4,
      271,
      195,
      48,
      160,
      59,
      200,
      265,
      38,
      34,
      136,
      557,
      52,
      27,
      321,
      165,
      210,
      155,
      149,
      194,
      4825,
      2,
      2,
      136,
      2,
      56,
      32,
      30,
      2,
      123,
      2,
      2,
      164,
      191,
      2,
      134,
      2,
      2,
      2,
      4285,
      2,
      49,
      4,
      3,
      42,
      2,
      153,
      126,
      2,
      432,
      307,
      18,
      190,
      37,
      97,
      268,
      596,
      129,
      313,
      176,
      401,
      313,
      89,
      249,
      174,
      185,
      550,
      154,
      220,
      52,
      152,
      3,
      3,
      2,
      3,
      285,
      237,
      144,
      2,
      514,
      361,
      17,
      420,
      234,
      2,
      334,
      237,
      174,
      144,
      83,
      137,
      93,
      161,
      78,
      213,
      194,
      3,
      4631,
      137,
      29,
      439,
      47,
      203,
      556,
      293,
      108,
      54,
      24,
      273,
      73,
      244,
      22,
      1115,
      320,
      183,
      239,
      201,
      44,
      107,
      21,
      176,
      141,
      3,
      2,
      4134,
      3,
      2,
      49,
      10,
      39,
      31,
      36,
      110,
      44,
      2,
      3,
      2,
      17,
