{
  "primary_metric": "pass_at_1",
  "n_items": 612,
  "n_items_correct": 27,
  "n_items_incorrect": 585,
  "n_items_unknown": 0,
  "n_generations": 612,
  "samples_per_item": [
    1
  ],
  "all_rollouts": {
    "tokens": {
      "n": 612,
      "min": 2,
      "max": 273,
      "mean": 39.509803921568626,
      "std": 43.75460650214594,
      "var": 1914.4655901576316,
      "p10": 10,
      "p25": 10,
      "p50": 10,
      "p75": 67,
      "p90": 106,
      "p95": 128,
      "p99": 174
    },
    "tokens_histogram": {
      "edges": [
        0,
        10,
        20,
        50,
        100,
        200,
        500,
        1000,
        2000,
        5000,
        10000,
        20000,
        40000
      ],
      "counts": [
        25,
        305,
        100,
        107,
        73,
        2,
        0,
        0,
        0,
        0,
        0,
        0
      ],
      "labels": [
        "[0,10)",
        "[10,20)",
        "[20,50)",
        "[50,100)",
        "[100,200)",
        "[200,500)",
        "[500,1000)",
        "[1000,2000)",
        "[2000,5000)",
        "[5000,10000)",
        "[10000,20000)",
        "[20000,40000)"
      ]
    },
    "tokens_raw": [
      10,
      2,
      10,
      10,
      10,
      10,
      2,
      10,
      10,
      65,
      25,
      110,
      169,
      121,
      62,
      39,
      70,
      109,
      126,
      89,
      124,
      31,
      78,
      53,
      129,
      29,
      135,
      80,
      37,
      64,
      106,
      30,
      76,
      27,
      164,
      89,
      96,
      29,
      38,
      74,
      32,
      41,
      75,
      79,
      73,
      23,
      117,
      42,
      28,
      130,
      90,
      92,
      125,
      73,
      81,
      33,
      121,
      94,
      25,
      57,
      243,
      67,
      28,
      58,
      127,
      273,
      109,
      56,
      100,
      131,
      76,
      59,
      174,
      125,
      33,
      96,
      79,
      25,
      25,
      30,
      36,
      103,
      31,
      52,
      47,
      30,
      128,
      39,
      84,
      127,
      117,
      85,
      33,
      29,
      29,
      79,
      34,
      59,
      81,
      84,
      24,
      23,
      66,
      114,
      54,
      34,
      66,
      81,
      161,
      141,
      120,
      31,
      122,
      104,
      29,
      96,
      70,
      78,
      28,
      30,
      85,
      62,
      134,
      77,
      29,
      88,
      30,
      34,
      99,
      56,
      38,
      28,
      83,
      113,
      177,
      76,
      36,
      140,
      123,
      26,
      115,
      95,
      34,
      100,
      76,
      28,
      29,
      114,
      63,
      108,
      141,
      111,
      80,
      115,
      31,
      87,
      43,
      23,
      123,
      163,
      89,
      94,
      28,
      37,
      75,
      91,
      28,
      132,
      31,
      84,
      42,
      29,
      24,
      176,
      36,
      71,
      32,
      62,
      24,
      25,
      79,
      89,
      64,
      64,
      30,
      84,
      59,
      157,
      68,
      92,
      10,
      10,
      10,
      10,
      10,
      10,
      10,
      2,
      10,
      10,
      10,
      10,
      10,
      10,
      10,
      10,
      10,
      10,
      10,
      10,
      10,
      10,
      10,
      10,
      10,
      10,
      2,
      10,
      10,
      10,
      10,
      10,
      10,
      2,
      10,
      10,
      10,
      10,
      10,
      10,
      2,
      10,
      10,
      10,
      10,
      10,
      2,
      10,
      10,
      10,
      10,
      10,
      10,
      10,
      10,
      10,
      10,
      10,
      10,
      10,
      10,
      10,
      10,
      10,
      10,
      10,
      10,
      10,
      10,
      10,
      2,
      2,
      10,
      10,
      10,
      10,
      10,
      10,
      2,
      10,
      10,
      10,
      10,
      10,
      10,
      10,
      10,
      10,
      10,
      10,
      10,
      10,
      10,
      10,
      10,
      10,
      10,
      10,
      10,
      10,
      10,
      10,
      10,
      10,
      10,
      10,
      10,
      10,
      10,
      10,
      10,
      10,
      10,
      10,
      10,
      10,
      10,
      10,
      10,
      2,
      10,
      10,
      10,
      10,
      10,
      10,
      10,
      10,
      10,
      10,
      10,
      10,
      10,
      10,
      10,
      10,
      10,
      10,
      10,
      10,
      10,
      10,
      10,
      10,
      10,
      10,
      10,
      10,
      10,
      10,
      10,
      10,
      10,
      10,
      10,
      10,
      10,
      10,
      10,
      10,
      10,
      10,
      10,
      10,
      10,
      10,
      10,
      10,
      10,
      10,
      10,
      10,
      10,
      10,
      10,
      10,
      2,
      10,
      10,
      10,
      2,
      10,
      10,
      10,
      10,
      10,
      10,
      10,
      10,
      10,
      10,
      10,
      10,
      10,
      10,
      10,
      10,
      10,
      10,
      10,
      10,
      10,
      10,
      10,
      10,
      10,
      10,
      2,
      10,
      10,
      10,
      10,
      10,
      2,
      10,
      10,
      10,
      10,
      10,
      10,
      10,
      2,
      10,
      2,
      10,
      10,
      10,
      10,
      10,
      10,
      10,
      2,
      10,
      10,
      10,
      10,
      10,
      10,
      10,
      10,
      10,
      10,
      10,
      10,
      10,
      10,
      10,
      10,
      10,
      10,
      10,
      10,
      10,
      10,
      10,
      10,
      10,
      10,
      10,
      2,
      10,
      10,
      10,
      10,
      10,
      10,
      10,
      101,
      72,
      25,
      29,
      59,
      74,
      147,
      34,
      25,
      86,
      33,
      31,
      65,
      81,
      25,
      152,
      104,
      81,
      117,
      154,
      75,
      32,
      75,
      33,
      24,
      28,
      102,
      93,
      132,
      60,
      82,
      59,
      42,
      69,
      29,
      2,
      140,
      80,
      106,
      83,
      26,
      129,
      66,
      29,
      95,
      146,
      56,
      86,
      109,
      32,
      27,
      28,
      67,
      36,
      2,
      10,
      10,
      10,
      10,
      2,
      10,
      2,
      10,
      10,
      10,
      10,
      2,
      10,
      10,
      10,
      10,
      10,
      2,
      10,
      10,
      10,
      10,
      10,
      10,
      10,
      10,
      10,
      10,
      10,
      10,
      10,
      10,
      10,
      10,
      10,
      10,
      10,
      10,
      10,
      10,
      10,
      10,
      10,
      10,
      10,
      10,
      10,
      10,
      10,
      10,
      10,
      10,
      94,
      29,
      100,
      84,
      118,
      91,
      82,
      99,
      33,
      85,
      151,
      100,
      64,
      25,
      37,
      64,
      25,
      27,
      32,
      24,
      48,
      123,
      174,
      89,
      79,
      77,
      100,
      105,
      36,
      178,
      33,
      128,
      24,
      75,
      163,
      29,
      72,
      25,
      32,
      88,
      77,
      30,
      59,
      107,
      29,
      106,
      26,
      26
    ],
    "chars": {
      "n": 612,
      "min": 1,
      "max": 1262,
      "mean": 147.08660130718954,
      "std": 176.54641861292512,
      "var": 31168.637925050196,
      "p10": 30,
      "p25": 30,
      "p50": 30,
      "p75": 253,
      "p90": 405,
      "p95": 482,
      "p99": 724
    },
    "chars_histogram": {
      "edges": [
        0,
        50,
        100,
        250,
        500,
        1000,
        2500,
        5000,
        10000,
        25000,
        50000,
        100000,
        200000
      ],