{
  "primary_metric": "pass_at_1",
  "n_items": 612,
  "n_items_correct": 0,
  "n_items_incorrect": 612,
  "n_items_unknown": 0,
  "n_generations": 612,
  "samples_per_item": [
    1
  ],
  "all_rollouts": {
    "tokens": {
      "n": 612,
      "min": 2,
      "max": 5229,
      "mean": 2800.233660130719,
      "std": 2013.9029789130454,
      "var": 4055805.2084748386,
      "p10": 2,
      "p25": 3,
      "p50": 3851,
      "p75": 4276,
      "p90": 4730,
      "p95": 4876,
      "p99": 5012
    },
    "tokens_histogram": {
      "edges": [
        0,
        10,
        20,
        50,
        100,
        200,
        500,
        1000,
        2000,
        5000,
        10000,
        20000,
        40000
      ],
      "counts": [
        202,
        2,
        0,
        0,
        0,
        0,
        0,
        1,
        399,
        8,
        0,
        0
      ],
      "labels": [
        "[0,10)",
        "[10,20)",
        "[20,50)",
        "[50,100)",
        "[100,200)",
        "[200,500)",
        "[500,1000)",
        "[1000,2000)",
        "[2000,5000)",
        "[5000,10000)",
        "[10000,20000)",
        "[20000,40000)"
      ]
    },
    "tokens_raw": [
      3,
      4680,
      3586,
      3343,
      3986,
      4268,
      2,
      4107,
      2,
      3,
      4266,
      2,
      3,
      4206,
      4266,
      4932,
      3,
      3,
      2,
      3,
      4773,
      4141,
      4684,
      4959,
      4706,
      4759,
      4642,
      4491,
      4934,
      4583,
      4643,
      3900,
      4929,
      4574,
      2,
      4730,
      4219,
      4593,
      2,
      3,
      3,
      3433,
      3,
      5229,
      2,
      4272,
      2,
      2,
      2,
      3592,
      2,
      2,
      3,
      4882,
      3,
      3623,
      3,
      2,
      4271,
      3,
      4736,
      4780,
      2,
      2,
      4579,
      4579,
      2,
      3,
      3,
      4287,
      3,
      3516,
      3,
      3,
      2,
      2,
      2,
      2,
      3621,
      2,
      4959,
      4745,
      2,
      5019,
      4810,
      3658,
      2,
      3,
      3,
      4763,
      3,
      4632,
      3,
      2,
      2,
      4337,
      2,
      4883,
      4267,
      2,
      3,
      4115,
      2,
      4919,
      4166,
      4597,
      5104,
      4780,
      4723,
      4520,
      4624,
      3,
      3567,
      3,
      4621,
      4535,
      3,
      2,
      4248,
      3852,
      2,
      4276,
      2,
      4621,
      3,
      4278,
      4287,
      2,
      2,
      4902,
      3,
      2,
      4273,
      4792,
      3,
      2,
      4833,
      2,
      4420,
      3,
      4741,
      4276,
      2,
      4110,
      3797,
      4839,
      4363,
      3,
      4735,
      4916,
      4373,
      2,
      2,
      2,
      4351,
      4643,
      3,
      4824,
      2,
      4344,
      4252,
      4514,
      2,
      4427,
      3,
      4275,
      2,
      3,
      4510,
      3,
      2,
      4271,
      5161,
      3,
      3,
      4597,
      3,
      4434,
      4833,
      4541,
      4874,
      3,
      3695,
      4671,
      4367,
      3,
      3,
      4159,
      3,
      3,
      2,
      3,
      3734,
      4250,
      3805,
      3,
      4205,
      2,
      3716,
      4293,
      3437,
      3329,
      4693,
      3498,
      4109,
      4568,
      3456,
      2,
      4252,
      3,
      4130,
      3,
      4719,
      4737,
      4440,
      4113,
      3,
      3851,
      3674,
      4199,
      4215,
      3367,
      4242,
      3,
      2,
      4028,
      3711,
      4313,
      4184,
      4461,
      3697,
      4248,
      4447,
      4205,
      4030,
      4275,
      4122,
      4184,
      4706,
      2,
      2,
      2,
      4064,
      3466,
      4795,
      3,
      3436,
      3741,
      3387,
      4272,
      4084,
      4468,
      3768,
      4136,
      4264,
      3868,
      2,
      3629,
      3,
      3320,
      4204,
      3928,
      3,
      2,
      4674,
      3995,
      3,
      4216,
      3773,
      3759,
      3,
      4614,
      4247,
      3561,
      3690,
      4077,
      4076,
      4197,
      3567,
      3903,
      3905,
      4148,
      3703,
      4177,
      3641,
      4200,
      4199,
      4175,
      3487,
      3758,
      3697,
      2,
      10,
      3,
      4589,
      7,
      4262,
      3523,
      4011,
      3795,
      4166,
      3320,
      3495,
      3657,
      3460,
      4423,
      4179,
      3504,
      4176,
      3651,
      3,
      3827,
      3898,
      3765,
      2,
      3438,
      4267,
      3926,
      3,
      4140,
      3,
      3702,
      2,
      3405,
      4265,
      3851,
      3868,
      3778,
      3749,
      3,
      3780,
      3,
      4277,
      3,
      3891,
      3791,
      3569,
      3,
      4267,
      2,
      4116,
      3,
      4266,
      4276,
      2,
      2,
      4247,
      4621,
      3885,
      3505,
      4061,
      3,
      4330,
      4179,
      3658,
      10,
      3871,
      2,
      4145,
      4014,
      3968,
      2,
      4606,
      3704,
      4456,
      4205,
      4111,
      3343,
      4103,
      3851,
      4817,
      3948,
      2,
      3695,
      3,
      4272,
      3,
      3698,
      3865,
      4097,
      4659,
      3,
      2,
      4174,
      3919,
      4119,
      6,
      4197,
      3,
      3,
      3862,
      4145,
      4403,
      3726,
      2,
      3812,
      3621,
      3,
      4035,
      1135,
      4231,
      4269,
      4177,
      4529,
      4145,
      4273,
      3661,
      4152,
      3779,
      4033,
      4351,
      3708,
      3,
      4320,
      4138,
      3862,
      4189,
      4433,
      4267,
      3254,
      3525,
      4265,
      4277,
      4362,
      3807,
      3,
      4273,
      3,
      4191,
      3977,
      3,
      2,
      3,
      4027,
      3684,
      3,
      3393,
      3,
      3,
      2,
      3,
      3,
      4255,
      4495,
      4989,
      4636,
      4628,
      3515,
      4272,
      4185,
      3669,
      3627,
      4011,
      4178,
      3,
      3910,
      4745,
      3,
      2,
      4777,
      4173,
      4198,
      4550,
      4988,
      2,
      4197,
      2,
      4419,
      4399,
      4269,
      5012,
      4613,
      2,
      3,
      3740,
      3764,
      2,
      4696,
      2,
      4287,
      2,
      4647,
      3,
      2,
      2,
      3,
      4857,
      3,
      2,
      2,
      4915,
      3630,
      3,
      4742,
      2,
      2,
      3,
      2,
      2,
      3,
      4605,
      3868,
      2,
      4505,
      2,
      4824,
      2,
      4927,
      4272,
      4967,
      4995,
      4254,
      4164,
      4106,
      3,
      4243,
      3676,
      3,
      4267,
      4268,
      3592,
      3,
      3593,
      2,
      4170,
      3,
      2,
      4237,
      4174,
      3,
      4184,
      3832,
      3699,
      3649,
      4821,
      3709,
      4272,
      4428,
      3785,
      4206,
      4196,
      2,
      4180,
      3,
      3607,
      3,
      4254,
      4252,
      3755,
      4167,
      3780,
      3,
      4075,
      3162,
      4451,
      3487,
      4272,
      3683,
      4267,
      3,
      3,
      3,
      4451,
      3748,
      4224,
      4948,
      4796,
      3607,
      4746,
      4618,
      4266,
      4261,
      2,
      2,
      4271,
      3,
      4651,
      2,
      3,
      4287,
      5013,
      3,
      3,
      4272,
      2,
      4904,
      4424,
      4876,
      4876,
      4899,
      5152,
      4763,
      4262,
      3620,
      2,
      2,
      2,
      4955,
      4278,
      5011,
      4277,
      4934,
      4272,
      4915,
      4529,
      4307,
      3,
      4845,
      3720,
      4592,
      2,
      3599
    ],
    "chars": {
      "n": 612,
      "min": 1,