{
  "primary_metric": "prompt_level_loose_acc",
  "n_items": 300,
  "n_items_correct": 109,
  "n_items_incorrect": 191,
  "n_items_unknown": 0,
  "n_generations": 300,
  "samples_per_item": [
    1
  ],
  "all_rollouts": {
    "tokens": {
      "n": 300,
      "min": 2,
      "max": 4717,
      "mean": 126.27333333333333,
      "std": 727.0016817648284,
      "var": 528531.4452888889,
      "p10": 2,
      "p25": 2,
      "p50": 2,
      "p75": 3,
      "p90": 4,
      "p95": 69,
      "p99": 4579
    },
    "tokens_histogram": {
      "edges": [
        0,
        10,
        20,
        50,
        100,
        200,
        500,
        1000,
        2000,
        5000,
        10000,
        20000,
        40000
      ],
      "counts": [
        278,
        2,
        5,
        3,
        3,
        1,
        0,
        0,
        8,
        0,
        0,
        0
      ],
      "labels": [
        "[0,10)",
        "[10,20)",
        "[20,50)",
        "[50,100)",
        "[100,200)",
        "[200,500)",
        "[500,1000)",
        "[1000,2000)",
        "[2000,5000)",
        "[5000,10000)",
        "[10000,20000)",
        "[20000,40000)"
      ]
    },
    "tokens_raw": [
      2,
      2,
      2,
      2,
      3,
      2,
      3,
      2,
      2,
      3,
      3,
      4,
      2,
      2,
      3,
      3,
      3,
      2,
      2,
      2,
      2,
      2,
      4,
      2,
      2,
      3,
      4,
      2,
      3,
      3,
      2,
      2,
      3,
      3,
      2,
      26,
      2,
      2,
      2,
      3,
      2,
      2,
      2,
      3,
      2,
      31,
      2,
      2,
      2,
      2,
      2,
      2,
      2,
      2,
      2,
      2,
      3,
      2,
      2,
      2,
      2,
      2,
      134,
      2,
      2,
      2,
      2,
      2,
      2,
      2,
      2,
      2,
      2,
      2,
      22,
      4330,
      3,
      2,
      3,
      2,
      2,
      2,
      2,
      2,
      2,
      2,
      19,
      3,
      3,
      2,
      2,
      2,
      2,
      2,
      2,
      3,
      2,
      2,
      2,
      2,
      2,
      5,
      2,
      2,
      2,
      2,
      82,
      2,
      2,
      4,
      4,
      2,
      2,
      2,
      2,
      2,
      13,
      2,
      3,
      2,
      2,
      2,
      2,
      4,
      2,
      2,
      2,
      2,
      2,
      2,
      2,
      2,
      2,
      4,
      4,
      2,
      2,
      2,
      90,
      3,
      2,
      2,
      3,
      3,
      2,
      2,
      2,
      2,
      2,
      2,
      2,
      3,
      3,
      4,
      2,
      2,
      2,
      2,
      3,
      2,
      2,
      2,
      2,
      2,
      2,
      2,
      2,
      2,
      2,
      2,
      2,
      2,
      2,
      2,
      2,
      2,
      2,
      2,
      4426,
      2,
      3,
      4,
      4717,
      3,
      2,
      3,
      3,
      3,
      3,
      3,
      3,
      2,
      2,
      2,
      3,
      2,
      2,
      3,
      3,
      3,
      2,
      2,
      8,
      3,
      3,
      3,
      2,
      2,
      2,
      2,
      2,
      2,
      2,
      4,
      2,
      4424,
      3,
      2,
      2,
      2,
      3,
      2,
      3,
      3,
      2,
      2,
      3,
      2,
      2,
      3,
      3,
      2,
      3,
      2,
      2,
      3,
      2,
      3,
      3,
      4578,
      2,
      2,
      2,
      2,
      3,
      3,
      2,
      2,
      4579,
      2,
      2,
      2,
      2,
      2,
      2,
      2,
      2,
      2,
      2,
      2,
      8,
      2,
      9,
      2,
      3,
      3,
      2,
      3,
      2,
      2,
      2,
      4400,
      2,
      2,
      134,
      2,
      2,
      2,
      2,
      2,
      39,
      2,
      5,
      2,
      2,
      2,
      2,
      2,
      2,
      2,
      2,
      2,
      216,
      4664,
      186,
      69,
      2,
      2,
      2,
      42
    ],
    "chars": {
      "n": 300,
      "min": 1,
      "max": 24277,
      "mean": 267.93666666666667,
      "std": 2042.8829055990675,
      "var": 4173370.565988889,
      "p10": 1,
      "p25": 1,
      "p50": 1,
      "p75": 10,
      "p90": 12,
      "p95": 196,
      "p99": 4716
    },
    "chars_histogram": {
      "edges": [
        0,
        50,
        100,
        250,
        500,
        1000,
        2500,
        5000,
        10000,
        25000,
        50000,
        100000,
        200000
      ],
      "counts": [
        278,
        4,
        5,
        1,
        3,
        1,
        6,
        0,
        2,
        0,
        0,
        0
      ],
      "labels": [
        "[0,50)",
        "[50,100)",
        "[100,250)",
        "[250,500)",
        "[500,1000)",
        "[1000,2500)",
        "[2500,5000)",
        "[5000,10000)",
        "[10000,25000)",
        "[25000,50000)",
        "[50000,100000)",
        "[100000,200000)"
      ]
    }
  },
  "correct_rollouts": {
    "tokens": {
      "n": 109,
      "min": 2,
      "max": 4717,
      "mean": 91.0091743119266,
      "std": 613.498831644848,
      "var": 376380.8164295935,
      "p10": 2,
      "p25": 2,
      "p50": 2,
      "p75": 3,
      "p90": 4,
      "p95": 39,
      "p99": 4426
    },
    "tokens_histogram": {
      "edges": [
        0,
        10,
        20,
        50,
        100,
        200,
        500,
        1000,
        2000,
        5000,
        10000,
        20000,
        40000
      ],
      "counts": [
        101,
        1,
        2,
        1,
        1,
        1,
        0,
        0,
        2,
        0,
        0,
        0
      ],
      "labels": [
        "[0,10)",
        "[10,20)",
        "[20,50)",
        "[50,100)",
        "[100,200)",
        "[200,500)",
        "[500,1000)",
        "[1000,2000)",
        "[2000,5000)",
        "[5000,10000)",
        "[10000,20000)",
        "[20000,40000)"
      ]
    },
    "tokens_raw": [
      2,
      2,
      2,
      2,
      2,
      2,
      22,
      3,
      2,
      3,
      2,
      2,
      2,
      2,
      2,
      2,
      5,
      2,
      2,
      2,
      13,
      2,
      2,
      2,
      2,
      2,
      2,
      2,
      2,
      4,
      4,
      2,
      2,
      2,
      4,
      2,
      2,
      2,
      2,
      2,
      2,
      2,
      2,
      2,
      2,
      2,
      2,
      2,
      2,
      2,
      2,
      2,
      4426,
      2,
      3,
      4,
      4717,
      3,
      2,
      3,
      3,
      3,
      2,
      2,
      2,
      2,
      3,
      2,
      3,
      3,
      2,
      2,
      3,
      2,
      2,
      3,
      3,
      2,
      3,
      2,
      2,
      2,
      2,
      3,
      3,
      2,
      2,
      2,
      2,
      2,
      2,
      2,
      3,
      3,
      2,
      3,
      2,
      2,
      39,
      2,
      2,
      2,
      2,
      216,
      186,
      69,
      2,
      2,
      2
    ],
    "chars": {
      "n": 109,
      "min": 1,
      "max": 4716,
      "mean": 109.38532110091744,
      "std": 624.1434778041403,
      "var": 389555.0808854473,
      "p10": 1,
      "p25": 1,
      "p50": 1,
      "p75": 10,
      "p90": 13,
      "p95": 138,
      "p99": 4425
    },
    "chars_histogram": {
      "edges": [
        0,
        50,
        100,
        250,
        500,
        1000,
        2500,
        5000,
        10000,
        25000,
        50000,
        100000,
        200000
      ],
      "counts": [
        101,
        2,
        1,
        1,
        1,
        1,
        2,
        0,
        0,
        0,
        0,
        0
      ],
      "labels": [
        "[0,50)",
        "[50,100)",
        "[100,250)",
        "[250,500)",
        "[500,1000)",
        "[1000,2500)",
        "[2500,5000)",
        "[5000,10000)",
        "[10000,25000)",
        "[25000,50000)",
        "[50000,100000)",
        "[100000,200000)"
      ]
    }
  },
  "incorrect_rollouts": {
    "tokens": {
      "n": 191,