{
  "primary_metric": "exact_match_flex",
  "n_items": 500,
  "n_items_correct": 116,
  "n_items_incorrect": 384,
  "n_items_unknown": 0,
  "n_generations": 500,
  "samples_per_item": [
    1
  ],
  "all_rollouts": {
    "tokens": {
      "n": 500,
      "min": 2,
      "max": 4485,
      "mean": 27.782,
      "std": 280.2839604329866,
      "var": 78559.098476,
      "p10": 6,
      "p25": 6,
      "p50": 7,
      "p75": 10,
      "p90": 13,
      "p95": 20,
      "p99": 131
    },
    "tokens_histogram": {
      "edges": [
        0,
        10,
        20,
        50,
        100,
        200,
        500,
        1000,
        2000,
        5000,
        10000,
        20000,
        40000
      ],
      "counts": [
        360,
        115,
        17,
        2,
        4,
        0,
        0,
        0,
        2,
        0,
        0,
        0
      ],
      "labels": [
        "[0,10)",
        "[10,20)",
        "[20,50)",
        "[50,100)",
        "[100,200)",
        "[200,500)",
        "[500,1000)",
        "[1000,2000)",
        "[2000,5000)",
        "[5000,10000)",
        "[10000,20000)",
        "[20000,40000)"
      ]
    },
    "tokens_raw": [
      13,
      10,
      16,
      7,
      8,
      8,
      6,
      7,
      11,
      7,
      9,
      6,
      8,
      6,
      6,
      18,
      7,
      6,
      157,
      6,
      10,
      8,
      6,
      6,
      6,
      6,
      8,
      8,
      10,
      6,
      9,
      11,
      8,
      10,
      6,
      6,
      6,
      7,
      13,
      7,
      7,
      7,
      9,
      8,
      9,
      6,
      8,
      6,
      10,
      7,
      12,
      24,
      6,
      12,
      9,
      6,
      7,
      8,
      9,
      7,
      13,
      7,
      6,
      6,
      6,
      6,
      9,
      9,
      12,
      6,
      9,
      9,
      6,
      19,
      8,
      10,
      6,
      6,
      10,
      6,
      9,
      6,
      15,
      10,
      6,
      10,
      8,
      6,
      6,
      11,
      7,
      6,
      13,
      7,
      11,
      6,
      37,
      6,
      10,
      23,
      7,
      6,
      12,
      6,
      7,
      8,
      8,
      7,
      6,
      7,
      6,
      8,
      7,
      9,
      6,
      8,
      6,
      6,
      7,
      7,
      6,
      6,
      6,
      7,
      11,
      6,
      5,
      11,
      6,
      7,
      6,
      11,
      6,
      8,
      7,
      2,
      6,
      10,
      10,
      6,
      6,
      6,
      8,
      6,
      12,
      6,
      11,
      7,
      7,
      31,
      131,
      7,
      7,
      10,
      9,
      11,
      7,
      6,
      9,
      8,
      7,
      6,
      11,
      10,
      10,
      10,
      12,
      7,
      6,
      9,
      7,
      12,
      12,
      6,
      6,
      15,
      14,
      9,
      11,
      22,
      6,
      10,
      9,
      7,
      6,
      6,
      6,
      6,
      7,
      7,
      10,
      6,
      7,
      8,
      10,
      7,
      9,
      6,
      8,
      9,
      8,
      7,
      10,
      7,
      8,
      24,
      15,
      7,
      6,
      6,
      6,
      6,
      2,
      6,
      7,
      6,
      6,
      10,
      10,
      10,
      6,
      7,
      6,
      7,
      6,
      8,
      6,
      6,
      6,
      7,
      6,
      6,
      9,
      7,
      7,
      10,
      74,
      7,
      6,
      7,
      7,
      7,
      10,
      6,
      6,
      10,
      6,
      6,
      27,
      6,
      7,
      6,
      8,
      10,
      8,
      6,
      12,
      8,
      7,
      7,
      7,
      7,
      10,
      7,
      12,
      9,
      10,
      8,
      6,
      6,
      7,
      128,
      9,
      10,
      9,
      8,
      6,
      9,
      8,
      9,
      6,
      7,
      8,
      6,
      5,
      7,
      148,
      7,
      6,
      11,
      10,
      7,
      6,
      26,
      4406,
      7,
      6,
      8,
      29,
      7,
      7,
      11,
      11,
      7,
      7,
      12,
      6,
      12,
      6,
      7,
      10,
      8,
      9,
      9,
      8,
      6,
      10,
      6,
      15,
      7,
      12,
      8,
      8,
      10,
      8,
      6,
      6,
      8,
      6,
      9,
      8,
      13,
      6,
      6,
      7,
      6,
      41,
      6,
      15,
      7,
      9,
      6,
      6,
      12,
      6,
      8,
      8,
      25,
      9,
      7,
      6,
      58,
      7,
      8,
      8,
      8,
      17,
      6,
      10,
      6,
      6,
      8,
      10,
      6,
      17,
      6,
      6,
      10,
      7,
      8,
      11,
      6,
      9,
      20,
      6,
      10,
      8,
      6,
      6,
      9,
      19,
      10,
      9,
      11,
      12,
      12,
      6,
      7,
      6,
      17,
      7,
      6,
      7,
      11,
      6,
      6,
      6,
      7,
      7,
      10,
      10,
      6,
      8,
      6,
      6,
      7,
      6,
      6,
      20,
      6,
      6,
      7,
      8,
      9,
      6,
      6,
      12,
      6,
      8,
      48,
      12,
      7,
      15,
      9,
      9,
      23,
      10,
      7,
      7,
      7,
      2,
      13,
      6,
      12,
      2,
      15,
      6,
      6,
      6,
      36,
      10,
      9,
      6,
      7,
      10,
      6,
      6,
      7,
      6,
      4485,
      7,
      13,
      7,
      9,
      17,
      6,
      9,
      20,
      7,
      10,
      7,
      7,
      7,
      6,
      6,
      12,
      8,
      7,
      6,
      9,
      19,
      7,
      14,
      6,
      6,
      7,
      8,
      8,
      6,
      7,
      10,
      6,
      6,
      16,
      6,
      6,
      10,
      6,
      11,
      7,
      6,
      7,
      11,
      7,
      6,
      12,
      14,
      16,
      6,
      7
    ],
    "chars": {
      "n": 500,
      "min": 5,
      "max": 4484,
      "mean": 36.658,
      "std": 282.49078044424743,
      "var": 79801.041036,
      "p10": 9,
      "p25": 10,
      "p50": 11,
      "p75": 17,
      "p90": 24,
      "p95": 34,
      "p99": 403
    },
    "chars_histogram": {
      "edges": [
        0,
        50,
        100,
        250,
        500,
        1000,
        2500,
        5000,
        10000,
        25000,
        50000,
        100000,
        200000
      ],
      "counts": [
        482,
        9,
        2,
        5,
        0,
        0,
        2,
        0,
        0,
        0,
        0,
        0
      ],
      "labels": [
        "[0,50)",
        "[50,100)",
        "[100,250)",
        "[250,500)",
        "[500,1000)",
        "[1000,2500)",
        "[2500,5000)",
        "[5000,10000)",
        "[10000,25000)",
        "[25000,50000)",
        "[50000,100000)",
        "[100000,200000)"
      ]
    }
  },
  "correct_rollouts": {
    "tokens": {
      "n": 116,
      "min": 6,
      "max": 36,
      "mean": 8.387931034482758,
      "std": 3.729591712248318,
      "var": 13.909854340071343,
      "p10": 6,
      "p25": 6,
      "p50": 7,
      "p75": 10,
      "p90": 11,
      "p95": 12,
      "p99": 22
    },
    "tokens_histogram": {
      "edges": [
        0,
        10,
        20,
        50,
        100,
        200,
        500,
        1000,
        2000,
        5000,
        10000,
        20000,
        40000
      ],
      "counts": [
        83,
        30,
        3,
        0,
        0,
        0,
        0,
        0,
        0,
        0,
        0,
        0
      ],
      "labels": [
        "[0,10)",
        "[10,20)",
        "[20,50)",
        "[50,100)",
        "[100,200)",
        "[200,500)",
        "[500,1000)",
        "[1000,2000)",
        "[2000,5000)",
        "[5000,10000)",
        "[10000,20000)",
        "[20000,40000)"
      ]
    },