{
  "primary_metric": "exact_match_flex",
  "n_items": 500,
  "n_items_correct": 113,
  "n_items_incorrect": 387,
  "n_items_unknown": 0,
  "n_generations": 500,
  "samples_per_item": [
    1
  ],
  "all_rollouts": {
    "tokens": {
      "n": 500,
      "min": 4,
      "max": 53,
      "mean": 8.448,
      "std": 4.4783139684483935,
      "var": 20.055296,
      "p10": 6,
      "p25": 6,
      "p50": 7,
      "p75": 9,
      "p90": 12,
      "p95": 15,
      "p99": 28
    },
    "tokens_histogram": {
      "edges": [
        0,
        10,
        20,
        50,
        100,
        200,
        500,
        1000,
        2000,
        5000,
        10000,
        20000,
        40000
      ],
      "counts": [
        383,
        104,
        12,
        1,
        0,
        0,
        0,
        0,
        0,
        0,
        0,
        0
      ],
      "labels": [
        "[0,10)",
        "[10,20)",
        "[20,50)",
        "[50,100)",
        "[100,200)",
        "[200,500)",
        "[500,1000)",
        "[1000,2000)",
        "[2000,5000)",
        "[5000,10000)",
        "[10000,20000)",
        "[20000,40000)"
      ]
    },
    "tokens_raw": [
      12,
      12,
      11,
      6,
      8,
      7,
      6,
      7,
      10,
      6,
      9,
      11,
      8,
      7,
      7,
      10,
      7,
      6,
      7,
      6,
      10,
      8,
      6,
      6,
      6,
      6,
      7,
      8,
      10,
      6,
      9,
      11,
      8,
      10,
      9,
      6,
      6,
      7,
      9,
      7,
      7,
      7,
      7,
      8,
      10,
      6,
      6,
      6,
      10,
      7,
      8,
      24,
      6,
      11,
      9,
      6,
      7,
      8,
      9,
      7,
      13,
      7,
      6,
      6,
      10,
      6,
      18,
      9,
      7,
      6,
      9,
      10,
      6,
      23,
      6,
      10,
      6,
      6,
      9,
      6,
      6,
      6,
      10,
      6,
      6,
      9,
      8,
      10,
      6,
      7,
      7,
      6,
      13,
      7,
      7,
      6,
      4,
      6,
      10,
      28,
      8,
      7,
      12,
      6,
      6,
      7,
      10,
      7,
      6,
      7,
      6,
      8,
      7,
      9,
      6,
      8,
      6,
      6,
      7,
      7,
      6,
      6,
      6,
      7,
      11,
      6,
      5,
      11,
      6,
      7,
      6,
      6,
      6,
      8,
      6,
      6,
      6,
      10,
      10,
      6,
      6,
      6,
      9,
      14,
      11,
      6,
      10,
      7,
      7,
      7,
      6,
      6,
      7,
      11,
      10,
      10,
      7,
      6,
      9,
      8,
      7,
      6,
      12,
      10,
      9,
      10,
      12,
      7,
      6,
      7,
      7,
      12,
      8,
      6,
      6,
      6,
      15,
      7,
      7,
      21,
      6,
      10,
      9,
      7,
      10,
      6,
      6,
      6,
      6,
      7,
      10,
      6,
      7,
      6,
      6,
      8,
      9,
      6,
      9,
      7,
      8,
      7,
      10,
      6,
      6,
      49,
      13,
      7,
      6,
      7,
      6,
      7,
      7,
      6,
      8,
      6,
      7,
      13,
      12,
      10,
      6,
      7,
      8,
      6,
      15,
      7,
      6,
      6,
      12,
      7,
      6,
      6,
      6,
      7,
      7,
      11,
      7,
      7,
      9,
      7,
      7,
      7,
      10,
      6,
      6,
      8,
      6,
      6,
      31,
      7,
      7,
      7,
      8,
      10,
      7,
      6,
      13,
      8,
      7,
      7,
      7,
      7,
      6,
      7,
      12,
      9,
      13,
      8,
      6,
      6,
      6,
      8,
      9,
      9,
      7,
      7,
      8,
      9,
      8,
      9,
      6,
      9,
      8,
      6,
      12,
      7,
      9,
      7,
      15,
      7,
      6,
      7,
      6,
      24,
      7,
      7,
      8,
      8,
      28,
      7,
      6,
      9,
      6,
      7,
      7,
      10,
      6,
      13,
      6,
      7,
      12,
      6,
      10,
      7,
      8,
      6,
      6,
      6,
      11,
      7,
      12,
      8,
      6,
      10,
      8,
      6,
      24,
      8,
      6,
      9,
      8,
      10,
      6,
      6,
      7,
      6,
      10,
      6,
      12,
      7,
      9,
      6,
      6,
      10,
      6,
      6,
      9,
      19,
      9,
      9,
      6,
      11,
      7,
      8,
      8,
      6,
      10,
      6,
      6,
      6,
      6,
      6,
      10,
      6,
      13,
      6,
      6,
      6,
      7,
      8,
      7,
      6,
      9,
      11,
      6,
      7,
      8,
      6,
      6,
      17,
      19,
      10,
      10,
      12,
      13,
      7,
      6,
      7,
      6,
      10,
      7,
      6,
      7,
      10,
      6,
      6,
      6,
      7,
      7,
      10,
      10,
      6,
      6,
      6,
      6,
      7,
      6,
      6,
      20,
      11,
      6,
      7,
      8,
      9,
      6,
      6,
      10,
      6,
      16,
      53,
      11,
      7,
      15,
      9,
      8,
      9,
      10,
      7,
      7,
      7,
      8,
      6,
      6,
      12,
      8,
      18,
      6,
      6,
      6,
      36,
      11,
      9,
      6,
      7,
      23,
      6,
      6,
      7,
      6,
      7,
      7,
      12,
      8,
      7,
      13,
      6,
      8,
      6,
      7,
      11,
      8,
      7,
      8,
      6,
      6,
      8,
      6,
      7,
      7,
      7,
      19,
      7,
      14,
      6,
      10,
      7,
      8,
      6,
      6,
      7,
      6,
      9,
      8,
      6,
      6,
      7,
      7,
      6,
      7,
      11,
      7,
      8,
      14,
      6,
      6,
      10,
      8,
      15,
      6,
      7
    ],
    "chars": {
      "n": 500,
      "min": 8,
      "max": 116,
      "mean": 13.368,
      "std": 9.509604408175978,
      "var": 90.432576,
      "p10": 9,
      "p25": 9,
      "p50": 10,
      "p75": 13,
      "p90": 21,
      "p95": 24,
      "p99": 56
    },
    "chars_histogram": {
      "edges": [
        0,
        50,
        100,
        250,
        500,
        1000,
        2500,
        5000,
        10000,
        25000,
        50000,
        100000,
        200000
      ],
      "counts": [
        494,
        4,
        2,
        0,
        0,
        0,
        0,
        0,
        0,
        0,
        0,
        0
      ],
      "labels": [
        "[0,50)",
        "[50,100)",
        "[100,250)",
        "[250,500)",
        "[500,1000)",
        "[1000,2500)",
        "[2500,5000)",
        "[5000,10000)",
        "[10000,25000)",
        "[25000,50000)",
        "[50000,100000)",
        "[100000,200000)"
      ]
    }
  },
  "correct_rollouts": {
    "tokens": {
      "n": 113,
      "min": 6,
      "max": 36,
      "mean": 8.026548672566372,
      "std": 3.5335563999604958,
      "var": 12.486020831701778,
      "p10": 6,
      "p25": 6,
      "p50": 7,
      "p75": 9,
      "p90": 11,
      "p95": 12,
      "p99": 21
    },
    "tokens_histogram": {
      "edges": [
        0,
        10,
        20,
        50,
        100,
        200,
        500,
        1000,
        2000,
        5000,
        10000,
        20000,
        40000
      ],
      "counts": [
        91,
        20,
        2,
        0,
        0,
        0,
        0,
        0,
        0,
        0,
        0,
        0
      ],
      "labels": [
        "[0,10)",
        "[10,20)",
        "[20,50)",
        "[50,100)",
        "[100,200)",
        "[200,500)",
        "[500,1000)",
        "[1000,2000)",
        "[2000,5000)",
        "[5000,10000)",
        "[10000,20000)",
        "[20000,40000)"
      ]
    },