{
  "primary_metric": "length_controlled_winrate",
  "n_items": 805,
  "n_items_correct": 0,
  "n_items_incorrect": 0,
  "n_items_unknown": 805,
  "n_generations": 805,
  "samples_per_item": [
    1
  ],
  "all_rollouts": {
    "tokens": {
      "n": 805,
      "min": 2,
      "max": 5776,
      "mean": 716.8,
      "std": 1446.016713733806,
      "var": 2090964.3363975156,
      "p10": 3,
      "p25": 22,
      "p50": 153,
      "p75": 351,
      "p90": 4154,
      "p95": 4638,
      "p99": 5020
    },
    "tokens_histogram": {
      "edges": [
        0,
        10,
        20,
        50,
        100,
        200,
        500,
        1000,
        2000,
        5000,
        10000,
        20000,
        40000
      ],
      "counts": [
        151,
        42,
        65,
        63,
        144,
        190,
        39,
        11,
        90,
        10,
        0,
        0
      ],
      "labels": [
        "[0,10)",
        "[10,20)",
        "[20,50)",
        "[50,100)",
        "[100,200)",
        "[200,500)",
        "[500,1000)",
        "[1000,2000)",
        "[2000,5000)",
        "[5000,10000)",
        "[10000,20000)",
        "[20000,40000)"
      ]
    },
    "tokens_raw": [
      132,
      980,
      5020,
      4241,
      203,
      175,
      33,
      52,
      2,
      388,
      195,
      214,
      238,
      391,
      4138,
      241,
      151,
      4129,
      13,
      877,
      53,
      153,
      54,
      1253,
      60,
      183,
      435,
      823,
      148,
      191,
      383,
      330,
      47,
      4453,
      9,
      118,
      9,
      8,
      651,
      202,
      7,
      4459,
      360,
      4712,
      250,
      3,
      277,
      215,
      4474,
      127,
      40,
      71,
      379,
      193,
      264,
      135,
      2540,
      455,
      305,
      113,
      69,
      357,
      539,
      253,
      2102,
      286,
      4747,
      989,
      146,
      4499,
      81,
      39,
      2,
      179,
      3,
      318,
      69,
      414,
      4,
      382,
      573,
      160,
      4188,
      10,
      283,
      375,
      308,
      4900,
      67,
      321,
      221,
      66,
      1884,
      46,
      979,
      295,
      346,
      219,
      166,
      300,
      4618,
      4581,
      56,
      5132,
      3,
      57,
      148,
      440,
      334,
      153,
      224,
      4025,
      224,
      79,
      82,
      4154,
      528,
      303,
      71,
      9,
      27,
      47,
      74,
      208,
      623,
      40,
      242,
      288,
      124,
      423,
      270,
      150,
      261,
      238,
      4115,
      10,
      345,
      109,
      1026,
      458,
      4574,
      264,
      128,
      24,
      4647,
      779,
      224,
      8,
      5075,
      233,
      66,
      375,
      10,
      4977,
      4816,
      147,
      1509,
      129,
      61,
      36,
      250,
      4617,
      2,
      219,
      3,
      61,
      598,
      105,
      25,
      2,
      2,
      449,
      258,
      4,
      2,
      3,
      386,
      410,
      2610,
      145,
      449,
      8,
      259,
      5030,
      139,
      298,
      153,
      134,
      2,
      18,
      3,
      232,
      186,
      5001,
      5179,
      33,
      3,
      4627,
      117,
      5,
      199,
      56,
      28,
      4556,
      13,
      204,
      227,
      43,
      54,
      4971,
      26,
      117,
      4904,
      244,
      38,
      2,
      190,
      132,
      292,
      192,
      188,
      304,
      86,
      251,
      261,
      57,
      118,
      135,
      5776,
      4826,
      85,
      134,
      13,
      273,
      194,
      5119,
      202,
      4136,
      184,
      2,
      4175,
      13,
      763,
      4973,
      137,
      17,
      259,
      622,
      3,
      35,
      236,
      5,
      133,
      169,
      245,
      290,
      4195,
      385,
      282,
      318,
      4837,
      64,
      2,
      247,
      191,
      875,
      39,
      73,
      206,
      352,
      461,
      357,
      270,
      3,
      56,
      193,
      108,
      105,
      149,
      244,
      204,
      6,
      6,
      443,
      1268,
      181,
      142,
      757,
      39,
      5142,
      297,
      399,
      6,
      114,
      2,
      4467,
      4721,
      244,
      307,
      3,
      339,
      172,
      189,
      2,
      568,
      4658,
      2323,
      140,
      243,
      287,
      680,
      4228,
      551,
      210,
      48,
      4120,
      182,
      49,
      102,
      4638,
      264,
      4506,
      347,
      308,
      113,
      343,
      7,
      65,
      2,
      189,
      4101,
      723,
      46,
      10,
      344,
      147,
      3,
      152,
      4,
      83,
      41,
      325,
      28,
      779,
      4750,
      4787,
      172,
      445,
      146,
      2,
      7,
      439,
      117,
      216,
      258,
      200,
      164,
      292,
      226,
      3,
      4468,
      380,
      4549,
      4842,
      171,
      191,
      38,
      164,
      212,
      4087,
      8,
      7,
      4136,
      34,
      4118,
      9,
      25,
      965,
      277,
      497,
      136,
      4,
      20,
      5037,
      305,
      13,
      2,
      244,
      185,
      4939,
      4153,
      73,
      348,
      780,
      274,
      212,
      99,
      492,
      4948,
      4169,
      395,
      428,
      125,
      176,
      38,
      184,
      84,
      9,
      32,
      4778,
      2,
      187,
      102,
      748,
      227,
      18,
      142,
      312,
      62,
      64,
      22,
      256,
      859,
      12,
      14,
      2,
      258,
      35,
      579,
      213,
      120,
      146,
      2,
      638,
      709,
      321,
      37,
      213,
      9,
      4390,
      21,
      164,
      1024,
      86,
      284,
      4913,
      4295,
      117,
      129,
      271,
      250,
      395,
      148,
      4146,
      217,
      125,
      505,
      3,
      11,
      183,
      192,
      77,
      10,
      175,
      241,
      296,
      128,
      157,
      4548,
      4,
      983,
      8,
      159,
      2,
      2,
      31,
      215,
      12,
      124,
      2,
      6,
      18,
      87,
      160,
      2,
      73,
      82,
      77,
      104,
      107,
      4164,
      103,
      66,
      2,
      11,
      22,
      523,
      12,
      3,
      4930,
      4272,
      72,
      4505,
      42,
      2,
      109,
      22,
      299,
      194,
      111,
      50,
      153,
      4775,
      47,
      27,
      337,
      175,
      397,
      253,
      252,
      401,
      3,
      3,
      3,
      321,
      20,
      204,
      15,
      4496,
      2,
      155,
      76,
      4,
      65,
      159,
      4658,
      23,
      4,
      3,
      4276,
      80,
      2,
      51,
      3,
      150,
      3,
      4,
      161,
      139,
      2,
      398,
      2,
      21,
      2,
      4,
      69,
      4769,
      417,
      257,
      324,
      180,
      2,
      184,
      85,
      249,
      2,
      172,
      3,
      154,
      167,
      115,
      124,
      3,
      3,
      214,
      4119,
      2,
      2,
      193,
      419,
      749,
      359,
      22,
      247,
      32,
      113,
      310,
      177,
      51,
      373,
      162,
      155,
      115,
      162,
      2,
      9,
      4,
      10,
      3,
      13,
      2,
      351,
      41,
      4094,
      775,
      314,
      115,
      207,
      42,
      201,
      3,
      2,
      49,
      117,
      239,
      168,
      268,
      200,
      53,
      134,
      7,
      2,
      146,
      4,
      3,
      4661,
      2,
      42,
      29,
      22,
      39,
      24,
      39,
      2,
      2,
      131,
      2,
      2,
