{
  "primary_metric": "prompt_level_loose_acc",
  "n_items": 300,
  "n_items_correct": 114,
  "n_items_incorrect": 186,
  "n_items_unknown": 0,
  "n_generations": 300,
  "samples_per_item": [
    1
  ],
  "all_rollouts": {
    "tokens": {
      "n": 300,
      "min": 2,
      "max": 4806,
      "mean": 96.50666666666666,
      "std": 628.3460484655109,
      "var": 394818.7566222222,
      "p10": 2,
      "p25": 2,
      "p50": 2,
      "p75": 2,
      "p90": 11,
      "p95": 77,
      "p99": 4508
    },
    "tokens_histogram": {
      "edges": [
        0,
        10,
        20,
        50,
        100,
        200,
        500,
        1000,
        2000,
        5000,
        10000,
        20000,
        40000
      ],
      "counts": [
        270,
        7,
        7,
        4,
        5,
        1,
        0,
        0,
        6,
        0,
        0,
        0
      ],
      "labels": [
        "[0,10)",
        "[10,20)",
        "[20,50)",
        "[50,100)",
        "[100,200)",
        "[200,500)",
        "[500,1000)",
        "[1000,2000)",
        "[2000,5000)",
        "[5000,10000)",
        "[10000,20000)",
        "[20000,40000)"
      ]
    },
    "tokens_raw": [
      2,
      2,
      2,
      2,
      2,
      2,
      2,
      2,
      2,
      2,
      3,
      2,
      2,
      2,
      2,
      3,
      2,
      2,
      2,
      2,
      2,
      2,
      2,
      2,
      2,
      2,
      105,
      6,
      2,
      2,
      2,
      2,
      2,
      3,
      2,
      75,
      2,
      2,
      2,
      2,
      2,
      2,
      2,
      2,
      5,
      5,
      2,
      2,
      2,
      2,
      2,
      2,
      3,
      2,
      2,
      2,
      2,
      2,
      2,
      2,
      2,
      2,
      2,
      2,
      2,
      2,
      2,
      2,
      3,
      3,
      2,
      2,
      2,
      2,
      13,
      243,
      2,
      2,
      2,
      2,
      2,
      2,
      3,
      23,
      2,
      2,
      2,
      2,
      2,
      2,
      2,
      2,
      2,
      2,
      2,
      113,
      2,
      2,
      2,
      95,
      2,
      5,
      2,
      2,
      2,
      2,
      8,
      2,
      2,
      2,
      2,
      2,
      2,
      2,
      2,
      2,
      2,
      2,
      2,
      2,
      2,
      2,
      2,
      3,
      2,
      2,
      77,
      130,
      116,
      26,
      36,
      32,
      83,
      2,
      2,
      2,
      2,
      2,
      2,
      2,
      2,
      19,
      2,
      2,
      2,
      2,
      2,
      2,
      2,
      2,
      3,
      2,
      4,
      3,
      2,
      2,
      2,
      2,
      2,
      2,
      2,
      2,
      2,
      2,
      2,
      2,
      2,
      2,
      2,
      2,
      2,
      2,
      2,
      2,
      2,
      2,
      2,
      2,
      3,
      2,
      2,
      4395,
      4440,
      3,
      2,
      4,
      3,
      3,
      2,
      2,
      2,
      2,
      3,
      4,
      4,
      3,
      4,
      3,
      4,
      3,
      2,
      2,
      2,
      2,
      2,
      2,
      2,
      2,
      2,
      2,
      2,
      2,
      2,
      2,
      2,
      2,
      2,
      2,
      2,
      2,
      2,
      2,
      2,
      3,
      15,
      3,
      2,
      3,
      2,
      2,
      2,
      3,
      2,
      2,
      2,
      3,
      2,
      3,
      2,
      2,
      4205,
      2,
      2,
      2,
      2,
      2,
      2,
      2,
      3,
      2,
      2,
      2,
      2,
      2,
      2,
      2,
      2,
      2,
      2,
      2,
      2,
      2,
      2,
      2,
      2,
      2,
      2,
      2,
      2,
      2,
      21,
      2,
      2,
      4577,
      104,
      23,
      3,
      11,
      4806,
      2,
      26,
      3,
      2,
      4508,
      2,
      2,
      2,
      2,
      2,
      2,
      2,
      2,
      12,
      2,
      12,
      12,
      2,
      2,
      2,
      3
    ],
    "chars": {
      "n": 300,
      "min": 1,
      "max": 8853,
      "mean": 124.5,
      "std": 763.7723460997175,
      "var": 583348.1966666667,
      "p10": 1,
      "p25": 1,
      "p50": 1,
      "p75": 2,
      "p90": 25,
      "p95": 320,
      "p99": 4507
    },
    "chars_histogram": {
      "edges": [
        0,
        50,
        100,
        250,
        500,
        1000,
        2500,
        5000,
        10000,
        25000,
        50000,
        100000,
        200000
      ],
      "counts": [
        276,
        7,
        2,
        6,
        2,
        1,
        5,
        1,
        0,
        0,
        0,
        0
      ],
      "labels": [
        "[0,50)",
        "[50,100)",
        "[100,250)",
        "[250,500)",
        "[500,1000)",
        "[1000,2500)",
        "[2500,5000)",
        "[5000,10000)",
        "[10000,25000)",
        "[25000,50000)",
        "[50000,100000)",
        "[100000,200000)"
      ]
    }
  },
  "correct_rollouts": {
    "tokens": {
      "n": 114,
      "min": 2,
      "max": 4440,
      "mean": 85.57894736842105,
      "std": 579.2768615815794,
      "var": 335561.68236380426,
      "p10": 2,
      "p25": 2,
      "p50": 2,
      "p75": 3,
      "p90": 19,
      "p95": 83,
      "p99": 4395
    },
    "tokens_histogram": {
      "edges": [
        0,
        10,
        20,
        50,
        100,
        200,
        500,
        1000,
        2000,
        5000,
        10000,
        20000,
        40000
      ],
      "counts": [
        97,
        6,
        4,
        2,
        3,
        0,
        0,
        0,
        2,
        0,
        0,
        0
      ],
      "labels": [
        "[0,10)",
        "[10,20)",
        "[20,50)",
        "[50,100)",
        "[100,200)",
        "[200,500)",
        "[500,1000)",
        "[1000,2000)",
        "[2000,5000)",
        "[5000,10000)",
        "[10000,20000)",
        "[20000,40000)"
      ]
    },
    "tokens_raw": [
      105,
      6,
      2,
      2,
      2,
      2,
      2,
      2,
      13,
      2,
      2,
      2,
      2,
      23,
      2,
      2,
      2,
      2,
      2,
      2,
      5,
      2,
      2,
      2,
      2,
      2,
      2,
      77,
      130,
      116,
      26,
      36,
      32,
      83,
      2,
      2,
      2,
      2,
      19,
      3,
      2,
      2,
      2,
      2,
      2,
      2,
      2,
      2,
      2,
      2,
      2,
      2,
      2,
      2,
      2,
      2,
      2,
      3,
      2,
      2,
      4395,
      4440,
      3,
      2,
      4,
      3,
      3,
      2,
      2,
      2,
      2,
      2,
      3,
      3,
      2,
      3,
      2,
      2,
      2,
      3,
      2,
      2,
      2,
      2,
      2,
      2,
      2,
      2,
      3,
      2,
      2,
      2,
      2,
      2,
      2,
      2,
      2,
      2,
      2,
      2,
      2,
      2,
      11,
      2,
      2,
      2,
      2,
      12,
      12,
      12,
      2,
      2,
      2,
      3
    ],
    "chars": {
      "n": 114,
      "min": 1,
      "max": 4439,
      "mean": 103.99122807017544,
      "std": 583.9892827605603,
      "var": 341043.4823791936,
      "p10": 1,
      "p25": 1,
      "p50": 1,
      "p75": 2,
      "p90": 52,
      "p95": 412,
      "p99": 4394
    },
    "chars_histogram": {
      "edges": [
        0,
        50,
        100,
        250,
        500,
        1000,
        2500,
        5000,
        10000,
        25000,
        50000,
        100000,
        200000
      ],
      "counts": [
        102,
        4,
        1,
        4,
        1,
        0,
        2,
        0,
        0,
        0,
        0,
        0
      ],
      "labels": [
        "[0,50)",
        "[50,100)",
        "[100,250)",
        "[250,500)",
        "[500,1000)",
        "[1000,2500)",
        "[2500,5000)",
        "[5000,10000)",
        "[10000,25000)",
        "[25000,50000)",
        "[50000,100000)",
        "[100000,200000)"
      ]
    }
  },