{
  "primary_metric": "prompt_level_loose_acc",
  "n_items": 300,
  "n_items_correct": 113,
  "n_items_incorrect": 187,
  "n_items_unknown": 0,
  "n_generations": 300,
  "samples_per_item": [
    1
  ],
  "all_rollouts": {
    "tokens": {
      "n": 300,
      "min": 2,
      "max": 6624,
      "mean": 903.38,
      "std": 1810.591594553191,
      "var": 3278241.922266667,
      "p10": 4,
      "p25": 19,
      "p50": 72,
      "p75": 304,
      "p90": 4847,
      "p95": 5083,
      "p99": 5926
    },
    "tokens_histogram": {
      "edges": [
        0,
        10,
        20,
        50,
        100,
        200,
        500,
        1000,
        2000,
        5000,
        10000,
        20000,
        40000
      ],
      "counts": [
        53,
        26,
        40,
        59,
        30,
        30,
        11,
        2,
        30,
        19,
        0,
        0
      ],
      "labels": [
        "[0,10)",
        "[10,20)",
        "[20,50)",
        "[50,100)",
        "[100,200)",
        "[200,500)",
        "[500,1000)",
        "[1000,2000)",
        "[2000,5000)",
        "[5000,10000)",
        "[10000,20000)",
        "[20000,40000)"
      ]
    },
    "tokens_raw": [
      24,
      39,
      6277,
      4924,
      99,
      158,
      81,
      5083,
      13,
      126,
      54,
      29,
      122,
      83,
      3,
      3,
      6,
      4,
      14,
      306,
      8,
      14,
      25,
      5,
      200,
      270,
      197,
      6,
      4096,
      199,
      101,
      4717,
      304,
      10,
      5065,
      74,
      5781,
      64,
      4285,
      5306,
      517,
      29,
      17,
      39,
      20,
      28,
      78,
      37,
      5,
      9,
      16,
      39,
      4641,
      292,
      83,
      1508,
      427,
      5671,
      5019,
      4928,
      11,
      28,
      89,
      2,
      7,
      4841,
      73,
      96,
      3,
      85,
      9,
      12,
      72,
      234,
      220,
      4708,
      157,
      5,
      8,
      693,
      11,
      28,
      15,
      196,
      94,
      41,
      41,
      4826,
      36,
      16,
      38,
      63,
      201,
      57,
      2,
      126,
      72,
      58,
      64,
      123,
      2,
      3,
      2,
      2,
      3,
      3,
      914,
      4701,
      205,
      4668,
      577,
      50,
      75,
      423,
      210,
      153,
      227,
      100,
      78,
      4946,
      55,
      67,
      48,
      730,
      1080,
      5370,
      66,
      321,
      271,
      4934,
      90,
      98,
      129,
      4616,
      94,
      5699,
      63,
      120,
      90,
      98,
      53,
      57,
      46,
      37,
      488,
      479,
      228,
      5926,
      4,
      120,
      53,
      4235,
      127,
      5046,
      122,
      37,
      8,
      157,
      665,
      79,
      28,
      51,
      61,
      31,
      82,
      13,
      2,
      2,
      2,
      2,
      69,
      660,
      186,
      4,
      10,
      163,
      4991,
      67,
      121,
      61,
      602,
      40,
      4223,
      66,
      4189,
      21,
      4643,
      33,
      34,
      95,
      65,
      3980,
      2044,
      55,
      326,
      258,
      5743,
      83,
      86,
      293,
      4887,
      4847,
      2,
      3,
      2,
      59,
      80,
      5405,
      47,
      4989,
      5618,
      134,
      5008,
      66,
      19,
      2,
      6624,
      13,
      107,
      3,
      2,
      19,
      3,
      112,
      287,
      14,
      6,
      372,
      4068,
      302,
      489,
      34,
      47,
      10,
      29,
      4869,
      153,
      637,
      540,
      171,
      430,
      7,
      3,
      4255,
      18,
      19,
      4,
      12,
      45,
      4517,
      12,
      2,
      5334,
      5668,
      8,
      30,
      8,
      7,
      11,
      439,
      20,
      4861,
      142,
      64,
      66,
      96,
      74,
      19,
      8,
      33,
      74,
      13,
      53,
      2,
      120,
      65,
      350,
      515,
      5694,
      250,
      41,
      28,
      54,
      7,
      21,
      35,
      5,
      2,
      126,
      18,
      20,
      7,
      219,
      155,
      4882,
      61,
      2,
      6,
      5,
      21
    ],
    "chars": {
      "n": 300,
      "min": 1,
      "max": 46115,
      "mean": 3383.92,
      "std": 7629.2949674440215,
      "var": 58206141.70026667,
      "p10": 11,
      "p25": 64,
      "p50": 326,
      "p75": 1368,
      "p90": 15608,
      "p95": 23750,
      "p99": 32017
    },
    "chars_histogram": {
      "edges": [
        0,
        50,
        100,
        250,
        500,
        1000,
        2500,
        5000,
        10000,
        25000,
        50000,
        100000,
        200000
      ],
      "counts": [
        70,
        23,
        37,
        49,
        38,
        29,
        9,
        10,
        25,
        10,
        0,
        0
      ],
      "labels": [
        "[0,50)",
        "[50,100)",
        "[100,250)",
        "[250,500)",
        "[500,1000)",
        "[1000,2500)",
        "[2500,5000)",
        "[5000,10000)",
        "[10000,25000)",
        "[25000,50000)",
        "[50000,100000)",
        "[100000,200000)"
      ]
    }
  },
  "correct_rollouts": {
    "tokens": {
      "n": 113,
      "min": 2,
      "max": 5405,
      "mean": 473.8141592920354,
      "std": 1281.5446470089876,
      "var": 1642356.6822773905,
      "p10": 3,
      "p25": 8,
      "p50": 41,
      "p75": 186,
      "p90": 515,
      "p95": 4717,
      "p99": 5083
    },
    "tokens_histogram": {
      "edges": [
        0,
        10,
        20,
        50,
        100,
        200,
        500,
        1000,
        2000,
        5000,
        10000,
        20000,
        40000
      ],
      "counts": [
        33,
        12,
        14,
        16,
        13,
        13,
        2,
        1,
        6,
        3,
        0,
        0
      ],
      "labels": [
        "[0,10)",
        "[10,20)",
        "[20,50)",
        "[50,100)",
        "[100,200)",
        "[200,500)",
        "[500,1000)",
        "[1000,2000)",
        "[2000,5000)",
        "[5000,10000)",
        "[10000,20000)",
        "[20000,40000)"
      ]
    },
    "tokens_raw": [
      24,
      81,
      5083,
      13,
      126,
      3,
      6,
      4,
      14,
      306,
      8,
      14,
      200,
      270,
      197,
      6,
      4096,
      199,
      4717,
      304,
      10,
      5065,
      5,
      9,
      16,
      39,
      292,
      1508,
      427,
      73,
      96,
      3,
      9,
      5,
      8,
      15,
      196,
      41,
      41,
      16,
      38,
      63,
      2,
      2,
      3,
      2,
      3,
      75,
      423,
      210,
      227,
      100,
      66,
      321,
      271,
      4934,
      90,
      98,
      129,
      94,
      90,
      98,
      53,
      46,
      8,
      157,
      31,
      82,
      660,
      186,
      4,
      10,
      67,
      121,
      40,
      66,
      21,
      34,
      2,
      2,
      5405,
      3,
      2,
      19,
      3,
      112,
      6,
      4869,
      153,
      7,
      3,
      4255,
      18,
      19,
      4517,
      2,
      8,
      30,
      8,
      439,
      20,
      120,
      515,
      41,
      18,
      20,
      7,
      219,
      155,
      61,
      2,
      6,
      5
    ],
    "chars": {
      "n": 113,
      "min": 2,
      "max": 46115,
      "mean": 1792.9911504424779,
      "std": 5867.002090582135,
      "var": 34421713.53089514,
      "p10": 9,
      "p25": 22,
      "p50": 160,
      "p75": 608,
      "p90": 1846,
      "p95": 11129,
      "p99": 24772
    },