{
  "primary_metric": "prompt_level_loose_acc",
  "n_items": 300,
  "n_items_correct": 116,
  "n_items_incorrect": 184,
  "n_items_unknown": 0,
  "n_generations": 300,
  "samples_per_item": [
    1
  ],
  "all_rollouts": {
    "tokens": {
      "n": 300,
      "min": 2,
      "max": 5163,
      "mean": 96.15333333333334,
      "std": 592.0130824755668,
      "var": 350479.4898222222,
      "p10": 2,
      "p25": 2,
      "p50": 2,
      "p75": 10,
      "p90": 49,
      "p95": 122,
      "p99": 4740
    },
    "tokens_histogram": {
      "edges": [
        0,
        10,
        20,
        50,
        100,
        200,
        500,
        1000,
        2000,
        5000,
        10000,
        20000,
        40000
      ],
      "counts": [
        222,
        24,
        25,
        7,
        10,
        6,
        0,
        1,
        4,
        1,
        0,
        0
      ],
      "labels": [
        "[0,10)",
        "[10,20)",
        "[20,50)",
        "[50,100)",
        "[100,200)",
        "[200,500)",
        "[500,1000)",
        "[1000,2000)",
        "[2000,5000)",
        "[5000,10000)",
        "[10000,20000)",
        "[20000,40000)"
      ]
    },
    "tokens_raw": [
      24,
      2,
      2,
      2,
      5,
      2,
      2,
      2,
      2,
      2,
      4,
      2,
      27,
      3,
      4,
      3,
      3,
      4,
      10,
      14,
      6,
      10,
      2,
      2,
      2,
      19,
      105,
      6,
      105,
      105,
      2,
      2,
      12,
      3,
      210,
      251,
      2,
      2,
      2,
      2,
      215,
      2,
      2,
      3,
      19,
      2,
      11,
      2,
      2,
      2,
      2,
      2,
      2,
      2,
      2,
      2,
      2,
      2,
      2,
      2,
      15,
      2,
      2,
      2,
      2,
      2,
      2,
      4,
      2,
      2,
      2,
      3,
      2,
      2,
      22,
      169,
      2,
      2,
      2,
      2,
      2,
      2,
      6,
      23,
      2,
      12,
      19,
      2,
      2,
      2,
      2,
      2,
      34,
      2,
      2,
      93,
      37,
      56,
      37,
      43,
      2,
      5,
      2,
      2,
      2,
      5,
      7,
      2,
      215,
      2,
      9,
      2,
      2,
      106,
      2,
      2,
      2,
      21,
      3,
      2,
      3,
      2,
      3,
      3,
      3,
      2,
      64,
      52,
      50,
      16,
      48,
      41,
      82,
      122,
      30,
      22,
      26,
      15,
      46,
      2,
      10,
      10,
      16,
      8,
      2,
      13,
      2,
      22,
      4,
      2,
      3,
      3,
      49,
      3,
      5,
      2,
      2,
      2,
      216,
      2,
      2,
      20,
      2,
      2,
      2,
      2,
      2,
      2,
      2,
      2,
      2,
      2,
      2,
      2,
      2,
      42,
      5163,
      2,
      2,
      2,
      19,
      2,
      2,
      2,
      2,
      2,
      2,
      2,
      21,
      2,
      10,
      3993,
      3,
      3,
      4,
      3,
      4,
      3,
      4,
      3,
      2,
      2,
      2,
      2,
      2,
      2,
      2,
      2,
      4745,
      2,
      2,
      2,
      2,
      2,
      2,
      2,
      3,
      2,
      2,
      2,
      2,
      2,
      2,
      3,
      3,
      2,
      2,
      141,
      12,
      4740,
      63,
      2,
      4,
      2,
      2,
      2,
      2,
      45,
      2,
      3,
      4273,
      2,
      2,
      2,
      2,
      2,
      2,
      2,
      2,
      2,
      2,
      2,
      2,
      2,
      2,
      2,
      2,
      2,
      4,
      3,
      5,
      2,
      105,
      10,
      4,
      14,
      32,
      2,
      2,
      2,
      5,
      3,
      2,
      2,
      104,
      46,
      261,
      1247,
      10,
      2,
      2,
      14,
      2,
      2,
      2,
      2,
      2,
      2,
      9,
      5,
      5,
      7,
      28,
      100,
      23,
      19,
      2,
      2,
      2,
      2
    ],
    "chars": {
      "n": 300,
      "min": 1,
      "max": 23696,
      "mean": 296.26666666666665,
      "std": 2103.930674290915,
      "var": 4426524.282222223,
      "p10": 1,
      "p25": 1,
      "p50": 3,
      "p75": 28,
      "p90": 195,
      "p95": 510,
      "p99": 16215
    },
    "chars_histogram": {
      "edges": [
        0,
        50,
        100,
        250,
        500,
        1000,
        2500,
        5000,
        10000,
        25000,
        50000,
        100000,
        200000
      ],
      "counts": [
        234,
        20,
        20,
        11,
        7,
        3,
        2,
        0,
        3,
        0,
        0,
        0
      ],
      "labels": [
        "[0,50)",
        "[50,100)",
        "[100,250)",
        "[250,500)",
        "[500,1000)",
        "[1000,2500)",
        "[2500,5000)",
        "[5000,10000)",
        "[10000,25000)",
        "[25000,50000)",
        "[50000,100000)",
        "[100000,200000)"
      ]
    }
  },
  "correct_rollouts": {
    "tokens": {
      "n": 116,
      "min": 2,
      "max": 5163,
      "mean": 70.47413793103448,
      "std": 489.4510024649168,
      "var": 239562.283813912,
      "p10": 2,
      "p25": 2,
      "p50": 2,
      "p75": 16,
      "p90": 50,
      "p95": 105,
      "p99": 1247
    },
    "tokens_histogram": {
      "edges": [
        0,
        10,
        20,
        50,
        100,
        200,
        500,
        1000,
        2000,
        5000,
        10000,
        20000,
        40000
      ],
      "counts": [
        80,
        11,
        13,
        4,
        5,
        1,
        0,
        1,
        0,
        1,
        0,
        0
      ],
      "labels": [
        "[0,10)",
        "[10,20)",
        "[20,50)",
        "[50,100)",
        "[100,200)",
        "[200,500)",
        "[500,1000)",
        "[1000,2000)",
        "[2000,5000)",
        "[5000,10000)",
        "[10000,20000)",
        "[20000,40000)"
      ]
    },
    "tokens_raw": [
      24,
      4,
      10,
      6,
      10,
      105,
      6,
      105,
      105,
      2,
      2,
      2,
      2,
      2,
      4,
      2,
      2,
      22,
      2,
      2,
      2,
      2,
      6,
      23,
      19,
      2,
      2,
      34,
      2,
      2,
      2,
      5,
      2,
      106,
      2,
      2,
      2,
      21,
      64,
      52,
      50,
      16,
      48,
      41,
      82,
      30,
      22,
      15,
      10,
      10,
      16,
      3,
      2,
      2,
      2,
      2,
      2,
      2,
      2,
      2,
      2,
      2,
      2,
      2,
      5163,
      2,
      2,
      19,
      2,
      2,
      2,
      2,
      2,
      2,
      2,
      21,
      2,
      2,
      2,
      2,
      2,
      3,
      3,
      2,
      2,
      12,
      2,
      2,
      45,
      2,
      2,
      2,
      2,
      2,
      2,
      2,
      2,
      2,
      2,
      2,
      2,
      2,
      2,
      261,
      1247,
      9,
      5,
      7,
      28,
      100,
      23,
      19,
      2,
      2,
      2,
      2
    ],
    "chars": {
      "n": 116,
      "min": 1,
      "max": 16215,
      "mean": 203.32758620689654,
      "std": 1501.7579283779053,
      "var": 2255276.8754458977,
      "p10": 1,
      "p25": 1,
      "p50": 2,
      "p75": 57,
      "p90": 189,
      "p95": 439,
      "p99": 1246
    },
    "chars_histogram": {
      "edges": [
        0,
        50,
        100,
        250,
        500,
        1000,
        2500,
        5000,
        10000,
        25000,
        50000,
        100000,
        200000
      ],
      "counts": [
        86,
        11,
        8,
        7,
        2,
        1,
        0,
        0,
        1,
        0,
        0,
        0
      ],