{
  "primary_metric": "prompt_level_loose_acc",
  "n_items": 300,
  "n_items_correct": 122,
  "n_items_incorrect": 178,
  "n_items_unknown": 0,
  "n_generations": 300,
  "samples_per_item": [
    1
  ],
  "all_rollouts": {
    "tokens": {
      "n": 300,
      "min": 2,
      "max": 5055,
      "mean": 266.7733333333333,
      "std": 1033.3107576888744,
      "var": 1067731.1219555556,
      "p10": 2,
      "p25": 2,
      "p50": 2,
      "p75": 21,
      "p90": 120,
      "p95": 4280,
      "p99": 4774
    },
    "tokens_histogram": {
      "edges": [
        0,
        10,
        20,
        50,
        100,
        200,
        500,
        1000,
        2000,
        5000,
        10000,
        20000,
        40000
      ],
      "counts": [
        216,
        9,
        22,
        22,
        8,
        6,
        1,
        0,
        15,
        1,
        0,
        0
      ],
      "labels": [
        "[0,10)",
        "[10,20)",
        "[20,50)",
        "[50,100)",
        "[100,200)",
        "[200,500)",
        "[500,1000)",
        "[1000,2000)",
        "[2000,5000)",
        "[5000,10000)",
        "[10000,20000)",
        "[20000,40000)"
      ]
    },
    "tokens_raw": [
      24,
      24,
      34,
      18,
      24,
      2,
      2,
      2,
      2,
      2,
      4,
      2,
      2,
      2,
      2,
      2,
      3,
      4,
      2,
      3,
      2,
      2,
      2,
      2,
      2,
      3,
      106,
      6,
      2,
      2,
      2,
      2,
      2,
      2,
      572,
      74,
      2,
      2,
      80,
      54,
      91,
      2,
      2,
      2,
      2,
      2,
      2,
      2,
      2,
      2,
      2,
      2,
      2,
      2,
      2,
      2,
      2,
      2,
      4774,
      2,
      16,
      32,
      2,
      2,
      3,
      2,
      4511,
      2,
      2,
      83,
      3,
      4,
      2,
      2,
      22,
      221,
      2,
      2,
      97,
      70,
      2,
      2,
      3,
      2,
      2,
      2,
      2,
      2,
      2,
      2,
      2,
      2,
      57,
      2,
      2,
      54,
      62,
      197,
      2,
      24,
      2,
      6,
      2,
      2,
      3,
      2,
      82,
      2,
      240,
      2,
      2,
      2,
      196,
      383,
      2,
      2,
      168,
      3,
      3,
      3,
      3,
      3,
      2,
      194,
      2,
      4280,
      76,
      224,
      249,
      145,
      42,
      78,
      73,
      204,
      47,
      152,
      26,
      6,
      14,
      14,
      57,
      23,
      21,
      4,
      38,
      2,
      92,
      4515,
      2,
      4,
      3,
      3,
      4,
      55,
      2,
      13,
      2,
      2,
      2,
      2,
      2,
      2,
      33,
      2,
      2,
      2,
      2,
      2,
      2,
      2,
      2,
      2,
      2,
      2,
      2,
      3,
      2,
      2,
      2,
      61,
      80,
      4585,
      4568,
      2,
      3,
      2,
      2,
      3,
      10,
      5,
      4,
      7,
      4,
      3,
      4,
      3,
      4,
      3,
      4,
      3,
      2,
      3,
      3,
      3,
      2,
      2,
      2,
      2,
      4426,
      2,
      2,
      2,
      2,
      2,
      2,
      2,
      3,
      2,
      2,
      2,
      3,
      3,
      3,
      3,
      41,
      12,
      3,
      2,
      5055,
      4,
      2,
      2,
      2,
      3,
      4604,
      3,
      4717,
      4647,
      2,
      4678,
      4892,
      2,
      2,
      2,
      2,
      2,
      2,
      2,
      4273,
      2,
      2,
      2,
      2,
      2,
      2,
      2,
      2,
      2,
      2,
      2,
      2,
      90,
      2,
      31,
      7,
      2,
      2,
      2,
      2,
      2,
      75,
      4,
      2,
      4605,
      120,
      3,
      2,
      33,
      2,
      2,
      41,
      35,
      3,
      4624,
      2,
      60,
      2,
      2,
      2,
      3,
      3,
      10,
      14,
      23,
      23,
      23,
      2,
      2,
      3,
      3
    ],
    "chars": {
      "n": 300,
      "min": 1,
      "max": 19095,
      "mean": 423.2133333333333,
      "std": 1772.3996523984713,
      "var": 3141400.527822222,
      "p10": 1,
      "p25": 4,
      "p50": 7,
      "p75": 73,
      "p90": 405,
      "p95": 4279,
      "p99": 4891
    },
    "chars_histogram": {
      "edges": [
        0,
        50,
        100,
        250,
        500,
        1000,
        2500,
        5000,
        10000,
        25000,
        50000,
        100000,
        200000
      ],
      "counts": [
        221,
        14,
        16,
        20,
        9,
        3,
        15,
        0,
        2,
        0,
        0,
        0
      ],
      "labels": [
        "[0,50)",
        "[50,100)",
        "[100,250)",
        "[250,500)",
        "[500,1000)",
        "[1000,2500)",
        "[2500,5000)",
        "[5000,10000)",
        "[10000,25000)",
        "[25000,50000)",
        "[50000,100000)",
        "[100000,200000)"
      ]
    }
  },
  "correct_rollouts": {
    "tokens": {
      "n": 122,
      "min": 2,
      "max": 4585,
      "mean": 99.43442622950819,
      "std": 580.7005377580941,
      "var": 337213.11455253966,
      "p10": 2,
      "p25": 2,
      "p50": 2,
      "p75": 21,
      "p90": 90,
      "p95": 168,
      "p99": 4568
    },
    "tokens_histogram": {
      "edges": [
        0,
        10,
        20,
        50,
        100,
        200,
        500,
        1000,
        2000,
        5000,
        10000,
        20000,
        40000
      ],
      "counts": [
        85,
        6,
        12,
        8,
        5,
        4,
        0,
        0,
        2,
        0,
        0,
        0
      ],
      "labels": [
        "[0,10)",
        "[10,20)",
        "[20,50)",
        "[50,100)",
        "[100,200)",
        "[200,500)",
        "[500,1000)",
        "[1000,2000)",
        "[2000,5000)",
        "[5000,10000)",
        "[10000,20000)",
        "[20000,40000)"
      ]
    },
    "tokens_raw": [
      24,
      24,
      4,
      106,
      6,
      2,
      2,
      2,
      2,
      2,
      2,
      22,
      2,
      2,
      97,
      70,
      2,
      2,
      2,
      2,
      2,
      6,
      2,
      3,
      383,
      2,
      2,
      168,
      3,
      76,
      224,
      249,
      145,
      42,
      78,
      73,
      204,
      47,
      152,
      14,
      14,
      57,
      23,
      21,
      55,
      2,
      13,
      2,
      2,
      2,
      2,
      2,
      2,
      2,
      2,
      2,
      2,
      2,
      2,
      3,
      2,
      2,
      2,
      4585,
      4568,
      2,
      3,
      2,
      2,
      3,
      2,
      3,
      3,
      3,
      2,
      2,
      2,
      2,
      2,
      3,
      3,
      3,
      3,
      41,
      12,
      3,
      2,
      4,
      2,
      2,
      2,
      3,
      2,
      2,
      2,
      2,
      2,
      2,
      2,
      2,
      2,
      2,
      2,
      90,
      2,
      2,
      2,
      2,
      2,
      120,
      41,
      2,
      3,
      3,
      10,
      14,
      23,
      23,
      23,
      2,
      3,
      3
    ],
    "chars": {
      "n": 122,
      "min": 1,
      "max": 4584,
      "mean": 171.72131147540983,
      "std": 613.7312684503617,
      "var": 376666.06987368985,
      "p10": 1,
      "p25": 4,
      "p50": 7,
      "p75": 70,
      "p90": 377,
      "p95": 742,
      "p99": 4567
    },
    "chars_histogram": {
      "edges": [
        0,
        50,
        100,
        250,
        500,
        1000,
        2500,
        5000,
        10000,
        25000,
        50000,
        100000,
        200000
      ],
      "counts": [
        88,
        10,
        6,
        9,
        5,
        2,
        2,
        0,
        0,
        0,
        0,
        0
      ],