{
  "primary_metric": "length_controlled_winrate",
  "n_items": 805,
  "n_items_correct": 0,
  "n_items_incorrect": 0,
  "n_items_unknown": 805,
  "n_generations": 805,
  "samples_per_item": [
    1
  ],
  "all_rollouts": {
    "tokens": {
      "n": 805,
      "min": 2,
      "max": 5246,
      "mean": 1088.5403726708075,
      "std": 1847.6031819455347,
      "var": 3413637.517935265,
      "p10": 2,
      "p25": 12,
      "p50": 55,
      "p75": 499,
      "p90": 4555,
      "p95": 4836,
      "p99": 5061
    },
    "tokens_histogram": {
      "edges": [
        0,
        10,
        20,
        50,
        100,
        200,
        500,
        1000,
        2000,
        5000,
        10000,
        20000,
        40000
      ],
      "counts": [
        189,
        75,
        129,
        63,
        67,
        81,
        16,
        2,
        172,
        11,
        0,
        0
      ],
      "labels": [
        "[0,10)",
        "[10,20)",
        "[20,50)",
        "[50,100)",
        "[100,200)",
        "[200,500)",
        "[500,1000)",
        "[1000,2000)",
        "[2000,5000)",
        "[5000,10000)",
        "[10000,20000)",
        "[20000,40000)"
      ]
    },
    "tokens_raw": [
      4176,
      4737,
      36,
      34,
      4133,
      4315,
      36,
      152,
      33,
      414,
      373,
      16,
      118,
      11,
      17,
      4312,
      470,
      213,
      4140,
      4444,
      15,
      15,
      4,
      4954,
      4960,
      12,
      4321,
      2,
      4150,
      39,
      21,
      170,
      4282,
      180,
      18,
      4253,
      4759,
      4956,
      30,
      15,
      3971,
      9,
      4156,
      73,
      125,
      25,
      4836,
      389,
      4947,
      42,
      27,
      55,
      492,
      5081,
      190,
      181,
      4950,
      4031,
      328,
      4336,
      4161,
      4997,
      4555,
      20,
      423,
      26,
      4327,
      7,
      437,
      46,
      2,
      14,
      213,
      13,
      15,
      5235,
      345,
      2,
      33,
      4213,
      361,
      26,
      35,
      11,
      4155,
      413,
      4259,
      19,
      4130,
      151,
      4119,
      23,
      23,
      9,
      2,
      4495,
      110,
      12,
      13,
      223,
      2,
      106,
      4341,
      26,
      584,
      6,
      4779,
      4608,
      21,
      42,
      4141,
      4642,
      4391,
      20,
      4140,
      995,
      4152,
      304,
      17,
      121,
      20,
      4747,
      86,
      10,
      433,
      63,
      4366,
      57,
      9,
      5,
      24,
      330,
      4943,
      28,
      3,
      11,
      4,
      3160,
      4166,
      479,
      207,
      149,
      2,
      4,
      2,
      4152,
      187,
      2,
      2,
      136,
      4368,
      4793,
      4167,
      2,
      283,
      189,
      691,
      4948,
      4573,
      2,
      4,
      66,
      70,
      29,
      2,
      134,
      17,
      4909,
      28,
      2,
      4101,
      190,
      79,
      4229,
      20,
      48,
      62,
      487,
      10,
      4678,
      5075,
      4819,
      27,
      114,
      3097,
      40,
      1199,
      335,
      2,
      18,
      2,
      16,
      4127,
      4769,
      4351,
      4222,
      4766,
      12,
      25,
      14,
      4715,
      4372,
      28,
      4,
      238,
      4371,
      4550,
      41,
      2,
      2,
      9,
      4834,
      28,
      29,
      45,
      4704,
      82,
      2,
      61,
      66,
      17,
      3,
      61,
      613,
      45,
      20,
      262,
      56,
      56,
      41,
      41,
      13,
      12,
      251,
      4264,
      4972,
      4861,
      4168,
      584,
      4874,
      28,
      30,
      4884,
      4820,
      168,
      12,
      27,
      4155,
      3,
      12,
      4938,
      142,
      7,
      4988,
      2,
      40,
      5121,
      2,
      5052,
      4425,
      15,
      17,
      55,
      2,
      81,
      34,
      76,
      36,
      49,
      4,
      5061,
      2,
      259,
      115,
      2,
      16,
      3,
      180,
      233,
      115,
      4790,
      42,
      88,
      667,
      5084,
      4301,
      40,
      594,
      17,
      5246,
      224,
      4861,
      4152,
      54,
      4136,
      19,
      4,
      716,
      4176,
      4249,
      323,
      5095,
      2,
      8,
      237,
      25,
      547,
      2,
      4140,
      7,
      452,
      14,
      573,
      277,
      52,
      44,
      104,
      4950,
      4262,
      3,
      260,
      2,
      343,
      84,
      2,
      376,
      7,
      60,
      5,
      171,
      213,
      3,
      4135,
      4,
      737,
      2,
      2,
      4760,
      42,
      2,
      9,
      150,
      4760,
      4145,
      219,
      25,
      2,
      132,
      22,
      4,
      4437,
      2,
      3,
      348,
      259,
      40,
      4947,
      325,
      4985,
      5064,
      4530,
      4992,
      40,
      4295,
      4046,
      4249,
      5000,
      142,
      4567,
      5,
      9,
      8,
      4633,
      2,
      4139,
      4341,
      19,
      4179,
      2,
      2,
      22,
      21,
      18,
      26,
      257,
      21,
      19,
      4167,
      2,
      4099,
      4893,
      43,
      40,
      9,
      4239,
      218,
      2,
      169,
      268,
      47,
      13,
      4975,
      34,
      4151,
      33,
      159,
      102,
      28,
      148,
      22,
      442,
      56,
      12,
      338,
      15,
      32,
      3381,
      43,
      88,
      4679,
      35,
      255,
      310,
      68,
      20,
      4753,
      19,
      30,
      21,
      4126,
      14,
      8,
      75,
      4090,
      2,
      4938,
      2,
      51,
      3,
      12,
      19,
      29,
      188,
      2,
      18,
      2,
      44,
      79,
      2,
      146,
      2,
      303,
      31,
      4562,
      1741,
      20,
      2,
      2,
      7,
      14,
      36,
      10,
      15,
      4257,
      228,
      4286,
      39,
      17,
      65,
      4949,
      569,
      4252,
      85,
      35,
      2,
      45,
      215,
      9,
      18,
      86,
      2,
      14,
      2,
      82,
      2,
      4934,
      111,
      4157,
      139,
      3784,
      114,
      105,
      57,
      4,
      5,
      2,
      956,
      4384,
      4167,
      15,
      2,
      91,
      4133,
      110,
      2,
      49,
      21,
      78,
      454,
      13,
      81,
      121,
      191,
      4,
      223,
      352,
      23,
      396,
      2,
      3169,
      190,
      3944,
      44,
      2,
      4648,
      4424,
      25,
      3,
      2,
      2,
      2,
      2,
      14,
      3,
      87,
      4558,
      3,
      2,
      2,
      4120,
      80,
      4061,
      2,
      2,
      2,
      97,
      4680,
      12,
      16,
      24,
      6,
      196,
      2,
      2,
      25,
      37,
      18,
      2,
      469,
      85,
      22,
      142,
      77,
      174,
      249,
      3,
      141,
      20,
      153,
      238,
      53,
      67,
      2,
      125,
      2,
      2,
      2,
      2,
      4808,
      37,
      2,
      4804,
      17,
      333,
      2,
      20,
      2,
      2,
      75,
      170,
      34,
      159,
      2,
      27,
      2,
      4243,
      2,
      2,
      11,
      13,
      2,
      164,
      88,
      314,
      3,
      42,
      145,
      338,
      44,
      31,
      15,
      2,
      4332,
      2,
      309,
      147,
      29,
      33,
      2,
      160,
      4740,
      2,
      2,
      2,
      9,
      2,
      63,
      3,
      4258,
      4450,
      29,
      4124,
      81,
      8,
      9,
      131,
      2,
      37,
      3,
      16,
      78,
      19,
      2,
      2,
      30,
      229,
