{
  "primary_metric": "length_controlled_winrate",
  "n_items": 805,
  "n_items_correct": 0,
  "n_items_incorrect": 0,
  "n_items_unknown": 805,
  "n_generations": 805,
  "samples_per_item": [
    1
  ],
  "all_rollouts": {
    "tokens": {
      "n": 805,
      "min": 2,
      "max": 5521,
      "mean": 177.63975155279502,
      "std": 557.6523990546143,
      "var": 310976.1981713668,
      "p10": 6,
      "p25": 18,
      "p50": 65,
      "p75": 164,
      "p90": 284,
      "p95": 388,
      "p99": 4137
    },
    "tokens_histogram": {
      "edges": [
        0,
        10,
        20,
        50,
        100,
        200,
        500,
        1000,
        2000,
        5000,
        10000,
        20000,
        40000
      ],
      "counts": [
        123,
        92,
        145,
        130,
        172,
        118,
        10,
        2,
        12,
        1,
        0,
        0
      ],
      "labels": [
        "[0,10)",
        "[10,20)",
        "[20,50)",
        "[50,100)",
        "[100,200)",
        "[200,500)",
        "[500,1000)",
        "[1000,2000)",
        "[2000,5000)",
        "[5000,10000)",
        "[10000,20000)",
        "[20000,40000)"
      ]
    },
    "tokens_raw": [
      68,
      15,
      237,
      93,
      13,
      14,
      26,
      13,
      83,
      409,
      55,
      189,
      298,
      29,
      23,
      159,
      171,
      122,
      17,
      724,
      170,
      26,
      9,
      167,
      5,
      69,
      8,
      167,
      187,
      118,
      180,
      278,
      24,
      104,
      8,
      30,
      110,
      7,
      499,
      19,
      40,
      113,
      54,
      12,
      25,
      17,
      4,
      334,
      28,
      328,
      5,
      17,
      415,
      53,
      170,
      100,
      89,
      164,
      371,
      33,
      286,
      164,
      208,
      274,
      449,
      44,
      169,
      330,
      27,
      149,
      33,
      6,
      114,
      98,
      121,
      65,
      219,
      388,
      18,
      123,
      118,
      35,
      328,
      14,
      15,
      373,
      179,
      281,
      22,
      164,
      102,
      5,
      335,
      3,
      509,
      165,
      22,
      9,
      93,
      48,
      295,
      19,
      4,
      260,
      4566,
      15,
      90,
      223,
      194,
      128,
      86,
      223,
      41,
      2,
      33,
      438,
      453,
      98,
      28,
      74,
      22,
      24,
      56,
      10,
      383,
      20,
      145,
      20,
      12,
      226,
      147,
      28,
      73,
      12,
      251,
      101,
      498,
      109,
      203,
      325,
      38,
      6,
      7,
      20,
      6,
      267,
      4460,
      5,
      4205,
      8,
      8,
      20,
      46,
      985,
      196,
      23,
      227,
      38,
      15,
      8,
      5521,
      16,
      4060,
      59,
      2,
      81,
      101,
      5,
      6,
      8,
      266,
      194,
      9,
      24,
      3,
      68,
      367,
      368,
      11,
      102,
      224,
      147,
      236,
      145,
      59,
      10,
      45,
      108,
      4110,
      15,
      6,
      149,
      33,
      156,
      341,
      10,
      30,
      15,
      8,
      2,
      45,
      228,
      86,
      234,
      254,
      312,
      205,
      7,
      262,
      113,
      2,
      3,
      542,
      307,
      2,
      173,
      44,
      121,
      100,
      109,
      134,
      250,
      22,
      173,
      9,
      7,
      35,
      140,
      787,
      78,
      35,
      74,
      2,
      65,
      47,
      478,
      135,
      151,
      127,
      144,
      136,
      173,
      21,
      1051,
      32,
      2,
      54,
      344,
      2,
      16,
      204,
      62,
      104,
      58,
      86,
      166,
      168,
      22,
      28,
      13,
      53,
      44,
      2,
      245,
      35,
      614,
      9,
      178,
      7,
      17,
      181,
      170,
      7,
      22,
      66,
      153,
      4482,
      30,
      49,
      3,
      35,
      220,
      87,
      124,
      537,
      100,
      40,
      341,
      63,
      317,
      204,
      324,
      24,
      30,
      14,
      39,
      13,
      147,
      231,
      59,
      136,
      121,
      93,
      74,
      220,
      2,
      238,
      53,
      289,
      148,
      338,
      7,
      227,
      98,
      21,
      43,
      95,
      51,
      6,
      57,
      219,
      380,
      64,
      14,
      96,
      157,
      239,
      67,
      162,
      114,
      16,
      282,
      8,
      6,
      198,
      28,
      128,
      56,
      32,
      19,
      10,
      154,
      2,
      165,
      18,
      16,
      67,
      140,
      60,
      35,
      8,
      112,
      39,
      127,
      128,
      131,
      15,
      96,
      202,
      9,
      197,
      426,
      2,
      313,
      48,
      68,
      14,
      99,
      28,
      4207,
      2,
      7,
      84,
      29,
      463,
      10,
      10,
      25,
      8,
      480,
      67,
      198,
      42,
      60,
      51,
      4,
      28,
      68,
      65,
      9,
      4,
      50,
      55,
      202,
      147,
      62,
      60,
      20,
      126,
      3063,
      119,
      95,
      11,
      51,
      3,
      119,
      82,
      66,
      21,
      28,
      393,
      134,
      72,
      195,
      4954,
      199,
      111,
      153,
      91,
      26,
      12,
      115,
      177,
      22,
      4,
      161,
      155,
      86,
      4137,
      27,
      13,
      109,
      104,
      17,
      347,
      276,
      22,
      34,
      9,
      4,
      11,
      66,
      155,
      30,
      14,
      193,
      65,
      15,
      6,
      61,
      241,
      147,
      221,
      47,
      195,
      35,
      268,
      27,
      17,
      156,
      98,
      7,
      25,
      218,
      56,
      45,
      4,
      6,
      25,
      2,
      132,
      6,
      44,
      22,
      8,
      31,
      57,
      4,
      91,
      91,
      104,
      11,
      52,
      38,
      22,
      17,
      57,
      16,
      57,
      12,
      96,
      35,
      82,
      4,
      6,
      5,
      195,
      38,
      83,
      176,
      29,
      99,
      118,
      5,
      2,
      57,
      38,
      8,
      32,
      6,
      18,
      81,
      153,
      19,
      132,
      303,
      54,
      158,
      34,
      111,
      60,
      205,
      183,
      34,
      68,
      152,
      51,
      15,
      18,
      373,
      179,
      79,
      42,
      18,
      149,
      249,
      32,
      2,
      189,
      150,
      16,
      108,
      5,
      87,
      168,
      10,
      99,
      119,
      125,
      7,
      360,
      180,
      10,
      75,
      73,
      21,
      62,
      264,
      98,
      356,
      34,
      194,
      159,
      53,
      28,
      203,
      82,
      36,
      136,
      205,
      77,
      48,
      295,
      156,
      176,
      64,
      490,
      18,
      29,
      3,
      671,
      140,
      65,
      4904,
      129,
      18,
      262,
      25,
      24,
      260,
      143,
      22,
      92,
      145,
      28,
      147,
      89,
      4,
      3,
      14,
      2,
      242,
      20,
      75,
      422,
      198,
      98,
      4,
      10,
      59,
      5,
      91,
      3,
      6,
      8,
      8,
      8,
      10,
      41,
      78,
      30,
      45,
      6,
      3,
      2,
      19,
      2,
      14,
      19,
      7,
      29,
      3,
      14,
      79,
      43,
      22,
      3,
      2,
      5,
      4,
      19,
      43,
      82,
      4,
      12,
      32,
      79,
      4,
      25,
      41,
      193,
      11,
      33,
      13,
      76,
      114,
      4,
      3,
      4,
      105,
      24,
