{
  "primary_metric": "prompt_level_loose_acc",
  "n_items": 300,
  "n_items_correct": 116,
  "n_items_incorrect": 184,
  "n_items_unknown": 0,
  "n_generations": 300,
  "samples_per_item": [
    1
  ],
  "all_rollouts": {
    "tokens": {
      "n": 300,
      "min": 2,
      "max": 4102,
      "mean": 26.136666666666667,
      "std": 238.87305831526686,
      "var": 57060.33798888889,
      "p10": 2,
      "p25": 2,
      "p50": 2,
      "p75": 3,
      "p90": 23,
      "p95": 69,
      "p99": 267
    },
    "tokens_histogram": {
      "edges": [
        0,
        10,
        20,
        50,
        100,
        200,
        500,
        1000,
        2000,
        5000,
        10000,
        20000,
        40000
      ],
      "counts": [
        254,
        14,
        12,
        8,
        6,
        5,
        0,
        0,
        1,
        0,
        0,
        0
      ],
      "labels": [
        "[0,10)",
        "[10,20)",
        "[20,50)",
        "[50,100)",
        "[100,200)",
        "[200,500)",
        "[500,1000)",
        "[1000,2000)",
        "[2000,5000)",
        "[5000,10000)",
        "[10000,20000)",
        "[20000,40000)"
      ]
    },
    "tokens_raw": [
      24,
      3,
      34,
      2,
      3,
      2,
      2,
      2,
      2,
      2,
      4,
      2,
      2,
      2,
      2,
      2,
      2,
      3,
      2,
      28,
      3,
      2,
      2,
      2,
      2,
      16,
      105,
      6,
      2,
      2,
      35,
      2,
      2,
      2,
      23,
      2,
      2,
      2,
      2,
      2,
      2,
      2,
      3,
      24,
      5,
      3,
      3,
      2,
      2,
      2,
      2,
      2,
      2,
      2,
      2,
      2,
      2,
      2,
      2,
      2,
      2,
      2,
      2,
      2,
      2,
      2,
      2,
      2,
      2,
      2,
      2,
      2,
      2,
      2,
      40,
      267,
      2,
      2,
      2,
      2,
      2,
      2,
      3,
      23,
      2,
      3,
      3,
      2,
      2,
      2,
      2,
      2,
      165,
      2,
      2,
      2,
      2,
      24,
      6,
      58,
      2,
      6,
      2,
      2,
      3,
      2,
      8,
      2,
      212,
      2,
      2,
      2,
      2,
      62,
      2,
      2,
      13,
      2,
      2,
      2,
      2,
      2,
      2,
      2,
      2,
      2,
      89,
      155,
      260,
      69,
      10,
      53,
      156,
      3,
      2,
      2,
      2,
      2,
      10,
      18,
      10,
      40,
      10,
      10,
      2,
      2,
      2,
      4102,
      2,
      4,
      3,
      3,
      4,
      2,
      5,
      2,
      2,
      2,
      2,
      2,
      2,
      2,
      2,
      2,
      2,
      2,
      2,
      2,
      2,
      2,
      2,
      18,
      2,
      2,
      2,
      59,
      2,
      2,
      2,
      2,
      2,
      2,
      2,
      2,
      2,
      2,
      2,
      3,
      2,
      2,
      4,
      5,
      3,
      3,
      4,
      3,
      4,
      3,
      4,
      3,
      2,
      2,
      2,
      2,
      2,
      2,
      2,
      2,
      2,
      2,
      2,
      2,
      2,
      2,
      2,
      2,
      2,
      2,
      2,
      2,
      2,
      2,
      2,
      2,
      52,
      2,
      2,
      2,
      243,
      4,
      2,
      2,
      2,
      2,
      2,
      2,
      2,
      2,
      2,
      2,
      2,
      2,
      2,
      2,
      2,
      2,
      2,
      2,
      2,
      2,
      2,
      2,
      2,
      2,
      2,
      2,
      2,
      2,
      2,
      2,
      3,
      2,
      2,
      2,
      2,
      2,
      2,
      2,
      2,
      2,
      7,
      2,
      2,
      2,
      120,
      110,
      299,
      11,
      16,
      2,
      43,
      14,
      2,
      2,
      2,
      2,
      2,
      2,
      4,
      4,
      2,
      2,
      12,
      83,
      23,
      12,
      2,
      2,
      2,
      2
    ],
    "chars": {
      "n": 300,
      "min": 1,
      "max": 14514,
      "mean": 90.38333333333334,
      "std": 847.4057841763623,
      "var": 718096.5630555556,
      "p10": 1,
      "p25": 1,
      "p50": 1,
      "p75": 9,
      "p90": 73,
      "p95": 279,
      "p99": 1001
    },
    "chars_histogram": {
      "edges": [
        0,
        50,
        100,
        250,
        500,
        1000,
        2500,
        5000,
        10000,
        25000,
        50000,
        100000,
        200000
      ],
      "counts": [
        264,
        11,
        8,
        8,
        6,
        2,
        0,
        0,
        1,
        0,
        0,
        0
      ],
      "labels": [
        "[0,50)",
        "[50,100)",
        "[100,250)",
        "[250,500)",
        "[500,1000)",
        "[1000,2500)",
        "[2500,5000)",
        "[5000,10000)",
        "[10000,25000)",
        "[25000,50000)",
        "[50000,100000)",
        "[100000,200000)"
      ]
    }
  },
  "correct_rollouts": {
    "tokens": {
      "n": 116,
      "min": 2,
      "max": 260,
      "mean": 14.10344827586207,
      "std": 36.39613926815088,
      "var": 1324.678953626635,
      "p10": 2,
      "p25": 2,
      "p50": 2,
      "p75": 3,
      "p90": 43,
      "p95": 89,
      "p99": 156
    },
    "tokens_histogram": {
      "edges": [
        0,
        10,
        20,
        50,
        100,
        200,
        500,
        1000,
        2000,
        5000,
        10000,
        20000,
        40000
      ],
      "counts": [
        93,
        7,
        5,
        6,
        4,
        1,
        0,
        0,
        0,
        0,
        0,
        0
      ],
      "labels": [
        "[0,10)",
        "[10,20)",
        "[20,50)",
        "[50,100)",
        "[100,200)",
        "[200,500)",
        "[500,1000)",
        "[1000,2000)",
        "[2000,5000)",
        "[5000,10000)",
        "[10000,20000)",
        "[20000,40000)"
      ]
    },
    "tokens_raw": [
      24,
      105,
      6,
      2,
      2,
      2,
      2,
      2,
      2,
      40,
      2,
      2,
      2,
      2,
      23,
      2,
      2,
      2,
      2,
      2,
      6,
      2,
      3,
      62,
      2,
      2,
      13,
      2,
      89,
      155,
      260,
      69,
      10,
      53,
      156,
      2,
      2,
      10,
      10,
      10,
      2,
      2,
      2,
      2,
      2,
      2,
      2,
      2,
      2,
      2,
      2,
      2,
      2,
      2,
      2,
      2,
      2,
      2,
      2,
      2,
      2,
      2,
      2,
      2,
      3,
      2,
      2,
      2,
      2,
      2,
      2,
      2,
      2,
      2,
      52,
      2,
      2,
      2,
      4,
      2,
      2,
      2,
      2,
      2,
      2,
      2,
      2,
      2,
      2,
      2,
      2,
      2,
      2,
      2,
      2,
      2,
      2,
      2,
      2,
      2,
      2,
      2,
      120,
      43,
      4,
      4,
      2,
      2,
      12,
      83,
      23,
      12,
      2,
      2,
      2,
      2
    ],
    "chars": {
      "n": 116,
      "min": 1,
      "max": 810,
      "mean": 51.422413793103445,
      "std": 146.1714953379968,
      "var": 21366.106049346017,
      "p10": 1,
      "p25": 1,
      "p50": 1,
      "p75": 9,
      "p90": 198,
      "p95": 389,
      "p99": 778
    },
    "chars_histogram": {
      "edges": [
        0,
        50,
        100,
        250,
        500,
        1000,
        2500,
        5000,
        10000,
        25000,
        50000,
        100000,
        200000
      ],
      "counts": [
        99,
        4,
        4,
        6,
        3,
        0,
        0,
        0,
        0,
        0,
        0,
        0
      ],