{
  "primary_metric": "prompt_level_loose_acc",
  "n_items": 300,
  "n_items_correct": 121,
  "n_items_incorrect": 179,
  "n_items_unknown": 0,
  "n_generations": 300,
  "samples_per_item": [
    1
  ],
  "all_rollouts": {
    "tokens": {
      "n": 300,
      "min": 2,
      "max": 4886,
      "mean": 86.02333333333333,
      "std": 541.8134452517356,
      "var": 293561.8094555556,
      "p10": 2,
      "p25": 2,
      "p50": 2,
      "p75": 10,
      "p90": 54,
      "p95": 159,
      "p99": 4239
    },
    "tokens_histogram": {
      "edges": [
        0,
        10,
        20,
        50,
        100,
        200,
        500,
        1000,
        2000,
        5000,
        10000,
        20000,
        40000
      ],
      "counts": [
        223,
        23,
        23,
        11,
        8,
        7,
        0,
        0,
        5,
        0,
        0,
        0
      ],
      "labels": [
        "[0,10)",
        "[10,20)",
        "[20,50)",
        "[50,100)",
        "[100,200)",
        "[200,500)",
        "[500,1000)",
        "[1000,2000)",
        "[2000,5000)",
        "[5000,10000)",
        "[10000,20000)",
        "[20000,40000)"
      ]
    },
    "tokens_raw": [
      24,
      24,
      19,
      20,
      19,
      2,
      2,
      2,
      5,
      2,
      26,
      2,
      3,
      23,
      4,
      3,
      3,
      3,
      3,
      14,
      6,
      11,
      2,
      3,
      3,
      17,
      106,
      6,
      56,
      56,
      31,
      11,
      13,
      11,
      251,
      2,
      2,
      66,
      80,
      54,
      3,
      2,
      2,
      2,
      13,
      20,
      2,
      2,
      2,
      2,
      2,
      2,
      2,
      2,
      2,
      2,
      2,
      2,
      2,
      2,
      2,
      2,
      3,
      3,
      2,
      2,
      4,
      4,
      2,
      2,
      2,
      2,
      2,
      2,
      14,
      159,
      2,
      2,
      2,
      2,
      2,
      2,
      3,
      4,
      2,
      3,
      17,
      2,
      3,
      2,
      3048,
      2,
      181,
      4,
      2,
      2,
      25,
      30,
      11,
      58,
      2,
      5,
      2,
      2,
      3,
      5,
      8,
      4,
      222,
      2,
      10,
      2,
      4,
      217,
      3,
      2,
      2,
      6,
      15,
      3,
      2,
      3,
      3,
      9,
      40,
      2,
      61,
      129,
      110,
      4,
      43,
      54,
      148,
      4706,
      55,
      2,
      2,
      2,
      12,
      21,
      9,
      25,
      15,
      12,
      2,
      174,
      2,
      4052,
      4,
      4,
      3,
      3,
      4,
      4,
      5,
      2,
      2,
      2,
      201,
      2,
      2,
      2,
      2,
      2,
      2,
      2,
      2,
      2,
      2,
      2,
      2,
      2,
      2,
      2,
      2,
      35,
      3,
      2,
      2,
      3,
      4,
      2,
      2,
      2,
      2,
      2,
      2,
      2,
      18,
      10,
      29,
      4239,
      4,
      3,
      4,
      3,
      4,
      3,
      4,
      3,
      2,
      2,
      2,
      2,
      2,
      2,
      2,
      2,
      2,
      2,
      2,
      2,
      2,
      2,
      2,
      2,
      2,
      2,
      2,
      2,
      2,
      2,
      2,
      2,
      2,
      15,
      2,
      3,
      228,
      23,
      219,
      2,
      57,
      2,
      3,
      2,
      3,
      4,
      2,
      3,
      4886,
      2,
      2,
      2,
      2,
      2,
      2,
      2,
      2,
      2,
      2,
      2,
      2,
      2,
      2,
      2,
      2,
      2,
      2,
      2,
      3,
      2,
      2,
      10,
      4,
      2,
      38,
      2,
      2,
      2,
      5,
      2,
      2,
      3,
      104,
      64,
      257,
      11,
      8,
      2,
      26,
      14,
      27,
      3,
      5,
      2,
      3,
      2,
      3,
      3,
      2,
      2,
      23,
      23,
      23,
      22,
      2,
      2,
      2,
      2
    ],
    "chars": {
      "n": 300,
      "min": 1,
      "max": 390016,
      "mean": 1502.12,
      "std": 22508.8901586077,
      "var": 506650136.17226666,
      "p10": 1,
      "p25": 1,
      "p50": 5,
      "p75": 23,
      "p90": 224,
      "p95": 660,
      "p99": 14916
    },
    "chars_histogram": {
      "edges": [
        0,
        50,
        100,
        250,
        500,
        1000,
        2500,
        5000,
        10000,
        25000,
        50000,
        100000,
        200000
      ],
      "counts": [
        239,
        19,
        16,
        10,
        11,
        0,
        1,
        1,
        2,
        0,
        0,
        1
      ],
      "labels": [
        "[0,50)",
        "[50,100)",
        "[100,250)",
        "[250,500)",
        "[500,1000)",
        "[1000,2500)",
        "[2500,5000)",
        "[5000,10000)",
        "[10000,25000)",
        "[25000,50000)",
        "[50000,100000)",
        "[100000,200000)"
      ]
    }
  },
  "correct_rollouts": {
    "tokens": {
      "n": 121,
      "min": 2,
      "max": 217,
      "mean": 14.239669421487603,
      "std": 33.897274273848375,
      "var": 1149.025203196503,
      "p10": 2,
      "p25": 2,
      "p50": 2,
      "p75": 5,
      "p90": 25,
      "p95": 61,
      "p99": 174
    },
    "tokens_histogram": {
      "edges": [
        0,
        10,
        20,
        50,
        100,
        200,
        500,
        1000,
        2000,
        5000,
        10000,
        20000,
        40000
      ],
      "counts": [
        94,
        7,
        9,
        5,
        5,
        1,
        0,
        0,
        0,
        0,
        0,
        0
      ],
      "labels": [
        "[0,10)",
        "[10,20)",
        "[20,50)",
        "[50,100)",
        "[100,200)",
        "[200,500)",
        "[500,1000)",
        "[1000,2000)",
        "[2000,5000)",
        "[5000,10000)",
        "[10000,20000)",
        "[20000,40000)"
      ]
    },
    "tokens_raw": [
      24,
      24,
      19,
      6,
      11,
      106,
      6,
      56,
      56,
      11,
      2,
      2,
      2,
      2,
      2,
      4,
      4,
      2,
      14,
      2,
      2,
      2,
      2,
      17,
      2,
      4,
      2,
      2,
      5,
      2,
      3,
      217,
      3,
      2,
      2,
      6,
      61,
      129,
      110,
      4,
      43,
      54,
      148,
      55,
      2,
      2,
      2,
      21,
      25,
      15,
      174,
      4,
      2,
      2,
      2,
      2,
      2,
      2,
      2,
      2,
      2,
      2,
      2,
      2,
      2,
      3,
      2,
      2,
      3,
      4,
      2,
      2,
      2,
      2,
      2,
      2,
      2,
      18,
      2,
      2,
      2,
      2,
      2,
      2,
      2,
      2,
      2,
      2,
      2,
      2,
      3,
      2,
      2,
      2,
      2,
      2,
      2,
      2,
      2,
      2,
      2,
      2,
      2,
      2,
      4,
      2,
      2,
      2,
      2,
      3,
      3,
      2,
      2,
      23,
      23,
      23,
      22,
      2,
      2,
      2,
      2
    ],
    "chars": {
      "n": 121,
      "min": 1,
      "max": 873,
      "mean": 54.66115702479339,
      "std": 150.7974698759079,
      "var": 22739.876920975345,
      "p10": 1,
      "p25": 1,
      "p50": 2,
      "p75": 11,
      "p90": 156,
      "p95": 340,
      "p99": 852
    },
    "chars_histogram": {
      "edges": [
        0,
        50,
        100,
        250,
        500,
        1000,
        2500,
        5000,
        10000,
        25000,
        50000,
        100000,
        200000
      ],
      "counts": [
        97,
        11,
        4,
        5,
        4,
        0,
        0,
        0,
        0,
        0,
        0,
        0
      ],