{
  "primary_metric": "length_controlled_winrate",
  "n_items": 805,
  "n_items_correct": 0,
  "n_items_incorrect": 0,
  "n_items_unknown": 805,
  "n_generations": 805,
  "samples_per_item": [
    1
  ],
  "all_rollouts": {
    "tokens": {
      "n": 805,
      "min": 2,
      "max": 6191,
      "mean": 479.68198757763975,
      "std": 1092.4366158902146,
      "var": 1193417.7597376644,
      "p10": 4,
      "p25": 42,
      "p50": 164,
      "p75": 312,
      "p90": 675,
      "p95": 4120,
      "p99": 4979
    },
    "tokens_histogram": {
      "edges": [
        0,
        10,
        20,
        50,
        100,
        200,
        500,
        1000,
        2000,
        5000,
        10000,
        20000,
        40000
      ],
      "counts": [
        98,
        42,
        78,
        86,
        156,
        235,
        47,
        8,
        48,
        7,
        0,
        0
      ],
      "labels": [
        "[0,10)",
        "[10,20)",
        "[20,50)",
        "[50,100)",
        "[100,200)",
        "[200,500)",
        "[500,1000)",
        "[1000,2000)",
        "[2000,5000)",
        "[5000,10000)",
        "[10000,20000)",
        "[20000,40000)"
      ]
    },
    "tokens_raw": [
      117,
      237,
      259,
      16,
      252,
      209,
      31,
      29,
      287,
      279,
      142,
      235,
      71,
      4798,
      134,
      464,
      460,
      2336,
      126,
      4120,
      72,
      135,
      145,
      184,
      8,
      220,
      82,
      293,
      193,
      150,
      290,
      466,
      268,
      69,
      31,
      280,
      382,
      32,
      4097,
      224,
      51,
      46,
      413,
      131,
      266,
      142,
      427,
      293,
      74,
      287,
      39,
      71,
      369,
      115,
      207,
      131,
      364,
      642,
      714,
      83,
      152,
      4946,
      671,
      483,
      457,
      262,
      4743,
      4979,
      35,
      248,
      58,
      39,
      3,
      330,
      369,
      173,
      305,
      542,
      190,
      214,
      1207,
      208,
      353,
      4172,
      222,
      523,
      387,
      692,
      47,
      4221,
      206,
      64,
      5071,
      61,
      4093,
      407,
      194,
      24,
      162,
      219,
      915,
      36,
      66,
      419,
      499,
      46,
      160,
      756,
      48,
      162,
      2880,
      380,
      77,
      39,
      11,
      3959,
      386,
      522,
      95,
      49,
      20,
      56,
      78,
      161,
      445,
      63,
      4097,
      57,
      31,
      341,
      282,
      101,
      294,
      211,
      220,
      157,
      4167,
      338,
      630,
      396,
      110,
      208,
      92,
      180,
      40,
      2030,
      248,
      727,
      5057,
      248,
      82,
      334,
      10,
      397,
      364,
      114,
      1048,
      80,
      15,
      46,
      348,
      4750,
      4076,
      234,
      6,
      108,
      246,
      73,
      15,
      89,
      59,
      4111,
      205,
      20,
      362,
      137,
      1111,
      479,
      10,
      189,
      2,
      202,
      281,
      188,
      21,
      380,
      378,
      155,
      3853,
      18,
      3,
      189,
      170,
      475,
      4140,
      14,
      6,
      423,
      151,
      5,
      226,
      4121,
      170,
      4616,
      2,
      4952,
      248,
      67,
      3,
      780,
      13,
      85,
      398,
      217,
      2,
      239,
      227,
      112,
      120,
      236,
      177,
      592,
      84,
      210,
      226,
      79,
      646,
      133,
      605,
      137,
      95,
      61,
      3,
      216,
      203,
      1016,
      204,
      275,
      191,
      226,
      4199,
      309,
      66,
      5173,
      116,
      17,
      274,
      206,
      3,
      51,
      184,
      5,
      808,
      213,
      335,
      196,
      94,
      190,
      189,
      129,
      4843,
      70,
      2,
      440,
      282,
      732,
      31,
      628,
      184,
      4864,
      371,
      407,
      249,
      2,
      68,
      172,
      4976,
      90,
      175,
      352,
      35,
      1008,
      103,
      332,
      6191,
      163,
      83,
      201,
      185,
      4132,
      333,
      54,
      30,
      149,
      115,
      255,
      2,
      246,
      304,
      63,
      463,
      149,
      163,
      18,
      704,
      4271,
      393,
      84,
      452,
      4105,
      172,
      14,
      4212,
      131,
      155,
      675,
      116,
      52,
      24,
      68,
      256,
      4506,
      691,
      154,
      254,
      219,
      7,
      130,
      317,
      243,
      142,
      116,
      41,
      10,
      376,
      209,
      3,
      32,
      136,
      42,
      40,
      102,
      3,
      435,
      558,
      12,
      156,
      340,
      10,
      2,
      6,
      255,
      73,
      163,
      154,
      191,
      213,
      312,
      254,
      153,
      1158,
      641,
      171,
      273,
      442,
      297,
      25,
      169,
      59,
      5127,
      8,
      23,
      309,
      35,
      500,
      47,
      2,
      21,
      263,
      480,
      151,
      191,
      452,
      239,
      117,
      12,
      2,
      186,
      194,
      4939,
      3,
      89,
      2,
      444,
      235,
      247,
      58,
      5128,
      194,
      3679,
      242,
      172,
      53,
      180,
      19,
      161,
      195,
      64,
      19,
      60,
      465,
      249,
      4992,
      398,
      270,
      2,
      244,
      285,
      226,
      58,
      19,
      16,
      459,
      13,
      31,
      723,
      181,
      108,
      4169,
      380,
      46,
      206,
      123,
      203,
      386,
      279,
      74,
      462,
      9,
      11,
      35,
      165,
      252,
      40,
      164,
      4132,
      68,
      51,
      196,
      234,
      190,
      1145,
      317,
      188,
      262,
      112,
      523,
      2,
      15,
      144,
      106,
      69,
      38,
      201,
      530,
      127,
      114,
      252,
      4126,
      3,
      516,
      175,
      57,
      2,
      2,
      31,
      215,
      7,
      88,
      95,
      4423,
      14,
      43,
      160,
      23,
      16,
      57,
      65,
      89,
      74,
      4941,
      99,
      62,
      7,
      6,
      3,
      337,
      401,
      53,
      567,
      3,
      165,
      5657,
      53,
      236,
      109,
      76,
      239,
      272,
      25,
      2,
      144,
      223,
      2,
      27,
      362,
      4766,
      200,
      2,
      201,
      161,
      2,
      195,
      4,
      128,
      326,
      48,
      33,
      2,
      2,
      162,
      98,
      2,
      203,
      160,
      4,
      115,
      15,
      2,
      4,
      3,
      2,
      47,
      3,
      2,
      3,
      2,
      140,
      132,
      3,
      583,
      400,
      10,
      85,
      2,
      110,
      364,
      929,
      173,
      654,
      179,
      365,
      292,
      74,
      249,
      511,
      136,
      528,
      154,
      207,
      66,
      28,
      2,
      2,
      149,
      3,
      10,
      71,
      171,
      82,
      591,
      186,
      17,
      211,
      212,
      70,
      377,
      291,
      49,
      379,
      184,
      162,
      226,
      246,
      2,
      213,
      228,
      3,
      4310,
      188,
      31,
      359,
      31,
      342,
      423,
      182,
      124,
      78,
      52,
      197,
      2,
      182,
      48,
      247,
      258,
      187,
      324,
      176,
      101,
      100,
      6,
      3,
      188,
      3,
      6,
      4434,
      3,
      4,
      20,
      31,
      34,
      26,
      20,
      110,
      44,
      2,
      2,
      38,
