{
  "primary_metric": "length_controlled_winrate",
  "n_items": 805,
  "n_items_correct": 0,
  "n_items_incorrect": 0,
  "n_items_unknown": 805,
  "n_generations": 805,
  "samples_per_item": [
    1
  ],
  "all_rollouts": {
    "tokens": {
      "n": 805,
      "min": 2,
      "max": 5440,
      "mean": 563.7354037267081,
      "std": 1312.0655947855153,
      "var": 1721516.1250198681,
      "p10": 2,
      "p25": 11,
      "p50": 104,
      "p75": 256,
      "p90": 1201,
      "p95": 4439,
      "p99": 4955
    },
    "tokens_histogram": {
      "edges": [
        0,
        10,
        20,
        50,
        100,
        200,
        500,
        1000,
        2000,
        5000,
        10000,
        20000,
        40000
      ],
      "counts": [
        186,
        61,
        68,
        78,
        156,
        144,
        31,
        2,
        74,
        5,
        0,
        0
      ],
      "labels": [
        "[0,10)",
        "[10,20)",
        "[20,50)",
        "[50,100)",
        "[100,200)",
        "[200,500)",
        "[500,1000)",
        "[1000,2000)",
        "[2000,5000)",
        "[5000,10000)",
        "[10000,20000)",
        "[20000,40000)"
      ]
    },
    "tokens_raw": [
      115,
      10,
      195,
      98,
      9,
      10,
      39,
      60,
      176,
      318,
      420,
      309,
      4500,
      4611,
      4136,
      12,
      4466,
      366,
      2,
      4152,
      149,
      149,
      57,
      136,
      8,
      4156,
      34,
      359,
      277,
      10,
      438,
      507,
      369,
      4,
      36,
      13,
      10,
      2,
      598,
      129,
      8,
      9,
      289,
      55,
      172,
      708,
      233,
      321,
      36,
      3,
      5,
      56,
      291,
      198,
      177,
      204,
      199,
      555,
      323,
      61,
      282,
      214,
      4162,
      381,
      498,
      147,
      10,
      4960,
      176,
      140,
      58,
      15,
      165,
      120,
      130,
      300,
      349,
      397,
      121,
      314,
      127,
      120,
      923,
      11,
      183,
      587,
      380,
      4095,
      60,
      309,
      208,
      9,
      4130,
      39,
      4789,
      4439,
      4,
      113,
      142,
      3,
      448,
      3,
      47,
      229,
      550,
      58,
      152,
      250,
      366,
      25,
      198,
      4068,
      146,
      24,
      2,
      779,
      4268,
      204,
      98,
      112,
      19,
      47,
      64,
      10,
      429,
      72,
      214,
      234,
      88,
      319,
      4127,
      130,
      123,
      121,
      247,
      133,
      6,
      187,
      3,
      438,
      97,
      305,
      69,
      141,
      34,
      928,
      126,
      3,
      4764,
      136,
      37,
      205,
      192,
      743,
      376,
      23,
      506,
      138,
      13,
      3,
      439,
      45,
      359,
      4935,
      4168,
      128,
      1303,
      77,
      15,
      82,
      316,
      4767,
      2,
      2,
      81,
      151,
      584,
      178,
      4835,
      109,
      252,
      135,
      239,
      286,
      2,
      4719,
      164,
      108,
      5100,
      18,
      2,
      154,
      183,
      756,
      302,
      31,
      2,
      3,
      118,
      6,
      205,
      4374,
      101,
      2,
      360,
      256,
      3,
      27,
      2,
      3,
      23,
      74,
      133,
      60,
      2,
      4653,
      37,
      137,
      91,
      3,
      120,
      672,
      55,
      212,
      122,
      37,
      203,
      127,
      4127,
      84,
      99,
      330,
      3,
      560,
      191,
      698,
      573,
      3,
      596,
      152,
      73,
      157,
      4252,
      4737,
      42,
      14,
      184,
      4952,
      155,
      18,
      3,
      4588,
      164,
      202,
      65,
      211,
      4742,
      178,
      370,
      43,
      50,
      68,
      3,
      462,
      451,
      773,
      24,
      111,
      197,
      360,
      422,
      4271,
      112,
      80,
      4092,
      197,
      2,
      76,
      363,
      72,
      202,
      4102,
      4242,
      259,
      5440,
      69,
      57,
      208,
      2,
      9,
      226,
      14,
      5,
      67,
      17,
      147,
      3,
      153,
      291,
      121,
      390,
      150,
      4939,
      25,
      155,
      26,
      4130,
      51,
      377,
      150,
      4718,
      14,
      419,
      113,
      48,
      4992,
      140,
      20,
      55,
      6,
      232,
      3,
      287,
      161,
      4121,
      4505,
      7,
      118,
      413,
      299,
      4955,
      2,
      3,
      10,
      250,
      2,
      3,
      4911,
      81,
      51,
      10,
      400,
      2,
      178,
      264,
      11,
      2,
      290,
      11,
      2,
      7,
      360,
      4106,
      298,
      150,
      186,
      133,
      243,
      157,
      82,
      2,
      530,
      7,
      226,
      285,
      263,
      40,
      101,
      100,
      1201,
      8,
      7,
      254,
      28,
      707,
      5032,
      5,
      136,
      311,
      525,
      13,
      187,
      164,
      13,
      94,
      11,
      2,
      17,
      224,
      10,
      2,
      59,
      2,
      221,
      337,
      4755,
      71,
      190,
      2,
      673,
      452,
      120,
      53,
      243,
      33,
      186,
      254,
      8,
      18,
      4492,
      367,
      97,
      53,
      4428,
      168,
      150,
      181,
      26,
      105,
      96,
      12,
      256,
      162,
      13,
      3,
      441,
      4144,
      130,
      4346,
      328,
      4280,
      89,
      71,
      2,
      388,
      234,
      67,
      183,
      5,
      12,
      16,
      30,
      306,
      32,
      153,
      2,
      32,
      37,
      34,
      298,
      257,
      131,
      362,
      212,
      175,
      90,
      351,
      2,
      15,
      150,
      127,
      10,
      2,
      237,
      162,
      105,
      116,
      12,
      2,
      3,
      4997,
      15,
      56,
      2,
      2,
      30,
      173,
      9,
      85,
      71,
      4748,
      15,
      2,
      110,
      18,
      16,
      103,
      2,
      86,
      74,
      96,
      104,
      66,
      3,
      3,
      6,
      191,
      157,
      73,
      391,
      2,
      4,
      4149,
      2,
      2,
      80,
      58,
      2,
      15,
      25,
      19,
      119,
      194,
      34,
      4638,
      200,
      164,
      171,
      3,
      203,
      130,
      807,
      3,
      3,
      98,
      4128,
      2,
      31,
      22,
      2,
      158,
      2,
      43,
      37,
      2,
      3,
      34,
      4,
      4,
      3,
      21,
      2,
      46,
      3,
      4239,
      13,
      133,
      232,
      109,
      2,
      4284,
      322,
      11,
      100,
      45,
      42,
      4410,
      2,
      219,
      4685,
      161,
      321,
      561,
      56,
      249,
      2,
      2,
      4187,
      140,
      102,
      52,
      2,
      2,
      122,
      2,
      3,
      512,
      2,
      2,
      2,
      646,
      219,
      4927,
      347,
      151,
      9,
      419,
      149,
      49,
      167,
      148,
      188,
      128,
      360,
      42,
      94,
      204,
      4723,
      9,
      4313,
      34,
      233,
      42,
      267,
      347,
      217,
      189,
      4330,
      18,
      242,
      2,
      2,
      3,
      111,
      237,
      2,
      34,
      256,
      2,
      102,
      3,
      4492,
      81,
      6,
      11,
      4134,
      47,
      2,
      3,
      8,
      31,
      4,
      20,
      2,
      42,
      2,
      9,
      27,
      4,
      4,
      2,
      64,
      3,
      2,
      4536,
      4,
      131,
      2,
