{
  "primary_metric": "prompt_level_loose_acc",
  "n_items": 300,
  "n_items_correct": 127,
  "n_items_incorrect": 173,
  "n_items_unknown": 0,
  "n_generations": 300,
  "samples_per_item": [
    1
  ],
  "all_rollouts": {
    "tokens": {
      "n": 300,
      "min": 2,
      "max": 5722,
      "mean": 196.91,
      "std": 921.4216779339775,
      "var": 849017.9085666667,
      "p10": 2,
      "p25": 2,
      "p50": 2,
      "p75": 8,
      "p90": 71,
      "p95": 275,
      "p99": 5082
    },
    "tokens_histogram": {
      "edges": [
        0,
        10,
        20,
        50,
        100,
        200,
        500,
        1000,
        2000,
        5000,
        10000,
        20000,
        40000
      ],
      "counts": [
        226,
        16,
        18,
        14,
        9,
        6,
        0,
        0,
        8,
        3,
        0,
        0
      ],
      "labels": [
        "[0,10)",
        "[10,20)",
        "[20,50)",
        "[50,100)",
        "[100,200)",
        "[200,500)",
        "[500,1000)",
        "[1000,2000)",
        "[2000,5000)",
        "[5000,10000)",
        "[10000,20000)",
        "[20000,40000)"
      ]
    },
    "tokens_raw": [
      24,
      24,
      32,
      18,
      7,
      2,
      2,
      2,
      2,
      2,
      5,
      2,
      3,
      2,
      2,
      2,
      2,
      3,
      2,
      30,
      2,
      2,
      2,
      2,
      2,
      3,
      105,
      6,
      3,
      63,
      29,
      2,
      2,
      2,
      2,
      2,
      325,
      65,
      2,
      2,
      345,
      2,
      13,
      2,
      20,
      25,
      2,
      2,
      2,
      2,
      2,
      2,
      4542,
      2,
      13,
      2,
      2,
      2,
      3,
      2,
      2,
      2,
      2,
      2,
      2,
      2,
      3,
      2,
      2,
      2,
      3,
      3,
      2,
      2,
      16,
      225,
      2,
      2,
      2,
      3,
      2,
      2,
      3,
      2,
      4,
      3,
      19,
      2,
      2,
      2,
      2,
      2,
      2,
      58,
      3,
      52,
      38,
      57,
      72,
      53,
      2,
      3,
      2,
      2,
      3,
      3,
      2,
      3,
      275,
      2,
      33,
      2,
      2,
      2,
      2,
      2,
      13,
      3,
      2,
      2,
      3,
      2,
      4,
      3,
      3,
      2,
      100,
      160,
      185,
      29,
      34,
      82,
      71,
      29,
      57,
      109,
      28,
      131,
      14,
      14,
      40,
      43,
      19,
      10,
      2,
      2,
      2,
      5722,
      4,
      4,
      3,
      3,
      4,
      2,
      26,
      13,
      2,
      2,
      2,
      2,
      2,
      2,
      2,
      2,
      2,
      2,
      2,
      2,
      2,
      2,
      2,
      2,
      2,
      2,
      2,
      56,
      4877,
      2,
      2,
      62,
      227,
      5099,
      4703,
      12,
      2,
      18,
      12,
      2,
      2,
      6,
      2,
      5,
      4,
      3,
      4,
      3,
      4,
      3,
      4,
      3,
      2,
      2,
      2,
      2,
      2,
      2,
      2,
      2,
      2,
      2,
      2,
      2,
      2,
      2,
      2,
      2,
      2,
      2,
      2,
      2,
      2,
      2,
      2,
      2,
      4725,
      3,
      2,
      2,
      5082,
      2,
      2,
      2,
      3,
      2,
      2,
      3,
      2,
      3,
      3,
      2,
      4886,
      2,
      2,
      4845,
      2,
      2,
      2,
      2,
      2,
      2,
      2,
      2,
      2,
      2,
      2,
      2,
      2,
      2,
      2,
      2,
      2,
      3,
      2,
      2,
      2,
      2,
      2,
      2,
      2,
      2,
      80,
      2,
      2,
      4722,
      120,
      3,
      281,
      11,
      8,
      2,
      39,
      44,
      2,
      4746,
      2,
      2,
      2,
      2,
      2,
      2,
      2,
      2,
      189,
      143,
      12,
      54,
      2,
      2,
      2,
      2
    ],
    "chars": {
      "n": 300,
      "min": 1,
      "max": 26642,
      "mean": 485.38,
      "std": 2747.156280398575,
      "var": 7546867.628933334,
      "p10": 1,
      "p25": 1,
      "p50": 7,
      "p75": 25,
      "p90": 342,
      "p95": 1083,
      "p99": 22041
    },
    "chars_histogram": {
      "edges": [
        0,
        50,
        100,
        250,
        500,
        1000,
        2500,
        5000,
        10000,
        25000,
        50000,
        100000,
        200000
      ],
      "counts": [
        236,
        15,
        11,
        15,
        7,
        5,
        6,
        1,
        3,
        1,
        0,
        0
      ],
      "labels": [
        "[0,50)",
        "[50,100)",
        "[100,250)",
        "[250,500)",
        "[500,1000)",
        "[1000,2500)",
        "[2500,5000)",
        "[5000,10000)",
        "[10000,25000)",
        "[25000,50000)",
        "[50000,100000)",
        "[100000,200000)"
      ]
    }
  },
  "correct_rollouts": {
    "tokens": {
      "n": 127,
      "min": 2,
      "max": 5099,
      "mean": 210.91338582677164,
      "std": 940.6788303078387,
      "var": 884876.6617893236,
      "p10": 2,
      "p25": 2,
      "p50": 2,
      "p75": 16,
      "p90": 109,
      "p95": 227,
      "p99": 4877
    },
    "tokens_histogram": {
      "edges": [
        0,
        10,
        20,
        50,
        100,
        200,
        500,
        1000,
        2000,
        5000,
        10000,
        20000,
        40000
      ],
      "counts": [
        88,
        11,
        8,
        5,
        8,
        2,
        0,
        0,
        4,
        1,
        0,
        0
      ],
      "labels": [
        "[0,10)",
        "[10,20)",
        "[20,50)",
        "[50,100)",
        "[100,200)",
        "[200,500)",
        "[500,1000)",
        "[1000,2000)",
        "[2000,5000)",
        "[5000,10000)",
        "[10000,20000)",
        "[20000,40000)"
      ]
    },
    "tokens_raw": [
      24,
      24,
      30,
      105,
      6,
      63,
      2,
      2,
      2,
      2,
      2,
      2,
      16,
      2,
      2,
      2,
      3,
      19,
      2,
      2,
      2,
      3,
      2,
      3,
      2,
      3,
      33,
      2,
      2,
      2,
      13,
      3,
      100,
      160,
      185,
      29,
      34,
      82,
      71,
      29,
      57,
      109,
      14,
      14,
      19,
      2,
      13,
      2,
      2,
      2,
      2,
      2,
      2,
      2,
      2,
      2,
      2,
      2,
      2,
      4877,
      2,
      2,
      227,
      5099,
      4703,
      12,
      2,
      18,
      12,
      2,
      2,
      2,
      2,
      2,
      2,
      2,
      2,
      2,
      2,
      2,
      2,
      2,
      2,
      4725,
      3,
      2,
      2,
      2,
      2,
      2,
      3,
      2,
      2,
      2,
      4845,
      2,
      2,
      2,
      2,
      2,
      2,
      2,
      2,
      2,
      2,
      2,
      2,
      2,
      2,
      2,
      2,
      2,
      120,
      281,
      39,
      2,
      2,
      2,
      2,
      189,
      143,
      12,
      54,
      2,
      2,
      2,
      2
    ],
    "chars": {
      "n": 127,
      "min": 1,
      "max": 26642,
      "mean": 550.2283464566929,
      "std": 2960.7282041820386,
      "var": 8765911.499038998,
      "p10": 1,
      "p25": 1,
      "p50": 9,
      "p75": 49,
      "p90": 451,
      "p95": 797,
      "p99": 19144
    },
    "chars_histogram": {
      "edges": [
        0,
        50,
        100,
        250,
        500,
        1000,
        2500,
        5000,
        10000,
        25000,
        50000,
        100000,
        200000
      ],
      "counts": [
        96,
        7,
        5,
        7,
        6,
        1,
        2,
        1,
        1,
        1,
        0,
        0
      ],