{
  "primary_metric": "exact_match_flex",
  "n_items": 500,
  "n_items_correct": 129,
  "n_items_incorrect": 371,
  "n_items_unknown": 0,
  "n_generations": 500,
  "samples_per_item": [
    1
  ],
  "all_rollouts": {
    "tokens": {
      "n": 500,
      "min": 3,
      "max": 5021,
      "mean": 52.328,
      "std": 328.51936992512327,
      "var": 107924.976416,
      "p10": 6,
      "p25": 6,
      "p50": 7,
      "p75": 10,
      "p90": 20,
      "p95": 175,
      "p99": 812
    },
    "tokens_histogram": {
      "edges": [
        0,
        10,
        20,
        50,
        100,
        200,
        500,
        1000,
        2000,
        5000,
        10000,
        20000,
        40000
      ],
      "counts": [
        358,
        91,
        13,
        4,
        10,
        19,
        1,
        0,
        3,
        1,
        0,
        0
      ],
      "labels": [
        "[0,10)",
        "[10,20)",
        "[20,50)",
        "[50,100)",
        "[100,200)",
        "[200,500)",
        "[500,1000)",
        "[1000,2000)",
        "[2000,5000)",
        "[5000,10000)",
        "[10000,20000)",
        "[20000,40000)"
      ]
    },
    "tokens_raw": [
      12,
      20,
      11,
      6,
      8,
      8,
      7,
      7,
      10,
      7,
      9,
      6,
      8,
      7,
      6,
      10,
      7,
      6,
      7,
      6,
      14,
      11,
      6,
      6,
      3,
      9,
      8,
      8,
      10,
      6,
      9,
      11,
      8,
      10,
      8,
      368,
      6,
      7,
      9,
      8,
      7,
      7,
      201,
      7,
      9,
      6,
      6,
      6,
      10,
      7,
      8,
      24,
      6,
      11,
      9,
      6,
      7,
      8,
      9,
      7,
      2039,
      8,
      6,
      6,
      6,
      6,
      24,
      7,
      7,
      6,
      9,
      9,
      6,
      87,
      11,
      10,
      6,
      6,
      9,
      6,
      6,
      6,
      10,
      130,
      6,
      8,
      8,
      6,
      6,
      7,
      7,
      6,
      11,
      7,
      7,
      6,
      8,
      6,
      10,
      23,
      8,
      7,
      12,
      6,
      7,
      7,
      10,
      7,
      6,
      9,
      6,
      9,
      97,
      9,
      7,
      9,
      6,
      6,
      156,
      7,
      6,
      6,
      6,
      7,
      11,
      6,
      10,
      11,
      7,
      7,
      6,
      6,
      6,
      8,
      7,
      6,
      6,
      10,
      10,
      6,
      7,
      6,
      8,
      401,
      11,
      6,
      14,
      3593,
      7,
      7,
      89,
      8,
      7,
      11,
      9,
      10,
      7,
      6,
      9,
      8,
      7,
      6,
      13,
      158,
      8,
      12,
      11,
      7,
      6,
      7,
      7,
      12,
      371,
      6,
      6,
      6,
      15,
      7,
      8,
      21,
      6,
      10,
      9,
      7,
      10,
      6,
      6,
      6,
      6,
      7,
      10,
      6,
      7,
      6,
      174,
      6,
      9,
      342,
      9,
      7,
      7,
      7,
      10,
      8,
      8,
      23,
      14,
      7,
      210,
      7,
      6,
      8,
      7,
      10,
      8,
      812,
      6,
      11,
      9,
      10,
      6,
      7,
      6,
      7,
      17,
      7,
      6,
      6,
      13,
      7,
      6,
      6,
      6,
      7,
      305,
      10,
      7,
      7,
      12,
      7,
      7,
      7,
      394,
      6,
      6,
      8,
      6,
      6,
      232,
      6,
      7,
      7,
      8,
      10,
      8,
      6,
      12,
      8,
      7,
      342,
      7,
      7,
      6,
      7,
      12,
      9,
      13,
      8,
      6,
      6,
      7,
      8,
      9,
      8,
      7,
      6,
      8,
      9,
      8,
      7,
      6,
      7,
      8,
      6,
      14,
      8,
      129,
      7,
      17,
      7,
      6,
      8,
      6,
      19,
      7,
      7,
      8,
      8,
      28,
      7,
      7,
      9,
      6,
      7,
      220,
      10,
      6,
      13,
      307,
      7,
      7,
      6,
      10,
      7,
      9,
      7,
      7,
      6,
      14,
      7,
      12,
      8,
      6,
      10,
      7,
      6,
      9,
      3205,
      6,
      9,
      9,
      11,
      166,
      127,
      7,
      6,
      10,
      6,
      11,
      252,
      9,
      6,
      6,
      10,
      6,
      6,
      9,
      25,
      9,
      9,
      6,
      10,
      7,
      8,
      9,
      8,
      11,
      7,
      6,
      6,
      6,
      6,
      10,
      6,
      314,
      6,
      6,
      6,
      7,
      8,
      7,
      6,
      9,
      20,
      6,
      7,
      12,
      6,
      6,
      13,
      19,
      10,
      10,
      21,
      12,
      7,
      6,
      7,
      6,
      10,
      7,
      350,
      7,
      10,
      8,
      6,
      6,
      7,
      7,
      10,
      10,
      6,
      10,
      6,
      6,
      7,
      6,
      6,
      20,
      7,
      6,
      7,
      8,
      9,
      245,
      282,
      175,
      6,
      15,
      36,
      11,
      7,
      15,
      9,
      8,
      16,
      10,
      7,
      359,
      6,
      8,
      6,
      6,
      12,
      8,
      18,
      6,
      6,
      6,
      36,
      15,
      9,
      6,
      7,
      10,
      6,
      6,
      7,
      6,
      7,
      7,
      15,
      7,
      7,
      13,
      6,
      9,
      6,
      7,
      10,
      7,
      7,
      6,
      6,
      7,
      7,
      8,
      6,
      6,
      7,
      5021,
      7,
      14,
      6,
      6,
      99,
      8,
      6,
      6,
      167,
      6,
      101,
      271,
      6,
      6,
      7,
      8,
      6,
      7,
      7,
      7,
      8,
      10,
      7,
      6,
      12,
      6,
      16,
      6,
      9
    ],
    "chars": {
      "n": 500,
      "min": 2,
      "max": 9157,
      "mean": 120.26,
      "std": 710.1533780811016,
      "var": 504317.8204,
      "p10": 9,
      "p25": 9,
      "p50": 10,
      "p75": 17,
      "p90": 35,
      "p95": 507,
      "p99": 3097
    },
    "chars_histogram": {
      "edges": [
        0,
        50,
        100,
        250,
        500,
        1000,
        2500,
        5000,
        10000,
        25000,
        50000,
        100000,
        200000
      ],
      "counts": [
        457,
        5,
        1,
        12,
        17,
        3,
        1,
        4,
        0,
        0,
        0,
        0
      ],
      "labels": [
        "[0,50)",
        "[50,100)",
        "[100,250)",
        "[250,500)",
        "[500,1000)",
        "[1000,2500)",
        "[2500,5000)",
        "[5000,10000)",
        "[10000,25000)",
        "[25000,50000)",
        "[50000,100000)",
        "[100000,200000)"
      ]
    }
  },
  "correct_rollouts": {
    "tokens": {
      "n": 129,
      "min": 6,
      "max": 371,
      "mean": 20.705426356589147,
      "std": 56.81868388806369,
      "var": 3228.3628387717085,
      "p10": 6,
      "p25": 6,
      "p50": 7,
      "p75": 10,
      "p90": 13,
      "p95": 130,
      "p99": 368
    },
    "tokens_histogram": {
      "edges": [
        0,
        10,
        20,
        50,
        100,
        200,
        500,
        1000,
        2000,
        5000,
        10000,
        20000,
        40000
      ],
      "counts": [
        96,
        24,
        2,
        0,
        2,
        5,
        0,
        0,
        0,
        0,
        0,
        0
      ],
      "labels": [
        "[0,10)",
        "[10,20)",
        "[20,50)",
        "[50,100)",
        "[100,200)",
        "[200,500)",
        "[500,1000)",
        "[1000,2000)",
        "[2000,5000)",
        "[5000,10000)",
        "[10000,20000)",
        "[20000,40000)"
      ]
    },