{
  "primary_metric": "exact_match_flex",
  "n_items": 500,
  "n_items_correct": 175,
  "n_items_incorrect": 325,
  "n_items_unknown": 0,
  "n_generations": 500,
  "samples_per_item": [
    1
  ],
  "all_rollouts": {
    "tokens": {
      "n": 500,
      "min": 2,
      "max": 5148,
      "mean": 479.562,
      "std": 984.4178879703477,
      "var": 969078.578156,
      "p10": 2,
      "p25": 22,
      "p50": 236,
      "p75": 404,
      "p90": 664,
      "p95": 3928,
      "p99": 4925
    },
    "tokens_histogram": {
      "edges": [
        0,
        10,
        20,
        50,
        100,
        200,
        500,
        1000,
        2000,
        5000,
        10000,
        20000,
        40000
      ],
      "counts": [
        104,
        16,
        27,
        19,
        51,
        202,
        46,
        5,
        29,
        1,
        0,
        0
      ],
      "labels": [
        "[0,10)",
        "[10,20)",
        "[20,50)",
        "[50,100)",
        "[100,200)",
        "[200,500)",
        "[500,1000)",
        "[1000,2000)",
        "[2000,5000)",
        "[5000,10000)",
        "[10000,20000)",
        "[20000,40000)"
      ]
    },
    "tokens_raw": [
      32,
      2,
      459,
      2,
      8,
      244,
      6,
      412,
      300,
      42,
      37,
      323,
      2,
      234,
      2,
      263,
      190,
      19,
      476,
      282,
      169,
      303,
      3943,
      713,
      2,
      437,
      314,
      2,
      10,
      3,
      3,
      298,
      233,
      644,
      4250,
      383,
      312,
      2,
      1764,
      3,
      12,
      431,
      55,
      275,
      324,
      98,
      56,
      453,
      10,
      2,
      2,
      50,
      45,
      38,
      234,
      181,
      118,
      70,
      185,
      331,
      5148,
      337,
      611,
      651,
      208,
      92,
      4023,
      9,
      175,
      517,
      322,
      210,
      4344,
      302,
      42,
      316,
      148,
      176,
      228,
      3,
      500,
      3,
      361,
      299,
      7,
      396,
      2,
      509,
      34,
      376,
      7,
      49,
      592,
      460,
      19,
      2,
      95,
      6,
      167,
      586,
      2,
      177,
      202,
      216,
      3928,
      2,
      188,
      2,
      4140,
      201,
      429,
      9,
      323,
      9,
      18,
      323,
      262,
      175,
      373,
      163,
      297,
      244,
      359,
      441,
      235,
      229,
      4974,
      274,
      2,
      454,
      213,
      3,
      187,
      322,
      217,
      2,
      424,
      359,
      3,
      67,
      355,
      75,
      438,
      681,
      29,
      549,
      85,
      4123,
      194,
      2,
      293,
      445,
      331,
      287,
      301,
      415,
      21,
      405,
      3,
      331,
      2,
      10,
      572,
      280,
      313,
      14,
      2,
      229,
      7,
      2,
      378,
      273,
      383,
      882,
      313,
      1945,
      169,
      2,
      8,
      1073,
      2,
      290,
      2,
      95,
      183,
      130,
      6,
      2,
      172,
      199,
      344,
      198,
      471,
      174,
      4297,
      4944,
      2,
      452,
      283,
      252,
      440,
      667,
      10,
      4163,
      174,
      623,
      4261,
      191,
      232,
      2,
      16,
      243,
      1093,
      282,
      2,
      480,
      2,
      2,
      229,
      10,
      2,
      378,
      2062,
      244,
      4264,
      311,
      112,
      49,
      494,
      7,
      325,
      538,
      252,
      411,
      381,
      542,
      113,
      627,
      688,
      248,
      150,
      280,
      621,
      293,
      2,
      353,
      2,
      466,
      363,
      301,
      378,
      2,
      279,
      14,
      203,
      6,
      376,
      369,
      442,
      154,
      597,
      258,
      2,
      354,
      353,
      427,
      4925,
      37,
      213,
      261,
      3,
      539,
      415,
      2,
      227,
      217,
      315,
      9,
      255,
      36,
      344,
      9,
      2,
      8,
      484,
      8,
      174,
      3376,
      453,
      2318,
      290,
      220,
      422,
      398,
      4645,
      226,
      448,
      429,
      707,
      186,
      2,
      10,
      6,
      251,
      336,
      284,
      15,
      352,
      537,
      39,
      89,
      2,
      65,
      377,
      89,
      315,
      437,
      160,
      4156,
      213,
      945,
      2,
      301,
      370,
      234,
      4070,
      575,
      218,
      296,
      9,
      3,
      3299,
      4229,
      505,
      454,
      425,
      236,
      52,
      2,
      360,
      2,
      461,
      417,
      2,
      233,
      181,
      529,
      331,
      280,
      7,
      255,
      38,
      250,
      8,
      315,
      4988,
      710,
      593,
      55,
      385,
      311,
      1994,
      187,
      3,
      355,
      522,
      303,
      196,
      224,
      257,
      163,
      274,
      665,
      319,
      2,
      596,
      297,
      77,
      3,
      2,
      665,
      199,
      481,
      664,
      157,
      3,
      256,
      2,
      47,
      326,
      2,
      888,
      2,
      10,
      330,
      248,
      4873,
      309,
      2,
      3,
      4100,
      308,
      319,
      2,
      2,
      2,
      2,
      407,
      21,
      184,
      394,
      86,
      213,
      22,
      538,
      700,
      217,
      3,
      3595,
      289,
      303,
      32,
      344,
      2,
      7,
      342,
      368,
      2,
      358,
      223,
      66,
      269,
      305,
      139,
      21,
      249,
      669,
      13,
      165,
      269,
      37,
      2,
      272,
      33,
      43,
      23,
      4900,
      294,
      316,
      3,
      465,
      2,
      2,
      7,
      554,
      194,
      41,
      22,
      3,
      2,
      2,
      457,
      8,
      164,
      644,
      164,
      392,
      157,
      210,
      194,
      425,
      199,
      2,
      22,
      284,
      791,
      8,
      404,
      236,
      155,
      468,
      191,
      433,
      268,
      531,
      153,
      152,
      589,
      2,
      554,
      267,
      2,
      340,
      4815,
      516,
      228,
      405,
      172,
      4761,
      267
    ],
    "chars": {
      "n": 500,
      "min": 2,
      "max": 17632,
      "mean": 1136.838,
      "std": 2131.2505680365225,
      "var": 4542228.983756,
      "p10": 6,
      "p25": 68,
      "p50": 688,
      "p75": 1098,
      "p90": 1651,
      "p95": 6749,
      "p99": 11361
    },
    "chars_histogram": {
      "edges": [
        0,
        50,
        100,
        250,
        500,
        1000,
        2500,
        5000,
        10000,
        25000,
        50000,
        100000,
        200000
      ],
      "counts": [
        116,
        18,
        25,
        36,
        159,
        110,
        7,
        23,
        6,
        0,
        0,
        0
      ],
      "labels": [
        "[0,50)",
        "[50,100)",
        "[100,250)",
        "[250,500)",
        "[500,1000)",
        "[1000,2500)",
        "[2500,5000)",
        "[5000,10000)",
        "[10000,25000)",
        "[25000,50000)",
        "[50000,100000)",
        "[100000,200000)"
      ]
    }
  },
  "correct_rollouts": {
    "tokens": {
      "n": 175,
      "min": 7,
      "max": 4156,
      "mean": 307.48571428571427,
      "std": 349.29519005551504,
      "var": 122007.12979591837,
      "p10": 38,
      "p25": 165,
      "p50": 272,
      "p75": 383,
      "p90": 509,
      "p95": 644,
      "p99": 1093
    },