{
  "primary_metric": "pass_at_1",
  "n_items": 612,
  "n_items_correct": 17,
  "n_items_incorrect": 595,
  "n_items_unknown": 0,
  "n_generations": 612,
  "samples_per_item": [
    1
  ],
  "all_rollouts": {
    "tokens": {
      "n": 612,
      "min": 2,
      "max": 4907,
      "mean": 104.25490196078431,
      "std": 564.4457635524521,
      "var": 318599.01999231067,
      "p10": 2,
      "p25": 10,
      "p50": 10,
      "p75": 32,
      "p90": 94,
      "p95": 127,
      "p99": 4404
    },
    "tokens_histogram": {
      "edges": [
        0,
        10,
        20,
        50,
        100,
        200,
        500,
        1000,
        2000,
        5000,
        10000,
        20000,
        40000
      ],
      "counts": [
        107,
        292,
        86,
        74,
        37,
        2,
        4,
        0,
        10,
        0,
        0,
        0
      ],
      "labels": [
        "[0,10)",
        "[10,20)",
        "[20,50)",
        "[50,100)",
        "[100,200)",
        "[200,500)",
        "[500,1000)",
        "[1000,2000)",
        "[2000,5000)",
        "[5000,10000)",
        "[10000,20000)",
        "[20000,40000)"
      ]
    },
    "tokens_raw": [
      10,
      2,
      10,
      2,
      2,
      10,
      10,
      10,
      788,
      66,
      25,
      112,
      25,
      28,
      109,
      39,
      75,
      3,
      119,
      84,
      123,
      31,
      98,
      53,
      2,
      4708,
      143,
      28,
      37,
      82,
      3,
      31,
      84,
      27,
      120,
      115,
      96,
      29,
      40,
      70,
      32,
      39,
      71,
      2,
      2,
      23,
      25,
      45,
      3,
      103,
      91,
      90,
      30,
      4852,
      3,
      2,
      143,
      2,
      25,
      57,
      4689,
      3,
      3541,
      3,
      3,
      2,
      4404,
      57,
      134,
      236,
      3,
      2,
      2,
      125,
      35,
      131,
      78,
      25,
      23,
      30,
      34,
      29,
      3,
      52,
      49,
      2,
      127,
      39,
      84,
      3,
      3,
      118,
      31,
      2,
      29,
      28,
      34,
      59,
      69,
      3,
      75,
      23,
      67,
      26,
      54,
      34,
      66,
      78,
      82,
      90,
      152,
      3,
      3,
      100,
      29,
      98,
      88,
      2,
      2,
      3,
      85,
      62,
      135,
      77,
      124,
      26,
      32,
      100,
      99,
      2,
      75,
      2,
      83,
      128,
      33,
      96,
      36,
      105,
      119,
      2,
      25,
      28,
      2,
      100,
      76,
      28,
      29,
      131,
      63,
      2,
      186,
      25,
      70,
      95,
      3,
      3,
      229,
      2,
      2,
      29,
      106,
      94,
      26,
      3,
      71,
      93,
      28,
      3,
      31,
      86,
      42,
      113,
      22,
      176,
      36,
      2,
      32,
      66,
      26,
      3,
      86,
      3,
      64,
      69,
      28,
      2,
      2,
      2,
      3,
      92,
      10,
      10,
      10,
      10,
      10,
      10,
      10,
      10,
      10,
      10,
      10,
      10,
      10,
      10,
      10,
      10,
      10,
      10,
      10,
      10,
      10,
      10,
      10,
      10,
      10,
      10,
      2,
      10,
      10,
      10,
      10,
      10,
      10,
      10,
      10,
      10,
      10,
      10,
      10,
      10,
      689,
      10,
      10,
      10,
      10,
      10,
      10,
      10,
      10,
      10,
      10,
      10,
      10,
      10,
      10,
      10,
      10,
      10,
      2,
      10,
      10,
      10,
      10,
      10,
      10,
      10,
      10,
      10,
      2,
      10,
      2,
      2,
      10,
      10,
      10,
      10,
      10,
      2,
      10,
      10,
      10,
      10,
      10,
      10,
      10,
      10,
      10,
      2,
      10,
      10,
      13,
      10,
      10,
      10,
      10,
      10,
      10,
      10,
      673,
      10,
      10,
      10,
      10,
      10,
      10,
      10,
      10,
      10,
      10,
      10,
      10,
      2,
      10,
      10,
      10,
      10,
      10,
      10,
      10,
      2,
      10,
      10,
      10,
      10,
      10,
      10,
      10,
      10,
      2,
      10,
      10,
      10,
      10,
      2,
      10,
      10,
      10,
      10,
      10,
      10,
      10,
      10,
      2,
      10,
      10,
      10,
      10,
      10,
      10,
      10,
      10,
      10,
      10,
      10,
      10,
      10,
      10,
      10,
      10,
      10,
      10,
      10,
      10,
      10,
      10,
      10,
      10,
      10,
      10,
      10,
      10,
      10,
      13,
      2,
      10,
      10,
      10,
      10,
      10,
      10,
      3,
      10,
      10,
      10,
      10,
      10,
      10,
      10,
      10,
      10,
      10,
      10,
      2,
      10,
      10,
      10,
      10,
      10,
      10,
      10,
      10,
      10,
      10,
      10,
      2,
      10,
      10,
      4478,
      10,
      10,
      10,
      10,
      10,
      10,
      10,
      10,
      10,
      10,
      13,
      10,
      10,
      2,
      10,
      2,
      10,
      10,
      10,
      10,
      10,
      10,
      10,
      2,
      10,
      10,
      2,
      10,
      10,
      10,
      10,
      10,
      10,
      10,
      658,
      10,
      10,
      10,
      10,
      10,
      10,
      2,
      10,
      10,
      2,
      10,
      10,
      10,
      10,
      10,
      10,
      2,
      10,
      10,
      2,
      10,
      10,
      10,
      10,
      101,
      2,
      3,
      29,
      66,
      4907,
      3,
      34,
      3,
      40,
      2,
      33,
      66,
      78,
      3,
      194,
      28,
      2,
      25,
      24,
      4337,
      32,
      75,
      33,
      24,
      30,
      29,
      71,
      29,
      3,
      79,
      62,
      2,
      69,
      29,
      2,
      2,
      26,
      37,
      26,
      118,
      34,
      4549,
      2,
      3886,
      150,
      56,
      86,
      3,
      2,
      2,
      3,
      67,
      36,
      10,
      10,
      10,
      10,
      10,
      10,
      10,
      2,
      10,
      10,
      10,
      10,
      2,
      10,
      10,
      10,
      10,
      10,
      10,
      10,
      2,
      10,
      10,
      10,
      10,
      10,
      10,
      10,
      10,
      10,
      10,
      10,
      10,
      10,
      10,
      10,
      10,
      10,
      2,
      10,
      10,
      10,
      10,
      10,
      10,
      10,
      10,
      10,
      10,
      2,
      10,
      10,
      10,
      82,
      73,
      97,
      84,
      124,
      25,
      3,
      99,
      3,
      23,
      155,
      2,
      3,
      23,
      37,
      65,
      3,
      27,
      32,
      3,
      2,
      3,
      23,
      89,
      3,
      90,
      87,
      91,
      2,
      2,
      2,
      105,
      24,
      58,
      159,
      29,
      72,
      3,
      30,
      86,
      77,
      30,
      62,
      107,
      29,
      30,
      3,
      26
    ],
    "chars": {
      "n": 612,
      "min": 1,
      "max": 5946,
      "mean": 187.85294117647058,
      "std": 613.0882859324248,
      "var": 375877.2463475586,
      "p10": 2,
      "p25": 30,
      "p50": 30,
      "p75": 114,
      "p90": 358,
      "p95": 492,
      "p99": 4477
    },
    "chars_histogram": {
      "edges": [
        0,
        50,
        100,
        250,
        500,
        1000,
        2500,
        5000,
        10000,
        25000,
        50000,
        100000,
        200000
      ],
      "counts": [
        399,
        25,
        78,
        80,
        15,
        5,
        9,
        1,
        0,
        0,
        0,
        0
      ],