{
  "primary_metric": "prompt_level_loose_acc",
  "n_items": 300,
  "n_items_correct": 77,
  "n_items_incorrect": 223,
  "n_items_unknown": 0,
  "n_generations": 300,
  "samples_per_item": [
    1
  ],
  "all_rollouts": {
    "tokens": {
      "n": 300,
      "min": 2,
      "max": 5032,
      "mean": 554.1033333333334,
      "std": 1464.128857940979,
      "var": 2143673.3126555556,
      "p10": 2,
      "p25": 2,
      "p50": 13,
      "p75": 76,
      "p90": 4190,
      "p95": 4860,
      "p99": 4945
    },
    "tokens_histogram": {
      "edges": [
        0,
        10,
        20,
        50,
        100,
        200,
        500,
        1000,
        2000,
        5000,
        10000,
        20000,
        40000
      ],
      "counts": [
        149,
        9,
        43,
        39,
        24,
        1,
        1,
        0,
        32,
        2,
        0,
        0
      ],
      "labels": [
        "[0,10)",
        "[10,20)",
        "[20,50)",
        "[50,100)",
        "[100,200)",
        "[200,500)",
        "[500,1000)",
        "[1000,2000)",
        "[2000,5000)",
        "[5000,10000)",
        "[10000,20000)",
        "[20000,40000)"
      ]
    },
    "tokens_raw": [
      132,
      2,
      2,
      4543,
      2,
      2,
      4703,
      75,
      139,
      3,
      2,
      2,
      2,
      2,
      2,
      2,
      2,
      4776,
      2,
      27,
      2,
      41,
      2,
      12,
      2,
      2,
      3,
      2,
      2,
      196,
      4544,
      4533,
      2,
      7,
      4927,
      132,
      139,
      93,
      79,
      53,
      579,
      120,
      32,
      2,
      67,
      36,
      2,
      2,
      2,
      2,
      2,
      2,
      13,
      2,
      20,
      2,
      2,
      24,
      4273,
      121,
      61,
      32,
      133,
      3,
      46,
      2,
      9,
      6,
      3,
      81,
      2948,
      3,
      52,
      4925,
      22,
      5032,
      2,
      2,
      4860,
      4513,
      2,
      2,
      2,
      34,
      2,
      2,
      4927,
      3,
      2,
      2,
      46,
      2,
      57,
      2,
      2,
      53,
      61,
      113,
      35,
      139,
      39,
      2,
      147,
      2,
      91,
      2,
      4,
      58,
      40,
      4,
      60,
      137,
      54,
      2,
      2,
      2,
      48,
      13,
      2,
      37,
      2,
      2,
      2,
      2,
      2,
      2,
      42,
      49,
      5,
      2,
      2,
      4870,
      4935,
      80,
      4906,
      60,
      76,
      186,
      61,
      4208,
      45,
      57,
      2,
      2,
      38,
      3,
      2,
      100,
      131,
      50,
      152,
      65,
      2,
      4941,
      2,
      35,
      18,
      159,
      5017,
      88,
      2,
      20,
      90,
      39,
      80,
      142,
      2,
      2,
      2,
      2,
      2,
      45,
      2,
      2,
      2,
      98,
      151,
      2,
      2,
      50,
      80,
      132,
      4900,
      4846,
      92,
      4615,
      2,
      4932,
      70,
      6,
      4168,
      2,
      2,
      2,
      24,
      2,
      4873,
      2,
      2,
      8,
      2,
      4702,
      2,
      4882,
      2,
      2,
      88,
      2,
      2,
      2,
      3,
      2,
      2,
      2,
      4715,
      4945,
      4508,
      2,
      2,
      2,
      5,
      2,
      3,
      137,
      61,
      34,
      33,
      2,
      70,
      3907,
      2,
      2,
      2,
      28,
      2,
      2,
      2,
      2,
      2,
      2,
      2,
      2,
      2,
      2,
      24,
      2,
      30,
      2,
      2,
      3,
      16,
      76,
      2,
      2,
      2,
      2,
      16,
      2,
      19,
      2,
      2,
      2,
      142,
      31,
      29,
      4190,
      25,
      92,
      3,
      2,
      4675,
      3,
      43,
      2,
      134,
      2,
      2,
      2,
      44,
      48,
      31,
      17,
      2,
      32,
      51,
      60,
      2,
      2,
      56,
      42,
      83,
      28,
      4120,
      42,
      222,
      133,
      42,
      19,
      2,
      24
    ],
    "chars": {
      "n": 300,
      "min": 1,
      "max": 35012,
      "mean": 2405.9133333333334,
      "std": 6559.542649135093,
      "var": 43027599.765822224,
      "p10": 5,
      "p25": 9,
      "p50": 47,
      "p75": 329,
      "p90": 15568,
      "p95": 19726,
      "p99": 27686
    },
    "chars_histogram": {
      "edges": [
        0,
        50,
        100,
        250,
        500,
        1000,
        2500,
        5000,
        10000,
        25000,
        50000,
        100000,
        200000
      ],
      "counts": [
        151,
        11,
        45,
        36,
        22,
        1,
        0,
        2,
        28,
        4,
        0,
        0
      ],
      "labels": [
        "[0,50)",
        "[50,100)",
        "[100,250)",
        "[250,500)",
        "[500,1000)",
        "[1000,2500)",
        "[2500,5000)",
        "[5000,10000)",
        "[10000,25000)",
        "[25000,50000)",
        "[50000,100000)",
        "[100000,200000)"
      ]
    }
  },
  "correct_rollouts": {
    "tokens": {
      "n": 77,
      "min": 2,
      "max": 4941,
      "mean": 698.012987012987,
      "std": 1669.715299579398,
      "var": 2787949.181649519,
      "p10": 2,
      "p25": 2,
      "p50": 2,
      "p75": 42,
      "p90": 4846,
      "p95": 4927,
      "p99": 4941
    },
    "tokens_histogram": {
      "edges": [
        0,
        10,
        20,
        50,
        100,
        200,
        500,
        1000,
        2000,
        5000,
        10000,
        20000,
        40000
      ],
      "counts": [
        52,
        2,
        7,
        1,
        3,
        1,
        0,
        0,
        11,
        0,
        0,
        0
      ],
      "labels": [
        "[0,10)",
        "[10,20)",
        "[20,50)",
        "[50,100)",
        "[100,200)",
        "[200,500)",
        "[500,1000)",
        "[1000,2000)",
        "[2000,5000)",
        "[5000,10000)",
        "[10000,20000)",
        "[20000,40000)"
      ]
    },
    "tokens_raw": [
      196,
      4533,
      2,
      2,
      2,
      2,
      2,
      22,
      2,
      2,
      4927,
      2,
      2,
      2,
      2,
      2,
      2,
      48,
      13,
      42,
      49,
      5,
      2,
      2,
      4870,
      4935,
      4906,
      4941,
      2,
      2,
      45,
      2,
      2,
      2,
      2,
      2,
      50,
      4900,
      4846,
      4615,
      2,
      4932,
      2,
      2,
      2,
      2,
      2,
      2,
      2,
      2,
      5,
      2,
      3,
      137,
      2,
      2,
      2,
      2,
      2,
      2,
      2,
      24,
      2,
      2,
      3,
      2,
      2,
      2,
      2,
      16,
      4190,
      3,
      2,
      42,
      222,
      133,
      2
    ],
    "chars": {
      "n": 77,
      "min": 1,
      "max": 26554,
      "mean": 2878.6363636363635,
      "std": 7080.754780203802,
      "var": 50137088.25737899,
      "p10": 5,
      "p25": 9,
      "p50": 9,
      "p75": 182,
      "p90": 19476,
      "p95": 22123,
      "p99": 26554
    },
    "chars_histogram": {
      "edges": [
        0,
        50,
        100,
        250,
        500,
        1000,
        2500,
        5000,
        10000,
        25000,
        50000,
        100000,
        200000
      ],
      "counts": [
        52,
        3,
        5,
        3,
        3,
        0,
        0,
        1,
        9,
        1,
        0,
        0
      ],
      "labels": [
        "[0,50)",
        "[50,100)",
        "[100,250)",
        "[250,500)",
        "[500,1000)",
        "[1000,2500)",
        "[2500,5000)",
        "[5000,10000)",
        "[10000,25000)",
        "[25000,50000)",
        "[50000,100000)",
        "[100000,200000)"
      ]
    }
  },
  "incorrect_rollouts": {
    "tokens": {
      "n": 223,