{
  "primary_metric": "length_controlled_winrate",
  "n_items": 805,
  "n_items_correct": 0,
  "n_items_incorrect": 0,
  "n_items_unknown": 805,
  "n_generations": 805,
  "samples_per_item": [
    1
  ],
  "all_rollouts": {
    "tokens": {
      "n": 805,
      "min": 2,
      "max": 5322,
      "mean": 182.68944099378882,
      "std": 591.0197591680135,
      "var": 349304.3557270167,
      "p10": 4,
      "p25": 14,
      "p50": 45,
      "p75": 153,
      "p90": 306,
      "p95": 433,
      "p99": 4153
    },
    "tokens_histogram": {
      "edges": [
        0,
        10,
        20,
        50,
        100,
        200,
        500,
        1000,
        2000,
        5000,
        10000,
        20000,
        40000
      ],
      "counts": [
        148,
        99,
        169,
        93,
        150,
        112,
        18,
        1,
        12,
        3,
        0,
        0
      ],
      "labels": [
        "[0,10)",
        "[10,20)",
        "[20,50)",
        "[50,100)",
        "[100,200)",
        "[200,500)",
        "[500,1000)",
        "[1000,2000)",
        "[2000,5000)",
        "[5000,10000)",
        "[10000,20000)",
        "[20000,40000)"
      ]
    },
    "tokens_raw": [
      118,
      84,
      260,
      51,
      10,
      9,
      39,
      13,
      46,
      472,
      92,
      156,
      361,
      14,
      126,
      10,
      157,
      565,
      19,
      643,
      58,
      129,
      11,
      188,
      5,
      36,
      28,
      28,
      36,
      122,
      229,
      384,
      11,
      110,
      8,
      315,
      236,
      35,
      231,
      25,
      13,
      157,
      30,
      26,
      38,
      3,
      240,
      264,
      17,
      5070,
      5,
      17,
      469,
      4193,
      184,
      91,
      511,
      209,
      216,
      30,
      5094,
      221,
      32,
      102,
      391,
      17,
      4916,
      382,
      259,
      81,
      33,
      9,
      128,
      23,
      112,
      124,
      251,
      514,
      40,
      56,
      132,
      110,
      28,
      5,
      12,
      381,
      4974,
      383,
      25,
      355,
      86,
      5,
      4097,
      2,
      391,
      659,
      23,
      2,
      119,
      58,
      424,
      5,
      7,
      235,
      604,
      9,
      90,
      171,
      41,
      66,
      173,
      327,
      50,
      2,
      19,
      379,
      433,
      43,
      43,
      4153,
      5,
      22,
      40,
      21,
      300,
      14,
      114,
      20,
      2,
      307,
      131,
      94,
      152,
      6,
      155,
      11,
      190,
      75,
      414,
      421,
      37,
      4,
      29,
      20,
      6,
      134,
      196,
      4,
      4141,
      8,
      8,
      11,
      11,
      201,
      46,
      19,
      317,
      28,
      18,
      3,
      174,
      9,
      232,
      36,
      4,
      98,
      18,
      5,
      2,
      6,
      184,
      4350,
      25,
      23,
      3,
      19,
      277,
      372,
      11,
      82,
      315,
      24,
      2310,
      149,
      30,
      5,
      129,
      151,
      394,
      18,
      3,
      137,
      52,
      354,
      4137,
      4,
      30,
      15,
      3,
      2,
      39,
      2,
      104,
      360,
      13,
      301,
      243,
      22,
      922,
      113,
      2,
      3,
      38,
      220,
      2,
      227,
      30,
      110,
      30,
      34,
      17,
      348,
      49,
      207,
      9,
      4,
      27,
      134,
      840,
      114,
      41,
      7,
      2,
      102,
      29,
      477,
      137,
      195,
      130,
      208,
      240,
      158,
      37,
      6,
      25,
      2,
      45,
      133,
      78,
      17,
      150,
      68,
      95,
      46,
      105,
      210,
      268,
      38,
      133,
      19,
      50,
      42,
      2,
      5,
      2,
      750,
      11,
      53,
      4,
      32,
      188,
      235,
      85,
      29,
      49,
      122,
      252,
      29,
      32,
      6,
      27,
      102,
      74,
      98,
      2895,
      75,
      22,
      43,
      78,
      619,
      150,
      219,
      15,
      41,
      5322,
      9,
      13,
      114,
      249,
      69,
      188,
      120,
      70,
      14,
      277,
      2,
      41,
      64,
      184,
      24,
      355,
      3,
      207,
      114,
      12,
      23,
      53,
      46,
      3,
      153,
      208,
      274,
      253,
      63,
      125,
      168,
      6,
      73,
      413,
      120,
      33,
      724,
      3,
      2,
      200,
      27,
      10,
      38,
      14,
      17,
      10,
      211,
      26,
      86,
      27,
      10,
      137,
      98,
      14,
      15,
      4,
      181,
      3,
      122,
      109,
      161,
      139,
      89,
      150,
      4,
      643,
      749,
      2,
      310,
      45,
      14,
      32,
      85,
      21,
      493,
      3,
      7,
      39,
      38,
      620,
      3,
      3,
      19,
      42,
      351,
      156,
      168,
      13,
      92,
      79,
      11,
      29,
      118,
      38,
      9,
      40,
      46,
      52,
      239,
      171,
      43,
      42,
      10,
      33,
      175,
      126,
      81,
      7,
      48,
      2,
      122,
      81,
      54,
      21,
      28,
      301,
      44,
      83,
      368,
      306,
      143,
      95,
      109,
      51,
      28,
      12,
      38,
      118,
      40,
      7,
      33,
      167,
      127,
      4141,
      39,
      13,
      117,
      59,
      4,
      144,
      243,
      21,
      24,
      9,
      4,
      11,
      124,
      140,
      40,
      3,
      4,
      22,
      18,
      2,
      25,
      375,
      207,
      143,
      44,
      188,
      30,
      136,
      26,
      11,
      139,
      56,
      3,
      18,
      4252,
      230,
      42,
      132,
      22,
      42,
      3,
      231,
      2,
      42,
      17,
      25,
      31,
      57,
      2,
      100,
      80,
      54,
      19,
      37,
      27,
      25,
      16,
      57,
      14,
      57,
      8,
      98,
      24,
      83,
      6,
      6,
      18,
      420,
      11,
      139,
      107,
      60,
      81,
      125,
      12,
      2,
      7,
      33,
      5,
      3,
      3,
      36,
      89,
      125,
      18,
      91,
      294,
      167,
      26,
      178,
      97,
      30,
      212,
      200,
      3,
      74,
      101,
      46,
      28,
      14,
      221,
      194,
      14,
      51,
      18,
      178,
      160,
      44,
      2,
      108,
      21,
      13,
      2,
      5,
      4,
      210,
      12,
      92,
      150,
      125,
      4,
      397,
      220,
      14,
      104,
      30,
      22,
      144,
      27,
      172,
      392,
      43,
      163,
      117,
      25,
      29,
      26,
      65,
      5,
      159,
      195,
      30,
      22,
      70,
      154,
      90,
      53,
      174,
      27,
      44,
      3,
      577,
      155,
      17,
      184,
      39,
      10,
      246,
      5,
      30,
      269,
      14,
      54,
      84,
      109,
      23,
      147,
      115,
      4,
      9,
      11,
      15,
      61,
      15,
      65,
      389,
      8,
      166,
      153,
      13,
      5,
      33,
      5,
      3,
      5,
      11,
      6,
      3,
      13,
      35,
      48,
      41,
      25,
      6,
      3,
      2,
      7,
      2,
      14,
      19,
      26,
      25,
      3,
      14,
      95,
      42,
      10,
      3,
      2,
      4,
      4,
      12,
      59,
      89,
      7,
      37,
      31,
      6,
      2,
      25,
      19,
      221,
      10,
      144,
      4,
      68,
      80,
      3,
      2,
      4,
      104,
      22,
      2,
      2,
      8,
