{
  "primary_metric": "pass_at_1",
  "n_items": 612,
  "n_items_correct": 23,
  "n_items_incorrect": 589,
  "n_items_unknown": 0,
  "n_generations": 612,
  "samples_per_item": [
    1
  ],
  "all_rollouts": {
    "tokens": {
      "n": 612,
      "min": 2,
      "max": 4982,
      "mean": 116.0375816993464,
      "std": 547.5964417038343,
      "var": 299861.86296670086,
      "p10": 2,
      "p25": 2,
      "p50": 30,
      "p75": 79,
      "p90": 113,
      "p95": 139,
      "p99": 3842
    },
    "tokens_histogram": {
      "edges": [
        0,
        10,
        20,
        50,
        100,
        200,
        500,
        1000,
        2000,
        5000,
        10000,
        20000,
        40000
      ],
      "counts": [
        262,
        29,
        68,
        167,
        71,
        4,
        0,
        0,
        11,
        0,
        0,
        0
      ],
      "labels": [
        "[0,10)",
        "[10,20)",
        "[20,50)",
        "[50,100)",
        "[100,200)",
        "[200,500)",
        "[500,1000)",
        "[1000,2000)",
        "[2000,5000)",
        "[5000,10000)",
        "[10000,20000)",
        "[20000,40000)"
      ]
    },
    "tokens_raw": [
      2,
      2,
      2,
      2,
      2,
      2,
      2,
      10,
      2,
      42,
      39,
      70,
      59,
      2,
      47,
      98,
      68,
      148,
      85,
      73,
      114,
      85,
      34,
      53,
      102,
      95,
      82,
      54,
      37,
      3,
      111,
      31,
      66,
      27,
      90,
      79,
      76,
      127,
      79,
      56,
      68,
      94,
      46,
      46,
      67,
      132,
      111,
      42,
      49,
      90,
      81,
      92,
      127,
      73,
      76,
      120,
      93,
      80,
      97,
      35,
      109,
      56,
      134,
      2,
      113,
      139,
      108,
      57,
      4022,
      78,
      72,
      39,
      107,
      82,
      86,
      52,
      74,
      88,
      93,
      30,
      63,
      95,
      83,
      39,
      3,
      72,
      105,
      39,
      65,
      126,
      107,
      89,
      34,
      89,
      234,
      75,
      66,
      45,
      46,
      68,
      188,
      101,
      63,
      69,
      34,
      114,
      61,
      79,
      87,
      100,
      134,
      152,
      103,
      69,
      23,
      82,
      54,
      76,
      44,
      118,
      93,
      62,
      115,
      69,
      93,
      53,
      82,
      84,
      78,
      3,
      67,
      144,
      81,
      51,
      76,
      66,
      68,
      60,
      119,
      22,
      74,
      4837,
      30,
      111,
      76,
      142,
      45,
      111,
      63,
      123,
      51,
      50,
      68,
      88,
      72,
      72,
      234,
      92,
      35,
      75,
      72,
      93,
      28,
      37,
      70,
      47,
      111,
      93,
      41,
      80,
      31,
      79,
      125,
      158,
      36,
      46,
      126,
      66,
      85,
      4982,
      78,
      2,
      64,
      55,
      3,
      80,
      39,
      59,
      59,
      86,
      2,
      2,
      2,
      2,
      352,
      2,
      28,
      2,
      2,
      2,
      2,
      2,
      2,
      2,
      2,
      2,
      2,
      2,
      2,
      2,
      2,
      2,
      2,
      2,
      68,
      2,
      2,
      4670,
      36,
      2,
      2,
      2,
      2,
      2,
      2,
      2,
      2,
      2,
      2,
      2,
      2,
      2,
      2,
      2,
      2,
      2,
      2,
      2,
      2,
      2,
      2,
      2,
      2,
      2,
      2,
      2,
      2,
      10,
      2,
      2,
      10,
      10,
      2,
      2,
      2,
      2,
      2,
      2,
      2,
      2,
      2,
      3,
      2,
      2,
      2,
      2,
      130,
      2,
      2,
      2,
      60,
      2,
      95,
      2,
      2,
      112,
      2,
      3,
      2,
      24,
      3,
      2,
      2,
      2,
      2,
      10,
      10,
      2,
      2,
      2,
      3,
      2,
      10,
      2,
      40,
      2,
      2,
      10,
      2,
      2,
      2,
      2,
      2,
      2,
      2,
      21,
      2,
      2,
      10,
      2,
      2,
      37,
      2,
      2,
      2,
      2,
      2,
      2,
      10,
      3,
      144,
      2,
      2,
      2,
      2,
      2,
      3,
      36,
      2,
      2,
      98,
      2,
      2,
      2,
      3815,
      2,
      2,
      82,
      28,
      2,
      2,
      2,
      2,
      101,
      2,
      2,
      2,
      10,
      2,
      2,
      2,
      29,
      2,
      10,
      2,
      2,
      23,
      10,
      139,
      2,
      2,
      22,
      2,
      10,
      3,
      2,
      2,
      2,
      2,
      2,
      4344,
      2,
      2,
      2,
      2,
      2,
      3588,
      2,
      10,
      2,
      2,
      2,
      2,
      2,
      2,
      2,
      2,
      89,
      142,
      2,
      3880,
      2,
      2,
      71,
      2,
      10,
      2,
      3,
      2,
      2,
      2,
      2,
      2,
      2,
      103,
      2,
      3641,
      2,
      31,
      166,
      2,
      10,
      10,
      2,
      2,
      2,
      10,
      2,
      2,
      2,
      2,
      2,
      2,
      2,
      2,
      2,
      2,
      2,
      2,
      2,
      10,
      2,
      2,
      121,
      2,
      2,
      10,
      2,
      44,
      2,
      2,
      122,
      2,
      2,
      2,
      2,
      2,
      2,
      32,
      2,
      2,
      2,
      2,
      2,
      10,
      65,
      2,
      101,
      56,
      95,
      108,
      2,
      58,
      106,
      84,
      123,
      32,
      107,
      2,
      48,
      78,
      64,
      121,
      84,
      51,
      136,
      62,
      86,
      210,
      44,
      93,
      131,
      57,
      92,
      69,
      82,
      47,
      72,
      55,
      31,
      52,
      73,
      3842,
      90,
      33,
      66,
      83,
      118,
      60,
      2,
      62,
      91,
      124,
      35,
      76,
      97,
      98,
      68,
      80,
      78,
      84,
      56,
      53,
      2,
      2,
      91,
      2,
      10,
      2,
      2,
      10,
      2,
      2,
      2,
      151,
      2,
      2,
      2,
      2,
      2,
      2,
      2,
      2,
      21,
      2,
      2,
      3,
      2,
      2,
      2,
      10,
      2,
      2,
      2,
      2,
      57,
      141,
      2,
      2,
      10,
      3702,
      2,
      2,
      2,
      10,
      10,
      2,
      10,
      2,
      2,
      71,
      3,
      2,
      2,
      82,
      60,
      52,
      45,
      79,
      110,
      78,
      103,
      109,
      72,
      147,
      22,
      90,
      27,
      38,
      50,
      95,
      63,
      116,
      92,
      35,
      47,
      165,
      86,
      40,
      80,
      69,
      98,
      27,
      125,
      139,
      97,
      75,
      46,
      129,
      93,
      34,
      84,
      30,
      77,
      83,
      64,
      46,
      53,
      141,
      75,
      137,
      183
    ],
    "chars": {
      "n": 612,
      "min": 1,
      "max": 131419,
      "mean": 473.3186274509804,
      "std": 5412.572186248638,
      "var": 29295937.671352364,
      "p10": 3,
      "p25": 3,
      "p50": 102,
      "p75": 293,
      "p90": 429,
      "p95": 535,
      "p99": 3879
    },
    "chars_histogram": {
      "edges": [
        0,
        50,
        100,
        250,
        500,
        1000,
        2500,
        5000,
        10000,
        25000,
        50000,
        100000,
        200000
      ],
      "counts": [
        291,
        14,
        105,
        166,
        23,
        2,
        8,
        0,
        2,
        0,
        0,
        1
      ],