{
  "primary_metric": "prompt_level_loose_acc",
  "n_items": 300,
  "n_items_correct": 113,
  "n_items_incorrect": 187,
  "n_items_unknown": 0,
  "n_generations": 300,
  "samples_per_item": [
    1
  ],
  "all_rollouts": {
    "tokens": {
      "n": 300,
      "min": 2,
      "max": 4445,
      "mean": 54.06333333333333,
      "std": 387.8152902120057,
      "var": 150400.6993222222,
      "p10": 2,
      "p25": 2,
      "p50": 2,
      "p75": 2,
      "p90": 22,
      "p95": 78,
      "p99": 2841
    },
    "tokens_histogram": {
      "edges": [
        0,
        10,
        20,
        50,
        100,
        200,
        500,
        1000,
        2000,
        5000,
        10000,
        20000,
        40000
      ],
      "counts": [
        264,
        6,
        7,
        10,
        8,
        1,
        0,
        0,
        4,
        0,
        0,
        0
      ],
      "labels": [
        "[0,10)",
        "[10,20)",
        "[20,50)",
        "[50,100)",
        "[100,200)",
        "[200,500)",
        "[500,1000)",
        "[1000,2000)",
        "[2000,5000)",
        "[5000,10000)",
        "[10000,20000)",
        "[20000,40000)"
      ]
    },
    "tokens_raw": [
      2,
      2,
      2,
      2,
      10,
      2,
      2,
      2,
      2,
      2,
      2,
      2,
      2,
      2,
      4,
      3,
      4,
      5,
      2,
      2,
      2,
      14,
      2,
      2,
      2,
      2,
      2,
      2,
      2,
      2,
      2,
      2,
      2,
      2,
      2,
      74,
      2,
      2,
      2,
      2,
      2,
      2,
      2,
      2,
      2,
      24,
      2,
      2,
      2,
      2,
      2,
      2,
      2,
      2,
      2,
      2,
      2,
      2,
      2,
      2,
      2,
      2,
      2,
      2,
      2,
      2,
      2,
      2,
      2,
      2,
      2,
      2,
      2,
      2,
      22,
      225,
      2,
      2,
      2,
      2,
      2,
      2,
      3,
      2,
      2,
      3,
      19,
      2,
      2,
      2,
      2,
      2,
      2,
      2,
      2,
      53,
      2,
      149,
      63,
      24,
      2,
      3,
      2,
      2,
      3,
      2,
      2,
      2,
      2,
      2,
      2,
      2,
      2,
      2,
      2,
      2,
      13,
      2,
      2,
      2,
      2,
      2,
      2,
      2,
      2,
      2,
      78,
      149,
      174,
      63,
      51,
      92,
      122,
      47,
      55,
      105,
      26,
      2,
      2,
      18,
      2,
      2,
      3,
      2,
      2,
      2,
      2,
      2,
      2,
      2,
      2,
      2,
      2,
      2,
      2,
      2,
      2,
      2,
      2,
      2,
      2,
      2,
      2,
      2,
      2,
      2,
      2,
      2,
      2,
      2,
      2,
      2,
      2,
      2,
      2,
      2,
      2,
      2,
      2818,
      2,
      2,
      2841,
      3151,
      3,
      2,
      49,
      4,
      3,
      2,
      2,
      2,
      2,
      2,
      2,
      4,
      3,
      4,
      2,
      2,
      3,
      2,
      2,
      2,
      2,
      2,
      2,
      2,
      2,
      2,
      2,
      2,
      2,
      2,
      3,
      2,
      2,
      2,
      2,
      2,
      3,
      2,
      2,
      2,
      2,
      65,
      2,
      2,
      2,
      2,
      2,
      2,
      2,
      2,
      2,
      2,
      2,
      2,
      3,
      2,
      2,
      2,
      2,
      2,
      2,
      2,
      2,
      2,
      2,
      2,
      2,
      2,
      2,
      2,
      2,
      2,
      2,
      2,
      2,
      2,
      2,
      2,
      2,
      2,
      2,
      2,
      2,
      2,
      2,
      2,
      2,
      2,
      2,
      2,
      2,
      132,
      2,
      2,
      2,
      2,
      2,
      44,
      12,
      2,
      2,
      2,
      2,
      2,
      2,
      2,
      2,
      2,
      2,
      196,
      4445,
      190,
      52,
      2,
      2,
      2,
      2
    ],
    "chars": {
      "n": 300,
      "min": 1,
      "max": 25721,
      "mean": 152.5,
      "std": 1513.848214540238,
      "var": 2291736.4166666665,
      "p10": 1,
      "p25": 1,
      "p50": 1,
      "p75": 2,
      "p90": 90,
      "p95": 360,
      "p99": 2840
    },
    "chars_histogram": {
      "edges": [
        0,
        50,
        100,
        250,
        500,
        1000,
        2500,
        5000,
        10000,
        25000,
        50000,
        100000,
        200000
      ],
      "counts": [
        267,
        4,
        9,
        8,
        6,
        2,
        3,
        0,
        0,
        1,
        0,
        0
      ],
      "labels": [
        "[0,50)",
        "[50,100)",
        "[100,250)",
        "[250,500)",
        "[500,1000)",
        "[1000,2500)",
        "[2500,5000)",
        "[5000,10000)",
        "[10000,25000)",
        "[25000,50000)",
        "[50000,100000)",
        "[100000,200000)"
      ]
    }
  },
  "correct_rollouts": {
    "tokens": {
      "n": 113,
      "min": 2,
      "max": 2841,
      "mean": 64.6283185840708,
      "std": 372.9735855006942,
      "var": 139109.29548124364,
      "p10": 2,
      "p25": 2,
      "p50": 2,
      "p75": 2,
      "p90": 55,
      "p95": 149,
      "p99": 2818
    },
    "tokens_histogram": {
      "edges": [
        0,
        10,
        20,
        50,
        100,
        200,
        500,
        1000,
        2000,
        5000,
        10000,
        20000,
        40000
      ],
      "counts": [
        93,
        3,
        3,
        7,
        5,
        0,
        0,
        0,
        2,
        0,
        0,
        0
      ],
      "labels": [
        "[0,10)",
        "[10,20)",
        "[20,50)",
        "[50,100)",
        "[100,200)",
        "[200,500)",
        "[500,1000)",
        "[1000,2000)",
        "[2000,5000)",
        "[5000,10000)",
        "[10000,20000)",
        "[20000,40000)"
      ]
    },
    "tokens_raw": [
      5,
      14,
      2,
      2,
      2,
      2,
      2,
      2,
      22,
      2,
      2,
      2,
      2,
      19,
      2,
      2,
      2,
      2,
      2,
      2,
      3,
      3,
      2,
      2,
      2,
      13,
      2,
      78,
      149,
      174,
      63,
      51,
      92,
      122,
      55,
      2,
      2,
      2,
      2,
      2,
      2,
      2,
      2,
      2,
      2,
      2,
      2,
      2,
      2,
      2,
      2,
      2,
      2,
      2,
      2818,
      2,
      2,
      2841,
      3,
      2,
      49,
      4,
      3,
      2,
      2,
      2,
      2,
      2,
      3,
      2,
      2,
      2,
      2,
      65,
      2,
      2,
      2,
      2,
      2,
      2,
      2,
      2,
      2,
      2,
      2,
      2,
      2,
      2,
      2,
      2,
      2,
      2,
      2,
      2,
      2,
      2,
      2,
      2,
      2,
      2,
      2,
      44,
      2,
      2,
      2,
      2,
      196,
      190,
      52,
      2,
      2,
      2,
      2
    ],
    "chars": {
      "n": 113,
      "min": 1,
      "max": 2840,
      "mean": 108.02654867256638,
      "std": 404.1122130189797,
      "var": 163306.6807110972,
      "p10": 1,
      "p25": 1,
      "p50": 1,
      "p75": 9,
      "p90": 254,
      "p95": 660,
      "p99": 2817
    },
    "chars_histogram": {
      "edges": [
        0,
        50,
        100,
        250,
        500,
        1000,
        2500,
        5000,
        10000,
        25000,
        50000,
        100000,
        200000
      ],
      "counts": [
        94,
        3,
        4,
        5,
        4,
        1,
        2,
        0,
        0,
        0,
        0,
        0
      ],
      "labels": [
        "[0,50)",
        "[50,100)",
        "[100,250)",
        "[250,500)",
        "[500,1000)",
        "[1000,2500)",
        "[2500,5000)",
        "[5000,10000)",
        "[10000,25000)",
        "[25000,50000)",
        "[50000,100000)",
        "[100000,200000)"
      ]
    }
  },