{
  "primary_metric": "prompt_level_loose_acc",
  "n_items": 300,
  "n_items_correct": 135,
  "n_items_incorrect": 165,
  "n_items_unknown": 0,
  "n_generations": 300,
  "samples_per_item": [
    1
  ],
  "all_rollouts": {
    "tokens": {
      "n": 300,
      "min": 2,
      "max": 5732,
      "mean": 334.98333333333335,
      "std": 1169.4364866844583,
      "var": 1367581.6963888889,
      "p10": 2,
      "p25": 2,
      "p50": 5,
      "p75": 42,
      "p90": 258,
      "p95": 4747,
      "p99": 5417
    },
    "tokens_histogram": {
      "edges": [
        0,
        10,
        20,
        50,
        100,
        200,
        500,
        1000,
        2000,
        5000,
        10000,
        20000,
        40000
      ],
      "counts": [
        166,
        30,
        33,
        25,
        10,
        12,
        6,
        0,
        10,
        8,
        0,
        0
      ],
      "labels": [
        "[0,10)",
        "[10,20)",
        "[20,50)",
        "[50,100)",
        "[100,200)",
        "[200,500)",
        "[500,1000)",
        "[1000,2000)",
        "[2000,5000)",
        "[5000,10000)",
        "[10000,20000)",
        "[20000,40000)"
      ]
    },
    "tokens_raw": [
      24,
      23,
      76,
      18,
      7,
      6,
      4,
      7,
      13,
      27,
      28,
      3,
      96,
      3,
      4,
      3,
      3,
      4,
      10,
      42,
      2,
      10,
      10,
      5,
      99,
      20,
      105,
      6,
      106,
      105,
      29,
      4748,
      219,
      10,
      585,
      66,
      524,
      28,
      228,
      83,
      517,
      12,
      9,
      22,
      19,
      31,
      13,
      3,
      2,
      2,
      2,
      2,
      2,
      24,
      2,
      7,
      3,
      82,
      3,
      70,
      2,
      2,
      3,
      3,
      21,
      2,
      2,
      2,
      2,
      2,
      18,
      2,
      26,
      2,
      128,
      136,
      54,
      2,
      2,
      4889,
      11,
      2,
      3,
      23,
      2,
      3,
      17,
      2,
      3,
      2,
      2,
      4,
      29,
      20,
      2,
      65,
      9,
      18,
      35,
      41,
      2,
      3,
      2,
      2,
      3,
      2,
      698,
      5,
      201,
      7,
      37,
      3,
      3,
      63,
      4747,
      13,
      2,
      35,
      30,
      8,
      4,
      5055,
      4,
      388,
      4232,
      2,
      55,
      115,
      57,
      25,
      41,
      57,
      69,
      7,
      7,
      13,
      2,
      2,
      69,
      27,
      45,
      10,
      15,
      16,
      4903,
      346,
      253,
      5024,
      4,
      27,
      11,
      66,
      16,
      5005,
      5,
      35,
      12,
      14,
      237,
      2,
      4,
      2,
      3,
      2,
      4,
      11,
      2,
      2,
      2,
      2,
      2,
      2,
      2,
      2,
      2,
      58,
      166,
      3,
      2,
      66,
      258,
      5417,
      4921,
      2,
      3,
      2,
      2,
      2,
      65,
      65,
      125,
      5419,
      5,
      3,
      57,
      5,
      226,
      3,
      4,
      3,
      2,
      2,
      2,
      2,
      2,
      2,
      3,
      2,
      2,
      2,
      2,
      2,
      2,
      2,
      2,
      2,
      2,
      3,
      4508,
      2,
      2,
      2,
      2,
      2,
      9,
      14,
      2,
      850,
      4893,
      4938,
      258,
      2,
      67,
      2,
      2,
      2,
      2,
      268,
      626,
      2,
      2,
      2,
      2,
      2,
      2,
      2,
      2,
      2,
      10,
      2,
      2,
      2,
      24,
      5031,
      3,
      2,
      2,
      2,
      3,
      2,
      2,
      2,
      56,
      35,
      5,
      5732,
      42,
      4,
      2,
      8,
      101,
      9,
      3962,
      2,
      120,
      43,
      322,
      5296,
      11,
      16,
      26,
      14,
      66,
      2,
      3,
      2,
      2,
      2,
      3,
      2,
      2,
      4,
      12,
      15,
      37,
      50,
      2,
      2,
      3,
      4
    ],
    "chars": {
      "n": 300,
      "min": 1,
      "max": 28503,
      "mean": 1163.1233333333332,
      "std": 4429.599213035218,
      "var": 19621349.188122224,
      "p10": 1,
      "p25": 4,
      "p50": 13,
      "p75": 175,
      "p90": 906,
      "p95": 9495,
      "p99": 26088
    },
    "chars_histogram": {
      "edges": [
        0,
        50,
        100,
        250,
        500,
        1000,
        2500,
        5000,
        10000,
        25000,
        50000,
        100000,
        200000
      ],
      "counts": [
        190,
        18,
        28,
        24,
        13,
        6,
        4,
        3,
        10,
        4,
        0,
        0
      ],
      "labels": [
        "[0,50)",
        "[50,100)",
        "[100,250)",
        "[250,500)",
        "[500,1000)",
        "[1000,2500)",
        "[2500,5000)",
        "[5000,10000)",
        "[10000,25000)",
        "[25000,50000)",
        "[50000,100000)",
        "[100000,200000)"
      ]
    }
  },
  "correct_rollouts": {
    "tokens": {
      "n": 135,
      "min": 2,
      "max": 5417,
      "mean": 205.59259259259258,
      "std": 883.8983458922504,
      "var": 781276.2858710563,
      "p10": 2,
      "p25": 2,
      "p50": 3,
      "p75": 25,
      "p90": 106,
      "p95": 626,
      "p99": 4921
    },
    "tokens_histogram": {
      "edges": [
        0,
        10,
        20,
        50,
        100,
        200,
        500,
        1000,
        2000,
        5000,
        10000,
        20000,
        40000
      ],
      "counts": [
        85,
        12,
        13,
        9,
        6,
        2,
        3,
        0,
        4,
        1,
        0,
        0
      ],
      "labels": [
        "[0,10)",
        "[10,20)",
        "[20,50)",
        "[50,100)",
        "[100,200)",
        "[200,500)",
        "[500,1000)",
        "[1000,2000)",
        "[2000,5000)",
        "[5000,10000)",
        "[10000,20000)",
        "[20000,40000)"
      ]
    },
    "tokens_raw": [
      24,
      6,
      4,
      13,
      4,
      10,
      42,
      10,
      99,
      105,
      6,
      106,
      105,
      219,
      10,
      585,
      3,
      2,
      2,
      2,
      2,
      2,
      2,
      2,
      2,
      2,
      136,
      2,
      2,
      23,
      17,
      2,
      4,
      29,
      20,
      2,
      2,
      3,
      2,
      3,
      698,
      5,
      7,
      37,
      63,
      4747,
      13,
      2,
      35,
      4232,
      55,
      115,
      57,
      25,
      41,
      57,
      69,
      7,
      7,
      13,
      69,
      45,
      10,
      15,
      35,
      14,
      2,
      4,
      2,
      3,
      2,
      4,
      2,
      2,
      3,
      2,
      5417,
      4921,
      2,
      3,
      2,
      2,
      2,
      65,
      2,
      2,
      2,
      2,
      2,
      3,
      2,
      2,
      2,
      2,
      2,
      2,
      3,
      2,
      2,
      2,
      2,
      2,
      9,
      2,
      2,
      2,
      268,
      626,
      2,
      2,
      2,
      2,
      2,
      2,
      2,
      24,
      3,
      2,
      2,
      5,
      4,
      2,
      9,
      3962,
      120,
      3,
      4,
      12,
      15,
      37,
      50,
      2,
      2,
      3,
      4
    ],
    "chars": {
      "n": 135,
      "min": 1,
      "max": 24274,
      "mean": 580.4148148148148,
      "std": 2781.548290897596,
      "var": 7737010.894595336,
      "p10": 1,
      "p25": 3,
      "p50": 9,
      "p75": 67,
      "p90": 389,
      "p95": 2011,
      "p99": 17824
    },
    "chars_histogram": {
      "edges": [
        0,
        50,
        100,
        250,
        500,
        1000,
        2500,
        5000,
        10000,
        25000,
        50000,
        100000,
        200000
      ],