{
  "primary_metric": "exact_match_flex",
  "n_items": 500,
  "n_items_correct": 170,
  "n_items_incorrect": 330,
  "n_items_unknown": 0,
  "n_generations": 500,
  "samples_per_item": [
    1
  ],
  "all_rollouts": {
    "tokens": {
      "n": 500,
      "min": 2,
      "max": 5155,
      "mean": 1813.688,
      "std": 1928.9683218383864,
      "var": 3720918.786656,
      "p10": 206,
      "p25": 299,
      "p50": 484,
      "p75": 4091,
      "p90": 4845,
      "p95": 4961,
      "p99": 5100
    },
    "tokens_histogram": {
      "edges": [
        0,
        10,
        20,
        50,
        100,
        200,
        500,
        1000,
        2000,
        5000,
        10000,
        20000,
        40000
      ],
      "counts": [
        3,
        1,
        4,
        3,
        36,
        208,
        50,
        13,
        164,
        18,
        0,
        0
      ],
      "labels": [
        "[0,10)",
        "[10,20)",
        "[20,50)",
        "[50,100)",
        "[100,200)",
        "[200,500)",
        "[500,1000)",
        "[1000,2000)",
        "[2000,5000)",
        "[5000,10000)",
        "[10000,20000)",
        "[20000,40000)"
      ]
    },
    "tokens_raw": [
      2361,
      3571,
      316,
      321,
      37,
      154,
      4211,
      4468,
      312,
      3941,
      248,
      4850,
      401,
      4775,
      3425,
      263,
      137,
      396,
      469,
      332,
      281,
      206,
      449,
      533,
      3997,
      491,
      3414,
      320,
      3363,
      387,
      315,
      149,
      399,
      5100,
      4258,
      320,
      368,
      134,
      4225,
      734,
      250,
      3599,
      279,
      369,
      4924,
      4984,
      484,
      331,
      210,
      297,
      264,
      4388,
      285,
      302,
      181,
      163,
      183,
      4572,
      4871,
      546,
      5085,
      4881,
      4972,
      471,
      201,
      107,
      444,
      243,
      1127,
      3668,
      358,
      425,
      4128,
      280,
      479,
      4300,
      162,
      3664,
      314,
      265,
      419,
      4659,
      652,
      372,
      498,
      4413,
      207,
      453,
      3971,
      702,
      4086,
      252,
      779,
      442,
      387,
      666,
      4016,
      264,
      158,
      509,
      4356,
      4807,
      4608,
      289,
      1072,
      351,
      3933,
      4150,
      3994,
      305,
      3495,
      315,
      640,
      309,
      650,
      4083,
      273,
      165,
      534,
      4638,
      4122,
      4803,
      4895,
      621,
      351,
      212,
      4126,
      3790,
      246,
      5109,
      4862,
      463,
      175,
      429,
      3220,
      461,
      389,
      405,
      2775,
      297,
      299,
      4513,
      2672,
      3991,
      228,
      4035,
      458,
      3788,
      4521,
      4044,
      237,
      4868,
      4049,
      484,
      300,
      719,
      4772,
      4172,
      4104,
      300,
      522,
      139,
      4138,
      4891,
      311,
      302,
      387,
      224,
      1161,
      352,
      119,
      292,
      606,
      548,
      293,
      472,
      214,
      4741,
      244,
      4845,
      285,
      4690,
      5153,
      2943,
      518,
      147,
      281,
      324,
      816,
      4566,
      656,
      111,
      455,
      272,
      228,
      3079,
      4744,
      430,
      228,
      253,
      1087,
      1002,
      3781,
      483,
      279,
      4159,
      462,
      272,
      4983,
      206,
      198,
      185,
      216,
      377,
      4153,
      473,
      4814,
      4894,
      6,
      951,
      387,
      5054,
      255,
      5067,
      4932,
      4129,
      352,
      122,
      4318,
      226,
      4182,
      1095,
      4932,
      402,
      374,
      569,
      2553,
      4879,
      626,
      299,
      330,
      464,
      651,
      4936,
      3718,
      4835,
      161,
      584,
      3626,
      402,
      564,
      3,
      4569,
      4968,
      388,
      763,
      4733,
      5155,
      3750,
      212,
      1355,
      5005,
      161,
      468,
      243,
      244,
      4106,
      169,
      4088,
      4193,
      377,
      366,
      363,
      265,
      226,
      244,
      4815,
      4098,
      269,
      4163,
      369,
      4486,
      393,
      298,
      356,
      4200,
      3840,
      311,
      4045,
      414,
      315,
      294,
      391,
      4844,
      624,
      5016,
      4810,
      4278,
      4828,
      270,
      113,
      11,
      4925,
      288,
      544,
      1559,
      379,
      295,
      4045,
      4120,
      340,
      554,
      284,
      512,
      263,
      1812,
      463,
      234,
      500,
      260,
      4469,
      385,
      294,
      4975,
      231,
      519,
      5068,
      205,
      287,
      232,
      404,
      5047,
      502,
      186,
      518,
      4129,
      246,
      281,
      426,
      4313,
      460,
      458,
      272,
      456,
      993,
      174,
      336,
      331,
      357,
      406,
      4078,
      26,
      3314,
      449,
      4579,
      3999,
      4109,
      892,
      110,
      370,
      4858,
      410,
      170,
      152,
      277,
      556,
      598,
      140,
      232,
      5089,
      327,
      476,
      2147,
      474,
      60,
      3768,
      2645,
      26,
      633,
      20,
      4676,
      1383,
      478,
      4583,
      166,
      4202,
      259,
      4091,
      389,
      497,
      5010,
      627,
      402,
      4356,
      541,
      355,
      457,
      166,
      3513,
      53,
      4351,
      476,
      4904,
      475,
      323,
      356,
      189,
      4853,
      3463,
      467,
      417,
      162,
      356,
      259,
      546,
      774,
      290,
      235,
      4384,
      3966,
      399,
      1095,
      704,
      314,
      424,
      4901,
      4309,
      1009,
      4965,
      340,
      114,
      3400,
      4198,
      240,
      4122,
      323,
      513,
      3992,
      2644,
      304,
      475,
      460,
      305,
      4296,
      4160,
      4255,
      4240,
      4407,
      5103,
      186,
      2,
      435,
      249,
      249,
      4874,
      5079,
      3762,
      95,
      2074,
      5085,
      273,
      1032,
      557,
      397,
      841,
      4064,
      4858,
      185,
      4080,
      271,
      378,
      239,
      836,
      4856,
      447,
      4695,
      346,
      4218,
      822,
      4961,
      4131,
      325,
      5074,
      4068,
      4053,
      3818,
      4944,
      5092,
      4940,
      521,
      397,
      4444,
      397,
      4304,
      241,
      491,
      444,
      4952,
      317,
      2749
    ],
    "chars": {
      "n": 500,
      "min": 9,
      "max": 44927,
      "mean": 6474.754,
      "std": 8772.972667544565,
      "var": 76965049.425484,
      "p10": 598,
      "p25": 844,
      "p50": 1370,
      "p75": 10382,
      "p90": 19494,
      "p95": 24165,
      "p99": 39142
    },
    "chars_histogram": {
      "edges": [
        0,
        50,
        100,
        250,
        500,
        1000,
        2500,
        5000,
        10000,
        25000,
        50000,
        100000,
        200000
      ],
      "counts": [
        5,
        1,
        5,
        23,
        140,
        131,
        15,
        51,
        107,
        22,
        0,
        0
      ],
      "labels": [
        "[0,50)",
        "[50,100)",
        "[100,250)",
        "[250,500)",
        "[500,1000)",
        "[1000,2500)",
        "[2500,5000)",
        "[5000,10000)",
        "[10000,25000)",
        "[25000,50000)",
        "[50000,100000)",
        "[100000,200000)"
      ]
    }
  },
  "correct_rollouts": {
    "tokens": {
      "n": 170,
      "min": 37,
      "max": 4225,