{
  "primary_metric": "prompt_level_loose_acc",
  "n_items": 300,
  "n_items_correct": 122,
  "n_items_incorrect": 178,
  "n_items_unknown": 0,
  "n_generations": 300,
  "samples_per_item": [
    1
  ],
  "all_rollouts": {
    "tokens": {
      "n": 300,
      "min": 2,
      "max": 5099,
      "mean": 96.95333333333333,
      "std": 603.6356719817749,
      "var": 364376.0244888889,
      "p10": 2,
      "p25": 2,
      "p50": 2,
      "p75": 5,
      "p90": 59,
      "p95": 185,
      "p99": 4714
    },
    "tokens_histogram": {
      "edges": [
        0,
        10,
        20,
        50,
        100,
        200,
        500,
        1000,
        2000,
        5000,
        10000,
        20000,
        40000
      ],
      "counts": [
        231,
        9,
        23,
        17,
        7,
        8,
        0,
        0,
        3,
        2,
        0,
        0
      ],
      "labels": [
        "[0,10)",
        "[10,20)",
        "[20,50)",
        "[50,100)",
        "[100,200)",
        "[200,500)",
        "[500,1000)",
        "[1000,2000)",
        "[2000,5000)",
        "[5000,10000)",
        "[10000,20000)",
        "[20000,40000)"
      ]
    },
    "tokens_raw": [
      30,
      42,
      32,
      13,
      7,
      2,
      2,
      2,
      3,
      2,
      4,
      2,
      2,
      2,
      2,
      3,
      2,
      3,
      2,
      30,
      2,
      2,
      2,
      2,
      2,
      3,
      105,
      6,
      2,
      56,
      27,
      2,
      3,
      2,
      212,
      2,
      2,
      65,
      4277,
      2,
      205,
      2,
      9,
      2,
      20,
      27,
      2,
      2,
      2,
      2,
      2,
      2,
      2,
      2,
      2,
      2,
      2,
      2,
      3,
      2,
      2,
      2,
      2,
      2,
      2,
      2,
      2,
      4,
      2,
      2,
      4,
      3,
      2,
      2,
      22,
      248,
      2,
      2,
      2,
      3,
      2,
      2,
      3,
      4,
      4,
      3,
      19,
      2,
      2,
      2,
      2,
      2,
      2,
      58,
      3,
      52,
      38,
      34,
      67,
      65,
      2,
      3,
      2,
      2,
      3,
      3,
      2,
      3,
      219,
      2,
      53,
      2,
      2,
      2,
      2,
      2,
      13,
      3,
      2,
      2,
      3,
      3,
      4,
      2,
      3,
      2,
      78,
      138,
      185,
      29,
      34,
      48,
      71,
      136,
      30,
      48,
      28,
      71,
      19,
      14,
      40,
      43,
      19,
      10,
      264,
      324,
      2,
      177,
      4,
      4,
      3,
      3,
      4,
      2,
      26,
      2,
      18,
      2,
      2,
      2,
      2,
      2,
      29,
      2,
      2,
      2,
      2,
      2,
      2,
      2,
      2,
      2,
      2,
      2,
      2,
      59,
      87,
      2,
      2,
      63,
      2,
      5099,
      6,
      2,
      3,
      2,
      5,
      3,
      2,
      2,
      2,
      5,
      4,
      3,
      4,
      3,
      4,
      3,
      4,
      3,
      2,
      2,
      2,
      2,
      2,
      2,
      2,
      2,
      2,
      2,
      2,
      2,
      2,
      2,
      2,
      2,
      2,
      2,
      2,
      2,
      2,
      2,
      2,
      2,
      50,
      2,
      2,
      2,
      4443,
      2,
      2,
      2,
      3,
      2,
      2,
      2,
      2,
      4714,
      2,
      5012,
      3,
      2,
      2,
      2,
      2,
      2,
      2,
      2,
      2,
      2,
      2,
      2,
      2,
      2,
      2,
      2,
      2,
      2,
      2,
      4,
      2,
      3,
      2,
      2,
      2,
      2,
      2,
      2,
      2,
      2,
      58,
      2,
      2,
      2,
      120,
      3,
      277,
      33,
      60,
      2,
      39,
      44,
      2,
      3,
      2,
      2,
      2,
      2,
      2,
      2,
      2,
      2,
      196,
      209,
      12,
      55,
      2,
      2,
      2,
      2
    ],
    "chars": {
      "n": 300,
      "min": 1,
      "max": 17110,
      "mean": 230.65333333333334,
      "std": 1404.0868704685697,
      "var": 1971459.939822222,
      "p10": 1,
      "p25": 4,
      "p50": 9,
      "p75": 14,
      "p90": 293,
      "p95": 636,
      "p99": 5098
    },
    "chars_histogram": {
      "edges": [
        0,
        50,
        100,
        250,
        500,
        1000,
        2500,
        5000,
        10000,
        25000,
        50000,
        100000,
        200000
      ],
      "counts": [
        237,
        12,
        18,
        17,
        6,
        5,
        1,
        2,
        2,
        0,
        0,
        0
      ],
      "labels": [
        "[0,50)",
        "[50,100)",
        "[100,250)",
        "[250,500)",
        "[500,1000)",
        "[1000,2500)",
        "[2500,5000)",
        "[5000,10000)",
        "[10000,25000)",
        "[25000,50000)",
        "[50000,100000)",
        "[100000,200000)"
      ]
    }
  },
  "correct_rollouts": {
    "tokens": {
      "n": 122,
      "min": 2,
      "max": 5099,
      "mean": 59.950819672131146,
      "std": 460.28460284272194,
      "var": 211861.91561408225,
      "p10": 2,
      "p25": 2,
      "p50": 2,
      "p75": 4,
      "p90": 55,
      "p95": 136,
      "p99": 277
    },
    "tokens_histogram": {
      "edges": [
        0,
        10,
        20,
        50,
        100,
        200,
        500,
        1000,
        2000,
        5000,
        10000,
        20000,
        40000
      ],
      "counts": [
        95,
        6,
        8,
        4,
        6,
        2,
        0,
        0,
        0,
        1,
        0,
        0
      ],
      "labels": [
        "[0,10)",
        "[10,20)",
        "[20,50)",
        "[50,100)",
        "[100,200)",
        "[200,500)",
        "[500,1000)",
        "[1000,2000)",
        "[2000,5000)",
        "[5000,10000)",
        "[10000,20000)",
        "[20000,40000)"
      ]
    },
    "tokens_raw": [
      30,
      105,
      6,
      56,
      2,
      2,
      2,
      2,
      2,
      4,
      4,
      2,
      22,
      2,
      2,
      2,
      3,
      19,
      2,
      2,
      2,
      3,
      2,
      3,
      2,
      3,
      2,
      2,
      2,
      13,
      3,
      78,
      138,
      185,
      29,
      34,
      48,
      71,
      136,
      30,
      48,
      19,
      14,
      19,
      2,
      2,
      2,
      2,
      2,
      2,
      2,
      2,
      2,
      2,
      2,
      2,
      2,
      2,
      2,
      5099,
      6,
      2,
      3,
      2,
      5,
      3,
      2,
      2,
      2,
      2,
      2,
      2,
      2,
      2,
      2,
      2,
      2,
      2,
      2,
      2,
      2,
      2,
      2,
      2,
      2,
      2,
      2,
      3,
      2,
      2,
      2,
      2,
      2,
      2,
      2,
      2,
      2,
      2,
      2,
      2,
      2,
      2,
      2,
      2,
      2,
      2,
      2,
      120,
      277,
      39,
      2,
      2,
      2,
      2,
      196,
      209,
      12,
      55,
      2,
      2,
      2,
      2
    ],
    "chars": {
      "n": 122,
      "min": 1,
      "max": 5098,
      "mean": 112.36065573770492,
      "std": 490.5984980825782,
      "var": 240686.8863208815,
      "p10": 1,
      "p25": 2,
      "p50": 9,
      "p75": 14,
      "p90": 271,
      "p95": 460,
      "p99": 1177
    },
    "chars_histogram": {
      "edges": [
        0,
        50,
        100,
        250,
        500,
        1000,
        2500,
        5000,
        10000,
        25000,
        50000,
        100000,
        200000
      ],
      "counts": [
        98,
        6,
        5,
        7,
        3,
        2,
        0,
        1,
        0,
        0,
        0,
        0
      ],