{
  "primary_metric": "exact_match_flex",
  "n_items": 500,
  "n_items_correct": 17,
  "n_items_incorrect": 483,
  "n_items_unknown": 0,
  "n_generations": 500,
  "samples_per_item": [
    1
  ],
  "all_rollouts": {
    "tokens": {
      "n": 500,
      "min": 1,
      "max": 4951,
      "mean": 145.854,
      "std": 666.2947431009793,
      "var": 443948.684684,
      "p10": 2,
      "p25": 2,
      "p50": 2,
      "p75": 4,
      "p90": 185,
      "p95": 390,
      "p99": 4138
    },
    "tokens_histogram": {
      "edges": [
        0,
        10,
        20,
        50,
        100,
        200,
        500,
        1000,
        2000,
        5000,
        10000,
        20000,
        40000
      ],
      "counts": [
        416,
        7,
        10,
        6,
        15,
        26,
        4,
        2,
        14,
        0,
        0,
        0
      ],
      "labels": [
        "[0,10)",
        "[10,20)",
        "[20,50)",
        "[50,100)",
        "[100,200)",
        "[200,500)",
        "[500,1000)",
        "[1000,2000)",
        "[2000,5000)",
        "[5000,10000)",
        "[10000,20000)",
        "[20000,40000)"
      ]
    },
    "tokens_raw": [
      15,
      2,
      3,
      3,
      3,
      2,
      6,
      4,
      224,
      2,
      2,
      2,
      2,
      3,
      2,
      2,
      4,
      2,
      4,
      2,
      2,
      2,
      2,
      6,
      2,
      3,
      2,
      3,
      3,
      3,
      2,
      2,
      2,
      3,
      2,
      2,
      18,
      2,
      2,
      2,
      6,
      2,
      2,
      2,
      3,
      259,
      2,
      2,
      2,
      2,
      115,
      2,
      3,
      2,
      2,
      3,
      43,
      70,
      2,
      3,
      175,
      4,
      178,
      503,
      2,
      114,
      2,
      3,
      3,
      2,
      2,
      2,
      2,
      2,
      42,
      54,
      2,
      2,
      2,
      2,
      2,
      3,
      2,
      339,
      3,
      2,
      4039,
      3,
      3,
      6,
      4138,
      2,
      2,
      2,
      2,
      3424,
      422,
      2,
      2,
      2,
      2,
      380,
      133,
      2,
      2,
      2,
      2,
      2,
      2,
      2,
      4,
      3,
      2,
      3,
      2,
      3,
      2,
      234,
      2,
      7,
      3,
      3,
      2,
      2,
      2,
      2,
      3,
      311,
      2,
      2,
      2,
      2,
      2,
      5,
      2,
      2,
      2,
      307,
      2,
      87,
      3,
      2,
      7,
      3,
      2,
      2,
      186,
      2,
      2,
      4,
      299,
      218,
      2,
      2,
      2,
      2,
      3,
      3,
      2,
      2,
      6,
      4,
      2,
      4919,
      2,
      4,
      4440,
      4,
      2,
      3,
      4,
      2191,
      3,
      2,
      2,
      2,
      3,
      2,
      2,
      723,
      2,
      3,
      2,
      2,
      4951,
      172,
      2,
      2,
      2,
      3,
      2,
      2,
      2,
      2,
      212,
      2,
      2,
      2,
      2,
      2,
      2,
      3,
      4,
      2,
      2,
      2,
      8,
      4,
      2,
      2,
      198,
      2,
      2,
      70,
      2,
      2,
      2,
      2,
      2,
      2,
      2,
      3,
      3,
      2,
      2,
      2,
      2,
      6,
      2,
      3,
      3,
      2,
      2,
      390,
      2,
      2,
      2,
      4074,
      2,
      2,
      3,
      2,
      2,
      2,
      2,
      2,
      2,
      2,
      185,
      2,
      4,
      240,
      3,
      2,
      3,
      3,
      3,
      2,
      2,
      2,
      6,
      2,
      2,
      3,
      3,
      2,
      2,
      8,
      2,
      2,
      2,
      2,
      2,
      2,
      3,
      107,
      2,
      2,
      194,
      2,
      2,
      2,
      2,
      41,
      239,
      2,
      359,
      3,
      2,
      2,
      2,
      2,
      4013,
      2,
      2,
      3974,
      29,
      2,
      4,
      2,
      2,
      11,
      3,
      3,
      2,
      2,
      40,
      2,
      29,
      3,
      2,
      566,
      6,
      2,
      1,
      2,
      2,
      3,
      2,
      2,
      2,
      2,
      2,
      3,
      2,
      2,
      5,
      2,
      2,
      2,
      3,
      2,
      1559,
      222,
      2,
      2,
      4,
      3531,
      2,
      2,
      4,
      4,
      2,
      2,
      4065,
      2,
      2,
      2,
      2,
      2,
      18,
      2,
      2,
      2,
      4,
      2,
      691,
      2,
      2,
      2,
      4,
      2,
      2,
      41,
      2,
      472,
      330,
      2,
      245,
      273,
      2,
      3,
      6,
      2,
      2,
      2,
      2,
      2,
      2,
      2,
      2,
      2,
      2,
      2,
      2,
      2,
      2,
      4,
      4,
      16,
      3,
      2,
      2,
      2,
      3,
      2,
      9,
      2,
      2,
      2,
      2,
      2,
      2,
      3,
      2,
      2,
      8,
      2,
      230,
      2,
      2,
      2,
      2,
      40,
      23,
      36,
      2,
      5,
      2,
      2,
      2,
      2,
      4,
      2,
      2,
      283,
      2,
      18,
      430,
      2,
      2,
      3,
      4,
      2,
      2,
      2,
      6,
      2,
      2,
      1983,
      3,
      3,
      2,
      2,
      2,
      15,
      3,
      4143,
      2952,
      2,
      2,
      2,
      2,
      107,
      2,
      2,
      396,
      2,
      2,
      2,
      2,
      2,
      2,
      2,
      2,
      2,
      2,
      3,
      2,
      2,
      314,
      2,
      2,
      2,
      2,
      229,
      78,
      2,
      2,
      2,
      2,
      122,
      2,
      3,
      52,
      2,
      2,
      2,
      2,
      5,
      5,
      2,
      151,
      2,
      131,
      3,
      2,
      4,
      4,
      3
    ],
    "chars": {
      "n": 500,
      "min": 0,
      "max": 25556,
      "mean": 431.574,
      "std": 2222.6259245595065,
      "var": 4940066.000524,
      "p10": 2,
      "p25": 6,
      "p50": 6,
      "p75": 17,
      "p90": 495,
      "p95": 1016,
      "p99": 13227
    },
    "chars_histogram": {
      "edges": [
        0,
        50,
        100,
        250,
        500,
        1000,
        2500,
        5000,
        10000,
        25000,
        50000,
        100000,
        200000
      ],
      "counts": [
        418,
        10,
        11,
        12,
        24,
        9,
        2,
        7,
        6,
        1,
        0,
        0
      ],
      "labels": [
        "[0,50)",
        "[50,100)",
        "[100,250)",
        "[250,500)",
        "[500,1000)",
        "[1000,2500)",
        "[2500,5000)",
        "[5000,10000)",
        "[10000,25000)",
        "[25000,50000)",
        "[50000,100000)",
        "[100000,200000)"
      ]
    }
  },
  "correct_rollouts": {
    "tokens": {
      "n": 17,
      "min": 23,
      "max": 723,
      "mean": 263.3529411764706,
      "std": 177.9857698133628,
      "var": 31678.934256055363,
      "p10": 40,
      "p25": 172,
      "p50": 245,
      "p75": 330,
      "p90": 566,
      "p95": 723,
      "p99": 723
    },
    "tokens_histogram": {
      "edges": [
        0,
        10,
        20,
        50,
        100,
        200,
        500,
        1000,
        2000,
        5000,
        10000,
        20000,
        40000
      ],
      "counts": [
        0,
        0,
        3,
        1,
        2,
        9,
        2,
        0,
        0,
        0,
        0,
        0
      ],
      "labels": [
        "[0,10)",
        "[10,20)",
        "[20,50)",
        "[50,100)",
        "[100,200)",
        "[200,500)",
        "[500,1000)",
        "[1000,2000)",
        "[2000,5000)",
        "[5000,10000)",
        "[10000,20000)",
        "[20000,40000)"
      ]
    },