{
  "primary_metric": "exact_match_flex",
  "n_items": 500,
  "n_items_correct": 48,
  "n_items_incorrect": 452,
  "n_items_unknown": 0,
  "n_generations": 500,
  "samples_per_item": [
    1
  ],
  "all_rollouts": {
    "tokens": {
      "n": 500,
      "min": 2,
      "max": 1384,
      "mean": 18.522,
      "std": 79.04667934834454,
      "var": 6248.377516,
      "p10": 2,
      "p25": 2,
      "p50": 3,
      "p75": 9,
      "p90": 23,
      "p95": 52,
      "p99": 366
    },
    "tokens_histogram": {
      "edges": [
        0,
        10,
        20,
        50,
        100,
        200,
        500,
        1000,
        2000,
        5000,
        10000,
        20000,
        40000
      ],
      "counts": [
        382,
        60,
        31,
        8,
        10,
        8,
        0,
        1,
        0,
        0,
        0,
        0
      ],
      "labels": [
        "[0,10)",
        "[10,20)",
        "[20,50)",
        "[50,100)",
        "[100,200)",
        "[200,500)",
        "[500,1000)",
        "[1000,2000)",
        "[2000,5000)",
        "[5000,10000)",
        "[10000,20000)",
        "[20000,40000)"
      ]
    },
    "tokens_raw": [
      12,
      2,
      2,
      6,
      7,
      7,
      2,
      364,
      190,
      15,
      2,
      11,
      3,
      6,
      2,
      9,
      2,
      2,
      122,
      18,
      10,
      3,
      6,
      2,
      2,
      3,
      2,
      3,
      10,
      2,
      2,
      11,
      2,
      2,
      11,
      10,
      3,
      2,
      2,
      7,
      2,
      3,
      7,
      17,
      9,
      2,
      6,
      2,
      2,
      2,
      2,
      2,
      8,
      11,
      3,
      6,
      2,
      70,
      9,
      2,
      12,
      2,
      2,
      6,
      6,
      2,
      13,
      9,
      2,
      304,
      13,
      2,
      10,
      3,
      42,
      2,
      3,
      2,
      9,
      2,
      2,
      2,
      3,
      34,
      2,
      8,
      8,
      2,
      2,
      3,
      2,
      2,
      2,
      2,
      20,
      2,
      2,
      6,
      51,
      3,
      7,
      12,
      134,
      6,
      3,
      2,
      2,
      2,
      6,
      26,
      2,
      8,
      11,
      2,
      2,
      2,
      2,
      3,
      7,
      7,
      6,
      2,
      6,
      7,
      2,
      241,
      26,
      12,
      2,
      2,
      7,
      6,
      2,
      3,
      7,
      3,
      20,
      277,
      2,
      61,
      30,
      2,
      9,
      2,
      15,
      10,
      10,
      41,
      2,
      3,
      6,
      8,
      2,
      10,
      10,
      2,
      20,
      2,
      2,
      2,
      7,
      6,
      7,
      11,
      11,
      3,
      12,
      3,
      2,
      3,
      2,
      18,
      2,
      3,
      6,
      3,
      23,
      2,
      2,
      28,
      3,
      2,
      3,
      3,
      150,
      6,
      10,
      6,
      2,
      12,
      2,
      2,
      2,
      7,
      21,
      7,
      9,
      366,
      2,
      2,
      4,
      2,
      18,
      6,
      52,
      44,
      13,
      3,
      2,
      3,
      6,
      7,
      2,
      6,
      2,
      3,
      2,
      2,
      10,
      2,
      2,
      37,
      18,
      7,
      17,
      2,
      2,
      2,
      9,
      2,
      2,
      6,
      35,
      3,
      7,
      11,
      71,
      3,
      2,
      2,
      2,
      7,
      3,
      6,
      2,
      2,
      2,
      6,
      1384,
      3,
      7,
      2,
      29,
      3,
      2,
      2,
      3,
      2,
      2,
      7,
      7,
      2,
      3,
      3,
      2,
      6,
      2,
      29,
      3,
      6,
      2,
      2,
      2,
      2,
      3,
      11,
      3,
      9,
      2,
      2,
      105,
      7,
      2,
      6,
      4,
      2,
      62,
      7,
      18,
      7,
      2,
      2,
      2,
      2,
      2,
      7,
      6,
      3,
      461,
      2,
      2,
      10,
      2,
      2,
      168,
      2,
      9,
      2,
      2,
      3,
      2,
      2,
      10,
      3,
      2,
      6,
      3,
      20,
      24,
      2,
      2,
      2,
      2,
      3,
      8,
      3,
      136,
      8,
      3,
      2,
      2,
      37,
      6,
      143,
      3,
      2,
      2,
      6,
      2,
      2,
      2,
      2,
      2,
      3,
      3,
      6,
      9,
      25,
      9,
      37,
      3,
      24,
      7,
      30,
      9,
      3,
      424,
      2,
      2,
      2,
      16,
      6,
      10,
      6,
      160,
      2,
      2,
      6,
      2,
      2,
      2,
      6,
      2,
      2,
      2,
      6,
      2,
      2,
      6,
      2,
      25,
      13,
      2,
      2,
      29,
      2,
      6,
      2,
      45,
      17,
      3,
      6,
      7,
      10,
      4,
      6,
      6,
      2,
      2,
      3,
      451,
      6,
      10,
      2,
      6,
      7,
      3,
      2,
      20,
      7,
      2,
      2,
      3,
      2,
      6,
      6,
      10,
      6,
      2,
      52,
      11,
      7,
      15,
      2,
      2,
      18,
      10,
      2,
      7,
      7,
      2,
      2,
      6,
      12,
      2,
      2,
      6,
      3,
      2,
      36,
      12,
      2,
      6,
      2,
      10,
      21,
      6,
      2,
      2,
      3,
      6,
      3,
      2,
      2,
      14,
      6,
      4,
      3,
      2,
      2,
      7,
      2,
      2,
      6,
      2,
      2,
      8,
      2,
      6,
      2,
      19,
      2,
      14,
      2,
      2,
      8,
      3,
      2,
      6,
      2,
      6,
      136,
      10,
      6,
      83,
      7,
      2,
      2,
      3,
      11,
      2,
      2,
      21,
      2,
      6,
      2,
      14,
      15,
      6,
      3
    ],
    "chars": {
      "n": 500,
      "min": 1,
      "max": 3998,
      "mean": 45.914,
      "std": 219.2771274073062,
      "var": 48082.458604,
      "p10": 1,
      "p25": 1,
      "p50": 10,
      "p75": 15,
      "p90": 60,
      "p95": 161,
      "p99": 962
    },
    "chars_histogram": {
      "edges": [
        0,
        50,
        100,
        250,
        500,
        1000,
        2500,
        5000,
        10000,
        25000,
        50000,
        100000,
        200000
      ],
      "counts": [
        442,
        25,
        13,
        8,
        9,
        2,
        1,
        0,
        0,
        0,
        0,
        0
      ],
      "labels": [
        "[0,50)",
        "[50,100)",
        "[100,250)",
        "[250,500)",
        "[500,1000)",
        "[1000,2500)",
        "[2500,5000)",
        "[5000,10000)",
        "[10000,25000)",
        "[25000,50000)",
        "[50000,100000)",
        "[100000,200000)"
      ]
    }
  },
  "correct_rollouts": {
    "tokens": {
      "n": 48,
      "min": 6,
      "max": 277,
      "mean": 30.375,
      "std": 58.221425394780574,
      "var": 3389.734375,
      "p10": 6,
      "p25": 6,
      "p50": 8,
      "p75": 28,
      "p90": 61,
      "p95": 190,
      "p99": 277
    },
    "tokens_histogram": {
      "edges": [
        0,
        10,
        20,
        50,
        100,
        200,
        500,
        1000,
        2000,
        5000,
        10000,
        20000,
        40000
      ],
      "counts": [
        26,
        10,
        6,
        2,
        2,
        2,
        0,
        0,
        0,
        0,
        0,
        0
      ],
      "labels": [
        "[0,10)",
        "[10,20)",
        "[20,50)",
        "[50,100)",
        "[100,200)",
        "[200,500)",
        "[500,1000)",
        "[1000,2000)",
        "[2000,5000)",
        "[5000,10000)",
        "[10000,20000)",
        "[20000,40000)"
      ]
    },