{
  "primary_metric": "exact_match_flex",
  "n_items": 500,
  "n_items_correct": 160,
  "n_items_incorrect": 340,
  "n_items_unknown": 0,
  "n_generations": 500,
  "samples_per_item": [
    1
  ],
  "all_rollouts": {
    "tokens": {
      "n": 500,
      "min": 2,
      "max": 5001,
      "mean": 208.232,
      "std": 655.8284700865006,
      "var": 430110.982176,
      "p10": 6,
      "p25": 9,
      "p50": 32,
      "p75": 181,
      "p90": 314,
      "p95": 413,
      "p99": 4197
    },
    "tokens_histogram": {
      "edges": [
        0,
        10,
        20,
        50,
        100,
        200,
        500,
        1000,
        2000,
        5000,
        10000,
        20000,
        40000
      ],
      "counts": [
        151,
        68,
        68,
        30,
        73,
        88,
        5,
        2,
        14,
        1,
        0,
        0
      ],
      "labels": [
        "[0,10)",
        "[10,20)",
        "[20,50)",
        "[50,100)",
        "[100,200)",
        "[200,500)",
        "[500,1000)",
        "[1000,2000)",
        "[2000,5000)",
        "[5000,10000)",
        "[10000,20000)",
        "[20000,40000)"
      ]
    },
    "tokens_raw": [
      32,
      95,
      12,
      6,
      8,
      7,
      12,
      351,
      11,
      7,
      32,
      6,
      8,
      6,
      16,
      3975,
      133,
      19,
      18,
      247,
      115,
      89,
      210,
      2297,
      6,
      77,
      7,
      189,
      37,
      6,
      9,
      82,
      8,
      22,
      2097,
      709,
      17,
      7,
      93,
      45,
      21,
      85,
      7,
      16,
      9,
      17,
      63,
      13,
      11,
      9,
      8,
      216,
      15,
      39,
      9,
      6,
      7,
      359,
      111,
      282,
      110,
      376,
      44,
      358,
      12,
      6,
      35,
      9,
      8,
      284,
      9,
      50,
      6,
      19,
      214,
      11,
      6,
      6,
      23,
      16,
      501,
      137,
      33,
      61,
      38,
      262,
      8,
      192,
      34,
      310,
      7,
      33,
      4234,
      7,
      21,
      169,
      39,
      6,
      134,
      311,
      20,
      235,
      132,
      10,
      6,
      8,
      14,
      7,
      44,
      23,
      6,
      124,
      107,
      33,
      207,
      8,
      185,
      12,
      38,
      7,
      6,
      227,
      227,
      18,
      160,
      218,
      12,
      212,
      6,
      2299,
      215,
      331,
      6,
      8,
      7,
      7,
      134,
      10,
      10,
      14,
      6,
      6,
      9,
      399,
      12,
      89,
      19,
      4149,
      132,
      9,
      61,
      9,
      145,
      32,
      10,
      28,
      21,
      2791,
      9,
      8,
      7,
      12,
      13,
      136,
      54,
      11,
      24,
      152,
      7,
      1981,
      155,
      13,
      351,
      4912,
      38,
      10,
      14,
      24,
      86,
      19,
      6,
      211,
      9,
      158,
      22,
      116,
      46,
      6,
      34,
      329,
      11,
      111,
      344,
      6,
      80,
      359,
      9,
      6,
      8,
      185,
      398,
      208,
      5001,
      67,
      122,
      405,
      15,
      7,
      253,
      7,
      7,
      170,
      358,
      38,
      8,
      245,
      9,
      11,
      15,
      10,
      6,
      7,
      18,
      40,
      110,
      7,
      6,
      10,
      22,
      7,
      189,
      7,
      110,
      7,
      253,
      66,
      70,
      328,
      122,
      7,
      21,
      234,
      464,
      16,
      7,
      332,
      6,
      329,
      181,
      143,
      288,
      8,
      49,
      11,
      8,
      10,
      14,
      200,
      7,
      105,
      7,
      137,
      13,
      7,
      188,
      195,
      10,
      29,
      164,
      10,
      7,
      320,
      9,
      8,
      209,
      142,
      6,
      9,
      242,
      39,
      224,
      9,
      31,
      256,
      4,
      127,
      132,
      164,
      277,
      146,
      1691,
      26,
      6,
      31,
      9,
      7,
      27,
      8,
      209,
      203,
      7,
      701,
      6,
      118,
      131,
      271,
      6,
      54,
      215,
      204,
      21,
      6,
      34,
      64,
      9,
      6,
      271,
      20,
      101,
      150,
      114,
      2,
      210,
      60,
      20,
      6,
      137,
      8,
      6,
      9,
      8,
      140,
      4907,
      112,
      311,
      34,
      209,
      190,
      11,
      177,
      9,
      18,
      43,
      133,
      204,
      6,
      256,
      32,
      28,
      8,
      6,
      15,
      189,
      8,
      198,
      14,
      180,
      118,
      9,
      178,
      6,
      6,
      11,
      6,
      343,
      270,
      312,
      6,
      233,
      21,
      7,
      6,
      21,
      317,
      6,
      380,
      9,
      6,
      6,
      18,
      203,
      33,
      18,
      211,
      48,
      7,
      61,
      9,
      48,
      215,
      10,
      66,
      58,
      11,
      22,
      152,
      13,
      192,
      7,
      17,
      3201,
      920,
      257,
      6,
      6,
      7,
      6,
      314,
      21,
      11,
      178,
      7,
      8,
      9,
      282,
      4132,
      223,
      123,
      45,
      217,
      12,
      7,
      62,
      9,
      8,
      90,
      20,
      7,
      56,
      205,
      24,
      413,
      546,
      45,
      356,
      296,
      299,
      6,
      36,
      250,
      229,
      4197,
      6,
      35,
      43,
      21,
      347,
      191,
      136,
      148,
      7,
      3090,
      7,
      6,
      15,
      6,
      20,
      6,
      7,
      10,
      7,
      7,
      56,
      6,
      7,
      73,
      9,
      144,
      392,
      7,
      313,
      71,
      15,
      16,
      432,
      93,
      8,
      133,
      131,
      199,
      12,
      20,
      216,
      6,
      123,
      41,
      182,
      201,
      7,
      130,
      380,
      7,
      15,
      314,
      19,
      48,
      4120,
      3,
      107,
      236
    ],
    "chars": {
      "n": 500,
      "min": 2,
      "max": 9669,
      "mean": 454.144,
      "std": 1199.256607763326,
      "var": 1438216.411264,
      "p10": 11,
      "p25": 14,
      "p50": 85,
      "p75": 483,
      "p90": 761,
      "p95": 1099,
      "p99": 7397
    },
    "chars_histogram": {
      "edges": [
        0,
        50,
        100,
        250,
        500,
        1000,
        2500,
        5000,
        10000,
        25000,
        50000,
        100000,
        200000
      ],
      "counts": [
        208,
        50,
        47,
        76,
        93,
        8,
        6,
        12,
        0,
        0,
        0,
        0
      ],
      "labels": [
        "[0,50)",
        "[50,100)",
        "[100,250)",
        "[250,500)",
        "[500,1000)",
        "[1000,2500)",
        "[2500,5000)",
        "[5000,10000)",
        "[10000,25000)",
        "[25000,50000)",
        "[50000,100000)",
        "[100000,200000)"
      ]
    }
  },
  "correct_rollouts": {
    "tokens": {
      "n": 160,
      "min": 6,
      "max": 2791,
      "mean": 133.325,
      "std": 241.162640918945,
      "var": 58159.419375,
      "p10": 7,
      "p25": 10,
      "p50": 63,
      "p75": 210,
      "p90": 312,
      "p95": 356,
      "p99": 432
    },
    "tokens_histogram": {
      "edges": [
        0,
        10,
        20,
        50,
        100,
        200,
        500,
        1000,
        2000,
        5000,
        10000,
        20000,
        40000
      ],
      "counts": [
        38,
        20,
        18,
        10,
        30,
        43,
        0,
        0,
        1,
        0,
        0,
        0
      ],