{
  "primary_metric": "length_controlled_winrate",
  "n_items": 805,
  "n_items_correct": 0,
  "n_items_incorrect": 0,
  "n_items_unknown": 805,
  "n_generations": 805,
  "samples_per_item": [
    1
  ],
  "all_rollouts": {
    "tokens": {
      "n": 805,
      "min": 2,
      "max": 5675,
      "mean": 1134.982608695652,
      "std": 1848.0333900873293,
      "var": 3415227.410877667,
      "p10": 3,
      "p25": 42,
      "p50": 174,
      "p75": 509,
      "p90": 4627,
      "p95": 4768,
      "p99": 5093
    },
    "tokens_histogram": {
      "edges": [
        0,
        10,
        20,
        50,
        100,
        200,
        500,
        1000,
        2000,
        5000,
        10000,
        20000,
        40000
      ],
      "counts": [
        131,
        26,
        61,
        76,
        155,
        153,
        20,
        1,
        171,
        11,
        0,
        0
      ],
      "labels": [
        "[0,10)",
        "[10,20)",
        "[20,50)",
        "[50,100)",
        "[100,200)",
        "[200,500)",
        "[500,1000)",
        "[1000,2000)",
        "[2000,5000)",
        "[5000,10000)",
        "[10000,20000)",
        "[20000,40000)"
      ]
    },
    "tokens_raw": [
      83,
      324,
      278,
      71,
      4863,
      136,
      27,
      52,
      165,
      424,
      203,
      181,
      495,
      4255,
      136,
      228,
      159,
      5053,
      5646,
      539,
      174,
      127,
      159,
      4142,
      12,
      65,
      70,
      204,
      285,
      175,
      255,
      369,
      274,
      161,
      27,
      75,
      320,
      293,
      4097,
      4278,
      15,
      204,
      4727,
      68,
      147,
      142,
      186,
      382,
      64,
      5651,
      16,
      70,
      4139,
      437,
      187,
      214,
      572,
      2,
      4593,
      54,
      140,
      362,
      185,
      248,
      4692,
      129,
      411,
      4680,
      45,
      166,
      58,
      2,
      4693,
      221,
      3,
      309,
      383,
      4594,
      201,
      5097,
      170,
      255,
      4573,
      146,
      6,
      264,
      250,
      4105,
      56,
      237,
      158,
      19,
      668,
      26,
      294,
      689,
      115,
      189,
      179,
      4910,
      4515,
      31,
      41,
      4758,
      742,
      50,
      232,
      228,
      4896,
      159,
      3,
      320,
      100,
      10,
      4862,
      304,
      341,
      158,
      37,
      187,
      19,
      4970,
      58,
      180,
      416,
      37,
      314,
      4994,
      90,
      312,
      235,
      91,
      174,
      88,
      269,
      137,
      2,
      115,
      832,
      440,
      212,
      282,
      196,
      4819,
      4584,
      284,
      107,
      3,
      406,
      274,
      75,
      4787,
      4,
      2,
      321,
      197,
      4561,
      174,
      3,
      32,
      341,
      19,
      4120,
      4693,
      3,
      4457,
      430,
      58,
      15,
      2,
      3,
      161,
      2,
      200,
      158,
      86,
      442,
      382,
      73,
      169,
      263,
      151,
      298,
      147,
      101,
      362,
      331,
      103,
      908,
      196,
      3,
      144,
      154,
      4563,
      5146,
      34,
      114,
      58,
      155,
      6,
      151,
      4307,
      101,
      4134,
      4786,
      155,
      4699,
      27,
      381,
      2,
      11,
      47,
      2,
      49,
      8,
      149,
      142,
      4639,
      69,
      142,
      125,
      365,
      67,
      205,
      161,
      35,
      139,
      125,
      4083,
      65,
      78,
      141,
      5675,
      190,
      48,
      5093,
      128,
      4627,
      215,
      190,
      54,
      5281,
      100,
      3,
      282,
      2,
      274,
      4514,
      4556,
      18,
      4291,
      4119,
      251,
      845,
      158,
      205,
      290,
      217,
      3,
      257,
      3,
      62,
      2,
      562,
      151,
      1113,
      21,
      4794,
      133,
      197,
      388,
      4268,
      194,
      4118,
      4681,
      182,
      4080,
      3972,
      104,
      2,
      39,
      530,
      4636,
      232,
      4987,
      222,
      53,
      405,
      148,
      495,
      244,
      57,
      17,
      36,
      3,
      188,
      4198,
      353,
      256,
      61,
      183,
      154,
      81,
      3,
      230,
      4704,
      296,
      73,
      274,
      66,
      373,
      48,
      4754,
      170,
      55,
      42,
      117,
      91,
      49,
      2,
      4224,
      2,
      387,
      136,
      385,
      180,
      2,
      88,
      303,
      122,
      4306,
      4745,
      38,
      10,
      62,
      4201,
      2,
      195,
      2,
      4682,
      15,
      274,
      2,
      260,
      4,
      274,
      163,
      4731,
      3,
      2,
      2,
      195,
      69,
      158,
      211,
      120,
      138,
      239,
      239,
      4703,
      4810,
      2849,
      7,
      293,
      120,
      249,
      4643,
      230,
      75,
      848,
      8,
      2,
      4469,
      27,
      4965,
      45,
      2,
      22,
      278,
      2,
      138,
      274,
      745,
      4945,
      89,
      46,
      2,
      237,
      4703,
      4544,
      2,
      74,
      282,
      181,
      217,
      208,
      34,
      195,
      166,
      4358,
      418,
      175,
      47,
      89,
      35,
      182,
      153,
      339,
      21,
      2,
      4204,
      181,
      4553,
      337,
      271,
      4701,
      107,
      143,
      161,
      48,
      20,
      58,
      2869,
      213,
      27,
      509,
      179,
      3371,
      4407,
      192,
      63,
      82,
      4452,
      2,
      248,
      304,
      41,
      208,
      9,
      4582,
      32,
      179,
      130,
      96,
      236,
      2844,
      26,
      94,
      5044,
      3,
      4,
      249,
      98,
      2,
      4794,
      166,
      175,
      2,
      9,
      4917,
      124,
      48,
      4919,
      148,
      228,
      69,
      199,
      4830,
      3,
      4219,
      4255,
      9,
      51,
      3,
      2,
      30,
      4032,
      15,
      4793,
      78,
      4630,
      3,
      3,
      102,
      131,
      57,
      75,
      3,
      105,
      74,
      4250,
      98,
      46,
      4228,
      4217,
      3,
      238,
      183,
      4820,
      583,
      4142,
      78,
      4235,
      149,
      11,
      123,
      2,
      185,
      186,
      25,
      48,
      185,
      4524,
      4199,
      4790,
      281,
      193,
      209,
      138,
      140,
      132,
      120,
      2,
      4679,
      160,
      4631,
      3,
      31,
      31,
      318,
      145,
      4592,
      4594,
      4297,
      4,
      4489,
      74,
      2,
      4576,
      4273,
      3,
      4121,
      4104,
      3,
      3,
      4092,
      4273,
      154,
      79,
      2,
      304,
      321,
      33,
      2,
      79,
      37,
      177,
      35,
      210,
      4952,
      183,
      239,
      551,
      54,
      251,
      207,
      2,
      4707,
      2,
      4119,
      148,
      3,
      4272,
      3,
      2,
      4029,
      4569,
      4680,
      197,
      4714,
      4266,
      206,
      2,
      292,
      182,
      159,
      283,
      158,
      2,
      345,
      4199,
      4619,
      86,
      143,
      39,
      208,
      172,
      4512,
      4721,
      4629,
      4317,
      2,
      80,
      139,
      4592,
      4953,
      149,
      55,
      21,
      97,
      54,
      207,
      22,
      4751,
      249,
      4253,
      306,
      174,
      33,
      118,
      21,
      4576,
      78,
      3,
      4,
      4582,
      4115,
      2,
      2,
      3,
