{
  "primary_metric": "prompt_level_loose_acc",
  "n_items": 300,
  "n_items_correct": 80,
  "n_items_incorrect": 220,
  "n_items_unknown": 0,
  "n_generations": 300,
  "samples_per_item": [
    1
  ],
  "all_rollouts": {
    "tokens": {
      "n": 300,
      "min": 2,
      "max": 13283,
      "mean": 2630.9933333333333,
      "std": 2474.6450129171167,
      "var": 6123867.939955556,
      "p10": 31,
      "p25": 108,
      "p50": 4052,
      "p75": 4809,
      "p90": 5149,
      "p95": 5695,
      "p99": 7715
    },
    "tokens_histogram": {
      "edges": [
        0,
        10,
        20,
        50,
        100,
        200,
        500,
        1000,
        2000,
        5000,
        10000,
        20000,
        40000
      ],
      "counts": [
        22,
        6,
        17,
        25,
        39,
        25,
        7,
        3,
        110,
        45,
        1,
        0
      ],
      "labels": [
        "[0,10)",
        "[10,20)",
        "[20,50)",
        "[50,100)",
        "[100,200)",
        "[200,500)",
        "[500,1000)",
        "[1000,2000)",
        "[2000,5000)",
        "[5000,10000)",
        "[10000,20000)",
        "[20000,40000)"
      ]
    },
    "tokens_raw": [
      163,
      58,
      5917,
      4503,
      5,
      116,
      127,
      5384,
      351,
      5698,
      4569,
      59,
      201,
      4308,
      3,
      2,
      4958,
      5,
      31,
      56,
      8,
      14,
      4953,
      4939,
      4127,
      4566,
      95,
      55,
      4046,
      3994,
      4596,
      4746,
      4587,
      103,
      5089,
      5098,
      4939,
      4111,
      431,
      5695,
      845,
      41,
      4548,
      42,
      4457,
      42,
      60,
      8,
      4832,
      259,
      5099,
      154,
      4550,
      4678,
      4833,
      4600,
      174,
      4744,
      5062,
      5508,
      5096,
      2,
      4408,
      2,
      6,
      4572,
      4186,
      4495,
      4127,
      5035,
      5383,
      121,
      52,
      665,
      4424,
      5158,
      75,
      4442,
      5117,
      4689,
      11,
      4495,
      63,
      4236,
      5172,
      4140,
      154,
      5335,
      5080,
      5095,
      4742,
      4696,
      281,
      9206,
      4458,
      4784,
      111,
      293,
      102,
      296,
      2,
      3,
      5588,
      2,
      3,
      4909,
      6610,
      4648,
      242,
      134,
      7715,
      4899,
      5012,
      4511,
      2584,
      74,
      48,
      127,
      95,
      4678,
      4534,
      4115,
      4672,
      4004,
      4438,
      4092,
      120,
      770,
      403,
      5020,
      190,
      159,
      6777,
      5155,
      4159,
      5149,
      6663,
      5148,
      4612,
      214,
      114,
      57,
      5237,
      124,
      610,
      354,
      4604,
      5447,
      4281,
      167,
      151,
      4697,
      4836,
      4670,
      125,
      110,
      5606,
      55,
      353,
      4618,
      166,
      4554,
      108,
      40,
      81,
      4177,
      2,
      2,
      2,
      2,
      142,
      5085,
      4569,
      15,
      24,
      4025,
      3963,
      4283,
      4932,
      67,
      4277,
      4704,
      4534,
      4901,
      4877,
      4514,
      4696,
      4925,
      53,
      208,
      103,
      5793,
      1263,
      139,
      96,
      4409,
      5705,
      171,
      4628,
      4448,
      4713,
      5004,
      4919,
      5066,
      4952,
      4529,
      88,
      500,
      47,
      13283,
      4052,
      158,
      4653,
      4639,
      4921,
      4569,
      4091,
      17,
      453,
      4562,
      113,
      10,
      4885,
      109,
      130,
      14,
      4646,
      269,
      5744,
      241,
      1134,
      4809,
      117,
      4153,
      104,
      249,
      4915,
      622,
      4912,
      406,
      349,
      4125,
      4694,
      4866,
      4708,
      34,
      4096,
      4215,
      46,
      4897,
      4879,
      118,
      4728,
      4894,
      110,
      247,
      37,
      4951,
      249,
      48,
      5141,
      5156,
      5302,
      72,
      97,
      5457,
      76,
      5734,
      59,
      77,
      121,
      2,
      6676,
      32,
      134,
      43,
      310,
      1166,
      65,
      251,
      41,
      28,
      223,
      8,
      98,
      4834,
      2,
      4968,
      905,
      4992,
      4571,
      9,
      4453,
      348,
      198,
      106,
      2,
      6217,
      4966,
      45
    ],
    "chars": {
      "n": 300,
      "min": 2,
      "max": 55064,
      "mean": 10030.043333333333,
      "std": 10829.825709652743,
      "var": 117285124.90145555,
      "p10": 96,
      "p25": 453,
      "p50": 6868,
      "p75": 18370,
      "p90": 24775,
      "p95": 26866,
      "p99": 44047
    },
    "chars_histogram": {
      "edges": [
        0,
        50,
        100,
        250,
        500,
        1000,
        2500,
        5000,
        10000,
        25000,
        50000,
        100000,
        200000
      ],
      "counts": [
        24,
        7,
        18,
        28,
        41,
        21,
        4,
        29,
        99,
        28,
        1,
        0
      ],
      "labels": [
        "[0,50)",
        "[50,100)",
        "[100,250)",
        "[250,500)",
        "[500,1000)",
        "[1000,2500)",
        "[2500,5000)",
        "[5000,10000)",
        "[10000,25000)",
        "[25000,50000)",
        "[50000,100000)",
        "[100000,200000)"
      ]
    }
  },
  "correct_rollouts": {
    "tokens": {
      "n": 80,
      "min": 2,
      "max": 9206,
      "mean": 2438.6625,
      "std": 2450.767190818775,
      "var": 6006259.82359375,
      "p10": 8,
      "p25": 63,
      "p50": 1166,
      "p75": 4704,
      "p90": 5020,
      "p95": 5606,
      "p99": 9206
    },
    "tokens_histogram": {
      "edges": [
        0,
        10,
        20,
        50,
        100,
        200,
        500,
        1000,
        2000,
        5000,
        10000,
        20000,
        40000
      ],
      "counts": [
        10,
        2,
        7,
        4,
        13,
        3,
        1,
        1,
        31,
        8,
        0,
        0
      ],
      "labels": [
        "[0,10)",
        "[10,20)",
        "[20,50)",
        "[50,100)",
        "[100,200)",
        "[200,500)",
        "[500,1000)",
        "[1000,2000)",
        "[2000,5000)",
        "[5000,10000)",
        "[10000,20000)",
        "[20000,40000)"
      ]
    },
    "tokens_raw": [
      127,
      3,
      5,
      31,
      8,
      14,
      95,
      4046,
      3994,
      4746,
      103,
      5089,
      42,
      8,
      4832,
      259,
      5099,
      154,
      75,
      63,
      4236,
      4140,
      154,
      4742,
      4696,
      9206,
      4458,
      2,
      3,
      2,
      3,
      4511,
      48,
      127,
      120,
      770,
      403,
      5020,
      190,
      159,
      6777,
      114,
      5606,
      4554,
      5085,
      4569,
      3963,
      4283,
      4277,
      4704,
      4534,
      4901,
      4877,
      4514,
      4696,
      4925,
      53,
      4562,
      113,
      10,
      4885,
      109,
      4125,
      4694,
      4866,
      34,
      4897,
      37,
      48,
      1166,
      41,
      4992,
      9,
      4453,
      348,
      198,
      106,
      2,
      6217,
      4966
    ],
    "chars": {
      "n": 80,
      "min": 2,
      "max": 48004,
      "mean": 8140.4,
      "std": 10090.068786435502,
      "var": 101809488.115,
      "p10": 14,
      "p25": 253,
      "p50": 3582,
      "p75": 14085,
      "p90": 19209,
      "p95": 27539,
      "p99": 48004
    },