{
  "primary_metric": "prompt_level_loose_acc",
  "n_items": 300,
  "n_items_correct": 118,
  "n_items_incorrect": 182,
  "n_items_unknown": 0,
  "n_generations": 300,
  "samples_per_item": [
    1
  ],
  "all_rollouts": {
    "tokens": {
      "n": 300,
      "min": 2,
      "max": 5165,
      "mean": 1074.8933333333334,
      "std": 1977.4661940529406,
      "var": 3910372.548622222,
      "p10": 2,
      "p25": 2,
      "p50": 3,
      "p75": 150,
      "p90": 4742,
      "p95": 5010,
      "p99": 5137
    },
    "tokens_histogram": {
      "edges": [
        0,
        10,
        20,
        50,
        100,
        200,
        500,
        1000,
        2000,
        5000,
        10000,
        20000,
        40000
      ],
      "counts": [
        187,
        5,
        17,
        12,
        12,
        0,
        0,
        0,
        50,
        17,
        0,
        0
      ],
      "labels": [
        "[0,10)",
        "[10,20)",
        "[20,50)",
        "[50,100)",
        "[100,200)",
        "[200,500)",
        "[500,1000)",
        "[1000,2000)",
        "[2000,5000)",
        "[5000,10000)",
        "[10000,20000)",
        "[20000,40000)"
      ]
    },
    "tokens_raw": [
      3,
      3,
      3,
      3,
      5,
      4503,
      3,
      3,
      2,
      3,
      4,
      3,
      2,
      4657,
      4,
      3,
      2,
      4,
      2,
      4435,
      2,
      2,
      4738,
      2,
      2,
      3,
      2,
      2,
      3,
      2,
      3,
      3,
      3,
      2,
      4487,
      74,
      4497,
      2,
      3,
      54,
      91,
      3,
      5165,
      2,
      22,
      26,
      2,
      2,
      2,
      2,
      2,
      2,
      4317,
      4,
      2,
      3,
      3,
      3,
      3,
      2,
      3,
      2,
      89,
      3,
      2,
      4523,
      4701,
      3,
      3,
      4682,
      21,
      4643,
      4686,
      2,
      22,
      5086,
      2,
      3,
      3,
      3,
      2,
      4423,
      2,
      2,
      2,
      2,
      19,
      4449,
      4691,
      2,
      3,
      3,
      3,
      2,
      2,
      54,
      31,
      163,
      3,
      65,
      2,
      3,
      2,
      2,
      3,
      2,
      2,
      2,
      197,
      3,
      4742,
      4479,
      4671,
      2,
      3,
      3,
      13,
      3,
      3,
      5012,
      3,
      3,
      2,
      2,
      4908,
      4598,
      76,
      150,
      180,
      29,
      34,
      73,
      100,
      108,
      47,
      195,
      26,
      137,
      23,
      23,
      2,
      23,
      23,
      3,
      4705,
      3,
      2,
      97,
      2,
      4719,
      3,
      2,
      3,
      2,
      26,
      11,
      4,
      3,
      5059,
      3,
      2,
      3,
      2,
      2,
      2,
      2,
      2,
      2,
      2,
      2,
      3,
      5070,
      4589,
      4541,
      2,
      57,
      4907,
      3,
      4385,
      3,
      3,
      5107,
      5093,
      6,
      3,
      3,
      3,
      3,
      3,
      3,
      3,
      2,
      3,
      4,
      5153,
      4335,
      4,
      3,
      4715,
      3,
      2,
      2,
      2,
      2,
      2,
      2,
      4561,
      3,
      4522,
      4715,
      3,
      3,
      4665,
      5001,
      4556,
      4763,
      4441,
      2,
      5076,
      3,
      2,
      2,
      3,
      3,
      3,
      4,
      3,
      4,
      12,
      3,
      3,
      4743,
      4750,
      4843,
      4706,
      2,
      4584,
      4714,
      2,
      4946,
      3,
      6,
      6,
      6,
      2,
      3,
      2,
      2,
      4976,
      4956,
      3,
      2,
      2,
      3,
      3,
      5006,
      4573,
      4757,
      12,
      2,
      2,
      3,
      9,
      3,
      3,
      3,
      5103,
      5099,
      4693,
      3,
      69,
      5014,
      5137,
      4746,
      134,
      3,
      3,
      33,
      2,
      2,
      31,
      8,
      2,
      4746,
      5124,
      3,
      3,
      3,
      2,
      3,
      2,
      2,
      174,
      198,
      163,
      52,
      4679,
      5010,
      2,
      24
    ],
    "chars": {
      "n": 300,
      "min": 1,
      "max": 26291,
      "mean": 1258.3866666666668,
      "std": 2672.7609701995843,
      "var": 7143651.203822223,
      "p10": 2,
      "p25": 9,
      "p50": 10,
      "p75": 695,
      "p90": 4745,
      "p95": 5054,
      "p99": 12616
    },
    "chars_histogram": {
      "edges": [
        0,
        50,
        100,
        250,
        500,
        1000,
        2500,
        5000,
        10000,
        25000,
        50000,
        100000,
        200000
      ],
      "counts": [
        189,
        13,
        8,
        13,
        8,
        2,
        47,
        17,
        2,
        1,
        0,
        0
      ],
      "labels": [
        "[0,50)",
        "[50,100)",
        "[100,250)",
        "[250,500)",
        "[500,1000)",
        "[1000,2500)",
        "[2500,5000)",
        "[5000,10000)",
        "[10000,25000)",
        "[25000,50000)",
        "[50000,100000)",
        "[100000,200000)"
      ]
    }
  },
  "correct_rollouts": {
    "tokens": {
      "n": 118,
      "min": 2,
      "max": 5107,
      "mean": 713.1694915254237,
      "std": 1701.7579958258955,
      "var": 2895980.2763573686,
      "p10": 2,
      "p25": 2,
      "p50": 3,
      "p75": 23,
      "p90": 4693,
      "p95": 5070,
      "p99": 5103
    },
    "tokens_histogram": {
      "edges": [
        0,
        10,
        20,
        50,
        100,
        200,
        500,
        1000,
        2000,
        5000,
        10000,
        20000,
        40000
      ],
      "counts": [
        82,
        4,
        6,
        3,
        6,
        0,
        0,
        0,
        9,
        8,
        0,
        0
      ],
      "labels": [
        "[0,10)",
        "[10,20)",
        "[20,50)",
        "[50,100)",
        "[100,200)",
        "[200,500)",
        "[500,1000)",
        "[1000,2000)",
        "[2000,5000)",
        "[5000,10000)",
        "[10000,20000)",
        "[20000,40000)"
      ]
    },
    "tokens_raw": [
      4,
      2,
      2,
      2,
      2,
      2,
      2,
      22,
      5086,
      2,
      3,
      3,
      3,
      19,
      3,
      3,
      3,
      2,
      2,
      2,
      3,
      2,
      3,
      2,
      3,
      3,
      13,
      3,
      76,
      150,
      180,
      29,
      34,
      73,
      100,
      47,
      23,
      23,
      2,
      11,
      4,
      3,
      3,
      2,
      3,
      2,
      2,
      2,
      2,
      5070,
      4589,
      4541,
      2,
      4907,
      3,
      4385,
      3,
      3,
      5107,
      5093,
      6,
      3,
      3,
      3,
      3,
      2,
      2,
      2,
      2,
      2,
      3,
      3,
      3,
      2,
      3,
      2,
      2,
      3,
      3,
      3,
      4,
      3,
      4,
      12,
      3,
      3,
      4743,
      4843,
      6,
      6,
      6,
      2,
      3,
      2,
      3,
      2,
      3,
      3,
      5006,
      4573,
      3,
      3,
      3,
      5103,
      5099,
      4693,
      3,
      2,
      3,
      2,
      2,
      174,
      198,
      163,
      52,
      4679,
      5010,
      2
    ],
    "chars": {
      "n": 118,
      "min": 1,
      "max": 26291,
      "mean": 1005.5254237288135,
      "std": 3034.648885707064,
      "var": 9209093.859523125,
      "p10": 1,
      "p25": 9,
      "p50": 10,
      "p75": 96,
      "p90": 4692,
      "p95": 5092,
      "p99": 12616
    },
    "chars_histogram": {
      "edges": [
        0,
        50,
        100,
        250,
        500,
        1000,
        2500,
        5000,
        10000,
        25000,
        50000,
        100000,
        200000
      ],