{
  "primary_metric": "prompt_level_loose_acc",
  "n_items": 300,
  "n_items_correct": 118,
  "n_items_incorrect": 182,
  "n_items_unknown": 0,
  "n_generations": 300,
  "samples_per_item": [
    1
  ],
  "all_rollouts": {
    "tokens": {
      "n": 300,
      "min": 2,
      "max": 5235,
      "mean": 60.766666666666666,
      "std": 477.76755738422514,
      "var": 228261.8388888889,
      "p10": 2,
      "p25": 2,
      "p50": 2,
      "p75": 3,
      "p90": 38,
      "p95": 89,
      "p99": 4174
    },
    "tokens_histogram": {
      "edges": [
        0,
        10,
        20,
        50,
        100,
        200,
        500,
        1000,
        2000,
        5000,
        10000,
        20000,
        40000
      ],
      "counts": [
        256,
        6,
        15,
        10,
        6,
        4,
        0,
        0,
        2,
        1,
        0,
        0
      ],
      "labels": [
        "[0,10)",
        "[10,20)",
        "[20,50)",
        "[50,100)",
        "[100,200)",
        "[200,500)",
        "[500,1000)",
        "[1000,2000)",
        "[2000,5000)",
        "[5000,10000)",
        "[10000,20000)",
        "[20000,40000)"
      ]
    },
    "tokens_raw": [
      2,
      2,
      10,
      2,
      3,
      2,
      2,
      2,
      2,
      2,
      4,
      2,
      2,
      2,
      2,
      2,
      3,
      2,
      2,
      24,
      6,
      2,
      2,
      2,
      2,
      2,
      105,
      2,
      2,
      2,
      35,
      2,
      2,
      2,
      61,
      2,
      2,
      2,
      2,
      2,
      439,
      2,
      2,
      41,
      25,
      51,
      2,
      2,
      2,
      2,
      2,
      2,
      2,
      2,
      2,
      2,
      2,
      2,
      2,
      2,
      2,
      2,
      2,
      2,
      3,
      2,
      2,
      2,
      2,
      2,
      2,
      2,
      2,
      2,
      2,
      284,
      2,
      2,
      2,
      2,
      2,
      2,
      3,
      4,
      2,
      3,
      2,
      2,
      2,
      2,
      2,
      2,
      34,
      2,
      2,
      132,
      2,
      81,
      2,
      24,
      2,
      3,
      2,
      2,
      3,
      2,
      2,
      12,
      199,
      2,
      2,
      2,
      2,
      71,
      2,
      2,
      18,
      2,
      3,
      3,
      3,
      3,
      3,
      3,
      3,
      2,
      89,
      144,
      204,
      49,
      42,
      39,
      81,
      97,
      87,
      2,
      26,
      2,
      5,
      13,
      2,
      3,
      19,
      2,
      2,
      2,
      2,
      202,
      2,
      4,
      3,
      3,
      4,
      2,
      2,
      2,
      2,
      2,
      2,
      2,
      2,
      2,
      2,
      2,
      2,
      2,
      2,
      2,
      2,
      2,
      2,
      2,
      2,
      2,
      2,
      2,
      2,
      2,
      2,
      2,
      2,
      2,
      2,
      2,
      2,
      2,
      2,
      2,
      2,
      2,
      2,
      5,
      4,
      3,
      4,
      3,
      4,
      3,
      4,
      3,
      3,
      2,
      2,
      2,
      2,
      2,
      2,
      2,
      2,
      2,
      2,
      2,
      2,
      2,
      2,
      2,
      2,
      2,
      2,
      2,
      2,
      2,
      2,
      2,
      63,
      2,
      2,
      2,
      5235,
      4919,
      2,
      2,
      2,
      2,
      2,
      2,
      2,
      2,
      2,
      2,
      2,
      2,
      2,
      2,
      2,
      2,
      2,
      2,
      2,
      2,
      2,
      2,
      2,
      2,
      2,
      2,
      2,
      2,
      2,
      2,
      2,
      2,
      2,
      2,
      2,
      2,
      2,
      2,
      2,
      2,
      77,
      2,
      2,
      2,
      120,
      3,
      3,
      33,
      38,
      2,
      39,
      20,
      2,
      2,
      2,
      2,
      2,
      2,
      2,
      2,
      2,
      2,
      150,
      4174,
      15,
      47,
      2,
      2,
      2,
      2
    ],
    "chars": {
      "n": 300,
      "min": 1,
      "max": 26748,
      "mean": 266.0566666666667,
      "std": 2214.1516313904267,
      "var": 4902467.446788888,
      "p10": 1,
      "p25": 1,
      "p50": 9,
      "p75": 9,
      "p90": 111,
      "p95": 389,
      "p99": 18028
    },
    "chars_histogram": {
      "edges": [
        0,
        50,
        100,
        250,
        500,
        1000,
        2500,
        5000,
        10000,
        25000,
        50000,
        100000,
        200000
      ],
      "counts": [
        262,
        6,
        12,
        10,
        5,
        2,
        0,
        0,
        2,
        1,
        0,
        0
      ],
      "labels": [
        "[0,50)",
        "[50,100)",
        "[100,250)",
        "[250,500)",
        "[500,1000)",
        "[1000,2500)",
        "[2500,5000)",
        "[5000,10000)",
        "[10000,25000)",
        "[25000,50000)",
        "[50000,100000)",
        "[100000,200000)"
      ]
    }
  },
  "correct_rollouts": {
    "tokens": {
      "n": 118,
      "min": 2,
      "max": 204,
      "mean": 14.211864406779661,
      "std": 33.31662477434495,
      "var": 1109.9974863544958,
      "p10": 2,
      "p25": 2,
      "p50": 2,
      "p75": 2,
      "p90": 49,
      "p95": 89,
      "p99": 150
    },
    "tokens_histogram": {
      "edges": [
        0,
        10,
        20,
        50,
        100,
        200,
        500,
        1000,
        2000,
        5000,
        10000,
        20000,
        40000
      ],
      "counts": [
        96,
        5,
        6,
        6,
        4,
        1,
        0,
        0,
        0,
        0,
        0,
        0
      ],
      "labels": [
        "[0,10)",
        "[10,20)",
        "[20,50)",
        "[50,100)",
        "[100,200)",
        "[200,500)",
        "[500,1000)",
        "[1000,2000)",
        "[2000,5000)",
        "[5000,10000)",
        "[10000,20000)",
        "[20000,40000)"
      ]
    },
    "tokens_raw": [
      105,
      61,
      51,
      2,
      2,
      2,
      2,
      2,
      2,
      2,
      2,
      2,
      2,
      2,
      2,
      2,
      34,
      2,
      2,
      2,
      3,
      2,
      3,
      12,
      2,
      2,
      18,
      2,
      89,
      144,
      204,
      49,
      42,
      39,
      81,
      87,
      2,
      2,
      13,
      19,
      2,
      2,
      2,
      2,
      2,
      2,
      2,
      2,
      2,
      2,
      2,
      2,
      2,
      2,
      2,
      2,
      2,
      2,
      2,
      2,
      2,
      2,
      2,
      2,
      2,
      2,
      2,
      2,
      3,
      2,
      2,
      2,
      2,
      2,
      2,
      2,
      2,
      2,
      2,
      63,
      2,
      2,
      2,
      2,
      2,
      2,
      2,
      2,
      2,
      2,
      2,
      2,
      2,
      2,
      2,
      2,
      2,
      2,
      2,
      2,
      2,
      2,
      2,
      2,
      2,
      120,
      39,
      2,
      2,
      2,
      2,
      150,
      15,
      47,
      2,
      2,
      2,
      2
    ],
    "chars": {
      "n": 118,
      "min": 1,
      "max": 799,
      "mean": 53.91525423728814,
      "std": 141.87082787242255,
      "var": 20127.33180120655,
      "p10": 1,
      "p25": 1,
      "p50": 9,
      "p75": 9,
      "p90": 190,
      "p95": 419,
      "p99": 715
    },
    "chars_histogram": {
      "edges": [
        0,
        50,
        100,
        250,
        500,
        1000,
        2500,
        5000,
        10000,
        25000,
        50000,
        100000,
        200000
      ],
      "counts": [
        98,
        6,
        6,
        5,
        3,
        0,
        0,
        0,
        0,
        0,
        0,
        0
      ],