{
  "primary_metric": "prompt_level_loose_acc",
  "n_items": 300,
  "n_items_correct": 116,
  "n_items_incorrect": 184,
  "n_items_unknown": 0,
  "n_generations": 300,
  "samples_per_item": [
    1
  ],
  "all_rollouts": {
    "tokens": {
      "n": 300,
      "min": 2,
      "max": 5171,
      "mean": 241.45,
      "std": 1014.5139398582292,
      "var": 1029238.5341666667,
      "p10": 2,
      "p25": 2,
      "p50": 2,
      "p75": 5,
      "p90": 92,
      "p95": 314,
      "p99": 4922
    },
    "tokens_histogram": {
      "edges": [
        0,
        10,
        20,
        50,
        100,
        200,
        500,
        1000,
        2000,
        5000,
        10000,
        20000,
        40000
      ],
      "counts": [
        231,
        7,
        13,
        22,
        8,
        5,
        0,
        0,
        13,
        1,
        0,
        0
      ],
      "labels": [
        "[0,10)",
        "[10,20)",
        "[20,50)",
        "[50,100)",
        "[100,200)",
        "[200,500)",
        "[500,1000)",
        "[1000,2000)",
        "[2000,5000)",
        "[5000,10000)",
        "[10000,20000)",
        "[20000,40000)"
      ]
    },
    "tokens_raw": [
      3,
      2,
      3,
      2,
      5,
      2,
      2,
      76,
      2,
      2,
      4922,
      3,
      2,
      2,
      2,
      2,
      2,
      2,
      2,
      2,
      2,
      2,
      2,
      2,
      2,
      2,
      3,
      2,
      3,
      3,
      2,
      2,
      2,
      92,
      2,
      26,
      140,
      3,
      2,
      54,
      91,
      2,
      2,
      2,
      2,
      2,
      2,
      2,
      2,
      2,
      3,
      2,
      4911,
      2,
      2,
      2,
      2,
      14,
      2,
      2,
      16,
      32,
      2,
      2,
      3,
      2,
      2,
      2,
      2,
      82,
      2,
      2,
      2,
      4972,
      22,
      177,
      2,
      2,
      2,
      70,
      2,
      2,
      2,
      2,
      105,
      2,
      39,
      2,
      2,
      2,
      2,
      2,
      2,
      2,
      2,
      53,
      62,
      113,
      2,
      24,
      2,
      5,
      2,
      2,
      2,
      2,
      82,
      2,
      4,
      2,
      2,
      2,
      2,
      2,
      2,
      2,
      48,
      2,
      3,
      3,
      3,
      3,
      3,
      2,
      3,
      2,
      85,
      167,
      5171,
      267,
      55,
      2,
      206,
      314,
      59,
      273,
      53,
      11,
      23,
      5,
      5,
      57,
      3,
      5,
      38,
      2,
      3,
      97,
      82,
      2,
      2,
      4,
      2,
      3,
      2,
      11,
      3,
      29,
      4,
      2,
      2,
      2,
      90,
      2,
      2,
      2,
      2,
      2,
      2,
      2,
      2,
      2,
      2,
      2,
      2,
      97,
      2,
      2,
      2,
      2,
      2,
      2,
      2,
      4,
      2,
      2,
      2,
      3,
      2,
      2,
      3,
      3,
      2,
      2,
      4,
      2,
      2,
      2,
      2,
      3,
      3,
      3,
      2,
      3,
      2,
      2,
      4855,
      2,
      2,
      2,
      2,
      2,
      2,
      2,
      2,
      2,
      2,
      2,
      2,
      2,
      3,
      2,
      3,
      3,
      62,
      12,
      4,
      2,
      2,
      3,
      3,
      2,
      3,
      3,
      4877,
      2,
      4901,
      3,
      2,
      4786,
      4591,
      2,
      2,
      2,
      2,
      2,
      2,
      2,
      2,
      2,
      2,
      2,
      2,
      15,
      22,
      2,
      2,
      2,
      2,
      3,
      13,
      2,
      2,
      31,
      2,
      3,
      2,
      2,
      4272,
      2,
      200,
      3,
      2,
      4880,
      120,
      3,
      2,
      33,
      2,
      2,
      39,
      4835,
      3,
      4881,
      2,
      60,
      3,
      3,
      2,
      2,
      2,
      3,
      130,
      144,
      67,
      60,
      4606,
      3,
      5,
      2
    ],
    "chars": {
      "n": 300,
      "min": 1,
      "max": 20522,
      "mean": 436.82,
      "std": 2080.2008639231613,
      "var": 4327235.634266667,
      "p10": 3,
      "p25": 7,
      "p50": 7,
      "p75": 16,
      "p90": 455,
      "p95": 1499,
      "p99": 17258
    },
    "chars_histogram": {
      "edges": [
        0,
        50,
        100,
        250,
        500,
        1000,
        2500,
        5000,
        10000,
        25000,
        50000,
        100000,
        200000
      ],
      "counts": [
        236,
        5,
        16,
        16,
        11,
        2,
        11,
        0,
        3,
        0,
        0,
        0
      ],
      "labels": [
        "[0,50)",
        "[50,100)",
        "[100,250)",
        "[250,500)",
        "[500,1000)",
        "[1000,2500)",
        "[2500,5000)",
        "[5000,10000)",
        "[10000,25000)",
        "[25000,50000)",
        "[50000,100000)",
        "[100000,200000)"
      ]
    }
  },
  "correct_rollouts": {
    "tokens": {
      "n": 116,
      "min": 2,
      "max": 5171,
      "mean": 137.07758620689654,
      "std": 744.2156267862119,
      "var": 553856.8991527943,
      "p10": 2,
      "p25": 2,
      "p50": 2,
      "p75": 4,
      "p90": 67,
      "p95": 167,
      "p99": 4606
    },
    "tokens_histogram": {
      "edges": [
        0,
        10,
        20,
        50,
        100,
        200,
        500,
        1000,
        2000,
        5000,
        10000,
        20000,
        40000
      ],
      "counts": [
        92,
        3,
        6,
        7,
        3,
        2,
        0,
        0,
        2,
        1,
        0,
        0
      ],
      "labels": [
        "[0,10)",
        "[10,20)",
        "[20,50)",
        "[50,100)",
        "[100,200)",
        "[200,500)",
        "[500,1000)",
        "[1000,2000)",
        "[2000,5000)",
        "[5000,10000)",
        "[10000,20000)",
        "[20000,40000)"
      ]
    },
    "tokens_raw": [
      92,
      2,
      2,
      2,
      3,
      2,
      22,
      2,
      2,
      2,
      70,
      39,
      2,
      2,
      2,
      2,
      2,
      2,
      5,
      2,
      2,
      2,
      48,
      2,
      85,
      167,
      5171,
      267,
      55,
      2,
      206,
      59,
      3,
      2,
      11,
      3,
      29,
      4,
      2,
      2,
      2,
      2,
      2,
      2,
      2,
      2,
      2,
      2,
      2,
      2,
      2,
      2,
      2,
      2,
      2,
      4,
      2,
      2,
      2,
      3,
      3,
      3,
      2,
      3,
      2,
      2,
      2,
      2,
      2,
      2,
      2,
      2,
      2,
      2,
      2,
      3,
      2,
      3,
      3,
      12,
      4,
      2,
      2,
      3,
      3,
      2,
      3,
      3,
      2,
      2,
      2,
      2,
      2,
      2,
      2,
      15,
      22,
      2,
      2,
      3,
      2,
      3,
      2,
      2,
      4272,
      2,
      39,
      2,
      2,
      130,
      144,
      67,
      60,
      4606,
      3,
      5
    ],
    "chars": {
      "n": 116,
      "min": 1,
      "max": 17258,
      "mean": 295.42241379310343,
      "std": 1690.3650654001367,
      "var": 2857334.054325208,
      "p10": 3,
      "p25": 7,
      "p50": 7,
      "p75": 13,
      "p90": 372,
      "p95": 756,
      "p99": 4605
    },
    "chars_histogram": {
      "edges": [
        0,
        50,
        100,
        250,
        500,
        1000,
        2500,
        5000,
        10000,
        25000,
        50000,
        100000,
        200000
      ],
      "counts": [
        93,
        3,
        5,
        7,
        5,
        0,
        2,
        0,
        1,
        0,
        0,
        0
      ],