{
  "primary_metric": "exact_match_flex",
  "n_items": 500,
  "n_items_correct": 215,
  "n_items_incorrect": 285,
  "n_items_unknown": 0,
  "n_generations": 500,
  "samples_per_item": [
    1
  ],
  "all_rollouts": {
    "tokens": {
      "n": 500,
      "min": 2,
      "max": 5103,
      "mean": 256.676,
      "std": 660.035843741838,
      "var": 435647.315024,
      "p10": 8,
      "p25": 50,
      "p50": 155,
      "p75": 243,
      "p90": 327,
      "p95": 402,
      "p99": 4774
    },
    "tokens_histogram": {
      "edges": [
        0,
        10,
        20,
        50,
        100,
        200,
        500,
        1000,
        2000,
        5000,
        10000,
        20000,
        40000
      ],
      "counts": [
        65,
        25,
        35,
        44,
        143,
        171,
        6,
        0,
        9,
        2,
        0,
        0
      ],
      "labels": [
        "[0,10)",
        "[10,20)",
        "[20,50)",
        "[50,100)",
        "[100,200)",
        "[200,500)",
        "[500,1000)",
        "[1000,2000)",
        "[2000,5000)",
        "[5000,10000)",
        "[10000,20000)",
        "[20000,40000)"
      ]
    },
    "tokens_raw": [
      13,
      87,
      326,
      174,
      9,
      128,
      25,
      4774,
      273,
      6,
      78,
      85,
      50,
      175,
      196,
      218,
      121,
      19,
      102,
      242,
      94,
      80,
      40,
      434,
      2,
      275,
      171,
      2,
      141,
      2,
      234,
      100,
      9,
      349,
      386,
      289,
      282,
      2,
      128,
      44,
      7,
      244,
      151,
      17,
      191,
      74,
      210,
      227,
      171,
      209,
      9,
      228,
      11,
      19,
      10,
      182,
      116,
      168,
      144,
      2,
      131,
      322,
      19,
      321,
      118,
      7,
      19,
      195,
      104,
      203,
      276,
      241,
      225,
      193,
      39,
      237,
      103,
      127,
      201,
      196,
      450,
      6,
      266,
      109,
      131,
      213,
      2,
      238,
      2,
      316,
      21,
      33,
      167,
      301,
      66,
      476,
      61,
      2,
      84,
      342,
      222,
      4769,
      136,
      114,
      89,
      9,
      99,
      8,
      142,
      53,
      92,
      282,
      109,
      218,
      150,
      233,
      184,
      121,
      95,
      62,
      7,
      212,
      7,
      223,
      154,
      197,
      143,
      161,
      8,
      435,
      286,
      343,
      7,
      266,
      570,
      159,
      129,
      269,
      193,
      44,
      194,
      7,
      9,
      519,
      27,
      278,
      156,
      291,
      114,
      2,
      93,
      16,
      75,
      24,
      117,
      179,
      20,
      4962,
      523,
      226,
      8,
      78,
      279,
      183,
      220,
      80,
      174,
      171,
      7,
      204,
      295,
      192,
      303,
      284,
      39,
      514,
      5103,
      2,
      137,
      4888,
      193,
      266,
      188,
      208,
      94,
      115,
      129,
      289,
      79,
      2,
      329,
      110,
      4060,
      18,
      52,
      326,
      10,
      313,
      216,
      160,
      398,
      208,
      354,
      139,
      85,
      343,
      85,
      8,
      120,
      138,
      149,
      115,
      258,
      39,
      8,
      215,
      228,
      2,
      62,
      11,
      6,
      2,
      245,
      177,
      4169,
      144,
      7,
      10,
      32,
      8,
      138,
      358,
      129,
      306,
      219,
      197,
      36,
      278,
      313,
      244,
      175,
      166,
      439,
      125,
      299,
      242,
      2,
      321,
      295,
      109,
      20,
      2,
      109,
      106,
      232,
      7,
      212,
      203,
      359,
      81,
      490,
      196,
      153,
      327,
      51,
      214,
      254,
      28,
      167,
      211,
      8,
      111,
      299,
      272,
      249,
      154,
      272,
      2,
      49,
      309,
      310,
      8,
      2,
      272,
      279,
      112,
      140,
      228,
      260,
      289,
      194,
      171,
      303,
      289,
      228,
      124,
      171,
      126,
      357,
      184,
      2,
      10,
      2,
      157,
      51,
      228,
      111,
      223,
      298,
      2,
      189,
      141,
      35,
      243,
      9,
      191,
      244,
      21,
      39,
      153,
      210,
      395,
      182,
      103,
      93,
      836,
      101,
      255,
      133,
      130,
      9,
      36,
      233,
      336,
      321,
      182,
      197,
      188,
      4103,
      212,
      305,
      44,
      188,
      239,
      213,
      152,
      252,
      233,
      182,
      8,
      243,
      19,
      155,
      226,
      232,
      282,
      378,
      226,
      10,
      163,
      3862,
      152,
      20,
      10,
      201,
      373,
      378,
      134,
      208,
      113,
      96,
      126,
      20,
      67,
      7,
      304,
      518,
      159,
      63,
      18,
      34,
      321,
      194,
      299,
      79,
      11,
      178,
      218,
      46,
      214,
      206,
      324,
      60,
      11,
      113,
      172,
      114,
      200,
      7,
      11,
      118,
      4480,
      368,
      45,
      2,
      2,
      24,
      310,
      21,
      239,
      230,
      8,
      375,
      18,
      302,
      387,
      198,
      126,
      372,
      245,
      368,
      76,
      197,
      87,
      327,
      130,
      299,
      154,
      192,
      206,
      21,
      53,
      239,
      84,
      304,
      204,
      222,
      7,
      2,
      253,
      256,
      10,
      182,
      152,
      44,
      22,
      406,
      152,
      88,
      2,
      360,
      319,
      350,
      118,
      294,
      2,
      20,
      58,
      8,
      11,
      129,
      399,
      9,
      92,
      402,
      8,
      191,
      136,
      113,
      152,
      263,
      8,
      154,
      2,
      234,
      8,
      9,
      146,
      52,
      161,
      151,
      125,
      282,
      205,
      40,
      15,
      197,
      196,
      158,
      295,
      185,
      2,
      22,
      233,
      118,
      277,
      5007,
      83,
      105,
      212
    ],
    "chars": {
      "n": 500,
      "min": 1,
      "max": 15975,
      "mean": 620.672,
      "std": 1347.013838242206,
      "var": 1814446.280416,
      "p10": 12,
      "p25": 165,
      "p50": 448,
      "p75": 664,
      "p90": 862,
      "p95": 1060,
      "p99": 9072
    },
    "chars_histogram": {
      "edges": [
        0,
        50,
        100,
        250,
        500,
        1000,
        2500,
        5000,
        10000,
        25000,
        50000,
        100000,
        200000
      ],
      "counts": [
        85,
        23,
        38,
        140,
        182,
        20,
        3,
        7,
        2,
        0,
        0,
        0
      ],
      "labels": [
        "[0,50)",
        "[50,100)",
        "[100,250)",
        "[250,500)",
        "[500,1000)",
        "[1000,2500)",
        "[2500,5000)",
        "[5000,10000)",
        "[10000,25000)",
        "[25000,50000)",
        "[50000,100000)",
        "[100000,200000)"
      ]
    }
  },
  "correct_rollouts": {
    "tokens": {
      "n": 215,
      "min": 6,
      "max": 523,
      "mean": 182.52093023255813,
      "std": 109.7831616650804,
      "var": 12052.342585181179,
      "p10": 19,
      "p25": 109,
      "p50": 184,
      "p75": 253,
      "p90": 324,
      "p95": 372,
      "p99": 476
    },