{
  "primary_metric": "pass_at_1",
  "n_items": 612,
  "n_items_correct": 27,
  "n_items_incorrect": 585,
  "n_items_unknown": 0,
  "n_generations": 612,
  "samples_per_item": [
    1
  ],
  "all_rollouts": {
    "tokens": {
      "n": 612,
      "min": 4,
      "max": 4405,
      "mean": 107.83823529411765,
      "std": 263.88498616572184,
      "var": 69635.2859236832,
      "p10": 25,
      "p25": 44,
      "p50": 84,
      "p75": 124,
      "p90": 170,
      "p95": 199,
      "p99": 349
    },
    "tokens_histogram": {
      "edges": [
        0,
        10,
        20,
        50,
        100,
        200,
        500,
        1000,
        2000,
        5000,
        10000,
        20000,
        40000
      ],
      "counts": [
        4,
        46,
        118,
        210,
        204,
        27,
        0,
        0,
        3,
        0,
        0,
        0
      ],
      "labels": [
        "[0,10)",
        "[10,20)",
        "[20,50)",
        "[50,100)",
        "[100,200)",
        "[200,500)",
        "[500,1000)",
        "[1000,2000)",
        "[2000,5000)",
        "[5000,10000)",
        "[10000,20000)",
        "[20000,40000)"
      ]
    },
    "tokens_raw": [
      4,
      119,
      151,
      149,
      167,
      7,
      147,
      186,
      10,
      43,
      92,
      29,
      178,
      111,
      62,
      109,
      70,
      111,
      110,
      93,
      129,
      126,
      70,
      59,
      81,
      179,
      86,
      39,
      37,
      80,
      83,
      31,
      72,
      27,
      233,
      76,
      103,
      31,
      36,
      69,
      89,
      122,
      58,
      39,
      73,
      142,
      104,
      42,
      28,
      101,
      85,
      92,
      138,
      73,
      81,
      103,
      139,
      69,
      24,
      43,
      173,
      85,
      28,
      58,
      121,
      26,
      27,
      56,
      113,
      89,
      53,
      52,
      114,
      125,
      35,
      92,
      79,
      109,
      106,
      30,
      36,
      99,
      84,
      47,
      42,
      30,
      126,
      39,
      84,
      124,
      119,
      38,
      35,
      23,
      111,
      71,
      34,
      63,
      62,
      93,
      80,
      27,
      62,
      82,
      34,
      36,
      54,
      79,
      56,
      125,
      149,
      129,
      106,
      80,
      31,
      98,
      70,
      80,
      135,
      98,
      85,
      62,
      137,
      77,
      27,
      92,
      32,
      68,
      96,
      36,
      35,
      30,
      83,
      109,
      35,
      53,
      36,
      89,
      124,
      179,
      130,
      93,
      83,
      101,
      76,
      30,
      31,
      115,
      75,
      128,
      73,
      25,
      70,
      103,
      33,
      79,
      53,
      23,
      35,
      29,
      56,
      96,
      28,
      42,
      71,
      83,
      122,
      123,
      33,
      86,
      31,
      105,
      24,
      182,
      36,
      55,
      142,
      70,
      101,
      27,
      92,
      80,
      47,
      69,
      30,
      95,
      60,
      132,
      56,
      86,
      99,
      131,
      91,
      133,
      10,
      10,
      28,
      368,
      124,
      10,
      10,
      10,
      103,
      10,
      182,
      5,
      113,
      60,
      227,
      185,
      10,
      327,
      15,
      91,
      65,
      194,
      222,
      93,
      62,
      13,
      166,
      101,
      65,
      117,
      10,
      105,
      10,
      171,
      155,
      146,
      180,
      143,
      212,
      33,
      211,
      74,
      79,
      161,
      62,
      10,
      72,
      163,
      79,
      10,
      67,
      162,
      58,
      10,
      199,
      52,
      496,
      140,
      186,
      120,
      94,
      53,
      10,
      105,
      143,
      10,
      132,
      101,
      112,
      10,
      51,
      126,
      181,
      170,
      10,
      238,
      65,
      158,
      99,
      68,
      92,
      79,
      349,
      170,
      6,
      33,
      81,
      159,
      241,
      78,
      79,
      10,
      113,
      92,
      157,
      61,
      79,
      85,
      10,
      197,
      46,
      19,
      137,
      156,
      225,
      61,
      112,
      10,
      125,
      140,
      10,
      20,
      136,
      217,
      141,
      83,
      10,
      38,
      116,
      129,
      29,
      176,
      90,
      64,
      10,
      4405,
      190,
      52,
      130,
      113,
      38,
      10,
      28,
      43,
      86,
      140,
      40,
      70,
      44,
      59,
      89,
      204,
      79,
      133,
      152,
      66,
      10,
      10,
      88,
      97,
      78,
      10,
      19,
      198,
      111,
      111,
      10,
      29,
      101,
      130,
      106,
      10,
      39,
      60,
      273,
      57,
      30,
      24,
      119,
      170,
      102,
      91,
      127,
      175,
      93,
      44,
      68,
      161,
      10,
      176,
      84,
      28,
      161,
      75,
      10,
      49,
      160,
      76,
      116,
      139,
      43,
      134,
      208,
      133,
      161,
      10,
      47,
      145,
      84,
      109,
      10,
      20,
      72,
      84,
      65,
      10,
      159,
      45,
      179,
      58,
      117,
      165,
      29,
      229,
      87,
      219,
      46,
      89,
      69,
      105,
      11,
      83,
      193,
      218,
      58,
      351,
      193,
      161,
      78,
      160,
      10,
      10,
      2121,
      65,
      87,
      125,
      94,
      10,
      10,
      129,
      98,
      164,
      209,
      158,
      84,
      116,
      107,
      119,
      88,
      10,
      68,
      117,
      95,
      95,
      44,
      90,
      175,
      128,
      160,
      104,
      260,
      47,
      89,
      101,
      64,
      93,
      29,
      45,
      78,
      106,
      26,
      127,
      32,
      33,
      33,
      66,
      79,
      25,
      141,
      110,
      52,
      25,
      128,
      97,
      251,
      42,
      81,
      157,
      30,
      108,
      91,
      106,
      46,
      79,
      61,
      42,
      53,
      28,
      137,
      106,
      81,
      39,
      83,
      131,
      34,
      47,
      51,
      70,
      126,
      37,
      80,
      122,
      114,
      27,
      152,
      67,
      90,
      67,
      61,
      114,
      10,
      107,
      115,
      67,
      57,
      66,
      87,
      58,
      106,
      98,
      175,
      38,
      77,
      108,
      10,
      50,
      196,
      72,
      137,
      48,
      41,
      186,
      225,
      167,
      53,
      114,
      122,
      117,
      4316,
      157,
      149,
      55,
      193,
      22,
      143,
      91,
      110,
      61,
      108,
      204,
      148,
      84,
      120,
      110,
      88,
      59,
      78,
      85,
      166,
      130,
      95,
      66,
      64,
      96,
      109,
      72,
      83,
      97,
      33,
      76,
      232,
      26,
      33,
      108,
      28,
      71,
      104,
      71,
      34,
      99,
      124,
      47,
      170,
      89,
      45,
      27,
      100,
      92,
      39,
      32,
      130,
      105,
      26,
      75,
      139,
      126,
      40,
      25,
      32,
      95,
      135,
      86,
      54,
      53,
      184,
      115,
      228,
      28
    ],
    "chars": {
      "n": 612,
      "min": 4,
      "max": 5662,
      "mean": 352.3267973856209,
      "std": 400.09143693579733,
      "var": 160073.1579093511,
      "p10": 89,
      "p25": 144,
      "p50": 301,
      "p75": 458,
      "p90": 633,
      "p95": 751,
      "p99": 1163
    },