{
  "primary_metric": "pass_at_1",
  "n_items": 612,
  "n_items_correct": 22,
  "n_items_incorrect": 590,
  "n_items_unknown": 0,
  "n_generations": 612,
  "samples_per_item": [
    1
  ],
  "all_rollouts": {
    "tokens": {
      "n": 612,
      "min": 2,
      "max": 343,
      "mean": 41.27777777777778,
      "std": 53.17001307585475,
      "var": 2827.050290486565,
      "p10": 2,
      "p25": 2,
      "p50": 2,
      "p75": 79,
      "p90": 117,
      "p95": 143,
      "p99": 192
    },
    "tokens_histogram": {
      "edges": [
        0,
        10,
        20,
        50,
        100,
        200,
        500,
        1000,
        2000,
        5000,
        10000,
        20000,
        40000
      ],
      "counts": [
        310,
        44,
        39,
        114,
        101,
        4,
        0,
        0,
        0,
        0,
        0,
        0
      ],
      "labels": [
        "[0,10)",
        "[10,20)",
        "[20,50)",
        "[50,100)",
        "[100,200)",
        "[200,500)",
        "[500,1000)",
        "[1000,2000)",
        "[2000,5000)",
        "[5000,10000)",
        "[10000,20000)",
        "[20000,40000)"
      ]
    },
    "tokens_raw": [
      2,
      2,
      2,
      2,
      110,
      2,
      2,
      2,
      2,
      65,
      87,
      109,
      170,
      2,
      62,
      109,
      72,
      102,
      107,
      77,
      2,
      111,
      102,
      59,
      138,
      132,
      102,
      103,
      37,
      2,
      116,
      31,
      79,
      2,
      170,
      121,
      99,
      129,
      40,
      73,
      93,
      94,
      68,
      67,
      73,
      181,
      2,
      2,
      2,
      124,
      79,
      92,
      133,
      73,
      82,
      198,
      112,
      69,
      134,
      43,
      2,
      65,
      2,
      2,
      123,
      2,
      2,
      2,
      2,
      105,
      2,
      45,
      127,
      127,
      25,
      113,
      75,
      102,
      2,
      30,
      157,
      95,
      2,
      50,
      2,
      86,
      129,
      39,
      73,
      124,
      147,
      89,
      46,
      29,
      133,
      75,
      2,
      2,
      74,
      69,
      94,
      92,
      2,
      88,
      2,
      178,
      66,
      78,
      100,
      133,
      160,
      154,
      2,
      2,
      88,
      107,
      77,
      84,
      2,
      241,
      96,
      63,
      117,
      77,
      86,
      88,
      133,
      2,
      2,
      56,
      97,
      30,
      83,
      117,
      2,
      76,
      68,
      105,
      2,
      28,
      114,
      93,
      2,
      101,
      76,
      30,
      96,
      2,
      64,
      103,
      151,
      61,
      2,
      95,
      2,
      103,
      162,
      92,
      35,
      2,
      62,
      96,
      43,
      144,
      2,
      105,
      118,
      2,
      48,
      84,
      31,
      110,
      163,
      167,
      62,
      2,
      131,
      71,
      107,
      2,
      90,
      79,
      64,
      67,
      2,
      104,
      60,
      117,
      75,
      2,
      2,
      2,
      45,
      2,
      2,
      2,
      28,
      2,
      2,
      2,
      2,
      2,
      2,
      10,
      2,
      2,
      10,
      67,
      2,
      10,
      2,
      2,
      2,
      2,
      2,
      2,
      2,
      2,
      2,
      2,
      10,
      78,
      71,
      2,
      2,
      2,
      2,
      2,
      116,
      2,
      2,
      2,
      2,
      2,
      2,
      2,
      2,
      2,
      2,
      2,
      55,
      10,
      2,
      10,
      54,
      2,
      2,
      2,
      2,
      2,
      2,
      2,
      2,
      2,
      10,
      2,
      10,
      2,
      2,
      2,
      108,
      2,
      2,
      2,
      2,
      2,
      10,
      192,
      2,
      2,
      57,
      10,
      2,
      2,
      2,
      2,
      2,
      2,
      2,
      2,
      2,
      10,
      10,
      2,
      66,
      2,
      100,
      2,
      10,
      2,
      2,
      2,
      10,
      177,
      2,
      2,
      2,
      2,
      2,
      2,
      2,
      2,
      2,
      2,
      2,
      21,
      2,
      2,
      2,
      2,
      10,
      38,
      68,
      2,
      2,
      10,
      85,
      48,
      10,
      2,
      10,
      2,
      78,
      2,
      2,
      2,
      2,
      2,
      2,
      122,
      2,
      2,
      2,
      10,
      2,
      2,
      2,
      105,
      2,
      10,
      2,
      2,
      2,
      95,
      94,
      2,
      2,
      2,
      29,
      2,
      2,
      2,
      58,
      10,
      10,
      2,
      23,
      2,
      2,
      2,
      2,
      10,
      2,
      2,
      2,
      2,
      2,
      2,
      10,
      2,
      2,
      2,
      2,
      10,
      2,
      2,
      2,
      43,
      2,
      2,
      2,
      2,
      2,
      2,
      2,
      10,
      2,
      2,
      2,
      2,
      2,
      2,
      2,
      2,
      2,
      2,
      10,
      2,
      2,
      2,
      2,
      2,
      10,
      2,
      2,
      10,
      2,
      2,
      57,
      2,
      2,
      55,
      87,
      10,
      2,
      2,
      2,
      160,
      55,
      2,
      237,
      2,
      2,
      2,
      2,
      10,
      2,
      2,
      2,
      134,
      2,
      68,
      2,
      10,
      10,
      10,
      196,
      2,
      77,
      2,
      2,
      2,
      2,
      2,
      2,
      10,
      2,
      10,
      2,
      2,
      2,
      2,
      10,
      2,
      2,
      2,
      2,
      92,
      64,
      142,
      29,
      60,
      2,
      2,
      34,
      2,
      40,
      2,
      2,
      2,
      2,
      98,
      124,
      131,
      53,
      105,
      129,
      121,
      32,
      74,
      143,
      133,
      2,
      2,
      70,
      128,
      2,
      79,
      2,
      42,
      68,
      124,
      2,
      2,
      2,
      2,
      109,
      2,
      2,
      63,
      2,
      95,
      146,
      105,
      86,
      112,
      34,
      104,
      30,
      2,
      97,
      2,
      2,
      84,
      2,
      2,
      2,
      2,
      2,
      2,
      10,
      145,
      2,
      2,
      152,
      2,
      2,
      10,
      10,
      2,
      2,
      2,
      2,
      2,
      2,
      2,
      2,
      2,
      2,
      2,
      2,
      2,
      2,
      143,
      10,
      2,
      2,
      2,
      10,
      2,
      2,
      2,
      2,
      2,
      2,
      2,
      10,
      10,
      2,
      2,
      2,
      2,
      2,
      2,
      104,
      72,
      110,
      73,
      105,
      103,
      79,
      99,
      156,
      81,
      2,
      101,
      80,
      109,
      39,
      2,
      81,
      29,
      135,
      2,
      138,
      80,
      240,
      2,
      45,
      77,
      90,
      2,
      38,
      187,
      148,
      128,
      90,
      2,
      154,
      2,
      59,
      94,
      32,
      84,
      115,
      77,
      39,
      2,
      29,
      79,
      343,
      2
    ],
    "chars": {
      "n": 612,
      "min": 1,
      "max": 1197,
      "mean": 150.93300653594773,
      "std": 203.81410637225338,
      "var": 41540.18995632022,
      "p10": 1,
      "p25": 1,
      "p50": 9,
      "p75": 300,
      "p90": 446,
      "p95": 558,
      "p99": 747
    },
    "chars_histogram": {
      "edges": [
        0,
        50,
        100,
        250,
        500,
        1000,
        2500,
        5000,
        10000,
        25000,
        50000,
        100000,
        200000
      ],
      "counts": [
        354,
        5,
        69,
        141,
        42,
        1,
        0,
        0,
        0,
        0,
        0,
        0
      ],