{
  "primary_metric": "length_controlled_winrate",
  "n_items": 805,
  "n_items_correct": 0,
  "n_items_incorrect": 0,
  "n_items_unknown": 805,
  "n_generations": 805,
  "samples_per_item": [
    1
  ],
  "all_rollouts": {
    "tokens": {
      "n": 805,
      "min": 2,
      "max": 5496,
      "mean": 549.2670807453416,
      "std": 1188.6501261753583,
      "var": 1412889.1224566954,
      "p10": 3,
      "p25": 37,
      "p50": 172,
      "p75": 350,
      "p90": 884,
      "p95": 4148,
      "p99": 5102
    },
    "tokens_histogram": {
      "edges": [
        0,
        10,
        20,
        50,
        100,
        200,
        500,
        1000,
        2000,
        5000,
        10000,
        20000,
        40000
      ],
      "counts": [
        143,
        22,
        62,
        86,
        131,
        227,
        60,
        9,
        49,
        16,
        0,
        0
      ],
      "labels": [
        "[0,10)",
        "[10,20)",
        "[20,50)",
        "[50,100)",
        "[100,200)",
        "[200,500)",
        "[500,1000)",
        "[1000,2000)",
        "[2000,5000)",
        "[5000,10000)",
        "[10000,20000)",
        "[20000,40000)"
      ]
    },
    "tokens_raw": [
      133,
      5008,
      99,
      1317,
      166,
      144,
      221,
      82,
      161,
      698,
      762,
      245,
      410,
      501,
      159,
      566,
      169,
      174,
      127,
      4154,
      288,
      110,
      2,
      716,
      13,
      31,
      319,
      5062,
      212,
      192,
      618,
      4127,
      280,
      182,
      16,
      168,
      668,
      2,
      4106,
      49,
      218,
      329,
      389,
      67,
      258,
      4601,
      385,
      428,
      30,
      396,
      33,
      93,
      474,
      187,
      228,
      2,
      980,
      277,
      584,
      74,
      4,
      327,
      515,
      4140,
      5110,
      326,
      310,
      66,
      4446,
      202,
      81,
      41,
      220,
      62,
      216,
      259,
      404,
      496,
      2,
      4133,
      174,
      198,
      4141,
      350,
      226,
      480,
      368,
      4161,
      35,
      4120,
      284,
      3,
      4121,
      61,
      424,
      428,
      181,
      240,
      126,
      184,
      496,
      50,
      55,
      483,
      539,
      70,
      380,
      419,
      4148,
      134,
      53,
      291,
      243,
      28,
      312,
      334,
      470,
      218,
      65,
      134,
      15,
      45,
      85,
      204,
      641,
      21,
      217,
      224,
      160,
      555,
      151,
      90,
      289,
      243,
      171,
      11,
      4081,
      85,
      1075,
      442,
      232,
      304,
      48,
      2,
      45,
      593,
      370,
      5,
      1489,
      278,
      157,
      5302,
      334,
      3,
      433,
      209,
      586,
      46,
      57,
      41,
      781,
      29,
      399,
      3,
      3,
      3,
      768,
      69,
      28,
      5022,
      469,
      4098,
      248,
      58,
      219,
      152,
      738,
      416,
      336,
      96,
      301,
      403,
      774,
      234,
      3,
      541,
      4213,
      143,
      223,
      18,
      4,
      192,
      233,
      392,
      5115,
      32,
      4987,
      42,
      69,
      3,
      178,
      383,
      141,
      2,
      854,
      4184,
      194,
      39,
      2,
      118,
      57,
      136,
      372,
      293,
      2,
      496,
      188,
      141,
      128,
      204,
      199,
      556,
      65,
      2275,
      4858,
      67,
      178,
      137,
      4655,
      340,
      180,
      67,
      7,
      486,
      308,
      966,
      178,
      229,
      139,
      253,
      4133,
      641,
      208,
      4,
      103,
      17,
      408,
      1599,
      395,
      50,
      3,
      3,
      5042,
      187,
      91,
      165,
      414,
      353,
      642,
      254,
      217,
      91,
      2,
      707,
      201,
      758,
      220,
      234,
      162,
      4650,
      420,
      245,
      149,
      2,
      80,
      205,
      4720,
      168,
      140,
      3,
      63,
      788,
      152,
      406,
      5142,
      249,
      69,
      444,
      258,
      4126,
      344,
      14,
      61,
      111,
      17,
      350,
      6,
      3025,
      267,
      60,
      322,
      236,
      93,
      3,
      4169,
      29,
      5496,
      95,
      539,
      257,
      697,
      140,
      5165,
      470,
      151,
      4192,
      182,
      37,
      120,
      3,
      595,
      2,
      562,
      297,
      4130,
      5102,
      2,
      73,
      445,
      263,
      172,
      2,
      48,
      10,
      538,
      164,
      2,
      32,
      74,
      58,
      23,
      969,
      3,
      270,
      425,
      117,
      142,
      210,
      174,
      2,
      2,
      208,
      188,
      124,
      175,
      5054,
      165,
      253,
      150,
      137,
      3,
      884,
      81,
      4650,
      366,
      345,
      41,
      127,
      185,
      5039,
      8,
      3,
      394,
      32,
      397,
      55,
      235,
      200,
      234,
      520,
      141,
      431,
      415,
      242,
      125,
      71,
      2,
      407,
      263,
      18,
      2,
      98,
      381,
      974,
      201,
      208,
      72,
      459,
      4,
      774,
      398,
      172,
      53,
      249,
      38,
      191,
      229,
      222,
      18,
      59,
      484,
      242,
      144,
      1145,
      4095,
      4127,
      172,
      270,
      102,
      62,
      35,
      72,
      778,
      48,
      13,
      2,
      504,
      207,
      4795,
      141,
      101,
      142,
      113,
      2,
      2,
      230,
      37,
      302,
      8,
      6,
      19,
      176,
      334,
      98,
      300,
      4144,
      30,
      169,
      160,
      4871,
      5093,
      460,
      240,
      276,
      5120,
      4166,
      5124,
      3,
      9,
      177,
      181,
      68,
      161,
      241,
      323,
      96,
      100,
      342,
      2,
      2,
      231,
      48,
      106,
      2,
      2,
      31,
      3,
      6,
      136,
      2,
      3,
      3,
      2,
      153,
      2,
      82,
      189,
      2,
      124,
      74,
      320,
      105,
      56,
      2,
      11,
      8,
      291,
      191,
      132,
      814,
      2,
      66,
      144,
      261,
      81,
      163,
      61,
      224,
      2,
      3,
      59,
      204,
      208,
      2,
      2,
      264,
      97,
      387,
      77,
      166,
      414,
      265,
      4415,
      2,
      184,
      2,
      4,
      40,
      60,
      636,
      163,
      2,
      276,
      205,
      4777,
      2,
      25,
      17,
      3,
      2,
      3,
      2,
      56,
      4,
      2,
      3,
      139,
      160,
      134,
      3,
      335,
      361,
      31,
      2,
      240,
      147,
      135,
      4113,
      315,
      929,
      230,
      225,
      444,
      2,
      2,
      3,
      136,
      1374,
      5,
      29,
      52,
      2,
      3,
      3,
      2,
      2,
      289,
      277,
      173,
      2,
      540,
      282,
      3,
      584,
      250,
      208,
      479,
      295,
      2,
      365,
      253,
      161,
      104,
      210,
      86,
      149,
      317,
      3,
      3,
      151,
      2,
      243,
      37,
      187,
      763,
      277,
      205,
      53,
      3,
      3,
      3,
      52,
      30,
      704,
      334,
      194,
      258,
      235,
      35,
      123,
      21,
      2,
      121,
      3,
      3,
      3,
      2,
      3,
      40,
      2,
      2,
      27,
      34,
      90,
      2,
      59,
      34,
      72,
      2,
      2,
      3,
      63,
