{
  "primary_metric": "length_controlled_winrate",
  "n_items": 805,
  "n_items_correct": 0,
  "n_items_incorrect": 0,
  "n_items_unknown": 805,
  "n_generations": 805,
  "samples_per_item": [
    1
  ],
  "all_rollouts": {
    "tokens": {
      "n": 805,
      "min": 2,
      "max": 6984,
      "mean": 1037.551552795031,
      "std": 1720.9707152133103,
      "var": 2961740.2026218125,
      "p10": 52,
      "p25": 133,
      "p50": 296,
      "p75": 672,
      "p90": 4696,
      "p95": 5141,
      "p99": 6218
    },
    "tokens_histogram": {
      "edges": [
        0,
        10,
        20,
        50,
        100,
        200,
        500,
        1000,
        2000,
        5000,
        10000,
        20000,
        40000
      ],
      "counts": [
        12,
        14,
        51,
        88,
        122,
        262,
        99,
        32,
        63,
        62,
        0,
        0
      ],
      "labels": [
        "[0,10)",
        "[10,20)",
        "[20,50)",
        "[50,100)",
        "[100,200)",
        "[200,500)",
        "[500,1000)",
        "[1000,2000)",
        "[2000,5000)",
        "[5000,10000)",
        "[10000,20000)",
        "[20000,40000)"
      ]
    },
    "tokens_raw": [
      206,
      465,
      1231,
      569,
      403,
      160,
      51,
      152,
      672,
      5383,
      358,
      5007,
      3117,
      4810,
      285,
      336,
      356,
      444,
      104,
      6352,
      500,
      208,
      4380,
      4761,
      52,
      176,
      357,
      554,
      305,
      4635,
      4042,
      5580,
      413,
      224,
      39,
      4035,
      5249,
      2909,
      487,
      209,
      47,
      480,
      5566,
      63,
      281,
      5108,
      480,
      4116,
      229,
      524,
      53,
      70,
      457,
      269,
      212,
      383,
      5991,
      315,
      722,
      112,
      465,
      407,
      417,
      1060,
      4049,
      341,
      4818,
      876,
      4094,
      320,
      92,
      33,
      268,
      601,
      388,
      4587,
      643,
      4789,
      377,
      4190,
      175,
      443,
      4470,
      186,
      377,
      573,
      5098,
      1018,
      165,
      468,
      5026,
      102,
      4139,
      63,
      4197,
      4508,
      223,
      284,
      4140,
      416,
      853,
      5031,
      61,
      503,
      705,
      68,
      346,
      4696,
      4191,
      232,
      137,
      483,
      83,
      41,
      216,
      4230,
      4956,
      204,
      89,
      711,
      41,
      166,
      76,
      518,
      689,
      72,
      304,
      4208,
      116,
      475,
      216,
      108,
      679,
      245,
      310,
      149,
      286,
      148,
      5057,
      748,
      497,
      365,
      187,
      260,
      6,
      807,
      181,
      311,
      1705,
      307,
      212,
      750,
      5350,
      4989,
      911,
      273,
      790,
      277,
      45,
      44,
      296,
      217,
      5740,
      483,
      47,
      137,
      479,
      155,
      32,
      376,
      310,
      5115,
      5114,
      249,
      362,
      4175,
      1318,
      477,
      6984,
      191,
      497,
      453,
      4157,
      919,
      374,
      469,
      1141,
      218,
      1315,
      415,
      6,
      204,
      326,
      283,
      2058,
      32,
      567,
      123,
      226,
      2,
      177,
      524,
      117,
      390,
      4290,
      5988,
      201,
      61,
      5078,
      335,
      38,
      425,
      964,
      529,
      34,
      5733,
      4442,
      175,
      243,
      244,
      195,
      625,
      74,
      205,
      250,
      92,
      214,
      152,
      5019,
      4940,
      321,
      52,
      58,
      240,
      129,
      5335,
      1003,
      4183,
      277,
      291,
      5503,
      1042,
      196,
      1060,
      214,
      33,
      1031,
      5739,
      683,
      37,
      262,
      71,
      3074,
      284,
      372,
      388,
      4063,
      520,
      5146,
      90,
      312,
      81,
      2,
      532,
      410,
      733,
      588,
      333,
      187,
      5311,
      1285,
      350,
      227,
      202,
      82,
      179,
      4789,
      215,
      202,
      387,
      255,
      784,
      139,
      1226,
      4238,
      118,
      135,
      1115,
      442,
      4134,
      445,
      309,
      283,
      284,
      238,
      609,
      96,
      1103,
      383,
      87,
      579,
      160,
      299,
      16,
      810,
      190,
      6085,
      84,
      1298,
      373,
      608,
      112,
      6087,
      305,
      206,
      4138,
      180,
      113,
      104,
      183,
      663,
      286,
      642,
      375,
      5121,
      5001,
      374,
      240,
      411,
      493,
      927,
      506,
      49,
      10,
      849,
      159,
      406,
      345,
      90,
      47,
      134,
      5147,
      177,
      376,
      6351,
      307,
      983,
      309,
      4646,
      73,
      72,
      257,
      129,
      874,
      1004,
      721,
      292,
      331,
      497,
      206,
      5221,
      5715,
      104,
      303,
      425,
      257,
      31,
      241,
      63,
      6218,
      8,
      45,
      414,
      59,
      6584,
      87,
      122,
      218,
      207,
      530,
      5086,
      609,
      6297,
      370,
      257,
      65,
      189,
      929,
      271,
      69,
      133,
      138,
      310,
      561,
      5075,
      232,
      456,
      160,
      4121,
      682,
      5314,
      477,
      53,
      374,
      36,
      203,
      392,
      88,
      25,
      60,
      1039,
      335,
      4996,
      4955,
      4152,
      4967,
      381,
      215,
      172,
      138,
      37,
      173,
      965,
      5121,
      53,
      790,
      376,
      152,
      908,
      546,
      365,
      294,
      161,
      147,
      1677,
      331,
      92,
      213,
      38,
      118,
      59,
      681,
      357,
      155,
      522,
      5167,
      44,
      192,
      152,
      598,
      5103,
      1554,
      47,
      312,
      5333,
      226,
      5141,
      142,
      39,
      987,
      205,
      27,
      243,
      323,
      520,
      135,
      131,
      368,
      76,
      58,
      331,
      4329,
      99,
      65,
      657,
      31,
      57,
      88,
      131,
      105,
      220,
      16,
      71,
      145,
      149,
      124,
      272,
      333,
      64,
      231,
      5962,
      96,
      81,
      91,
      209,
      74,
      590,
      183,
      113,
      519,
      124,
      71,
      150,
      354,
      93,
      180,
      56,
      197,
      4097,
      110,
      76,
      254,
      599,
      70,
      163,
      643,
      157,
      450,
      256,
      341,
      240,
      4850,
      205,
      128,
      241,
      91,
      173,
      50,
      60,
      329,
      195,
      49,
      350,
      187,
      221,
      260,
      110,
      9,
      204,
      4972,
      180,
      113,
      95,
      4928,
      182,
      43,
      142,
      159,
      132,
      67,
      5589,
      533,
      53,
      182,
      154,
      209,
      448,
      4765,
      657,
      1760,
      600,
      574,
      329,
      178,
      352,
      264,
      323,
      585,
      264,
      265,
      191,
      139,
      263,
      156,
      782,
      78,
      1278,
      317,
      289,
      1162,
      979,
      845,
      5673,
      4165,
      358,
      174,
      561,
      290,
      162,
      5482,
      252,
      394,
      189,
      272,
      312,
      184,
      221,
      13,
      8,
      377,
      47,
      378,
      64,
      358,
      5215,
      430,
      196,
      993,
      26,
      225,
      34,
      292,
      64,
      5554,
