{
  "primary_metric": "prompt_level_loose_acc",
  "n_items": 300,
  "n_items_correct": 104,
  "n_items_incorrect": 196,
  "n_items_unknown": 0,
  "n_generations": 300,
  "samples_per_item": [
    1
  ],
  "all_rollouts": {
    "tokens": {
      "n": 300,
      "min": 2,
      "max": 4745,
      "mean": 38.17666666666667,
      "std": 359.05786737268716,
      "var": 128922.55212222222,
      "p10": 2,
      "p25": 2,
      "p50": 2,
      "p75": 3,
      "p90": 10,
      "p95": 57,
      "p99": 289
    },
    "tokens_histogram": {
      "edges": [
        0,
        10,
        20,
        50,
        100,
        200,
        500,
        1000,
        2000,
        5000,
        10000,
        20000,
        40000
      ],
      "counts": [
        270,
        3,
        10,
        9,
        4,
        2,
        0,
        0,
        2,
        0,
        0,
        0
      ],
      "labels": [
        "[0,10)",
        "[10,20)",
        "[20,50)",
        "[50,100)",
        "[100,200)",
        "[200,500)",
        "[500,1000)",
        "[1000,2000)",
        "[2000,5000)",
        "[5000,10000)",
        "[10000,20000)",
        "[20000,40000)"
      ]
    },
    "tokens_raw": [
      2,
      2,
      2,
      2,
      2,
      2,
      3,
      2,
      2,
      2,
      2,
      2,
      2,
      3,
      2,
      2,
      4,
      5,
      2,
      2,
      2,
      2,
      2,
      2,
      2,
      3,
      2,
      2,
      3,
      2,
      24,
      3,
      3,
      2,
      3,
      2,
      2,
      2,
      2,
      2,
      2,
      2,
      2,
      3,
      3,
      2,
      2,
      2,
      2,
      2,
      2,
      2,
      2,
      2,
      2,
      2,
      2,
      2,
      2,
      2,
      2,
      2,
      3,
      2,
      2,
      2,
      2,
      2,
      2,
      2,
      2,
      2,
      2,
      2,
      22,
      4745,
      2,
      2,
      3,
      3,
      2,
      2,
      2,
      2,
      2,
      2,
      19,
      2,
      2,
      2,
      2,
      2,
      2,
      2,
      2,
      53,
      2,
      3,
      37,
      24,
      39,
      2,
      2,
      2,
      2,
      2,
      2,
      2,
      3,
      2,
      3,
      2,
      2,
      2,
      2,
      2,
      48,
      2,
      3,
      2,
      3,
      3,
      2,
      3,
      3,
      2,
      78,
      232,
      4040,
      59,
      51,
      85,
      113,
      3,
      2,
      2,
      43,
      14,
      23,
      23,
      2,
      57,
      2,
      2,
      3,
      3,
      2,
      96,
      2,
      2,
      3,
      2,
      2,
      2,
      3,
      2,
      2,
      2,
      3,
      2,
      2,
      2,
      2,
      2,
      2,
      2,
      2,
      2,
      2,
      2,
      2,
      2,
      2,
      2,
      2,
      86,
      3,
      2,
      4,
      3,
      3,
      4,
      4,
      4,
      3,
      4,
      4,
      4,
      4,
      4,
      3,
      3,
      2,
      2,
      2,
      2,
      2,
      2,
      2,
      3,
      2,
      2,
      2,
      2,
      2,
      2,
      2,
      2,
      2,
      2,
      2,
      2,
      3,
      3,
      2,
      2,
      2,
      2,
      2,
      2,
      3,
      2,
      3,
      3,
      2,
      2,
      2,
      3,
      2,
      2,
      289,
      2,
      3,
      2,
      2,
      2,
      2,
      2,
      2,
      2,
      2,
      2,
      2,
      2,
      2,
      2,
      2,
      2,
      2,
      2,
      2,
      2,
      2,
      2,
      2,
      2,
      2,
      2,
      2,
      2,
      3,
      2,
      10,
      2,
      2,
      2,
      2,
      2,
      2,
      2,
      2,
      2,
      2,
      2,
      3,
      2,
      3,
      3,
      2,
      2,
      2,
      2,
      3,
      2,
      2,
      3,
      3,
      2,
      3,
      2,
      2,
      2,
      167,
      164,
      121,
      59,
      2,
      2,
      2,
      21
    ],
    "chars": {
      "n": 300,
      "min": 1,
      "max": 21701,
      "mean": 170.48333333333332,
      "std": 1637.3617915381099,
      "var": 2680953.636388889,
      "p10": 1,
      "p25": 1,
      "p50": 1,
      "p75": 10,
      "p90": 36,
      "p95": 258,
      "p99": 1336
    },
    "chars_histogram": {
      "edges": [
        0,
        50,
        100,
        250,
        500,
        1000,
        2500,
        5000,
        10000,
        25000,
        50000,
        100000,
        200000
      ],
      "counts": [
        272,
        5,
        8,
        7,
        4,
        2,
        0,
        0,
        2,
        0,
        0,
        0
      ],
      "labels": [
        "[0,50)",
        "[50,100)",
        "[100,250)",
        "[250,500)",
        "[500,1000)",
        "[1000,2500)",
        "[2500,5000)",
        "[5000,10000)",
        "[10000,25000)",
        "[25000,50000)",
        "[50000,100000)",
        "[100000,200000)"
      ]
    }
  },
  "correct_rollouts": {
    "tokens": {
      "n": 104,
      "min": 2,
      "max": 4745,
      "mean": 98.20192307692308,
      "std": 604.4408156401141,
      "var": 365348.6996116864,
      "p10": 2,
      "p25": 2,
      "p50": 2,
      "p75": 3,
      "p90": 59,
      "p95": 121,
      "p99": 4040
    },
    "tokens_histogram": {
      "edges": [
        0,
        10,
        20,
        50,
        100,
        200,
        500,
        1000,
        2000,
        5000,
        10000,
        20000,
        40000
      ],
      "counts": [
        89,
        1,
        2,
        5,
        4,
        1,
        0,
        0,
        2,
        0,
        0,
        0
      ],
      "labels": [
        "[0,10)",
        "[10,20)",
        "[20,50)",
        "[50,100)",
        "[100,200)",
        "[200,500)",
        "[500,1000)",
        "[1000,2000)",
        "[2000,5000)",
        "[5000,10000)",
        "[10000,20000)",
        "[20000,40000)"
      ]
    },
    "tokens_raw": [
      5,
      2,
      2,
      2,
      2,
      2,
      2,
      22,
      4745,
      2,
      2,
      3,
      3,
      19,
      2,
      2,
      2,
      2,
      2,
      2,
      2,
      2,
      48,
      2,
      78,
      232,
      4040,
      59,
      51,
      85,
      113,
      3,
      2,
      3,
      2,
      2,
      2,
      3,
      2,
      2,
      2,
      2,
      2,
      2,
      3,
      4,
      3,
      3,
      4,
      4,
      4,
      3,
      4,
      4,
      4,
      2,
      2,
      2,
      2,
      2,
      2,
      2,
      3,
      2,
      3,
      3,
      2,
      2,
      2,
      3,
      2,
      2,
      2,
      3,
      2,
      2,
      2,
      2,
      2,
      2,
      2,
      2,
      2,
      2,
      2,
      2,
      2,
      2,
      2,
      2,
      2,
      2,
      2,
      3,
      2,
      2,
      2,
      167,
      164,
      121,
      59,
      2,
      2,
      2
    ],
    "chars": {
      "n": 104,
      "min": 1,
      "max": 21701,
      "mean": 448.99038461538464,
      "std": 2755.4324192792747,
      "var": 7592407.817215237,
      "p10": 1,
      "p25": 1,
      "p50": 4,
      "p75": 10,
      "p90": 259,
      "p95": 704,
      "p99": 18300
    },
    "chars_histogram": {
      "edges": [
        0,
        50,
        100,
        250,
        500,
        1000,
        2500,
        5000,
        10000,
        25000,
        50000,
        100000,
        200000
      ],
      "counts": [
        89,
        1,
        3,
        4,
        4,
        1,
        0,
        0,
        2,
        0,
        0,
        0
      ],
      "labels": [
        "[0,50)",
        "[50,100)",
        "[100,250)",
        "[250,500)",
        "[500,1000)",
        "[1000,2500)",
        "[2500,5000)",
        "[5000,10000)",
        "[10000,25000)",
        "[25000,50000)",
        "[50000,100000)",
        "[100000,200000)"
      ]
    }
  },
  "incorrect_rollouts": {
    "tokens": {
      "n": 196,
      "min": 2,