{
  "primary_metric": "prompt_level_loose_acc",
  "n_items": 300,
  "n_items_correct": 120,
  "n_items_incorrect": 180,
  "n_items_unknown": 0,
  "n_generations": 300,
  "samples_per_item": [
    1
  ],
  "all_rollouts": {
    "tokens": {
      "n": 300,
      "min": 2,
      "max": 4853,
      "mean": 52.12,
      "std": 410.98687602728467,
      "var": 168910.21226666667,
      "p10": 2,
      "p25": 2,
      "p50": 2,
      "p75": 3,
      "p90": 38,
      "p95": 80,
      "p99": 2841
    },
    "tokens_histogram": {
      "edges": [
        0,
        10,
        20,
        50,
        100,
        200,
        500,
        1000,
        2000,
        5000,
        10000,
        20000,
        40000
      ],
      "counts": [
        250,
        9,
        15,
        14,
        7,
        2,
        0,
        0,
        3,
        0,
        0,
        0
      ],
      "labels": [
        "[0,10)",
        "[10,20)",
        "[20,50)",
        "[50,100)",
        "[100,200)",
        "[200,500)",
        "[500,1000)",
        "[1000,2000)",
        "[2000,5000)",
        "[5000,10000)",
        "[10000,20000)",
        "[20000,40000)"
      ]
    },
    "tokens_raw": [
      24,
      2,
      71,
      2,
      3,
      2,
      2,
      2,
      2,
      2,
      2,
      2,
      2,
      2,
      2,
      2,
      3,
      4,
      2,
      2,
      2,
      2,
      2,
      2,
      2,
      2,
      105,
      6,
      2,
      2,
      2,
      2,
      2,
      2,
      2,
      38,
      2,
      3,
      2,
      2,
      2,
      12,
      2,
      2,
      19,
      3,
      2,
      2,
      2,
      2,
      2,
      2,
      2,
      2,
      2,
      2,
      2,
      2,
      2,
      2,
      2,
      2,
      2,
      2,
      3,
      2,
      2,
      2,
      2,
      2,
      2,
      2,
      2,
      2,
      57,
      228,
      2,
      2,
      2,
      2,
      2,
      2,
      3,
      2,
      2,
      2,
      19,
      2,
      2,
      2,
      2,
      2,
      2,
      2,
      2,
      53,
      52,
      24,
      73,
      24,
      2,
      3,
      2,
      2,
      3,
      2,
      8,
      2,
      4418,
      2,
      2,
      2,
      2,
      63,
      2,
      2,
      13,
      2,
      2,
      2,
      2,
      2,
      3,
      2,
      3,
      2,
      94,
      138,
      174,
      25,
      34,
      80,
      167,
      20,
      41,
      85,
      26,
      2,
      10,
      14,
      10,
      40,
      10,
      3,
      2,
      2,
      2,
      4853,
      2,
      2,
      3,
      2,
      4,
      2,
      25,
      2,
      2,
      2,
      2,
      2,
      2,
      2,
      2,
      2,
      2,
      2,
      2,
      2,
      2,
      2,
      2,
      20,
      2,
      2,
      2,
      59,
      2,
      2,
      2,
      2,
      2,
      2841,
      2,
      2,
      2,
      2,
      4,
      3,
      2,
      2,
      2,
      2,
      2,
      4,
      4,
      3,
      4,
      3,
      4,
      3,
      2,
      2,
      2,
      2,
      2,
      2,
      2,
      2,
      2,
      2,
      2,
      2,
      2,
      2,
      2,
      2,
      2,
      2,
      2,
      2,
      2,
      2,
      2,
      2,
      56,
      2,
      2,
      2,
      240,
      2,
      2,
      2,
      2,
      2,
      2,
      2,
      2,
      2,
      2,
      2,
      2,
      2,
      2,
      2,
      2,
      2,
      2,
      2,
      2,
      2,
      2,
      2,
      2,
      2,
      2,
      2,
      2,
      2,
      2,
      3,
      2,
      2,
      2,
      2,
      2,
      2,
      2,
      2,
      2,
      2,
      60,
      2,
      2,
      2,
      120,
      3,
      3,
      33,
      64,
      2,
      39,
      14,
      2,
      2,
      2,
      2,
      2,
      2,
      2,
      2,
      2,
      2,
      167,
      164,
      21,
      56,
      2,
      2,
      2,
      2
    ],
    "chars": {
      "n": 300,
      "min": 1,
      "max": 24332,
      "mean": 190.48666666666668,
      "std": 1707.6541598995454,
      "var": 2916082.729822222,
      "p10": 1,
      "p25": 1,
      "p50": 1,
      "p75": 7,
      "p90": 123,
      "p95": 319,
      "p99": 2840
    },
    "chars_histogram": {
      "edges": [
        0,
        50,
        100,
        250,
        500,
        1000,
        2500,
        5000,
        10000,
        25000,
        50000,
        100000,
        200000
      ],
      "counts": [
        257,
        9,
        12,
        11,
        7,
        1,
        1,
        0,
        2,
        0,
        0,
        0
      ],
      "labels": [
        "[0,50)",
        "[50,100)",
        "[100,250)",
        "[250,500)",
        "[500,1000)",
        "[1000,2500)",
        "[2500,5000)",
        "[5000,10000)",
        "[10000,25000)",
        "[25000,50000)",
        "[50000,100000)",
        "[100000,200000)"
      ]
    }
  },
  "correct_rollouts": {
    "tokens": {
      "n": 120,
      "min": 2,
      "max": 2841,
      "mean": 40.05833333333333,
      "std": 259.4421032341427,
      "var": 67310.20493055556,
      "p10": 2,
      "p25": 2,
      "p50": 2,
      "p75": 4,
      "p90": 63,
      "p95": 138,
      "p99": 174
    },
    "tokens_histogram": {
      "edges": [
        0,
        10,
        20,
        50,
        100,
        200,
        500,
        1000,
        2000,
        5000,
        10000,
        20000,
        40000
      ],
      "counts": [
        92,
        6,
        8,
        6,
        7,
        0,
        0,
        0,
        1,
        0,
        0,
        0
      ],
      "labels": [
        "[0,10)",
        "[10,20)",
        "[20,50)",
        "[50,100)",
        "[100,200)",
        "[200,500)",
        "[500,1000)",
        "[1000,2000)",
        "[2000,5000)",
        "[5000,10000)",
        "[10000,20000)",
        "[20000,40000)"
      ]
    },
    "tokens_raw": [
      24,
      4,
      105,
      6,
      2,
      2,
      2,
      2,
      2,
      2,
      57,
      2,
      2,
      2,
      2,
      19,
      2,
      2,
      2,
      2,
      2,
      2,
      3,
      2,
      3,
      63,
      2,
      2,
      13,
      2,
      94,
      138,
      174,
      25,
      34,
      80,
      167,
      20,
      41,
      85,
      2,
      10,
      14,
      10,
      10,
      2,
      2,
      2,
      2,
      2,
      2,
      2,
      2,
      2,
      2,
      20,
      2,
      2,
      2,
      2,
      2,
      2,
      2,
      2,
      2841,
      2,
      2,
      2,
      2,
      4,
      3,
      2,
      2,
      2,
      2,
      2,
      2,
      2,
      2,
      2,
      2,
      2,
      2,
      2,
      2,
      2,
      2,
      2,
      2,
      2,
      2,
      2,
      2,
      2,
      2,
      2,
      2,
      2,
      3,
      2,
      2,
      2,
      2,
      2,
      2,
      2,
      120,
      39,
      2,
      2,
      2,
      2,
      167,
      164,
      21,
      56,
      2,
      2,
      2,
      2
    ],
    "chars": {
      "n": 120,
      "min": 1,
      "max": 2840,
      "mean": 88.78333333333333,
      "std": 305.6424976813416,
      "var": 93417.33638888889,
      "p10": 1,
      "p25": 1,
      "p50": 1,
      "p75": 11,
      "p90": 275,
      "p95": 576,
      "p99": 909
    },
    "chars_histogram": {
      "edges": [
        0,
        50,
        100,
        250,
        500,
        1000,
        2500,
        5000,
        10000,
        25000,
        50000,
        100000,
        200000
      ],
      "counts": [
        96,
        7,
        4,
        6,
        6,
        0,
        1,
        0,
        0,
        0,
        0,
        0
      ],