{
  "primary_metric": "length_controlled_winrate",
  "n_items": 805,
  "n_items_correct": 0,
  "n_items_incorrect": 0,
  "n_items_unknown": 805,
  "n_generations": 805,
  "samples_per_item": [
    1
  ],
  "all_rollouts": {
    "tokens": {
      "n": 805,
      "min": 2,
      "max": 5378,
      "mean": 540.1863354037267,
      "std": 1378.7393413877394,
      "var": 1900922.1714902974,
      "p10": 2,
      "p25": 2,
      "p50": 6,
      "p75": 83,
      "p90": 4097,
      "p95": 4291,
      "p99": 4947
    },
    "tokens_histogram": {
      "edges": [
        0,
        10,
        20,
        50,
        100,
        200,
        500,
        1000,
        2000,
        5000,
        10000,
        20000,
        40000
      ],
      "counts": [
        428,
        76,
        70,
        38,
        40,
        50,
        10,
        2,
        85,
        6,
        0,
        0
      ],
      "labels": [
        "[0,10)",
        "[10,20)",
        "[20,50)",
        "[50,100)",
        "[100,200)",
        "[200,500)",
        "[500,1000)",
        "[1000,2000)",
        "[2000,5000)",
        "[5000,10000)",
        "[10000,20000)",
        "[20000,40000)"
      ]
    },
    "tokens_raw": [
      2,
      279,
      36,
      4122,
      4535,
      4134,
      27,
      4,
      9,
      2,
      109,
      4,
      2,
      10,
      172,
      11,
      2,
      482,
      162,
      2,
      2,
      15,
      4139,
      4232,
      20,
      4135,
      3124,
      18,
      3,
      39,
      9,
      4200,
      11,
      2,
      4659,
      4996,
      10,
      5,
      31,
      15,
      4256,
      4149,
      5,
      4501,
      48,
      2,
      4,
      263,
      2,
      12,
      27,
      61,
      4235,
      29,
      218,
      2,
      4,
      293,
      4336,
      2,
      12,
      2,
      4,
      8,
      463,
      4193,
      4655,
      4,
      241,
      4,
      2,
      15,
      4,
      2,
      2,
      31,
      2,
      2,
      28,
      2,
      4,
      3923,
      2,
      10,
      4,
      2,
      182,
      20,
      12,
      83,
      16,
      2,
      5,
      4196,
      2,
      236,
      125,
      11,
      239,
      2,
      2,
      10,
      11,
      5029,
      2,
      6,
      107,
      6,
      20,
      4601,
      188,
      2,
      6,
      7,
      2,
      601,
      25,
      2,
      4157,
      9,
      13,
      15,
      65,
      9,
      276,
      23,
      4096,
      302,
      9,
      2,
      4512,
      2,
      2,
      28,
      2,
      5100,
      2,
      64,
      2,
      659,
      4820,
      2,
      96,
      4184,
      2,
      272,
      2,
      3,
      2,
      214,
      2,
      11,
      4154,
      2,
      24,
      25,
      2,
      2,
      4141,
      2,
      2,
      4786,
      2,
      195,
      2,
      3,
      296,
      2,
      2,
      2,
      4377,
      3,
      2,
      4109,
      19,
      4,
      2,
      398,
      4115,
      2,
      3,
      8,
      3,
      2,
      2,
      4045,
      2,
      2,
      284,
      11,
      12,
      252,
      2,
      6,
      378,
      5,
      4946,
      13,
      25,
      4685,
      22,
      2,
      29,
      97,
      14,
      305,
      4622,
      48,
      4121,
      55,
      9,
      11,
      2,
      4198,
      2,
      4342,
      19,
      2,
      8,
      2,
      37,
      2,
      2,
      284,
      2,
      2,
      151,
      2,
      4266,
      19,
      54,
      4615,
      4053,
      4,
      2,
      4097,
      12,
      2,
      219,
      2,
      4431,
      2,
      2,
      4128,
      27,
      4947,
      27,
      4473,
      2,
      4,
      2,
      4,
      9,
      337,
      2,
      2,
      381,
      2,
      249,
      15,
      539,
      4229,
      56,
      40,
      16,
      4317,
      140,
      89,
      2,
      2,
      2,
      2,
      4439,
      2,
      535,
      2,
      2,
      2,
      3,
      17,
      4,
      574,
      2,
      107,
      65,
      77,
      2,
      548,
      17,
      4138,
      2,
      37,
      174,
      4,
      6,
      2,
      2,
      2,
      4199,
      5,
      2,
      4058,
      393,
      2,
      2,
      25,
      2,
      62,
      385,
      30,
      7,
      14,
      2,
      83,
      278,
      641,
      15,
      15,
      13,
      3,
      213,
      2,
      5378,
      226,
      4517,
      2,
      2,
      4156,
      2,
      247,
      4,
      6,
      31,
      5,
      2,
      4,
      10,
      66,
      18,
      2,
      35,
      702,
      57,
      4291,
      175,
      4302,
      4151,
      178,
      25,
      2,
      3949,
      2,
      4633,
      6,
      2,
      147,
      2,
      240,
      740,
      4,
      17,
      2,
      131,
      4,
      73,
      4187,
      8,
      2,
      20,
      4559,
      4247,
      8,
      2,
      14,
      2,
      8,
      104,
      2,
      2,
      2,
      31,
      157,
      2,
      4,
      2,
      12,
      20,
      4599,
      2,
      1408,
      40,
      45,
      2,
      4961,
      2,
      4525,
      2,
      4140,
      64,
      2,
      2,
      33,
      5,
      32,
      4157,
      2,
      83,
      4163,
      19,
      5,
      2,
      57,
      26,
      19,
      16,
      2,
      171,
      272,
      115,
      11,
      10,
      256,
      4148,
      20,
      2,
      2,
      2,
      2,
      278,
      11,
      102,
      2,
      2,
      211,
      2,
      395,
      3,
      4853,
      3,
      4097,
      30,
      181,
      371,
      2,
      20,
      2,
      44,
      47,
      28,
      2,
      2,
      2,
      3738,
      13,
      7,
      2,
      5,
      2,
      8,
      14,
      2,
      5016,
      6,
      114,
      162,
      4139,
      77,
      14,
      2,
      2,
      5049,
      4382,
      53,
      2,
      2,
      3,
      2,
      2,
      4,
      2,
      2,
      4137,
      2,
      4,
      3,
      27,
      2,
      2,
      2,
      2,
      4,
      2,
      58,
      12,
      9,
      2,
      343,
      13,
      4,
      12,
      3,
      2,
      4,
      14,
      3,
      2,
      24,
      3,
      17,
      12,
      18,
      2,
      2,
      2,
      27,
      780,
      3,
      215,
      2,
      2,
      6,
      2,
      2,
      2,
      2,
      20,
      3,
      2,
      2,
      2,
      3,
      2,
      2,
      2,
      2,
      2,
      2,
      2,
      3,
      2,
      60,
      21,
      2,
      2,
      2,
      4,
      2,
      17,
      2,
      2,
      16,
      78,
      3,
      2,
      30,
      117,
      4,
      2,
      2,
      2,
      6,
      4722,
      2,
      79,
      249,
      2,
      223,
      2,
      154,
      239,
      52,
      110,
      2,
      125,
      2,
      2,
      2,
      2,
      2,
      2,
      494,
      17,
      13,
      2,
      4,
      21,
      2,
      2,
      5,
      91,
      4179,
      3,
      2,
      2,
      2,
      4245,
      2,
      2,
      2,
      13,
      2,
      2,
      3,
      3961,
      6,
      7,
      157,
      2,
      2,
      16,
      4944,
      2,
      2,
      2,
      275,
      2,
      29,
      2,
      2,
      2,
      3,
      25,
      2,
      2,
      9,
      2,
      130,
      2,
      2,
      39,
      29,
      13,
      82,
      2,
      2,
      2,
      32,
      3,
      36,
      2,
      33,
      20,
      4,
      2,
      5087,
      6,
      2,
      64,
      47,
      89,
      4,
      24,
      2,
      2,
      3,
      18,
      2,
      3,
      16,
      2,
      2,
      4,
      6,
      14,
      2,
      2,
      4,
      2,
      6,
      2,
      2,
      2,
      4,
      4267,
      2,
      4,
      6,
      2,
      156,
      60,
      2,
      4,
      2,
      2,
      2,
      2,
      2,
