{
  "primary_metric": "length_controlled_winrate",
  "n_items": 805,
  "n_items_correct": 0,
  "n_items_incorrect": 0,
  "n_items_unknown": 805,
  "n_generations": 805,
  "samples_per_item": [
    1
  ],
  "all_rollouts": {
    "tokens": {
      "n": 805,
      "min": 2,
      "max": 5551,
      "mean": 416.6521739130435,
      "std": 1054.6534225753655,
      "var": 1112293.8417499324,
      "p10": 2,
      "p25": 12,
      "p50": 115,
      "p75": 257,
      "p90": 576,
      "p95": 4102,
      "p99": 5096
    },
    "tokens_histogram": {
      "edges": [
        0,
        10,
        20,
        50,
        100,
        200,
        500,
        1000,
        2000,
        5000,
        10000,
        20000,
        40000
      ],
      "counts": [
        183,
        63,
        63,
        73,
        160,
        167,
        41,
        9,
        33,
        13,
        0,
        0
      ],
      "labels": [
        "[0,10)",
        "[10,20)",
        "[20,50)",
        "[50,100)",
        "[100,200)",
        "[200,500)",
        "[500,1000)",
        "[1000,2000)",
        "[2000,5000)",
        "[5000,10000)",
        "[10000,20000)",
        "[20000,40000)"
      ]
    },
    "tokens_raw": [
      133,
      2,
      5028,
      16,
      101,
      10,
      27,
      34,
      12,
      562,
      190,
      421,
      329,
      3,
      16,
      166,
      160,
      301,
      15,
      1354,
      326,
      167,
      11,
      8,
      8,
      197,
      463,
      5551,
      192,
      10,
      9,
      4269,
      214,
      185,
      37,
      5,
      9,
      60,
      175,
      168,
      44,
      179,
      219,
      10,
      168,
      239,
      15,
      494,
      107,
      12,
      17,
      49,
      460,
      180,
      283,
      128,
      571,
      308,
      1428,
      84,
      1304,
      439,
      53,
      938,
      5134,
      203,
      4161,
      510,
      311,
      199,
      58,
      42,
      4921,
      11,
      186,
      13,
      238,
      537,
      13,
      9,
      64,
      212,
      5488,
      12,
      180,
      463,
      584,
      959,
      11,
      391,
      268,
      7,
      495,
      46,
      370,
      423,
      3,
      75,
      213,
      166,
      364,
      57,
      44,
      346,
      4,
      6,
      104,
      12,
      2,
      101,
      147,
      332,
      55,
      51,
      2,
      737,
      494,
      142,
      35,
      9,
      8,
      14,
      59,
      8,
      419,
      7,
      47,
      450,
      68,
      377,
      194,
      134,
      176,
      147,
      193,
      160,
      4152,
      118,
      5048,
      388,
      4603,
      180,
      83,
      4,
      42,
      484,
      129,
      4,
      4078,
      242,
      141,
      437,
      253,
      202,
      4076,
      152,
      2,
      187,
      13,
      30,
      196,
      8,
      5096,
      3,
      3,
      109,
      131,
      78,
      18,
      2,
      351,
      328,
      203,
      4314,
      113,
      2,
      788,
      368,
      8,
      143,
      372,
      182,
      4165,
      352,
      73,
      332,
      26,
      118,
      520,
      18,
      3,
      163,
      179,
      246,
      5125,
      30,
      2,
      3,
      303,
      5,
      225,
      4621,
      2,
      2,
      2,
      437,
      5,
      51,
      4092,
      104,
      37,
      84,
      506,
      644,
      2,
      14,
      250,
      2,
      136,
      208,
      162,
      350,
      59,
      226,
      248,
      54,
      213,
      131,
      4102,
      186,
      69,
      183,
      9,
      178,
      80,
      757,
      265,
      132,
      172,
      148,
      5153,
      13,
      67,
      4739,
      198,
      2,
      3,
      4128,
      531,
      47,
      2,
      3,
      5107,
      267,
      82,
      172,
      529,
      223,
      237,
      132,
      3,
      66,
      2,
      478,
      269,
      827,
      128,
      186,
      209,
      275,
      529,
      258,
      130,
      52,
      91,
      171,
      2,
      115,
      256,
      600,
      121,
      559,
      131,
      299,
      866,
      101,
      41,
      439,
      17,
      9,
      329,
      5060,
      6,
      90,
      17,
      238,
      2,
      232,
      4167,
      84,
      357,
      152,
      83,
      41,
      282,
      4348,
      186,
      79,
      331,
      284,
      354,
      14,
      1072,
      227,
      159,
      1315,
      133,
      46,
      161,
      68,
      380,
      2,
      515,
      186,
      140,
      139,
      7,
      106,
      332,
      199,
      4958,
      112,
      63,
      10,
      792,
      179,
      3,
      32,
      69,
      62,
      9,
      415,
      2,
      341,
      490,
      11,
      12,
      204,
      10,
      2,
      8,
      174,
      77,
      157,
      806,
      170,
      13,
      301,
      121,
      137,
      711,
      4,
      38,
      385,
      335,
      8,
      4134,
      221,
      12,
      4082,
      8,
      8,
      171,
      30,
      1667,
      9,
      2,
      21,
      255,
      485,
      2,
      236,
      198,
      13,
      85,
      177,
      2,
      251,
      234,
      4613,
      2,
      171,
      41,
      325,
      410,
      260,
      78,
      526,
      8,
      4586,
      583,
      172,
      61,
      8,
      30,
      214,
      207,
      9,
      18,
      76,
      446,
      259,
      162,
      1453,
      4149,
      158,
      167,
      394,
      118,
      43,
      10,
      60,
      341,
      12,
      2,
      3,
      262,
      147,
      247,
      324,
      84,
      134,
      178,
      4,
      346,
      464,
      39,
      109,
      26,
      3,
      21,
      164,
      196,
      24,
      284,
      2,
      21,
      124,
      35,
      213,
      324,
      279,
      272,
      200,
      321,
      108,
      18,
      2,
      11,
      161,
      97,
      9,
      2,
      119,
      619,
      85,
      169,
      12,
      3,
      27,
      5270,
      41,
      49,
      2,
      2,
      2,
      2,
      6,
      113,
      2,
      2,
      14,
      3,
      222,
      15,
      2,
      57,
      2,
      111,
      74,
      240,
      73,
      56,
      2,
      9,
      3,
      248,
      197,
      104,
      484,
      2,
      75,
      164,
      2,
      190,
      160,
      67,
      172,
      424,
      25,
      30,
      136,
      172,
      57,
      27,
      251,
      176,
      306,
      326,
      127,
      158,
      2,
      2,
      2,
      127,
      143,
      2,
      39,
      42,
      2,
      234,
      2,
      173,
      3,
      140,
      2,
      30,
      5,
      2,
      2,
      5,
      2,
      41,
      2,
      2,
      38,
      2,
      161,
      170,
      2,
      547,
      315,
      2,
      161,
      2,
      58,
      2,
      436,
      145,
      706,
      202,
      350,
      593,
      70,
      98,
      180,
      136,
      2,
      4642,
      7,
      52,
      125,
      2,
      3,
      2,
      2,
      240,
      2,
      3,
      2,
      678,
      2,
      16,
      413,
      217,
      12,
      4933,
      197,
      46,
      399,
      123,
      288,
      220,
      98,
      2,
      211,
      174,
      2,
      3,
      2,
      30,
      639,
      44,
      300,
      307,
      500,
      106,
      188,
      42,
      183,
      53,
      200,
      53,
      698,
      228,
      165,
      339,
      225,
      54,
      101,
      6,
      155,
      160,
      3,
      2,
      4273,
      3,
      2,
      35,
      25,
      34,
      26,
      44,
      79,
      2,
      48,
      2,
      2,
      6,
      2,
      17,
      62,
      18,
      2,
      139,
      4947,
      114,
      2,
      40,
      113,
