{
  "primary_metric": "prompt_level_loose_acc",
  "n_items": 300,
  "n_items_correct": 114,
  "n_items_incorrect": 186,
  "n_items_unknown": 0,
  "n_generations": 300,
  "samples_per_item": [
    1
  ],
  "all_rollouts": {
    "tokens": {
      "n": 300,
      "min": 2,
      "max": 2967,
      "mean": 30.256666666666668,
      "std": 233.19975154837155,
      "var": 54382.12412222222,
      "p10": 2,
      "p25": 2,
      "p50": 2,
      "p75": 2,
      "p90": 24,
      "p95": 79,
      "p99": 250
    },
    "tokens_histogram": {
      "edges": [
        0,
        10,
        20,
        50,
        100,
        200,
        500,
        1000,
        2000,
        5000,
        10000,
        20000,
        40000
      ],
      "counts": [
        259,
        7,
        14,
        9,
        6,
        3,
        0,
        0,
        2,
        0,
        0,
        0
      ],
      "labels": [
        "[0,10)",
        "[10,20)",
        "[20,50)",
        "[50,100)",
        "[100,200)",
        "[200,500)",
        "[500,1000)",
        "[1000,2000)",
        "[2000,5000)",
        "[5000,10000)",
        "[10000,20000)",
        "[20000,40000)"
      ]
    },
    "tokens_raw": [
      2,
      2,
      71,
      2,
      3,
      2,
      2,
      2,
      2,
      2,
      2,
      2,
      2,
      2,
      4,
      3,
      3,
      4,
      2,
      2,
      2,
      2,
      2,
      2,
      2,
      2,
      2,
      6,
      2,
      2,
      2,
      2,
      2,
      2,
      2,
      46,
      2,
      2,
      2,
      2,
      2,
      2,
      2,
      2,
      2,
      24,
      2,
      2,
      2,
      2,
      2,
      2,
      2,
      2,
      2,
      2,
      2,
      2,
      2,
      2,
      2,
      2,
      2,
      2,
      2,
      2,
      2,
      2,
      2,
      2,
      2,
      2,
      2,
      2,
      42,
      250,
      2,
      2,
      2,
      2,
      2,
      2,
      3,
      2,
      2,
      3,
      19,
      2,
      2,
      2,
      2,
      2,
      2,
      2,
      2,
      53,
      33,
      113,
      66,
      24,
      2,
      3,
      2,
      2,
      3,
      2,
      2,
      2,
      2,
      2,
      2,
      2,
      2,
      2,
      2,
      2,
      13,
      2,
      2,
      2,
      2,
      2,
      2,
      2,
      2,
      2,
      94,
      174,
      174,
      28,
      34,
      93,
      96,
      20,
      63,
      225,
      26,
      2,
      28,
      23,
      10,
      10,
      3,
      3,
      2,
      2,
      2,
      171,
      2,
      2,
      3,
      2,
      4,
      2,
      2,
      2,
      2,
      2,
      2,
      2,
      2,
      2,
      2,
      2,
      2,
      2,
      2,
      2,
      2,
      2,
      2,
      2,
      2,
      2,
      2,
      79,
      2,
      2,
      2,
      2,
      2,
      2967,
      2721,
      2,
      2,
      2,
      4,
      3,
      2,
      2,
      2,
      2,
      2,
      4,
      4,
      3,
      4,
      3,
      4,
      3,
      2,
      2,
      2,
      2,
      2,
      2,
      2,
      2,
      2,
      2,
      2,
      2,
      2,
      2,
      2,
      2,
      2,
      2,
      2,
      2,
      2,
      2,
      2,
      3,
      39,
      2,
      2,
      2,
      231,
      2,
      2,
      2,
      2,
      2,
      2,
      2,
      2,
      2,
      2,
      2,
      2,
      2,
      2,
      2,
      2,
      2,
      2,
      2,
      2,
      2,
      2,
      2,
      2,
      2,
      2,
      2,
      2,
      2,
      2,
      2,
      2,
      2,
      2,
      2,
      2,
      2,
      2,
      2,
      2,
      2,
      2,
      2,
      2,
      2,
      120,
      3,
      2,
      2,
      10,
      2,
      39,
      14,
      2,
      2,
      2,
      2,
      2,
      2,
      2,
      2,
      2,
      2,
      167,
      73,
      21,
      19,
      2,
      2,
      2,
      2
    ],
    "chars": {
      "n": 300,
      "min": 1,
      "max": 2966,
      "mean": 62.88333333333333,
      "std": 280.6085940514929,
      "var": 78741.18305555555,
      "p10": 1,
      "p25": 1,
      "p50": 1,
      "p75": 3,
      "p90": 102,
      "p95": 362,
      "p99": 1335
    },
    "chars_histogram": {
      "edges": [
        0,
        50,
        100,
        250,
        500,
        1000,
        2500,
        5000,
        10000,
        25000,
        50000,
        100000,
        200000
      ],
      "counts": [
        263,
        6,
        13,
        8,
        6,
        2,
        2,
        0,
        0,
        0,
        0,
        0
      ],
      "labels": [
        "[0,50)",
        "[50,100)",
        "[100,250)",
        "[250,500)",
        "[500,1000)",
        "[1000,2500)",
        "[2500,5000)",
        "[5000,10000)",
        "[10000,25000)",
        "[25000,50000)",
        "[50000,100000)",
        "[100000,200000)"
      ]
    }
  },
  "correct_rollouts": {
    "tokens": {
      "n": 114,
      "min": 2,
      "max": 2967,
      "mean": 62.8859649122807,
      "std": 373.45378912260867,
      "var": 139467.73261003385,
      "p10": 2,
      "p25": 2,
      "p50": 2,
      "p75": 2,
      "p90": 39,
      "p95": 120,
      "p99": 2721
    },
    "tokens_histogram": {
      "edges": [
        0,
        10,
        20,
        50,
        100,
        200,
        500,
        1000,
        2000,
        5000,
        10000,
        20000,
        40000
      ],
      "counts": [
        93,
        3,
        8,
        4,
        4,
        0,
        0,
        0,
        2,
        0,
        0,
        0
      ],
      "labels": [
        "[0,10)",
        "[10,20)",
        "[20,50)",
        "[50,100)",
        "[100,200)",
        "[200,500)",
        "[500,1000)",
        "[1000,2000)",
        "[2000,5000)",
        "[5000,10000)",
        "[10000,20000)",
        "[20000,40000)"
      ]
    },
    "tokens_raw": [
      4,
      6,
      2,
      2,
      2,
      2,
      2,
      2,
      42,
      2,
      2,
      2,
      2,
      19,
      2,
      2,
      2,
      2,
      2,
      2,
      3,
      2,
      3,
      2,
      2,
      2,
      13,
      2,
      94,
      174,
      174,
      28,
      34,
      93,
      96,
      20,
      63,
      2,
      28,
      2,
      2,
      2,
      2,
      2,
      2,
      2,
      2,
      2,
      2,
      2,
      2,
      2,
      2,
      2,
      2,
      2,
      2,
      2,
      2,
      2967,
      2721,
      2,
      2,
      2,
      4,
      3,
      2,
      2,
      2,
      2,
      2,
      2,
      2,
      3,
      39,
      2,
      2,
      2,
      2,
      2,
      2,
      2,
      2,
      2,
      2,
      2,
      2,
      2,
      2,
      2,
      2,
      2,
      2,
      2,
      2,
      2,
      2,
      2,
      2,
      2,
      2,
      120,
      39,
      2,
      2,
      2,
      2,
      167,
      21,
      19,
      2,
      2,
      2,
      2
    ],
    "chars": {
      "n": 114,
      "min": 1,
      "max": 2966,
      "mean": 100.01754385964912,
      "std": 397.55729990751877,
      "var": 158051.80670975684,
      "p10": 1,
      "p25": 1,
      "p50": 1,
      "p75": 9,
      "p90": 194,
      "p95": 497,
      "p99": 2720
    },
    "chars_histogram": {
      "edges": [
        0,
        50,
        100,
        250,
        500,
        1000,
        2500,
        5000,
        10000,
        25000,
        50000,
        100000,
        200000
      ],
      "counts": [
        93,
        6,
        6,
        4,
        3,
        0,
        2,
        0,
        0,
        0,
        0,
        0
      ],