{
  "primary_metric": "length_controlled_winrate",
  "n_items": 805,
  "n_items_correct": 0,
  "n_items_incorrect": 0,
  "n_items_unknown": 805,
  "n_generations": 805,
  "samples_per_item": [
    1
  ],
  "all_rollouts": {
    "tokens": {
      "n": 805,
      "min": 2,
      "max": 5106,
      "mean": 197.6968944099379,
      "std": 711.5144202606174,
      "var": 506252.77023880254,
      "p10": 2,
      "p25": 2,
      "p50": 34,
      "p75": 134,
      "p90": 279,
      "p95": 416,
      "p99": 4547
    },
    "tokens_histogram": {
      "edges": [
        0,
        10,
        20,
        50,
        100,
        200,
        500,
        1000,
        2000,
        5000,
        10000,
        20000,
        40000
      ],
      "counts": [
        267,
        58,
        136,
        97,
        121,
        92,
        13,
        1,
        13,
        7,
        0,
        0
      ],
      "labels": [
        "[0,10)",
        "[10,20)",
        "[20,50)",
        "[50,100)",
        "[100,200)",
        "[200,500)",
        "[500,1000)",
        "[1000,2000)",
        "[2000,5000)",
        "[5000,10000)",
        "[10000,20000)",
        "[20000,40000)"
      ]
    },
    "tokens_raw": [
      42,
      25,
      143,
      52,
      2,
      128,
      38,
      39,
      215,
      397,
      137,
      202,
      216,
      2,
      76,
      23,
      190,
      70,
      53,
      497,
      36,
      92,
      50,
      2,
      10,
      252,
      29,
      200,
      69,
      32,
      206,
      23,
      311,
      119,
      9,
      68,
      337,
      52,
      223,
      18,
      2,
      155,
      392,
      59,
      63,
      3,
      185,
      4253,
      28,
      2,
      5,
      52,
      353,
      13,
      192,
      125,
      4330,
      2,
      90,
      57,
      43,
      187,
      186,
      167,
      279,
      19,
      166,
      360,
      221,
      44,
      62,
      4,
      132,
      29,
      152,
      2,
      334,
      2,
      28,
      29,
      38,
      135,
      4181,
      25,
      136,
      246,
      231,
      222,
      55,
      53,
      46,
      2,
      377,
      47,
      366,
      250,
      76,
      9,
      398,
      46,
      3,
      19,
      15,
      331,
      574,
      48,
      117,
      2,
      4447,
      52,
      2,
      203,
      42,
      18,
      147,
      945,
      5025,
      48,
      28,
      87,
      17,
      21,
      22,
      14,
      705,
      20,
      245,
      416,
      11,
      298,
      138,
      80,
      224,
      79,
      2,
      16,
      2,
      26,
      2,
      361,
      59,
      51,
      48,
      114,
      3,
      131,
      114,
      2,
      1105,
      144,
      14,
      2,
      2,
      204,
      402,
      27,
      365,
      33,
      2,
      27,
      602,
      34,
      3938,
      36,
      3,
      2,
      16,
      22,
      10,
      2,
      2,
      143,
      17,
      9,
      34,
      102,
      123,
      297,
      11,
      173,
      169,
      25,
      2,
      112,
      13,
      2,
      121,
      125,
      30,
      36,
      2,
      173,
      126,
      2,
      5095,
      9,
      30,
      2,
      163,
      6,
      25,
      2,
      2,
      2,
      166,
      4,
      127,
      34,
      2,
      103,
      9,
      17,
      31,
      135,
      2,
      273,
      185,
      93,
      78,
      2,
      60,
      324,
      46,
      165,
      44,
      22,
      167,
      162,
      4225,
      109,
      28,
      40,
      7,
      200,
      43,
      5058,
      195,
      124,
      97,
      131,
      674,
      152,
      2,
      2,
      78,
      2,
      255,
      2,
      461,
      25,
      2,
      2,
      979,
      178,
      106,
      53,
      2,
      220,
      21,
      46,
      2,
      66,
      2,
      174,
      30,
      837,
      22,
      65,
      17,
      33,
      4064,
      231,
      86,
      2,
      112,
      136,
      163,
      59,
      136,
      67,
      61,
      509,
      4,
      393,
      990,
      17,
      62,
      625,
      77,
      5042,
      221,
      334,
      5,
      19,
      2,
      18,
      2,
      156,
      307,
      46,
      213,
      118,
      44,
      2,
      98,
      2,
      2,
      29,
      326,
      22,
      184,
      16,
      239,
      203,
      12,
      23,
      46,
      46,
      43,
      2,
      105,
      2,
      131,
      69,
      103,
      48,
      2,
      36,
      168,
      111,
      2,
      3,
      12,
      2,
      5074,
      155,
      2,
      82,
      16,
      2,
      13,
      101,
      2,
      147,
      62,
      161,
      2,
      89,
      7,
      2,
      2,
      351,
      43,
      2,
      230,
      4416,
      174,
      2,
      184,
      73,
      2,
      474,
      7,
      4134,
      208,
      63,
      2,
      137,
      226,
      4652,
      9,
      2,
      151,
      2,
      2,
      9,
      2,
      20,
      38,
      2,
      39,
      286,
      91,
      89,
      50,
      12,
      2,
      98,
      45,
      8,
      2,
      30,
      120,
      418,
      27,
      221,
      2,
      161,
      215,
      619,
      2,
      40,
      18,
      73,
      23,
      142,
      141,
      122,
      19,
      2,
      2,
      41,
      35,
      346,
      331,
      2,
      134,
      152,
      46,
      8,
      13,
      20,
      448,
      46,
      4,
      594,
      2,
      129,
      2,
      129,
      30,
      146,
      61,
      2,
      269,
      415,
      15,
      39,
      2,
      4,
      3,
      292,
      2,
      65,
      25,
      4,
      26,
      44,
      8,
      162,
      2,
      551,
      70,
      172,
      2,
      124,
      5106,
      2,
      11,
      45,
      49,
      11,
      2,
      178,
      2,
      40,
      49,
      27,
      2,
      17,
      14,
      424,
      59,
      2,
      2,
      2,
      2,
      3,
      75,
      79,
      2,
      2,
      2,
      41,
      15,
      16,
      43,
      14,
      58,
      68,
      2,
      101,
      66,
      2,
      8,
      2,
      307,
      63,
      34,
      405,
      2,
      4,
      2,
      40,
      2,
      27,
      21,
      28,
      4,
      19,
      31,
      103,
      143,
      34,
      127,
      279,
      129,
      151,
      2,
      95,
      37,
      187,
      2,
      3,
      9,
      3,
      2,
      21,
      12,
      2,
      2,
      2,
      30,
      2,
      2,
      2,
      31,
      3,
      2,
      2,
      2,
      2,
      28,
      3,
      2,
      26,
      2,
      141,
      110,
      2,
      3,
      288,
      3,
      79,
      2,
      23,
      2,
      218,
      103,
      2,
      47,
      139,
      79,
      25,
      10,
      190,
      53,
      5007,
      2,
      3,
      2,
      2,
      2,
      2,
      2,
      2,
      281,
      26,
      6,
      2,
      242,
      2,
      2,
      396,
      136,
      12,
      305,
      161,
      2,
      50,
      32,
      51,
      98,
      188,
      11,
      29,
      166,
      2,
      2,
      2,
      30,
      100,
      13,
      67,
      370,
      194,
      100,
      2,
      26,
      69,
      2,
      109,
      3,
      53,
      16,
      54,
      23,
      15,
      37,
      63,
      6,
      199,
      46,
      3,
      2,
      4547,
      2,
      2,
      2,
      2,
      28,
      2,
      2,
      2,
      2,
      2,
      3,
      2,
      2,
      4,
      7,
      33,
      10,
      3,
      5,
      2,
      74,
      2,
      3,
      22,
      192,
      11,
      75,
      4,
      96,
      2,
      2,
      2,
      11,
      88,
      2,
      2,
      3,
      9,
      2,
      3,
      2,
      2,
      6,
      31,
      2,
      75,
      2,
      2,
      7,
