{
  "primary_metric": "pass_at_1",
  "n_items": 612,
  "n_items_correct": 34,
  "n_items_incorrect": 578,
  "n_items_unknown": 0,
  "n_generations": 612,
  "samples_per_item": [
    1
  ],
  "all_rollouts": {
    "tokens": {
      "n": 612,
      "min": 10,
      "max": 5152,
      "mean": 248.26307189542484,
      "std": 680.3968861063689,
      "var": 462939.9226232432,
      "p10": 40,
      "p25": 82,
      "p50": 120,
      "p75": 172,
      "p90": 266,
      "p95": 401,
      "p99": 4486
    },
    "tokens_histogram": {
      "edges": [
        0,
        10,
        20,
        50,
        100,
        200,
        500,
        1000,
        2000,
        5000,
        10000,
        20000,
        40000
      ],
      "counts": [
        0,
        48,
        20,
        174,
        263,
        81,
        8,
        1,
        16,
        1,
        0,
        0
      ],
      "labels": [
        "[0,10)",
        "[10,20)",
        "[20,50)",
        "[50,100)",
        "[100,200)",
        "[200,500)",
        "[500,1000)",
        "[1000,2000)",
        "[2000,5000)",
        "[5000,10000)",
        "[10000,20000)",
        "[20000,40000)"
      ]
    },
    "tokens_raw": [
      197,
      120,
      225,
      3642,
      230,
      95,
      10,
      95,
      10,
      65,
      105,
      125,
      161,
      138,
      112,
      116,
      82,
      131,
      92,
      85,
      105,
      129,
      66,
      53,
      81,
      113,
      108,
      72,
      37,
      86,
      95,
      31,
      99,
      27,
      295,
      113,
      99,
      146,
      230,
      201,
      96,
      150,
      62,
      79,
      73,
      147,
      129,
      74,
      3535,
      121,
      86,
      92,
      133,
      109,
      169,
      148,
      148,
      81,
      138,
      43,
      141,
      107,
      137,
      68,
      126,
      182,
      122,
      57,
      95,
      128,
      96,
      118,
      140,
      103,
      73,
      95,
      75,
      78,
      129,
      197,
      174,
      239,
      94,
      55,
      43,
      132,
      156,
      39,
      89,
      126,
      155,
      89,
      182,
      90,
      165,
      90,
      283,
      60,
      63,
      80,
      126,
      135,
      62,
      122,
      38,
      176,
      66,
      78,
      70,
      176,
      172,
      368,
      130,
      89,
      75,
      101,
      78,
      80,
      162,
      196,
      102,
      62,
      127,
      77,
      27,
      98,
      172,
      110,
      88,
      56,
      209,
      129,
      83,
      99,
      141,
      96,
      196,
      105,
      144,
      160,
      121,
      110,
      122,
      101,
      76,
      151,
      220,
      130,
      64,
      122,
      160,
      123,
      68,
      118,
      179,
      89,
      342,
      93,
      105,
      175,
      93,
      96,
      56,
      139,
      40,
      93,
      117,
      114,
      52,
      88,
      42,
      154,
      364,
      182,
      62,
      55,
      125,
      80,
      106,
      23,
      82,
      90,
      67,
      68,
      251,
      78,
      59,
      139,
      61,
      86,
      176,
      210,
      277,
      205,
      10,
      198,
      69,
      805,
      158,
      143,
      10,
      225,
      148,
      10,
      10,
      173,
      69,
      92,
      246,
      210,
      387,
      410,
      18,
      89,
      79,
      816,
      263,
      112,
      78,
      170,
      10,
      412,
      113,
      10,
      10,
      102,
      302,
      190,
      139,
      162,
      95,
      197,
      175,
      84,
      275,
      165,
      1135,
      231,
      121,
      10,
      140,
      3774,
      10,
      161,
      135,
      181,
      168,
      273,
      223,
      93,
      4498,
      131,
      243,
      4455,
      219,
      96,
      234,
      139,
      162,
      226,
      162,
      156,
      3298,
      10,
      87,
      136,
      191,
      191,
      4584,
      128,
      84,
      224,
      138,
      264,
      148,
      97,
      10,
      10,
      3241,
      57,
      186,
      169,
      266,
      179,
      150,
      95,
      136,
      151,
      283,
      88,
      116,
      180,
      10,
      10,
      110,
      204,
      10,
      179,
      127,
      54,
      91,
      332,
      95,
      604,
      352,
      10,
      157,
      314,
      200,
      10,
      10,
      70,
      131,
      111,
      3473,
      142,
      119,
      60,
      10,
      175,
      197,
      96,
      148,
      111,
      164,
      10,
      51,
      155,
      96,
      3944,
      126,
      228,
      98,
      145,
      100,
      355,
      150,
      116,
      298,
      110,
      168,
      10,
      144,
      119,
      135,
      10,
      53,
      4776,
      172,
      153,
      4064,
      56,
      103,
      156,
      178,
      4349,
      60,
      98,
      312,
      270,
      38,
      59,
      121,
      101,
      133,
      338,
      432,
      153,
      683,
      86,
      116,
      187,
      10,
      172,
      139,
      190,
      271,
      91,
      10,
      73,
      129,
      149,
      153,
      304,
      73,
      242,
      401,
      206,
      10,
      10,
      73,
      124,
      88,
      145,
      244,
      61,
      106,
      97,
      169,
      10,
      10,
      60,
      246,
      96,
      682,
      10,
      44,
      162,
      4884,
      10,
      109,
      144,
      185,
      91,
      10,
      86,
      4903,
      240,
      70,
      524,
      212,
      162,
      87,
      129,
      355,
      10,
      151,
      273,
      114,
      155,
      173,
      10,
      173,
      182,
      92,
      124,
      295,
      426,
      143,
      213,
      123,
      139,
      127,
      10,
      83,
      141,
      10,
      144,
      78,
      118,
      204,
      263,
      921,
      142,
      10,
      75,
      111,
      102,
      64,
      138,
      158,
      59,
      58,
      113,
      4486,
      129,
      48,
      173,
      265,
      66,
      84,
      161,
      124,
      105,
      95,
      145,
      154,
      136,
      284,
      76,
      141,
      253,
      165,
      87,
      103,
      129,
      60,
      82,
      61,
      40,
      65,
      110,
      144,
      91,
      142,
      98,
      123,
      116,
      173,
      62,
      76,
      95,
      136,
      133,
      80,
      94,
      181,
      278,
      192,
      90,
      92,
      83,
      94,
      132,
      10,
      118,
      13,
      80,
      151,
      113,
      225,
      117,
      154,
      136,
      200,
      66,
      159,
      143,
      10,
      73,
      206,
      132,
      125,
      240,
      111,
      96,
      10,
      10,
      106,
      95,
      10,
      393,
      10,
      172,
      10,
      101,
      302,
      123,
      87,
      120,
      206,
      89,
      202,
      221,
      179,
      259,
      10,
      203,
      93,
      289,
      544,
      126,
      168,
      128,
      88,
      112,
      122,
      102,
      104,
      115,
      79,
      98,
      162,
      76,
      157,
      97,
      175,
      146,
      37,
      60,
      87,
      27,
      145,
      91,
      166,
      76,
      80,
      89,
      49,
      84,
      106,
      101,
      36,
      276,
      33,
      105,
      123,
      58,
      5152,
      108,
      54,
      93,
      182,
      96,
      165,
      82,
      56,
      100,
      195,
      107,
      146,
      178
    ],
    "chars": {
      "n": 612,
      "min": 30,
      "max": 21617,
      "mean": 901.7630718954248,
      "std": 2532.356152688865,
      "var": 6412827.684061152,
      "p10": 139,
      "p25": 295,
      "p50": 434,
      "p75": 628,
      "p90": 987,
      "p95": 1517,