{
  "primary_metric": "exact_match_flex",
  "n_items": 500,
  "n_items_correct": 126,
  "n_items_incorrect": 374,
  "n_items_unknown": 0,
  "n_generations": 500,
  "samples_per_item": [
    1
  ],
  "all_rollouts": {
    "tokens": {
      "n": 500,
      "min": 2,
      "max": 48,
      "mean": 8.184,
      "std": 3.7248012027489468,
      "var": 13.874144,
      "p10": 6,
      "p25": 6,
      "p50": 7,
      "p75": 9,
      "p90": 11,
      "p95": 15,
      "p99": 23
    },
    "tokens_histogram": {
      "edges": [
        0,
        10,
        20,
        50,
        100,
        200,
        500,
        1000,
        2000,
        5000,
        10000,
        20000,
        40000
      ],
      "counts": [
        396,
        94,
        10,
        0,
        0,
        0,
        0,
        0,
        0,
        0,
        0,
        0
      ],
      "labels": [
        "[0,10)",
        "[10,20)",
        "[20,50)",
        "[50,100)",
        "[100,200)",
        "[200,500)",
        "[500,1000)",
        "[1000,2000)",
        "[2000,5000)",
        "[5000,10000)",
        "[10000,20000)",
        "[20000,40000)"
      ]
    },
    "tokens_raw": [
      13,
      6,
      11,
      7,
      8,
      7,
      8,
      7,
      10,
      6,
      9,
      6,
      8,
      7,
      7,
      10,
      7,
      6,
      7,
      6,
      11,
      9,
      6,
      6,
      6,
      6,
      8,
      8,
      10,
      6,
      9,
      11,
      8,
      12,
      9,
      6,
      6,
      7,
      9,
      7,
      7,
      7,
      7,
      8,
      9,
      6,
      6,
      7,
      10,
      7,
      12,
      24,
      6,
      11,
      9,
      6,
      7,
      8,
      9,
      7,
      16,
      7,
      6,
      6,
      6,
      6,
      6,
      9,
      8,
      6,
      9,
      9,
      6,
      18,
      6,
      11,
      6,
      6,
      9,
      6,
      6,
      6,
      10,
      6,
      6,
      6,
      8,
      6,
      6,
      7,
      7,
      6,
      11,
      7,
      7,
      6,
      7,
      6,
      10,
      23,
      8,
      6,
      12,
      6,
      6,
      8,
      8,
      7,
      6,
      9,
      6,
      8,
      7,
      8,
      6,
      9,
      6,
      6,
      7,
      6,
      6,
      6,
      6,
      7,
      11,
      6,
      6,
      11,
      7,
      7,
      6,
      7,
      6,
      8,
      6,
      10,
      6,
      10,
      6,
      6,
      6,
      8,
      9,
      10,
      11,
      6,
      14,
      6,
      7,
      7,
      6,
      8,
      7,
      10,
      9,
      11,
      7,
      6,
      9,
      8,
      7,
      6,
      11,
      11,
      6,
      12,
      11,
      7,
      7,
      7,
      6,
      6,
      8,
      6,
      6,
      6,
      14,
      7,
      7,
      21,
      6,
      11,
      9,
      7,
      11,
      6,
      6,
      6,
      6,
      7,
      2,
      6,
      7,
      6,
      6,
      7,
      9,
      7,
      9,
      7,
      7,
      7,
      10,
      6,
      6,
      23,
      14,
      7,
      6,
      7,
      6,
      8,
      7,
      6,
      7,
      6,
      7,
      17,
      11,
      10,
      11,
      7,
      8,
      6,
      15,
      7,
      6,
      6,
      7,
      7,
      6,
      6,
      6,
      7,
      7,
      10,
      7,
      7,
      6,
      7,
      7,
      7,
      10,
      6,
      6,
      6,
      6,
      6,
      26,
      7,
      7,
      6,
      8,
      10,
      9,
      6,
      12,
      9,
      7,
      7,
      7,
      7,
      6,
      7,
      12,
      9,
      14,
      8,
      6,
      6,
      7,
      8,
      9,
      7,
      7,
      9,
      7,
      9,
      8,
      7,
      6,
      7,
      8,
      6,
      4,
      8,
      6,
      8,
      6,
      7,
      6,
      8,
      6,
      15,
      7,
      7,
      10,
      8,
      23,
      7,
      7,
      9,
      7,
      7,
      7,
      11,
      6,
      12,
      10,
      7,
      6,
      6,
      10,
      7,
      9,
      6,
      7,
      6,
      16,
      7,
      12,
      8,
      6,
      10,
      8,
      6,
      6,
      8,
      6,
      9,
      9,
      11,
      6,
      6,
      7,
      6,
      10,
      6,
      11,
      7,
      9,
      6,
      6,
      10,
      6,
      6,
      7,
      18,
      9,
      9,
      6,
      11,
      7,
      8,
      7,
      7,
      12,
      7,
      6,
      6,
      6,
      6,
      11,
      6,
      17,
      6,
      6,
      6,
      7,
      8,
      7,
      6,
      9,
      20,
      6,
      7,
      8,
      6,
      6,
      18,
      18,
      6,
      10,
      11,
      12,
      7,
      6,
      7,
      6,
      10,
      11,
      6,
      7,
      11,
      6,
      6,
      6,
      7,
      7,
      10,
      10,
      10,
      6,
      6,
      6,
      7,
      6,
      6,
      20,
      10,
      6,
      7,
      8,
      9,
      9,
      6,
      10,
      6,
      15,
      48,
      11,
      7,
      15,
      9,
      7,
      16,
      10,
      7,
      7,
      6,
      8,
      8,
      6,
      12,
      8,
      18,
      6,
      6,
      6,
      36,
      11,
      9,
      7,
      7,
      10,
      6,
      6,
      7,
      6,
      7,
      7,
      13,
      8,
      7,
      13,
      6,
      9,
      6,
      7,
      10,
      8,
      7,
      6,
      6,
      6,
      7,
      6,
      7,
      6,
      7,
      15,
      7,
      14,
      7,
      6,
      7,
      8,
      6,
      6,
      6,
      6,
      6,
      6,
      6,
      6,
      7,
      8,
      6,
      7,
      9,
      7,
      7,
      9,
      7,
      6,
      12,
      6,
      6,
      6,
      10
    ],
    "chars": {
      "n": 500,
      "min": 4,
      "max": 102,
      "mean": 12.866,
      "std": 7.65976788160059,
      "var": 58.672044,
      "p10": 9,
      "p25": 9,
      "p50": 10,
      "p75": 12,
      "p90": 21,
      "p95": 24,
      "p99": 50
    },
    "chars_histogram": {
      "edges": [
        0,
        50,
        100,
        250,
        500,
        1000,
        2500,
        5000,
        10000,
        25000,
        50000,
        100000,
        200000
      ],
      "counts": [
        494,
        5,
        1,
        0,
        0,
        0,
        0,
        0,
        0,
        0,
        0,
        0
      ],
      "labels": [
        "[0,50)",
        "[50,100)",
        "[100,250)",
        "[250,500)",
        "[500,1000)",
        "[1000,2500)",
        "[2500,5000)",
        "[5000,10000)",
        "[10000,25000)",
        "[25000,50000)",
        "[50000,100000)",
        "[100000,200000)"
      ]
    }
  },
  "correct_rollouts": {
    "tokens": {
      "n": 126,
      "min": 6,
      "max": 36,
      "mean": 8.007936507936508,
      "std": 3.7214437199893435,
      "var": 13.849143361048123,
      "p10": 6,
      "p25": 6,
      "p50": 7,
      "p75": 9,
      "p90": 11,
      "p95": 12,
      "p99": 24
    },
    "tokens_histogram": {
      "edges": [
        0,
        10,
        20,
        50,
        100,
        200,
        500,
        1000,
        2000,
        5000,
        10000,
        20000,
        40000
      ],
      "counts": [
        101,
        22,
        3,
        0,
        0,
        0,
        0,
        0,
        0,
        0,
        0,
        0
      ],
      "labels": [
        "[0,10)",
        "[10,20)",
        "[20,50)",
        "[50,100)",
        "[100,200)",
        "[200,500)",
        "[500,1000)",
        "[1000,2000)",
        "[2000,5000)",
        "[5000,10000)",
        "[10000,20000)",
        "[20000,40000)"
      ]
    },