{
  "primary_metric": "pass_at_1",
  "n_items": 612,
  "n_items_correct": 38,
  "n_items_incorrect": 574,
  "n_items_unknown": 0,
  "n_generations": 612,
  "samples_per_item": [
    1
  ],
  "all_rollouts": {
    "tokens": {
      "n": 612,
      "min": 10,
      "max": 6653,
      "mean": 582.4591503267974,
      "std": 1197.8443778555136,
      "var": 1434831.1535600624,
      "p10": 74,
      "p25": 105,
      "p50": 178,
      "p75": 357,
      "p90": 819,
      "p95": 4406,
      "p99": 5153
    },
    "tokens_histogram": {
      "edges": [
        0,
        10,
        20,
        50,
        100,
        200,
        500,
        1000,
        2000,
        5000,
        10000,
        20000,
        40000
      ],
      "counts": [
        0,
        11,
        12,
        111,
        206,
        154,
        66,
        4,
        38,
        10,
        0,
        0
      ],
      "labels": [
        "[0,10)",
        "[10,20)",
        "[20,50)",
        "[50,100)",
        "[100,200)",
        "[200,500)",
        "[500,1000)",
        "[1000,2000)",
        "[2000,5000)",
        "[5000,10000)",
        "[10000,20000)",
        "[20000,40000)"
      ]
    },
    "tokens_raw": [
      104,
      312,
      205,
      374,
      370,
      151,
      393,
      190,
      213,
      65,
      92,
      95,
      186,
      225,
      112,
      183,
      74,
      5141,
      114,
      108,
      140,
      231,
      97,
      53,
      141,
      118,
      121,
      74,
      37,
      80,
      102,
      50,
      122,
      30,
      338,
      202,
      764,
      254,
      137,
      166,
      149,
      5388,
      247,
      79,
      76,
      230,
      112,
      69,
      175,
      133,
      87,
      163,
      138,
      142,
      164,
      165,
      180,
      87,
      134,
      43,
      374,
      162,
      796,
      74,
      124,
      222,
      135,
      379,
      115,
      178,
      96,
      118,
      149,
      127,
      186,
      94,
      98,
      208,
      176,
      237,
      160,
      104,
      99,
      52,
      470,
      97,
      122,
      77,
      317,
      127,
      253,
      64,
      65,
      707,
      164,
      138,
      146,
      59,
      68,
      77,
      202,
      27,
      77,
      150,
      122,
      177,
      54,
      79,
      93,
      142,
      420,
      169,
      166,
      100,
      114,
      101,
      77,
      151,
      242,
      102,
      103,
      65,
      137,
      77,
      98,
      29,
      245,
      189,
      100,
      59,
      50,
      149,
      83,
      229,
      243,
      78,
      199,
      105,
      136,
      87,
      127,
      123,
      170,
      101,
      76,
      107,
      128,
      115,
      197,
      121,
      185,
      86,
      70,
      113,
      328,
      92,
      310,
      105,
      156,
      173,
      56,
      97,
      113,
      147,
      71,
      96,
      115,
      696,
      120,
      632,
      154,
      656,
      188,
      170,
      5155,
      899,
      213,
      74,
      124,
      5683,
      157,
      83,
      67,
      143,
      90,
      85,
      63,
      146,
      67,
      86,
      290,
      4559,
      706,
      322,
      479,
      4743,
      113,
      815,
      4824,
      252,
      134,
      811,
      4874,
      352,
      294,
      170,
      3496,
      271,
      468,
      819,
      506,
      369,
      95,
      234,
      4316,
      305,
      720,
      69,
      172,
      140,
      1066,
      4243,
      229,
      179,
      4730,
      232,
      65,
      535,
      227,
      238,
      723,
      285,
      341,
      245,
      719,
      10,
      495,
      516,
      229,
      104,
      167,
      574,
      568,
      5162,
      228,
      249,
      323,
      813,
      232,
      95,
      301,
      266,
      170,
      4722,
      238,
      145,
      3287,
      201,
      322,
      444,
      113,
      104,
      4144,
      10,
      357,
      10,
      282,
      234,
      260,
      238,
      143,
      354,
      298,
      532,
      169,
      409,
      286,
      352,
      118,
      306,
      455,
      1250,
      681,
      95,
      599,
      984,
      268,
      202,
      895,
      87,
      201,
      169,
      4305,
      761,
      105,
      95,
      401,
      4779,
      193,
      71,
      232,
      577,
      13,
      604,
      4191,
      28,
      813,
      474,
      4694,
      353,
      719,
      132,
      184,
      536,
      95,
      887,
      116,
      112,
      365,
      324,
      360,
      132,
      104,
      756,
      127,
      214,
      268,
      86,
      460,
      156,
      227,
      672,
      78,
      331,
      167,
      1840,
      135,
      189,
      222,
      4406,
      10,
      172,
      578,
      210,
      242,
      10,
      48,
      237,
      173,
      660,
      1085,
      329,
      4555,
      241,
      104,
      4194,
      114,
      97,
      852,
      4133,
      302,
      64,
      184,
      4711,
      612,
      577,
      606,
      485,
      740,
      87,
      258,
      141,
      10,
      4755,
      4636,
      113,
      527,
      637,
      2664,
      78,
      135,
      494,
      329,
      322,
      127,
      95,
      999,
      198,
      278,
      13,
      157,
      214,
      179,
      104,
      10,
      397,
      183,
      189,
      333,
      95,
      3499,
      90,
      565,
      146,
      988,
      177,
      60,
      407,
      3157,
      291,
      164,
      587,
      290,
      157,
      4923,
      152,
      413,
      742,
      181,
      4176,
      454,
      318,
      144,
      252,
      364,
      6653,
      40,
      4349,
      140,
      565,
      4705,
      261,
      4390,
      208,
      173,
      13,
      295,
      4529,
      507,
      150,
      321,
      204,
      153,
      802,
      188,
      138,
      13,
      149,
      136,
      557,
      310,
      145,
      4000,
      283,
      470,
      108,
      111,
      109,
      74,
      128,
      171,
      66,
      58,
      137,
      540,
      128,
      40,
      293,
      207,
      63,
      88,
      187,
      128,
      185,
      112,
      138,
      161,
      133,
      4551,
      79,
      397,
      777,
      117,
      111,
      120,
      148,
      60,
      187,
      81,
      43,
      56,
      167,
      290,
      80,
      150,
      194,
      121,
      4717,
      356,
      50,
      96,
      95,
      147,
      5596,
      80,
      155,
      169,
      125,
      199,
      70,
      111,
      178,
      775,
      287,
      345,
      605,
      466,
      728,
      95,
      151,
      230,
      150,
      4582,
      278,
      806,
      335,
      4886,
      497,
      886,
      210,
      570,
      583,
      104,
      173,
      147,
      373,
      596,
      242,
      88,
      99,
      287,
      679,
      993,
      254,
      5153,
      71,
      276,
      145,
      5029,
      302,
      674,
      298,
      438,
      4132,
      317,
      343,
      191,
      670,
      452,
      369,
      197,
      177,
      198,
      259,
      88,
      196,
      53,
      81,
      86,
      96,
      79,
      300,
      217,
      77,
      248,
      98,
      126,
      222,
      112,
      83,
      69,
      107,
      131,
      162,
      5087,
      88,
      223,
      102,
      46,
      86,
      152,
      252,
      4915,
      285,
      240,
      132,
      121,
      58,
      102,
      181,
      40,
      174,
      99,
      86,
      201,
      76,
      74,
      114,
      166,
      127,
      145,
      183
    ],
    "chars": {
      "n": 612,
      "min": 30,
      "max": 77115,
      "mean": 2351.4411764705883,