{
  "primary_metric": "length_controlled_winrate",
  "n_items": 805,
  "n_items_correct": 0,
  "n_items_incorrect": 0,
  "n_items_unknown": 805,
  "n_generations": 805,
  "samples_per_item": [
    1
  ],
  "all_rollouts": {
    "tokens": {
      "n": 805,
      "min": 2,
      "max": 6878,
      "mean": 2715.03850931677,
      "std": 2207.84428005615,
      "var": 4874576.364976659,
      "p10": 75,
      "p25": 231,
      "p50": 4132,
      "p75": 4808,
      "p90": 4967,
      "p95": 5076,
      "p99": 5311
    },
    "tokens_histogram": {
      "edges": [
        0,
        10,
        20,
        50,
        100,
        200,
        500,
        1000,
        2000,
        5000,
        10000,
        20000,
        40000
      ],
      "counts": [
        7,
        8,
        35,
        50,
        79,
        132,
        35,
        10,
        382,
        67,
        0,
        0
      ],
      "labels": [
        "[0,10)",
        "[10,20)",
        "[20,50)",
        "[50,100)",
        "[100,200)",
        "[200,500)",
        "[500,1000)",
        "[1000,2000)",
        "[2000,5000)",
        "[5000,10000)",
        "[10000,20000)",
        "[20000,40000)"
      ]
    },
    "tokens_raw": [
      4835,
      4302,
      4008,
      4236,
      4958,
      4935,
      4993,
      4138,
      4939,
      412,
      4125,
      4996,
      475,
      5063,
      69,
      5167,
      133,
      4091,
      172,
      5293,
      65,
      37,
      4836,
      5045,
      5041,
      52,
      28,
      4571,
      72,
      4810,
      4775,
      4167,
      289,
      150,
      58,
      4967,
      4544,
      4994,
      4109,
      37,
      4492,
      4521,
      4154,
      4188,
      479,
      5178,
      5006,
      5076,
      286,
      4678,
      36,
      4945,
      4160,
      407,
      4930,
      4455,
      4188,
      4083,
      731,
      84,
      4550,
      497,
      369,
      4983,
      4954,
      44,
      4732,
      310,
      63,
      283,
      199,
      75,
      4303,
      136,
      4831,
      259,
      4277,
      625,
      4952,
      4661,
      5037,
      4779,
      803,
      5025,
      207,
      4799,
      444,
      5121,
      4555,
      4696,
      4833,
      5020,
      4541,
      46,
      5010,
      634,
      4846,
      941,
      675,
      150,
      4038,
      4719,
      78,
      5028,
      662,
      4855,
      4922,
      4224,
      4945,
      4912,
      4219,
      4309,
      70,
      124,
      111,
      373,
      495,
      5181,
      4174,
      171,
      4426,
      116,
      73,
      239,
      5102,
      81,
      4449,
      342,
      133,
      328,
      4704,
      519,
      236,
      4300,
      4488,
      4947,
      4284,
      89,
      503,
      482,
      116,
      248,
      127,
      4545,
      4808,
      4834,
      4061,
      4828,
      4268,
      4097,
      4970,
      2014,
      4503,
      414,
      795,
      4903,
      4810,
      5011,
      5022,
      4933,
      4937,
      4288,
      69,
      4956,
      4986,
      166,
      56,
      29,
      4136,
      4918,
      4068,
      4264,
      4889,
      5016,
      233,
      4072,
      4132,
      471,
      5122,
      120,
      5162,
      273,
      4701,
      4305,
      4729,
      305,
      5058,
      230,
      280,
      4267,
      4786,
      411,
      4770,
      219,
      4203,
      36,
      4946,
      4154,
      59,
      4949,
      215,
      4927,
      4860,
      4844,
      247,
      360,
      4672,
      43,
      5276,
      114,
      40,
      168,
      52,
      5284,
      4141,
      4810,
      179,
      222,
      123,
      4639,
      4539,
      4910,
      4200,
      5061,
      4413,
      4880,
      293,
      5001,
      4199,
      4325,
      30,
      362,
      5050,
      4148,
      4684,
      5147,
      5158,
      4787,
      4123,
      423,
      5291,
      4704,
      4947,
      4993,
      4924,
      4805,
      4284,
      4643,
      4857,
      200,
      4927,
      96,
      4351,
      2820,
      4749,
      266,
      116,
      4456,
      160,
      4796,
      53,
      4079,
      11,
      465,
      4946,
      4637,
      196,
      127,
      4673,
      5378,
      2210,
      377,
      373,
      121,
      125,
      184,
      4705,
      3962,
      528,
      1030,
      4941,
      414,
      4758,
      935,
      5307,
      135,
      38,
      454,
      4950,
      5164,
      426,
      5004,
      44,
      129,
      5103,
      924,
      4034,
      350,
      4347,
      178,
      422,
      239,
      218,
      4049,
      225,
      4878,
      6878,
      87,
      5120,
      4345,
      514,
      84,
      4493,
      422,
      231,
      216,
      270,
      105,
      21,
      4123,
      5158,
      4820,
      540,
      187,
      4939,
      5293,
      95,
      4936,
      4725,
      191,
      4958,
      4854,
      19,
      10,
      4262,
      4722,
      9,
      33,
      317,
      4988,
      26,
      1236,
      4707,
      1063,
      4837,
      4787,
      4685,
      5049,
      5030,
      5135,
      4146,
      4552,
      4793,
      1496,
      406,
      58,
      87,
      329,
      139,
      168,
      4666,
      5156,
      132,
      5687,
      4119,
      4218,
      4949,
      255,
      4136,
      4242,
      4368,
      8,
      237,
      298,
      942,
      4731,
      4205,
      5181,
      4155,
      504,
      3274,
      176,
      4440,
      230,
      118,
      5006,
      349,
      207,
      249,
      4148,
      40,
      242,
      4920,
      4118,
      571,
      5266,
      4312,
      1012,
      34,
      4918,
      4186,
      5006,
      34,
      4863,
      60,
      4576,
      320,
      4954,
      4959,
      4779,
      863,
      116,
      4728,
      901,
      524,
      4110,
      5117,
      168,
      4637,
      61,
      45,
      148,
      4793,
      59,
      24,
      4392,
      4186,
      183,
      4454,
      5002,
      4619,
      319,
      4905,
      4898,
      588,
      390,
      4783,
      4839,
      25,
      4970,
      4199,
      188,
      4717,
      59,
      4143,
      218,
      4841,
      138,
      58,
      4427,
      4561,
      5098,
      293,
      407,
      4918,
      254,
      4820,
      9,
      22,
      4850,
      4812,
      4651,
      4335,
      238,
      4233,
      4585,
      4743,
      4880,
      4138,
      3922,
      823,
      126,
      174,
      102,
      4828,
      94,
      4628,
      4285,
      4265,
      4022,
      4231,
      4784,
      4932,
      4332,
      4544,
      4977,
      644,
      4631,
      213,
      4473,
      4293,
      4109,
      87,
      5030,
      5006,
      4625,
      5122,
      1680,
      160,
      456,
      4274,
      163,
      4323,
      4235,
      68,
      282,
      87,
      4260,
      18,
      4667,
      4175,
      248,
      307,
      70,
      4794,
      4951,
      4944,
      503,
      4917,
      224,
      170,
      4861,
      87,
      4737,
      304,
      310,
      73,
      4562,
      4733,
      266,
      160,
      4905,
      46,
      301,
      4809,
      4758,
      4543,
      4944,
      4573,
      88,
      280,
      4886,
      4900,
      4579,
      4942,
      198,
      13,
      177,
      133,
      4881,
      1128,
      477,
      73,
      4564,
      213,
      235,
      309,
      4124,
      299,
      488,
      4965,
      472,
      145,
      4655,
      389,
      4613,
      4816,
      5113,
      6006,
      250,
      121,
      101,
      4881,
      4132,
      4818,
      6,
      4203,
      130,
      4943,
      4934,
      2,
      4936,
      4990,
      762,
      4640,
      4934,
      703,
      4913,
      4836,
      321,
      917,
