{
  "primary_metric": "pass_at_1",
  "n_items": 612,
  "n_items_correct": 20,
  "n_items_incorrect": 592,
  "n_items_unknown": 0,
  "n_generations": 612,
  "samples_per_item": [
    1
  ],
  "all_rollouts": {
    "tokens": {
      "n": 612,
      "min": 2,
      "max": 244,
      "mean": 43.076797385620914,
      "std": 49.06094300261006,
      "var": 2406.9761283053526,
      "p10": 2,
      "p25": 2,
      "p50": 10,
      "p75": 83,
      "p90": 113,
      "p95": 131,
      "p99": 183
    },
    "tokens_histogram": {
      "edges": [
        0,
        10,
        20,
        50,
        100,
        200,
        500,
        1000,
        2000,
        5000,
        10000,
        20000,
        40000
      ],
      "counts": [
        222,
        111,
        44,
        139,
        93,
        3,
        0,
        0,
        0,
        0,
        0,
        0
      ],
      "labels": [
        "[0,10)",
        "[10,20)",
        "[20,50)",
        "[50,100)",
        "[100,200)",
        "[200,500)",
        "[500,1000)",
        "[1000,2000)",
        "[2000,5000)",
        "[5000,10000)",
        "[10000,20000)",
        "[20000,40000)"
      ]
    },
    "tokens_raw": [
      2,
      2,
      2,
      2,
      2,
      2,
      2,
      2,
      10,
      65,
      86,
      103,
      163,
      109,
      59,
      109,
      72,
      109,
      110,
      60,
      124,
      106,
      102,
      2,
      84,
      28,
      91,
      103,
      37,
      2,
      2,
      31,
      87,
      27,
      108,
      72,
      99,
      113,
      41,
      126,
      88,
      94,
      75,
      67,
      73,
      125,
      2,
      45,
      54,
      124,
      90,
      92,
      126,
      73,
      93,
      195,
      97,
      75,
      134,
      43,
      125,
      68,
      2,
      65,
      123,
      2,
      110,
      56,
      114,
      87,
      100,
      47,
      110,
      110,
      97,
      76,
      75,
      106,
      116,
      30,
      25,
      95,
      87,
      50,
      43,
      79,
      120,
      2,
      65,
      126,
      108,
      98,
      46,
      29,
      135,
      86,
      150,
      59,
      63,
      67,
      77,
      83,
      62,
      100,
      34,
      134,
      66,
      89,
      108,
      132,
      121,
      160,
      2,
      71,
      88,
      107,
      71,
      84,
      94,
      78,
      96,
      63,
      125,
      77,
      86,
      88,
      126,
      111,
      86,
      56,
      73,
      205,
      83,
      117,
      2,
      76,
      68,
      105,
      2,
      28,
      152,
      93,
      95,
      101,
      76,
      163,
      101,
      111,
      64,
      103,
      139,
      85,
      70,
      84,
      128,
      84,
      244,
      93,
      186,
      168,
      60,
      96,
      28,
      37,
      71,
      2,
      113,
      2,
      37,
      84,
      42,
      99,
      113,
      158,
      36,
      55,
      136,
      2,
      120,
      2,
      82,
      80,
      64,
      69,
      2,
      83,
      60,
      124,
      74,
      91,
      2,
      2,
      2,
      2,
      2,
      2,
      28,
      2,
      2,
      5,
      2,
      10,
      10,
      2,
      2,
      2,
      10,
      10,
      2,
      10,
      2,
      2,
      2,
      30,
      2,
      10,
      2,
      2,
      2,
      2,
      10,
      10,
      10,
      2,
      2,
      2,
      10,
      10,
      2,
      2,
      2,
      2,
      10,
      2,
      2,
      2,
      10,
      13,
      2,
      10,
      10,
      10,
      2,
      2,
      2,
      10,
      2,
      10,
      10,
      49,
      10,
      2,
      10,
      2,
      10,
      2,
      2,
      2,
      10,
      2,
      2,
      2,
      10,
      2,
      2,
      10,
      2,
      2,
      10,
      2,
      2,
      2,
      10,
      10,
      10,
      2,
      2,
      2,
      2,
      2,
      2,
      13,
      10,
      2,
      10,
      2,
      87,
      2,
      2,
      2,
      10,
      93,
      10,
      2,
      2,
      2,
      2,
      2,
      10,
      31,
      2,
      2,
      2,
      2,
      2,
      20,
      10,
      2,
      2,
      2,
      2,
      2,
      10,
      10,
      10,
      10,
      10,
      4,
      2,
      2,
      2,
      13,
      10,
      2,
      2,
      2,
      2,
      10,
      2,
      10,
      10,
      2,
      2,
      2,
      2,
      2,
      10,
      10,
      2,
      10,
      2,
      10,
      10,
      2,
      2,
      2,
      2,
      10,
      2,
      10,
      2,
      10,
      2,
      2,
      10,
      10,
      10,
      2,
      10,
      2,
      3,
      7,
      24,
      2,
      10,
      2,
      2,
      10,
      10,
      9,
      2,
      2,
      2,
      10,
      2,
      10,
      2,
      10,
      10,
      53,
      2,
      10,
      2,
      10,
      2,
      2,
      2,
      10,
      2,
      10,
      2,
      2,
      2,
      2,
      2,
      26,
      10,
      2,
      10,
      2,
      2,
      2,
      10,
      10,
      2,
      2,
      22,
      10,
      10,
      2,
      2,
      10,
      2,
      10,
      2,
      2,
      5,
      2,
      16,
      10,
      2,
      2,
      10,
      2,
      2,
      10,
      2,
      2,
      2,
      10,
      10,
      2,
      2,
      2,
      2,
      2,
      13,
      10,
      10,
      2,
      2,
      2,
      10,
      10,
      2,
      2,
      2,
      10,
      2,
      6,
      2,
      2,
      10,
      2,
      10,
      10,
      10,
      100,
      64,
      107,
      97,
      60,
      74,
      145,
      24,
      2,
      32,
      86,
      234,
      66,
      83,
      116,
      124,
      100,
      53,
      83,
      81,
      99,
      32,
      74,
      144,
      126,
      136,
      102,
      68,
      121,
      60,
      79,
      55,
      42,
      51,
      119,
      125,
      2,
      71,
      39,
      83,
      118,
      183,
      63,
      97,
      95,
      156,
      105,
      86,
      115,
      34,
      128,
      80,
      67,
      96,
      2,
      10,
      10,
      10,
      2,
      2,
      2,
      2,
      2,
      10,
      2,
      2,
      2,
      10,
      42,
      2,
      2,
      2,
      19,
      2,
      2,
      2,
      12,
      4,
      2,
      10,
      2,
      2,
      2,
      2,
      10,
      2,
      2,
      2,
      5,
      2,
      20,
      10,
      10,
      2,
      2,
      2,
      2,
      10,
      10,
      10,
      10,
      2,
      2,
      7,
      2,
      2,
      10,
      94,
      69,
      90,
      73,
      113,
      117,
      79,
      97,
      138,
      82,
      151,
      142,
      81,
      85,
      39,
      64,
      89,
      29,
      131,
      95,
      192,
      80,
      97,
      69,
      45,
      71,
      126,
      91,
      38,
      146,
      35,
      128,
      103,
      67,
      112,
      83,
      71,
      94,
      32,
      86,
      77,
      83,
      46,
      68,
      145,
      97,
      161,
      28
    ],
    "chars": {
      "n": 612,
      "min": 1,
      "max": 1051,
      "mean": 162.15686274509804,
      "std": 197.00427544702168,
      "var": 38810.684544405995,
      "p10": 1,
      "p25": 3,
      "p50": 30,
      "p75": 308,
      "p90": 450,
      "p95": 540,
      "p99": 690
    },
    "chars_histogram": {
      "edges": [
        0,
        50,
        100,
        250,
        500,
        1000,
        2500,
        5000,
        10000,
        25000,
        50000,
        100000,
        200000
      ],
      "counts": [
        332,
        10,
        63,
        167,
        39,
        1,
        0,
        0,
        0,
        0,
        0,
        0
      ],