{
  "primary_metric": "length_controlled_winrate",
  "n_items": 805,
  "n_items_correct": 0,
  "n_items_incorrect": 0,
  "n_items_unknown": 805,
  "n_generations": 805,
  "samples_per_item": [
    1
  ],
  "all_rollouts": {
    "tokens": {
      "n": 805,
      "min": 2,
      "max": 5241,
      "mean": 488.4347826086956,
      "std": 1298.4503816368106,
      "var": 1685973.393572779,
      "p10": 2,
      "p25": 2,
      "p50": 12,
      "p75": 135,
      "p90": 1210,
      "p95": 4319,
      "p99": 4962
    },
    "tokens_histogram": {
      "edges": [
        0,
        10,
        20,
        50,
        100,
        200,
        500,
        1000,
        2000,
        5000,
        10000,
        20000,
        40000
      ],
      "counts": [
        370,
        117,
        70,
        31,
        44,
        74,
        17,
        7,
        68,
        7,
        0,
        0
      ],
      "labels": [
        "[0,10)",
        "[10,20)",
        "[20,50)",
        "[50,100)",
        "[100,200)",
        "[200,500)",
        "[500,1000)",
        "[1000,2000)",
        "[2000,5000)",
        "[5000,10000)",
        "[10000,20000)",
        "[20000,40000)"
      ]
    },
    "tokens_raw": [
      3,
      10,
      151,
      15,
      10,
      5023,
      26,
      47,
      2,
      341,
      81,
      415,
      115,
      23,
      4144,
      11,
      173,
      135,
      15,
      3,
      10,
      14,
      27,
      9,
      8,
      2,
      7,
      267,
      4951,
      10,
      9,
      4692,
      249,
      6,
      4701,
      15,
      9,
      3,
      1839,
      5,
      7,
      9,
      2,
      4323,
      2,
      12,
      17,
      486,
      3,
      11,
      11,
      68,
      4,
      218,
      346,
      9,
      5241,
      4065,
      4567,
      2,
      10,
      259,
      2,
      9,
      2,
      8,
      4883,
      2,
      45,
      233,
      2,
      41,
      229,
      10,
      14,
      15,
      4,
      4159,
      18,
      1398,
      24,
      11,
      27,
      4944,
      14,
      437,
      458,
      4197,
      10,
      4176,
      14,
      8,
      22,
      2,
      542,
      1451,
      12,
      11,
      13,
      365,
      2,
      10,
      10,
      680,
      3,
      5,
      28,
      12,
      2,
      53,
      2,
      2,
      4949,
      4962,
      3,
      508,
      2,
      31,
      4141,
      3,
      4319,
      14,
      80,
      9,
      483,
      4179,
      46,
      4,
      2,
      308,
      25,
      17,
      2,
      4237,
      3,
      11,
      3,
      4331,
      6,
      548,
      374,
      2,
      97,
      23,
      3,
      2,
      7,
      2,
      4927,
      2,
      55,
      397,
      11,
      2,
      592,
      10,
      680,
      2,
      15,
      28,
      41,
      8,
      6,
      3,
      2,
      2,
      184,
      2,
      2,
      2,
      3,
      4477,
      2,
      7,
      19,
      94,
      2,
      463,
      4032,
      2,
      2,
      8,
      26,
      201,
      4617,
      40,
      25,
      4112,
      2,
      18,
      2,
      422,
      227,
      4559,
      1210,
      2,
      6,
      11,
      203,
      5,
      9,
      2,
      3,
      4161,
      2,
      482,
      281,
      16,
      3,
      4873,
      33,
      11,
      5045,
      13,
      2,
      4302,
      18,
      2,
      287,
      4,
      2,
      2,
      36,
      209,
      2,
      17,
      210,
      162,
      4133,
      18,
      66,
      12,
      11,
      2,
      2,
      4279,
      14,
      4210,
      252,
      2,
      759,
      14,
      2,
      4264,
      131,
      2,
      3,
      321,
      2,
      12,
      33,
      4,
      2,
      4165,
      4067,
      18,
      267,
      24,
      2,
      17,
      124,
      16,
      2,
      6,
      16,
      13,
      84,
      2,
      2,
      2,
      3,
      3,
      177,
      115,
      2,
      3,
      2,
      3,
      169,
      17,
      4342,
      311,
      4796,
      621,
      2,
      78,
      2,
      15,
      189,
      29,
      247,
      17,
      5,
      3,
      17,
      18,
      2,
      460,
      26,
      3,
      2,
      2,
      2,
      17,
      255,
      25,
      332,
      79,
      271,
      176,
      576,
      32,
      2,
      209,
      2,
      46,
      193,
      4311,
      110,
      2,
      460,
      3,
      15,
      154,
      655,
      266,
      2,
      64,
      2,
      2,
      4598,
      3,
      11,
      12,
      3,
      2,
      3,
      31,
      8,
      53,
      10,
      419,
      26,
      30,
      22,
      12,
      11,
      169,
      10,
      85,
      2,
      176,
      14,
      228,
      2,
      256,
      12,
      219,
      363,
      2,
      13,
      2,
      66,
      4899,
      3,
      28,
      8,
      4945,
      8,
      16,
      9,
      8,
      5027,
      33,
      4589,
      7,
      5,
      4948,
      21,
      4123,
      6,
      3,
      14,
      4949,
      165,
      4959,
      2,
      75,
      2,
      11,
      2,
      20,
      2,
      4496,
      4131,
      290,
      24,
      2,
      6,
      4108,
      303,
      4296,
      34,
      4738,
      7,
      2,
      277,
      24,
      5015,
      75,
      525,
      4189,
      11,
      248,
      15,
      22,
      295,
      178,
      4090,
      2,
      10,
      255,
      2,
      22,
      9,
      6,
      2,
      181,
      14,
      4339,
      3,
      3,
      2,
      2,
      2,
      546,
      2,
      10,
      2,
      3,
      46,
      9,
      2,
      2,
      18,
      2,
      21,
      3,
      3,
      8,
      536,
      4571,
      6,
      13,
      219,
      5161,
      18,
      2,
      8,
      13,
      2,
      77,
      3,
      128,
      341,
      10,
      2,
      12,
      3,
      2,
      181,
      78,
      115,
      2,
      2,
      30,
      314,
      3,
      115,
      2,
      3,
      3,
      2,
      2,
      2,
      30,
      131,
      2,
      3,
      3,
      135,
      186,
      2,
      2,
      3,
      4,
      729,
      12,
      16,
      4238,
      2,
      66,
      3,
      2,
      2,
      4100,
      21,
      3,
      428,
      2,
      18,
      232,
      217,
      2,
      27,
      16,
      2,
      25,
      654,
      3,
      203,
      410,
      2,
      3,
      2,
      19,
      3,
      20,
      2,
      2,
      4,
      3,
      3,
      2,
      3,
      3,
      2,
      2,
      2,
      3,
      2,
      2,
      2,
      2,
      3,
      98,
      2,
      141,
      16,
      2,
      256,
      2,
      2,
      2,
      2,
      2,
      13,
      2,
      2,
      1023,
      2,
      3,
      3,
      79,
      249,
      7,
      225,
      20,
      2,
      182,
      2,
      89,
      3,
      126,
      2,
      2,
      2,
      2,
      20,
      2,
      2,
      16,
      36,
      253,
      2,
      21,
      4,
      2,
      6,
      352,
      15,
      2,
      13,
      2,
      2,
      4951,
      2,
      63,
      4,
      13,
      2,
      385,
      150,
      2,
      2,
      4139,
      159,
      2,
      22,
      2,
      3,
      2,
      2,
      2,
      2,
      2,
      2,
      3,
      2,
      114,
      21,
      3,
      2,
      2,
      6,
      3,
      18,
      2,
      20,
      42,
      40,
      33,
      82,
      2,
      2,
      2,
      2,
      2,
      2,
      2,
      2,
      95,
      2,
      2,
      322,
      16,
      2,
      2,
      6,
      86,
      2,
      10,
      2,
      21,
      2,
      2,
      2,
      3,
      88,
      119,
      2,
      2,
      2,
      2,
      2,
      15,
      2,
      25,
      2,
      2,
      97,
      14,
      3,
      2,
      2,
      2,
      2,
      3,
      30,
      4,
      2,
      3,
      2,
