{
  "primary_metric": "pass_at_1",
  "n_items": 612,
  "n_items_correct": 21,
  "n_items_incorrect": 591,
  "n_items_unknown": 0,
  "n_generations": 612,
  "samples_per_item": [
    1
  ],
  "all_rollouts": {
    "tokens": {
      "n": 612,
      "min": 2,
      "max": 4765,
      "mean": 47.099673202614376,
      "std": 196.41290091781656,
      "var": 38578.027646952025,
      "p10": 2,
      "p25": 2,
      "p50": 10,
      "p75": 75,
      "p90": 106,
      "p95": 120,
      "p99": 199
    },
    "tokens_histogram": {
      "edges": [
        0,
        10,
        20,
        50,
        100,
        200,
        500,
        1000,
        2000,
        5000,
        10000,
        20000,
        40000
      ],
      "counts": [
        250,
        70,
        77,
        141,
        68,
        5,
        0,
        0,
        1,
        0,
        0,
        0
      ],
      "labels": [
        "[0,10)",
        "[10,20)",
        "[20,50)",
        "[50,100)",
        "[100,200)",
        "[200,500)",
        "[500,1000)",
        "[1000,2000)",
        "[2000,5000)",
        "[5000,10000)",
        "[10000,20000)",
        "[20000,40000)"
      ]
    },
    "tokens_raw": [
      2,
      2,
      2,
      2,
      10,
      2,
      2,
      2,
      2,
      65,
      87,
      87,
      156,
      106,
      59,
      39,
      70,
      33,
      111,
      89,
      125,
      86,
      108,
      59,
      116,
      109,
      29,
      84,
      34,
      2,
      70,
      31,
      64,
      27,
      199,
      2,
      99,
      129,
      40,
      70,
      80,
      99,
      68,
      79,
      73,
      25,
      107,
      51,
      153,
      124,
      79,
      92,
      125,
      73,
      81,
      106,
      152,
      80,
      27,
      43,
      142,
      65,
      28,
      59,
      118,
      2,
      114,
      2,
      2,
      94,
      94,
      47,
      118,
      127,
      92,
      30,
      75,
      95,
      25,
      30,
      36,
      95,
      89,
      50,
      2,
      92,
      124,
      39,
      77,
      126,
      107,
      95,
      33,
      29,
      130,
      30,
      34,
      53,
      57,
      67,
      68,
      25,
      56,
      113,
      34,
      36,
      66,
      79,
      117,
      114,
      129,
      112,
      106,
      63,
      29,
      98,
      70,
      84,
      91,
      32,
      96,
      62,
      118,
      77,
      86,
      88,
      98,
      64,
      84,
      2,
      73,
      30,
      83,
      107,
      35,
      76,
      112,
      25,
      119,
      26,
      90,
      101,
      34,
      101,
      76,
      30,
      106,
      110,
      64,
      119,
      46,
      50,
      70,
      112,
      31,
      83,
      214,
      25,
      35,
      29,
      60,
      96,
      28,
      37,
      71,
      55,
      129,
      99,
      42,
      86,
      31,
      99,
      105,
      167,
      34,
      55,
      34,
      77,
      99,
      25,
      74,
      2,
      64,
      69,
      2,
      81,
      59,
      24,
      59,
      91,
      10,
      2,
      2,
      2,
      10,
      2,
      33,
      2,
      2,
      96,
      10,
      2,
      2,
      10,
      2,
      2,
      10,
      10,
      239,
      2,
      10,
      10,
      18,
      33,
      10,
      2,
      2,
      2,
      2,
      2,
      10,
      2,
      2,
      2,
      10,
      2,
      2,
      2,
      10,
      10,
      2,
      2,
      2,
      38,
      10,
      2,
      2,
      2,
      10,
      2,
      2,
      2,
      2,
      168,
      2,
      2,
      10,
      2,
      2,
      58,
      2,
      10,
      2,
      2,
      2,
      2,
      10,
      2,
      2,
      2,
      2,
      2,
      10,
      2,
      2,
      10,
      2,
      2,
      2,
      10,
      2,
      2,
      10,
      2,
      2,
      2,
      2,
      2,
      2,
      2,
      2,
      2,
      2,
      2,
      2,
      2,
      2,
      111,
      2,
      2,
      2,
      10,
      10,
      10,
      10,
      2,
      2,
      5,
      2,
      49,
      2,
      2,
      2,
      2,
      10,
      26,
      2,
      2,
      2,
      2,
      10,
      2,
      73,
      2,
      2,
      2,
      2,
      55,
      2,
      2,
      2,
      2,
      2,
      2,
      2,
      10,
      2,
      2,
      2,
      10,
      2,
      2,
      2,
      2,
      10,
      2,
      2,
      10,
      2,
      10,
      2,
      10,
      10,
      2,
      2,
      2,
      2,
      127,
      45,
      2,
      2,
      2,
      86,
      10,
      2,
      10,
      2,
      2,
      10,
      2,
      2,
      10,
      2,
      10,
      2,
      2,
      2,
      2,
      2,
      10,
      2,
      2,
      2,
      2,
      2,
      2,
      2,
      2,
      10,
      54,
      2,
      2,
      2,
      2,
      2,
      2,
      2,
      2,
      2,
      2,
      2,
      2,
      2,
      2,
      2,
      2,
      2,
      2,
      2,
      2,
      2,
      2,
      2,
      2,
      2,
      10,
      2,
      2,
      2,
      2,
      2,
      2,
      10,
      64,
      2,
      2,
      5,
      2,
      10,
      2,
      4,
      10,
      10,
      2,
      2,
      10,
      2,
      2,
      2,
      10,
      10,
      10,
      2,
      259,
      2,
      2,
      10,
      204,
      93,
      2,
      2,
      2,
      2,
      10,
      2,
      2,
      2,
      10,
      5,
      10,
      10,
      10,
      2,
      2,
      2,
      2,
      2,
      110,
      64,
      2,
      29,
      59,
      74,
      2,
      24,
      80,
      32,
      88,
      210,
      66,
      84,
      98,
      124,
      2,
      53,
      119,
      115,
      100,
      23,
      75,
      172,
      108,
      110,
      31,
      94,
      94,
      48,
      79,
      55,
      42,
      70,
      119,
      2,
      72,
      78,
      39,
      83,
      120,
      56,
      62,
      74,
      95,
      91,
      105,
      86,
      2,
      123,
      189,
      88,
      81,
      96,
      2,
      10,
      2,
      10,
      107,
      2,
      2,
      2,
      2,
      2,
      2,
      2,
      2,
      2,
      39,
      2,
      10,
      2,
      10,
      2,
      2,
      2,
      2,
      10,
      2,
      2,
      10,
      2,
      2,
      2,
      70,
      2,
      2,
      2,
      2,
      10,
      2,
      2,
      10,
      2,
      2,
      2,
      2,
      10,
      10,
      2,
      10,
      2,
      2,
      2,
      2,
      2,
      2,
      94,
      81,
      89,
      73,
      104,
      63,
      79,
      95,
      118,
      71,
      4765,
      26,
      29,
      25,
      39,
      65,
      25,
      71,
      115,
      92,
      48,
      80,
      25,
      86,
      46,
      79,
      87,
      90,
      38,
      173,
      138,
      105,
      26,
      58,
      100,
      29,
      40,
      90,
      32,
      103,
      69,
      83,
      46,
      58,
      29,
      88,
      28,
      28
    ],
    "chars": {
      "n": 612,
      "min": 1,
      "max": 11364,
      "mean": 163.8921568627451,
      "std": 488.63390816949556,
      "var": 238763.096212995,
      "p10": 1,
      "p25": 1,
      "p50": 30,
      "p75": 285,
      "p90": 396,
      "p95": 482,
      "p99": 833
    },
    "chars_histogram": {
      "edges": [
        0,
        50,
        100,
        250,
        500,
        1000,
        2500,
        5000,
        10000,
        25000,
        50000,
        100000,
        200000
      ],
      "counts": [
        319,
        24,
        90,
        156,
        21,
        1,
        0,
        0,
        1,
        0,
        0,
        0
      ],