{
  "primary_metric": "pass_at_1",
  "n_items": 612,
  "n_items_correct": 28,
  "n_items_incorrect": 584,
  "n_items_unknown": 0,
  "n_generations": 612,
  "samples_per_item": [
    1
  ],
  "all_rollouts": {
    "tokens": {
      "n": 612,
      "min": 10,
      "max": 5093,
      "mean": 74.71895424836602,
      "std": 225.7396110426295,
      "var": 50958.37199367765,
      "p10": 10,
      "p25": 10,
      "p50": 56,
      "p75": 95,
      "p90": 128,
      "p95": 151,
      "p99": 234
    },
    "tokens_histogram": {
      "edges": [
        0,
        10,
        20,
        50,
        100,
        200,
        500,
        1000,
        2000,
        5000,
        10000,
        20000,
        40000
      ],
      "counts": [
        0,
        169,
        120,
        189,
        123,
        8,
        1,
        0,
        1,
        1,
        0,
        0
      ],
      "labels": [
        "[0,10)",
        "[10,20)",
        "[20,50)",
        "[50,100)",
        "[100,200)",
        "[200,500)",
        "[500,1000)",
        "[1000,2000)",
        "[2000,5000)",
        "[5000,10000)",
        "[10000,20000)",
        "[20000,40000)"
      ]
    },
    "tokens_raw": [
      10,
      114,
      10,
      10,
      10,
      10,
      10,
      10,
      10,
      42,
      92,
      41,
      172,
      131,
      112,
      39,
      70,
      138,
      116,
      56,
      160,
      85,
      72,
      53,
      81,
      112,
      164,
      39,
      37,
      75,
      79,
      31,
      71,
      27,
      124,
      91,
      99,
      135,
      39,
      117,
      99,
      123,
      58,
      39,
      73,
      22,
      126,
      42,
      41,
      135,
      84,
      92,
      135,
      100,
      87,
      195,
      106,
      75,
      25,
      43,
      215,
      60,
      148,
      58,
      116,
      26,
      98,
      56,
      103,
      127,
      96,
      43,
      122,
      127,
      33,
      92,
      75,
      80,
      100,
      30,
      150,
      95,
      87,
      39,
      43,
      90,
      126,
      39,
      84,
      32,
      121,
      30,
      33,
      31,
      128,
      83,
      34,
      59,
      68,
      95,
      40,
      27,
      49,
      28,
      34,
      134,
      54,
      79,
      39,
      109,
      151,
      147,
      106,
      73,
      29,
      98,
      70,
      78,
      87,
      128,
      85,
      62,
      141,
      77,
      111,
      92,
      30,
      64,
      108,
      45,
      77,
      128,
      83,
      56,
      33,
      76,
      65,
      105,
      134,
      26,
      109,
      93,
      87,
      101,
      77,
      30,
      45,
      115,
      63,
      106,
      109,
      61,
      68,
      95,
      31,
      84,
      41,
      23,
      35,
      29,
      60,
      121,
      28,
      37,
      71,
      58,
      111,
      95,
      66,
      86,
      31,
      105,
      24,
      171,
      36,
      91,
      144,
      69,
      106,
      25,
      99,
      80,
      64,
      66,
      41,
      66,
      59,
      130,
      40,
      86,
      99,
      10,
      49,
      177,
      10,
      10,
      10,
      191,
      101,
      10,
      10,
      10,
      125,
      10,
      10,
      10,
      10,
      120,
      10,
      151,
      10,
      10,
      13,
      31,
      65,
      121,
      10,
      60,
      77,
      102,
      10,
      10,
      59,
      10,
      10,
      112,
      84,
      122,
      142,
      10,
      10,
      10,
      10,
      10,
      132,
      10,
      82,
      167,
      55,
      10,
      59,
      94,
      10,
      69,
      127,
      10,
      10,
      10,
      10,
      53,
      10,
      10,
      10,
      10,
      80,
      59,
      10,
      90,
      145,
      106,
      10,
      10,
      10,
      10,
      30,
      10,
      165,
      183,
      10,
      10,
      60,
      10,
      10,
      10,
      10,
      97,
      10,
      10,
      10,
      29,
      69,
      10,
      167,
      10,
      10,
      10,
      10,
      10,
      10,
      63,
      78,
      79,
      10,
      10,
      48,
      91,
      10,
      51,
      10,
      52,
      95,
      10,
      10,
      10,
      10,
      21,
      10,
      80,
      10,
      10,
      10,
      38,
      68,
      10,
      10,
      10,
      92,
      62,
      10,
      10,
      10,
      70,
      10,
      98,
      35,
      10,
      22,
      86,
      75,
      123,
      10,
      10,
      59,
      10,
      106,
      10,
      108,
      10,
      35,
      10,
      10,
      10,
      88,
      97,
      10,
      10,
      17,
      55,
      20,
      10,
      10,
      29,
      63,
      10,
      10,
      10,
      32,
      62,
      167,
      10,
      24,
      30,
      47,
      115,
      10,
      32,
      101,
      248,
      64,
      35,
      83,
      10,
      10,
      195,
      10,
      48,
      258,
      10,
      10,
      50,
      111,
      66,
      10,
      10,
      41,
      10,
      10,
      120,
      137,
      10,
      48,
      139,
      10,
      10,
      10,
      48,
      67,
      82,
      10,
      10,
      10,
      45,
      10,
      48,
      10,
      10,
      36,
      10,
      16,
      10,
      57,
      89,
      10,
      64,
      85,
      56,
      184,
      202,
      32,
      570,
      10,
      10,
      47,
      112,
      10,
      10,
      2123,
      10,
      77,
      142,
      91,
      10,
      10,
      10,
      10,
      10,
      261,
      10,
      51,
      10,
      10,
      10,
      10,
      10,
      91,
      10,
      10,
      91,
      32,
      55,
      10,
      10,
      10,
      108,
      10,
      39,
      85,
      101,
      64,
      133,
      121,
      45,
      58,
      136,
      34,
      98,
      40,
      99,
      136,
      59,
      79,
      105,
      120,
      5093,
      57,
      39,
      24,
      60,
      32,
      38,
      32,
      105,
      28,
      87,
      95,
      101,
      46,
      79,
      55,
      42,
      53,
      29,
      121,
      80,
      32,
      39,
      83,
      26,
      137,
      47,
      80,
      93,
      119,
      45,
      80,
      111,
      34,
      103,
      28,
      67,
      91,
      63,
      10,
      80,
      10,
      101,
      119,
      97,
      10,
      10,
      10,
      10,
      161,
      59,
      168,
      34,
      10,
      10,
      10,
      16,
      10,
      10,
      10,
      10,
      43,
      74,
      10,
      123,
      75,
      82,
      57,
      79,
      10,
      10,
      164,
      55,
      234,
      20,
      49,
      83,
      217,
      81,
      118,
      10,
      10,
      84,
      128,
      10,
      43,
      37,
      75,
      81,
      53,
      119,
      95,
      74,
      66,
      73,
      104,
      72,
      79,
      67,
      147,
      76,
      147,
      97,
      33,
      121,
      39,
      70,
      25,
      27,
      32,
      97,
      48,
      100,
      167,
      89,
      49,
      88,
      87,
      61,
      39,
      224,
      33,
      128,
      94,
      54,
      121,
      149,
      40,
      101,
      30,
      86,
      31,
      59,
      46,
      53,
      154,
      85,
      108,
      28
    ],
    "chars": {
      "n": 612,
      "min": 30,
      "max": 12567,
      "mean": 251.99183006535947,
      "std": 553.177412710653,
      "var": 306005.24993325217,
      "p10": 30,
      "p25": 30,
      "p50": 182,
      "p75": 347,
      "p90": 485,
      "p95": 579,
      "p99": 873
    },
    "chars_histogram": {
      "edges": [
        0,
        50,
        100,
        250,
        500,
        1000,
        2500,
        5000,
        10000,
        25000,
        50000,
        100000,
        200000
      ],