{
  "primary_metric": "length_controlled_winrate",
  "n_items": 805,
  "n_items_correct": 0,
  "n_items_incorrect": 0,
  "n_items_unknown": 805,
  "n_generations": 805,
  "samples_per_item": [
    1
  ],
  "all_rollouts": {
    "tokens": {
      "n": 805,
      "min": 2,
      "max": 5668,
      "mean": 666.7937888198758,
      "std": 1374.216940104705,
      "var": 1888472.198470738,
      "p10": 25,
      "p25": 64,
      "p50": 188,
      "p75": 356,
      "p90": 3278,
      "p95": 4854,
      "p99": 5162
    },
    "tokens_histogram": {
      "edges": [
        0,
        10,
        20,
        50,
        100,
        200,
        500,
        1000,
        2000,
        5000,
        10000,
        20000,
        40000
      ],
      "counts": [
        29,
        36,
        90,
        107,
        162,
        244,
        46,
        8,
        57,
        26,
        0,
        0
      ],
      "labels": [
        "[0,10)",
        "[10,20)",
        "[20,50)",
        "[50,100)",
        "[100,200)",
        "[200,500)",
        "[500,1000)",
        "[1000,2000)",
        "[2000,5000)",
        "[5000,10000)",
        "[10000,20000)",
        "[20000,40000)"
      ]
    },
    "tokens_raw": [
      159,
      3278,
      368,
      197,
      193,
      147,
      16,
      39,
      109,
      676,
      115,
      335,
      4141,
      499,
      155,
      436,
      286,
      4072,
      146,
      463,
      286,
      188,
      133,
      4246,
      12,
      192,
      27,
      4251,
      4920,
      317,
      364,
      877,
      247,
      124,
      26,
      4148,
      463,
      4196,
      611,
      208,
      65,
      4195,
      309,
      73,
      196,
      4141,
      236,
      317,
      73,
      562,
      15,
      76,
      510,
      27,
      200,
      246,
      4854,
      263,
      515,
      4890,
      4112,
      271,
      256,
      621,
      652,
      1019,
      331,
      367,
      36,
      281,
      61,
      15,
      237,
      492,
      164,
      316,
      247,
      578,
      270,
      607,
      114,
      154,
      4150,
      30,
      222,
      397,
      4959,
      4954,
      101,
      4997,
      335,
      175,
      5027,
      65,
      868,
      5110,
      168,
      5111,
      227,
      114,
      623,
      43,
      55,
      4169,
      781,
      66,
      224,
      605,
      44,
      46,
      4184,
      367,
      46,
      277,
      97,
      463,
      5056,
      207,
      4141,
      203,
      21,
      116,
      93,
      147,
      345,
      37,
      57,
      263,
      57,
      2518,
      294,
      168,
      242,
      234,
      409,
      84,
      471,
      41,
      496,
      829,
      178,
      4868,
      60,
      277,
      6,
      4055,
      302,
      303,
      5559,
      289,
      68,
      339,
      5299,
      730,
      5060,
      283,
      656,
      242,
      47,
      12,
      434,
      24,
      157,
      279,
      13,
      64,
      148,
      128,
      15,
      4925,
      293,
      159,
      188,
      283,
      81,
      52,
      1081,
      499,
      445,
      183,
      280,
      310,
      164,
      245,
      5289,
      369,
      142,
      348,
      5136,
      4009,
      5,
      336,
      212,
      257,
      582,
      19,
      204,
      103,
      35,
      2,
      197,
      416,
      67,
      374,
      235,
      4854,
      337,
      21,
      4103,
      191,
      12,
      7,
      371,
      4941,
      17,
      5305,
      419,
      141,
      128,
      134,
      56,
      265,
      23,
      296,
      191,
      62,
      125,
      135,
      1053,
      110,
      43,
      44,
      7,
      273,
      47,
      5133,
      231,
      232,
      51,
      208,
      1110,
      183,
      381,
      5101,
      133,
      4,
      297,
      266,
      3244,
      54,
      89,
      50,
      284,
      159,
      335,
      230,
      254,
      231,
      172,
      47,
      42,
      69,
      2,
      5122,
      214,
      756,
      11,
      256,
      56,
      252,
      1949,
      318,
      107,
      36,
      127,
      187,
      281,
      177,
      4941,
      295,
      39,
      663,
      127,
      345,
      5668,
      54,
      115,
      4147,
      357,
      5158,
      340,
      312,
      63,
      51,
      4781,
      178,
      13,
      229,
      403,
      71,
      436,
      158,
      178,
      4,
      885,
      56,
      449,
      111,
      1298,
      712,
      335,
      55,
      309,
      237,
      75,
      23,
      179,
      68,
      221,
      147,
      216,
      105,
      244,
      248,
      5017,
      5028,
      32,
      4747,
      490,
      175,
      210,
      585,
      46,
      2,
      4660,
      191,
      486,
      249,
      32,
      78,
      15,
      487,
      18,
      473,
      71,
      265,
      159,
      210,
      114,
      72,
      24,
      522,
      98,
      307,
      330,
      196,
      148,
      172,
      158,
      145,
      641,
      5366,
      7,
      4950,
      218,
      250,
      4428,
      159,
      58,
      1080,
      8,
      24,
      212,
      32,
      286,
      148,
      42,
      167,
      162,
      480,
      183,
      4757,
      5380,
      289,
      74,
      67,
      110,
      246,
      375,
      241,
      22,
      59,
      152,
      280,
      649,
      273,
      47,
      326,
      12,
      4091,
      314,
      179,
      60,
      585,
      28,
      203,
      199,
      210,
      4572,
      108,
      649,
      151,
      95,
      898,
      4462,
      173,
      161,
      191,
      155,
      45,
      30,
      4751,
      326,
      41,
      38,
      3333,
      222,
      107,
      403,
      138,
      102,
      169,
      114,
      47,
      606,
      427,
      36,
      102,
      9,
      13,
      16,
      333,
      456,
      136,
      383,
      5039,
      62,
      196,
      38,
      59,
      306,
      757,
      149,
      236,
      477,
      141,
      182,
      54,
      15,
      132,
      242,
      35,
      25,
      399,
      342,
      123,
      53,
      205,
      50,
      42,
      351,
      44,
      150,
      18,
      94,
      31,
      57,
      79,
      130,
      99,
      95,
      18,
      38,
      112,
      130,
      65,
      184,
      183,
      58,
      74,
      4593,
      100,
      56,
      62,
      40,
      63,
      320,
      215,
      4075,
      396,
      53,
      36,
      95,
      127,
      54,
      219,
      131,
      247,
      284,
      36,
      43,
      241,
      201,
      34,
      145,
      408,
      163,
      352,
      492,
      178,
      60,
      362,
      194,
      78,
      159,
      57,
      56,
      25,
      38,
      356,
      154,
      56,
      260,
      14,
      4901,
      220,
      27,
      11,
      133,
      4852,
      15,
      121,
      46,
      257,
      91,
      13,
      124,
      101,
      120,
      4,
      344,
      435,
      6,
      165,
      91,
      43,
      218,
      227,
      713,
      381,
      177,
      402,
      304,
      79,
      134,
      277,
      231,
      4142,
      357,
      234,
      88,
      54,
      213,
      154,
      154,
      209,
      5123,
      137,
      190,
      92,
      804,
      248,
      1065,
      467,
      117,
      155,
      341,
      213,
      30,
      236,
      47,
      311,
      225,
      226,
      475,
      21,
      228,
      6,
      28,
      243,
      36,
      357,
      37,
      312,
      4860,
      370,
      149,
      25,
      13,
      206,
      63,
      947,
      3,
      449,
      282,
      223,
      196,
      209,
      35,
      44,
      22,
      184,
      145,
      22,
      54,
      17,
      7,
