{
  "primary_metric": "exact_match_flex",
  "n_items": 500,
  "n_items_correct": 119,
  "n_items_incorrect": 381,
  "n_items_unknown": 0,
  "n_generations": 500,
  "samples_per_item": [
    1
  ],
  "all_rollouts": {
    "tokens": {
      "n": 500,
      "min": 5,
      "max": 54,
      "mean": 8.636,
      "std": 4.658272641226574,
      "var": 21.699504,
      "p10": 6,
      "p25": 6,
      "p50": 7,
      "p75": 9,
      "p90": 13,
      "p95": 16,
      "p99": 27
    },
    "tokens_histogram": {
      "edges": [
        0,
        10,
        20,
        50,
        100,
        200,
        500,
        1000,
        2000,
        5000,
        10000,
        20000,
        40000
      ],
      "counts": [
        381,
        103,
        15,
        1,
        0,
        0,
        0,
        0,
        0,
        0,
        0,
        0
      ],
      "labels": [
        "[0,10)",
        "[10,20)",
        "[20,50)",
        "[50,100)",
        "[100,200)",
        "[200,500)",
        "[500,1000)",
        "[1000,2000)",
        "[2000,5000)",
        "[5000,10000)",
        "[10000,20000)",
        "[20000,40000)"
      ]
    },
    "tokens_raw": [
      13,
      11,
      12,
      7,
      7,
      7,
      7,
      7,
      11,
      6,
      9,
      12,
      8,
      6,
      6,
      23,
      7,
      7,
      7,
      6,
      10,
      8,
      6,
      6,
      6,
      6,
      8,
      8,
      9,
      6,
      9,
      12,
      8,
      11,
      8,
      6,
      6,
      7,
      9,
      7,
      7,
      7,
      7,
      7,
      9,
      6,
      6,
      6,
      11,
      7,
      8,
      19,
      6,
      12,
      9,
      6,
      7,
      8,
      9,
      6,
      11,
      7,
      6,
      6,
      6,
      6,
      6,
      7,
      8,
      6,
      9,
      9,
      6,
      23,
      11,
      11,
      6,
      6,
      10,
      6,
      9,
      6,
      11,
      7,
      6,
      9,
      8,
      6,
      6,
      7,
      7,
      6,
      12,
      7,
      9,
      6,
      8,
      6,
      9,
      24,
      8,
      6,
      13,
      6,
      6,
      8,
      11,
      7,
      6,
      9,
      6,
      9,
      7,
      8,
      6,
      9,
      6,
      6,
      7,
      6,
      6,
      6,
      6,
      6,
      12,
      6,
      5,
      11,
      6,
      7,
      6,
      6,
      6,
      8,
      6,
      6,
      6,
      10,
      11,
      6,
      6,
      6,
      8,
      15,
      12,
      6,
      10,
      7,
      7,
      7,
      6,
      8,
      7,
      12,
      10,
      11,
      7,
      6,
      8,
      8,
      7,
      6,
      13,
      12,
      6,
      15,
      13,
      7,
      6,
      7,
      6,
      12,
      8,
      6,
      6,
      6,
      15,
      7,
      7,
      19,
      6,
      10,
      9,
      7,
      6,
      6,
      6,
      6,
      6,
      7,
      11,
      6,
      7,
      6,
      19,
      7,
      9,
      6,
      10,
      7,
      7,
      7,
      11,
      6,
      6,
      24,
      12,
      7,
      6,
      7,
      6,
      7,
      7,
      6,
      8,
      6,
      7,
      15,
      10,
      11,
      8,
      7,
      6,
      7,
      18,
      7,
      6,
      6,
      6,
      7,
      6,
      6,
      6,
      7,
      7,
      11,
      6,
      7,
      8,
      7,
      7,
      7,
      10,
      6,
      6,
      10,
      7,
      6,
      27,
      7,
      7,
      7,
      9,
      11,
      9,
      6,
      12,
      8,
      7,
      7,
      7,
      7,
      6,
      7,
      13,
      9,
      11,
      8,
      6,
      6,
      7,
      8,
      9,
      8,
      7,
      6,
      6,
      10,
      8,
      9,
      6,
      7,
      8,
      6,
      8,
      8,
      6,
      7,
      18,
      7,
      6,
      8,
      6,
      15,
      7,
      7,
      25,
      8,
      27,
      7,
      7,
      10,
      6,
      7,
      6,
      11,
      6,
      13,
      11,
      7,
      13,
      6,
      10,
      7,
      9,
      7,
      7,
      6,
      15,
      7,
      13,
      8,
      6,
      11,
      7,
      6,
      9,
      8,
      6,
      9,
      9,
      11,
      6,
      6,
      8,
      6,
      10,
      6,
      11,
      6,
      9,
      6,
      6,
      10,
      6,
      6,
      9,
      18,
      9,
      7,
      6,
      11,
      7,
      8,
      8,
      6,
      10,
      7,
      9,
      6,
      6,
      6,
      11,
      6,
      14,
      6,
      8,
      6,
      7,
      7,
      7,
      6,
      7,
      21,
      6,
      7,
      9,
      6,
      6,
      14,
      19,
      11,
      10,
      22,
      11,
      7,
      7,
      7,
      6,
      11,
      6,
      6,
      7,
      11,
      6,
      6,
      6,
      7,
      10,
      10,
      11,
      6,
      9,
      6,
      6,
      7,
      6,
      6,
      21,
      11,
      6,
      7,
      8,
      10,
      6,
      7,
      16,
      6,
      16,
      54,
      12,
      6,
      15,
      9,
      7,
      48,
      11,
      7,
      7,
      7,
      8,
      13,
      6,
      12,
      8,
      15,
      6,
      6,
      6,
      28,
      13,
      9,
      7,
      7,
      21,
      6,
      6,
      7,
      6,
      7,
      6,
      13,
      8,
      7,
      13,
      6,
      12,
      6,
      7,
      9,
      8,
      7,
      6,
      6,
      6,
      7,
      6,
      6,
      6,
      7,
      20,
      7,
      15,
      6,
      6,
      7,
      8,
      6,
      6,
      6,
      6,
      10,
      6,
      6,
      6,
      6,
      9,
      6,
      7,
      8,
      6,
      36,
      8,
      7,
      6,
      12,
      14,
      16,
      6,
      9
    ],
    "chars": {
      "n": 500,
      "min": 11,
      "max": 116,
      "mean": 15.244,
      "std": 8.878539519538108,
      "var": 78.828464,
      "p10": 11,
      "p25": 11,
      "p50": 12,
      "p75": 15,
      "p90": 22,
      "p95": 29,
      "p99": 56
    },
    "chars_histogram": {
      "edges": [
        0,
        50,
        100,
        250,
        500,
        1000,
        2500,
        5000,
        10000,
        25000,
        50000,
        100000,
        200000
      ],
      "counts": [
        493,
        6,
        1,
        0,
        0,
        0,
        0,
        0,
        0,
        0,
        0,
        0
      ],
      "labels": [
        "[0,50)",
        "[50,100)",
        "[100,250)",
        "[250,500)",
        "[500,1000)",
        "[1000,2500)",
        "[2500,5000)",
        "[5000,10000)",
        "[10000,25000)",
        "[25000,50000)",
        "[50000,100000)",
        "[100000,200000)"
      ]
    }
  },
  "correct_rollouts": {
    "tokens": {
      "n": 119,
      "min": 6,
      "max": 28,
      "mean": 8.109243697478991,
      "std": 3.38506337457,
      "var": 11.458654049855236,
      "p10": 6,
      "p25": 6,
      "p50": 7,
      "p75": 9,
      "p90": 12,
      "p95": 13,
      "p99": 23
    },
    "tokens_histogram": {
      "edges": [
        0,
        10,
        20,
        50,
        100,
        200,
        500,
        1000,
        2000,
        5000,
        10000,
        20000,
        40000
      ],
      "counts": [
        95,
        22,
        2,
        0,
        0,
        0,
        0,
        0,
        0,
        0,
        0,
        0
      ],
      "labels": [
        "[0,10)",
        "[10,20)",
        "[20,50)",
        "[50,100)",
        "[100,200)",
        "[200,500)",
        "[500,1000)",
        "[1000,2000)",
        "[2000,5000)",
        "[5000,10000)",
        "[10000,20000)",
        "[20000,40000)"
      ]
    },