{
  "primary_metric": "length_controlled_winrate",
  "n_items": 805,
  "n_items_correct": 0,
  "n_items_incorrect": 0,
  "n_items_unknown": 805,
  "n_generations": 805,
  "samples_per_item": [
    1
  ],
  "all_rollouts": {
    "tokens": {
      "n": 805,
      "min": 3,
      "max": 7010,
      "mean": 2680.7652173913043,
      "std": 2216.1256278228625,
      "var": 4911212.798293276,
      "p10": 81,
      "p25": 228,
      "p50": 4132,
      "p75": 4787,
      "p90": 5013,
      "p95": 5110,
      "p99": 5516
    },
    "tokens_histogram": {
      "edges": [
        0,
        10,
        20,
        50,
        100,
        200,
        500,
        1000,
        2000,
        5000,
        10000,
        20000,
        40000
      ],
      "counts": [
        2,
        9,
        35,
        50,
        85,
        126,
        49,
        8,
        354,
        87,
        0,
        0
      ],
      "labels": [
        "[0,10)",
        "[10,20)",
        "[20,50)",
        "[50,100)",
        "[100,200)",
        "[200,500)",
        "[500,1000)",
        "[1000,2000)",
        "[2000,5000)",
        "[5000,10000)",
        "[10000,20000)",
        "[20000,40000)"
      ]
    },
    "tokens_raw": [
      178,
      7010,
      4973,
      4979,
      4230,
      227,
      4117,
      97,
      4151,
      1413,
      231,
      4983,
      4649,
      5102,
      98,
      4569,
      4393,
      4099,
      51,
      5155,
      4149,
      4129,
      69,
      539,
      4263,
      62,
      4318,
      4429,
      33,
      4229,
      85,
      5124,
      4948,
      297,
      167,
      4845,
      4155,
      5060,
      4286,
      223,
      4157,
      4243,
      4128,
      98,
      279,
      4275,
      4953,
      4103,
      36,
      5104,
      4142,
      4342,
      4330,
      4178,
      216,
      495,
      5187,
      4753,
      4726,
      4176,
      4185,
      4249,
      290,
      4130,
      5058,
      54,
      5938,
      5033,
      402,
      501,
      4817,
      4352,
      178,
      4146,
      5024,
      5001,
      557,
      4726,
      4124,
      379,
      2837,
      4845,
      4948,
      106,
      664,
      4762,
      5149,
      5094,
      111,
      5050,
      4787,
      18,
      4205,
      30,
      4227,
      4727,
      5040,
      613,
      4990,
      69,
      4927,
      4769,
      4638,
      4343,
      637,
      71,
      152,
      5048,
      4107,
      4152,
      5206,
      4771,
      112,
      261,
      232,
      438,
      631,
      4999,
      4178,
      153,
      4335,
      557,
      376,
      4150,
      831,
      4270,
      4824,
      4949,
      48,
      358,
      4219,
      107,
      294,
      240,
      4952,
      4750,
      404,
      4493,
      4199,
      2824,
      381,
      384,
      67,
      4817,
      3,
      4181,
      4923,
      4947,
      5059,
      158,
      4557,
      5069,
      4391,
      4903,
      116,
      4847,
      235,
      600,
      4686,
      114,
      4124,
      133,
      4284,
      64,
      5041,
      5022,
      98,
      4979,
      15,
      247,
      4873,
      5064,
      300,
      21,
      4796,
      4189,
      1310,
      4707,
      5094,
      4511,
      5873,
      25,
      192,
      133,
      5021,
      4526,
      4139,
      176,
      4877,
      5059,
      4399,
      4790,
      649,
      438,
      4628,
      514,
      5012,
      263,
      129,
      4818,
      1030,
      105,
      4132,
      4851,
      4129,
      4540,
      4282,
      21,
      4509,
      163,
      29,
      4839,
      4709,
      274,
      54,
      2296,
      980,
      283,
      169,
      4542,
      596,
      606,
      107,
      5560,
      4603,
      4311,
      4177,
      4751,
      4943,
      142,
      4766,
      169,
      5068,
      4331,
      168,
      186,
      4528,
      4744,
      4914,
      4939,
      310,
      4993,
      193,
      4749,
      4707,
      4966,
      586,
      4637,
      4876,
      52,
      201,
      107,
      4945,
      1262,
      4369,
      4685,
      325,
      4896,
      3962,
      823,
      4240,
      5046,
      11,
      5045,
      4202,
      5095,
      4977,
      612,
      4622,
      5419,
      4986,
      4747,
      5359,
      4052,
      113,
      532,
      4605,
      4875,
      4132,
      946,
      311,
      4591,
      4756,
      4864,
      511,
      216,
      4846,
      4097,
      256,
      5480,
      275,
      556,
      4796,
      4490,
      138,
      4146,
      29,
      5057,
      302,
      166,
      279,
      4946,
      1232,
      4764,
      240,
      4837,
      4144,
      4097,
      70,
      4762,
      211,
      82,
      621,
      329,
      61,
      4946,
      4282,
      4171,
      5124,
      4913,
      728,
      4868,
      133,
      822,
      451,
      5169,
      4864,
      5071,
      588,
      5197,
      137,
      4878,
      4558,
      10,
      764,
      133,
      4621,
      4461,
      4394,
      56,
      4241,
      211,
      21,
      4162,
      4941,
      4948,
      4132,
      386,
      4953,
      5516,
      5013,
      4613,
      120,
      445,
      439,
      38,
      4929,
      315,
      413,
      4710,
      5166,
      4376,
      5331,
      4173,
      507,
      5012,
      4762,
      201,
      4173,
      4986,
      11,
      4132,
      4972,
      4729,
      4361,
      211,
      4873,
      454,
      272,
      4265,
      6049,
      4108,
      5493,
      165,
      4731,
      4766,
      4963,
      227,
      428,
      4796,
      4568,
      170,
      392,
      4965,
      246,
      4989,
      4755,
      4258,
      4385,
      4196,
      5046,
      507,
      696,
      4139,
      39,
      4750,
      463,
      143,
      26,
      4888,
      829,
      197,
      5019,
      2887,
      4313,
      4920,
      169,
      895,
      4425,
      188,
      4143,
      255,
      460,
      4038,
      4723,
      5109,
      4793,
      168,
      467,
      88,
      114,
      240,
      4138,
      133,
      4960,
      5149,
      77,
      294,
      20,
      4935,
      4802,
      58,
      378,
      149,
      315,
      5097,
      82,
      375,
      60,
      4315,
      379,
      4987,
      529,
      158,
      190,
      143,
      4599,
      51,
      66,
      4173,
      4945,
      4956,
      4235,
      4953,
      5292,
      638,
      316,
      266,
      138,
      4391,
      5165,
      5161,
      77,
      4499,
      4828,
      4972,
      215,
      4931,
      292,
      108,
      4126,
      4279,
      135,
      134,
      4407,
      443,
      348,
      1061,
      189,
      236,
      4939,
      109,
      99,
      4603,
      44,
      4124,
      337,
      5145,
      271,
      731,
      75,
      77,
      4909,
      111,
      4185,
      4701,
      4289,
      4346,
      214,
      4962,
      4619,
      151,
      349,
      50,
      352,
      5063,
      5136,
      507,
      4936,
      4112,
      4442,
      419,
      4826,
      4850,
      165,
      4953,
      4924,
      47,
      67,
      229,
      142,
      5108,
      4644,
      5153,
      4934,
      413,
      115,
      25,
      4103,
      4040,
      70,
      4896,
      78,
      218,
      4943,
      4136,
      156,
      398,
      169,
      4716,
      4440,
      482,
      58,
      4888,
      4147,
      200,
      4944,
      202,
      4146,
      747,
      234,
      262,
      139,
      4972,
      5097,
      4905,
      423,
      4090,
      5042,
      4810,
      29,
      123,
      4302,
      4522,
      512,
      4983,
      4560,
      4443,
      4908,
      4346,
      846,
      4543,
      4539,
      911,
      4480,
      4369,
      4163,
      223,
      4931,
      5395,
