{
  "primary_metric": "pass_at_1",
  "n_items": 612,
  "n_items_correct": 0,
  "n_items_incorrect": 612,
  "n_items_unknown": 0,
  "n_generations": 612,
  "samples_per_item": [
    1
  ],
  "all_rollouts": {
    "tokens": {
      "n": 612,
      "min": 2,
      "max": 4676,
      "mean": 151.23202614379085,
      "std": 715.3177147897102,
      "var": 511679.4330919732,
      "p10": 2,
      "p25": 2,
      "p50": 2,
      "p75": 2,
      "p90": 6,
      "p95": 389,
      "p99": 4169
    },
    "tokens_histogram": {
      "edges": [
        0,
        10,
        20,
        50,
        100,
        200,
        500,
        1000,
        2000,
        5000,
        10000,
        20000,
        40000
      ],
      "counts": [
        558,
        6,
        3,
        6,
        3,
        7,
        6,
        2,
        21,
        0,
        0,
        0
      ],
      "labels": [
        "[0,10)",
        "[10,20)",
        "[20,50)",
        "[50,100)",
        "[100,200)",
        "[200,500)",
        "[500,1000)",
        "[1000,2000)",
        "[2000,5000)",
        "[5000,10000)",
        "[10000,20000)",
        "[20000,40000)"
      ]
    },
    "tokens_raw": [
      503,
      2,
      2,
      26,
      3,
      327,
      2,
      659,
      3966,
      2,
      2,
      2,
      2,
      1328,
      2,
      2,
      3,
      3,
      2,
      2,
      2,
      2,
      2,
      3,
      3641,
      2,
      2,
      2,
      2,
      2,
      2,
      3,
      2,
      2,
      2,
      2,
      3,
      2,
      2,
      2,
      2,
      2,
      2,
      2,
      2,
      2,
      2,
      3,
      2,
      2,
      2,
      3647,
      2,
      2,
      3,
      2,
      2,
      2,
      2,
      43,
      3,
      2,
      3,
      2,
      2,
      3,
      3,
      3,
      2,
      2,
      389,
      2,
      2,
      3,
      2,
      2605,
      2,
      2,
      3,
      2,
      2,
      2,
      205,
      2,
      2,
      3,
      2,
      2,
      2,
      2,
      2,
      3794,
      2,
      2,
      2,
      2,
      2,
      2,
      3,
      2,
      2,
      2,
      2,
      2,
      2,
      5,
      2,
      2,
      2,
      6,
      2,
      2,
      2,
      2,
      2,
      2,
      2,
      2,
      4292,
      2,
      2,
      2,
      2,
      2,
      2,
      2,
      2,
      2,
      2,
      3,
      2,
      2,
      2,
      6,
      2,
      2,
      2,
      2,
      2,
      2,
      2,
      4469,
      3,
      2,
      2,
      3,
      2,
      2,
      2,
      2,
      2,
      2,
      2,
      2,
      2,
      2,
      2,
      2,
      7,
      2,
      74,
      3,
      2,
      2,
      2,
      4,
      2,
      2,
      2,
      2,
      3,
      182,
      2,
      2,
      2,
      2,
      2,
      2,
      2,
      2,
      2,
      2,
      3,
      2,
      2,
      2,
      2,
      2,
      2,
      3548,
      2,
      2,
      3,
      2,
      2,
      3637,
      2,
      2,
      2,
      2,
      2,
      2,
      2,
      2,
      2,
      2,
      2,
      3,
      7,
      2,
      2,
      2,
      2,
      2,
      2,
      2,
      2,
      2,
      4,
      2,
      2,
      2,
      2,
      2,
      4158,
      2,
      3,
      2,
      2,
      2,
      2,
      2,
      3,
      2,
      2,
      2,
      3266,
      2,
      2,
      2,
      2,
      2,
      2,
      2,
      2,
      2,
      5,
      6,
      3,
      2,
      2,
      2,
      15,
      2,
      624,
      4629,
      2,
      2,
      2,
      2,
      2,
      2,
      2,
      5,
      3,
      2,
      2,
      2,
      6,
      2,
      2,
      2,
      2,
      3,
      2,
      2,
      2,
      2,
      3,
      2,
      3,
      2,
      2,
      2,
      2,
      2,
      3,
      2,
      156,
      2,
      2,
      2,
      2,
      2,
      2,
      2,
      2,
      3,
      2,
      2,
      2,
      2,
      2,
      2,
      2,
      2,
      2,
      3,
      2,
      2,
      2,
      2,
      6,
      2,
      2,
      2,
      2,
      274,
      2,
      2,
      2,
      2,
      6,
      2,
      10,
      2,
      2,
      3,
      2,
      2,
      2,
      2,
      5,
      2,
      2,
      6,
      2,
      115,
      2,
      2,
      2,
      2,
      2,
      2,
      2,
      2486,
      2,
      2,
      2,
      3,
      2,
      2,
      2,
      2,
      2,
      2,
      6,
      2,
      2,
      4,
      2,
      2,
      2,
      2,
      238,
      2,
      2,
      2,
      2,
      2,
      3949,
      2,
      2,
      2,
      2,
      2,
      3,
      2,
      2,
      2,
      2,
      77,
      2,
      2,
      2,
      3317,
      2,
      3,
      2,
      2,
      2,
      3,
      2,
      2,
      2,
      2,
      2,
      2,
      2,
      1089,
      2,
      2,
      9,
      2,
      2,
      2,
      2,
      2,
      3,
      2,
      2,
      2,
      2,
      2,
      2,
      2,
      2,
      4283,
      2,
      2,
      2,
      2,
      2,
      2,
      2,
      2,
      420,
      2,
      2,
      2,
      2,
      10,
      2,
      2,
      2,
      2,
      2,
      2,
      77,
      2,
      2,
      2,
      3,
      881,
      2,
      2,
      2,
      4132,
      73,
      3,
      2,
      2,
      2,
      3,
      2,
      2,
      2,
      2,
      2,
      2,
      2,
      2,
      2,
      4,
      2,
      2,
      2,
      2,
      2,
      2,
      2,
      2,
      2,
      2,
      2,
      4307,
      2,
      2,
      2,
      4676,
      2,
      2,
      2,
      12,
      2,
      2,
      2,
      2,
      2,
      2,
      2,
      2,
      2,
      2,
      2,
      2,
      2,
      3,
      4098,
      2,
      2,
      4,
      2,
      41,
      2,
      2,
      10,
      931,
      2,
      5,
      2,
      2,
      2,
      2,
      2,
      2,
      2,
      3,
      3,
      2,
      2,
      2,
      2,
      2,
      2,
      83,
      2,
      5,
      2,
      2,
      2,
      3,
      2,
      2,
      2,
      2,
      2,
      2,
      2,
      2,
      2,
      10,
      2,
      2,
      4169,
      2,
      2,
      2,
      3,
      3,
      2,
      2,
      877,
      2,
      2,
      2,
      2,
      2,
      2,
      2,
      3,
      2,
      2,
      2,
      2,
      2,
      3,
      2,
      2,
      2,
      2,
      2,
      2,
      4,
      2,
      2,
      2,
      2,
      2,
      2,
      3,
      2,
      9,
      2,
      4,
      2,
      5,
      2,
      2,
      2,
      2,
      2,
      95,
      2,
      2,
      3,
      2,
      2,
      2,
      2,
      2,
      2,
      2,
      2,
      2,
      2,
      2,
      370,
      2,
      2,
      2,
      2
    ],
    "chars": {
      "n": 612,
      "min": 0,
      "max": 109024,
      "mean": 774.5571895424837,
      "std": 5389.6439011048105,
      "var": 29048261.380716283,
      "p10": 2,
      "p25": 6,
      "p50": 6,
      "p75": 9,
      "p90": 25,
      "p95": 1522,
      "p99": 17862
    },
    "chars_histogram": {
      "edges": [
        0,
        50,
        100,
        250,
        500,
        1000,
        2500,
        5000,
        10000,
        25000,
        50000,
        100000,
        200000
      ],
      "counts": [
        561,
        3,
        5,
        4,
        6,
        6,
        5,
        4,
        15,
        2,
        0,
        1
      ],
      "labels": [
        "[0,50)",
        "[50,100)",
        "[100,250)",
        "[250,500)",
        "[500,1000)",
        "[1000,2500)",
        "[2500,5000)",
        "[5000,10000)",
        "[10000,25000)",
        "[25000,50000)",
        "[50000,100000)",
        "[100000,200000)"
      ]
    }
  },
  "correct_rollouts": {
    "tokens": {
      "n": 0
    },
    "tokens_histogram": null,
    "tokens_raw": [],
    "chars": {
      "n": 0
    },
    "chars_histogram": null
  },