{
  "primary_metric": "prompt_level_loose_acc",
  "n_items": 300,
  "n_items_correct": 65,
  "n_items_incorrect": 235,
  "n_items_unknown": 0,
  "n_generations": 300,
  "samples_per_item": [
    1
  ],
  "all_rollouts": {
    "tokens": {
      "n": 300,
      "min": 2,
      "max": 14745,
      "mean": 3269.3366666666666,
      "std": 2486.967165710521,
      "var": 6185005.683322222,
      "p10": 60,
      "p25": 189,
      "p50": 4575,
      "p75": 4968,
      "p90": 5497,
      "p95": 6199,
      "p99": 7852
    },
    "tokens_histogram": {
      "edges": [
        0,
        10,
        20,
        50,
        100,
        200,
        500,
        1000,
        2000,
        5000,
        10000,
        20000,
        40000
      ],
      "counts": [
        11,
        4,
        10,
        20,
        31,
        21,
        12,
        3,
        116,
        71,
        1,
        0
      ],
      "labels": [
        "[0,10)",
        "[10,20)",
        "[20,50)",
        "[50,100)",
        "[100,200)",
        "[200,500)",
        "[500,1000)",
        "[1000,2000)",
        "[2000,5000)",
        "[5000,10000)",
        "[10000,20000)",
        "[20000,40000)"
      ]
    },
    "tokens_raw": [
      4827,
      4908,
      4501,
      5190,
      4935,
      656,
      4209,
      14745,
      560,
      100,
      4954,
      2,
      152,
      5851,
      1102,
      4660,
      4132,
      169,
      300,
      4731,
      8,
      2,
      641,
      4138,
      4918,
      4619,
      5495,
      3851,
      4885,
      4682,
      5667,
      4276,
      7024,
      4689,
      782,
      4644,
      3982,
      5065,
      5753,
      188,
      5228,
      33,
      28,
      4147,
      4954,
      5826,
      890,
      4673,
      4173,
      231,
      4252,
      4749,
      312,
      89,
      6067,
      4931,
      174,
      4258,
      5735,
      4575,
      16,
      32,
      44,
      2,
      5165,
      5019,
      74,
      5046,
      4946,
      1582,
      5084,
      4141,
      93,
      4837,
      229,
      5317,
      5092,
      4916,
      4559,
      4561,
      31,
      4725,
      100,
      4667,
      4068,
      4740,
      5031,
      3980,
      74,
      5078,
      5352,
      142,
      4624,
      678,
      126,
      446,
      4901,
      4982,
      4758,
      4236,
      60,
      3,
      3,
      2,
      4875,
      3,
      2359,
      5134,
      4935,
      4912,
      183,
      4825,
      4890,
      4398,
      4905,
      212,
      4923,
      176,
      4903,
      4921,
      6322,
      4743,
      4912,
      4830,
      5451,
      4519,
      4926,
      240,
      4919,
      4914,
      140,
      4845,
      4909,
      4711,
      4353,
      5907,
      4600,
      7240,
      390,
      8006,
      5149,
      5081,
      4942,
      4968,
      4019,
      5910,
      4907,
      4527,
      4621,
      4837,
      155,
      4744,
      4934,
      5173,
      119,
      6208,
      6995,
      113,
      5307,
      72,
      354,
      51,
      189,
      4965,
      294,
      144,
      56,
      4897,
      46,
      2,
      142,
      5241,
      5676,
      140,
      116,
      214,
      4842,
      6199,
      4829,
      245,
      5056,
      5163,
      5063,
      136,
      7755,
      5212,
      5682,
      77,
      5195,
      76,
      77,
      920,
      4945,
      4937,
      5141,
      728,
      5088,
      4529,
      270,
      5291,
      4707,
      5044,
      4822,
      620,
      4973,
      4917,
      88,
      691,
      5172,
      165,
      392,
      167,
      5089,
      5069,
      5435,
      5220,
      4563,
      20,
      5741,
      4915,
      4920,
      4380,
      53,
      4955,
      78,
      4929,
      4521,
      277,
      5002,
      347,
      5003,
      81,
      4835,
      55,
      16,
      5389,
      4907,
      4157,
      699,
      415,
      4807,
      4495,
      4750,
      4541,
      109,
      202,
      4148,
      4108,
      167,
      4778,
      119,
      4828,
      5366,
      4559,
      7087,
      5002,
      60,
      4730,
      982,
      4115,
      4561,
      66,
      127,
      4523,
      120,
      5602,
      4097,
      94,
      4828,
      4309,
      6738,
      63,
      5670,
      7113,
      187,
      45,
      5497,
      1235,
      7316,
      338,
      46,
      17,
      7852,
      4841,
      4912,
      5121,
      3,
      13,
      458,
      5779,
      4943,
      5153,
      5080,
      146,
      157,
      428,
      6,
      6265,
      28,
      167
    ],
    "chars": {
      "n": 300,
      "min": 1,
      "max": 52601,
      "mean": 16026.736666666666,
      "std": 15267.356581302984,
      "var": 233092176.98065555,
      "p10": 296,
      "p25": 935,
      "p50": 14749,
      "p75": 24750,
      "p90": 38026,
      "p95": 49982,
      "p99": 51084
    },
    "chars_histogram": {
      "edges": [
        0,
        50,
        100,
        250,
        500,
        1000,
        2500,
        5000,
        10000,
        25000,
        50000,
        100000,
        200000
      ],
      "counts": [
        12,
        5,
        10,
        24,
        29,
        19,
        13,
        18,
        97,
        59,
        14,
        0
      ],
      "labels": [
        "[0,50)",
        "[50,100)",
        "[100,250)",
        "[250,500)",
        "[500,1000)",
        "[1000,2500)",
        "[2500,5000)",
        "[5000,10000)",
        "[10000,25000)",
        "[25000,50000)",
        "[50000,100000)",
        "[100000,200000)"
      ]
    }
  },
  "correct_rollouts": {
    "tokens": {
      "n": 65,
      "min": 2,
      "max": 14745,
      "mean": 3145.4461538461537,
      "std": 2797.7785035261277,
      "var": 7827564.5547929,
      "p10": 46,
      "p25": 146,
      "p50": 4380,
      "p75": 4929,
      "p90": 5495,
      "p95": 6199,
      "p99": 14745
    },
    "tokens_histogram": {
      "edges": [
        0,
        10,
        20,
        50,
        100,
        200,
        500,
        1000,
        2000,
        5000,
        10000,
        20000,
        40000
      ],
      "counts": [
        4,
        0,
        3,
        5,
        7,
        6,
        1,
        1,
        24,
        13,
        1,
        0
      ],
      "labels": [
        "[0,10)",
        "[10,20)",
        "[20,50)",
        "[50,100)",
        "[100,200)",
        "[200,500)",
        "[500,1000)",
        "[1000,2000)",
        "[2000,5000)",
        "[5000,10000)",
        "[10000,20000)",
        "[20000,40000)"
      ]
    },
    "tokens_raw": [
      14745,
      300,
      8,
      5495,
      5667,
      7024,
      782,
      4173,
      231,
      4252,
      312,
      89,
      4258,
      5084,
      31,
      100,
      5031,
      4624,
      126,
      3,
      2,
      4398,
      4905,
      4923,
      176,
      4926,
      240,
      4919,
      4914,
      140,
      4845,
      4909,
      4711,
      390,
      51,
      4965,
      5241,
      5676,
      4842,
      6199,
      5163,
      5063,
      136,
      5212,
      77,
      4915,
      4920,
      4380,
      53,
      4955,
      4929,
      4495,
      4541,
      4148,
      60,
      4309,
      1235,
      46,
      5080,
      146,
      157,
      428,
      6,
      6265,
      28
    ],
    "chars": {
      "n": 65,
      "min": 5,
      "max": 50956,
      "mean": 12676.107692307693,
      "std": 13556.051074787545,
      "var": 183766520.74224854,
      "p10": 100,
      "p25": 725,
      "p50": 6790,
      "p75": 22307,
      "p90": 29971,
      "p95": 33176,
      "p99": 50956
    },
    "chars_histogram": {
      "edges": [
        0,
        50,
        100,
        250,
        500,
        1000,
        2500,
        5000,
        10000,
        25000,
        50000,
        100000,
        200000
      ],