{
  "primary_metric": "pass_at_1",
  "n_items": 612,
  "n_items_correct": 6,
  "n_items_incorrect": 606,
  "n_items_unknown": 0,
  "n_generations": 612,
  "samples_per_item": [
    1
  ],
  "all_rollouts": {
    "tokens": {
      "n": 612,
      "min": 2,
      "max": 5224,
      "mean": 367.578431372549,
      "std": 1101.2519073565154,
      "var": 1212755.763456363,
      "p10": 2,
      "p25": 2,
      "p50": 2,
      "p75": 10,
      "p90": 689,
      "p95": 3979,
      "p99": 4707
    },
    "tokens_histogram": {
      "edges": [
        0,
        10,
        20,
        50,
        100,
        200,
        500,
        1000,
        2000,
        5000,
        10000,
        20000,
        40000
      ],
      "counts": [
        423,
        47,
        1,
        20,
        21,
        25,
        29,
        1,
        44,
        1,
        0,
        0
      ],
      "labels": [
        "[0,10)",
        "[10,20)",
        "[20,50)",
        "[50,100)",
        "[100,200)",
        "[200,500)",
        "[500,1000)",
        "[1000,2000)",
        "[2000,5000)",
        "[5000,10000)",
        "[10000,20000)",
        "[20000,40000)"
      ]
    },
    "tokens_raw": [
      489,
      2,
      2,
      2,
      2,
      2,
      2,
      2,
      10,
      2,
      2,
      3,
      2,
      3,
      3,
      264,
      2,
      2,
      3,
      2,
      2,
      2,
      2,
      62,
      6,
      2,
      2,
      2,
      2,
      3,
      3,
      2,
      129,
      2,
      5224,
      2,
      2,
      4559,
      231,
      3,
      4256,
      4202,
      2,
      2,
      3,
      2,
      3,
      3,
      2,
      2,
      3,
      2,
      6,
      2,
      4707,
      2,
      76,
      2,
      318,
      2,
      2,
      6,
      2,
      2,
      2,
      4,
      3718,
      2,
      2,
      2,
      2,
      2,
      1858,
      91,
      3,
      2,
      689,
      72,
      2,
      2,
      2,
      2,
      96,
      77,
      2,
      4297,
      2,
      2,
      2,
      2,
      2,
      231,
      2,
      2,
      2,
      4,
      149,
      3,
      2,
      2,
      2,
      4411,
      2,
      2,
      2265,
      366,
      3,
      2,
      6,
      2,
      2,
      2,
      2,
      196,
      4,
      2,
      2,
      2,
      2,
      3,
      2,
      4588,
      2,
      6,
      2,
      2,
      2,
      230,
      3596,
      2,
      87,
      2,
      83,
      3,
      2,
      3,
      2,
      3,
      5,
      4531,
      2,
      4864,
      2,
      77,
      2,
      5,
      2,
      3626,
      4,
      2,
      4,
      2,
      3767,
      2,
      2,
      3,
      4764,
      3,
      2,
      190,
      2,
      3,
      112,
      2,
      2,
      3,
      2,
      2,
      2,
      2,
      4,
      6,
      4,
      2,
      3,
      2,
      4656,
      7,
      2,
      3703,
      2,
      3,
      67,
      2,
      2,
      2,
      2,
      2,
      2,
      91,
      3,
      2,
      2,
      2,
      2,
      2,
      2,
      3094,
      2,
      10,
      2,
      781,
      4569,
      2,
      10,
      2,
      10,
      2,
      6,
      10,
      2,
      10,
      418,
      2,
      690,
      10,
      2,
      4679,
      2,
      2,
      10,
      2,
      2,
      3,
      2,
      3,
      2,
      10,
      2,
      313,
      4268,
      4257,
      2,
      2,
      2,
      2,
      3,
      2,
      2,
      10,
      2,
      2,
      10,
      2,
      2,
      2,
      2,
      791,
      2,
      164,
      2,
      672,
      601,
      2,
      10,
      10,
      10,
      10,
      2,
      2,
      2,
      2,
      2,
      2,
      2,
      2,
      3,
      10,
      2,
      2,
      81,
      4442,
      2,
      2,
      2,
      6,
      2,
      3,
      2,
      284,
      12,
      803,
      2,
      2,
      6,
      2,
      3,
      3359,
      3,
      10,
      3,
      3,
      10,
      319,
      2,
      3,
      135,
      3,
      2,
      91,
      456,
      4127,
      2,
      2,
      137,
      3,
      10,
      817,
      2,
      2,
      697,
      327,
      119,
      2,
      10,
      3,
      10,
      63,
      10,
      10,
      2,
      2,
      591,
      2,
      2,
      2,
      3,
      291,
      3,
      12,
      2,
      2,
      2,
      2,
      10,
      2,
      3,
      115,
      59,
      2,
      16,
      2,
      4,
      2,
      792,
      2,
      5,
      10,
      318,
      3,
      3,
      2,
      4,
      2,
      2,
      2,
      2,
      661,
      2,
      3,
      2,
      63,
      239,
      3979,
      3,
      2,
      2,
      745,
      2,
      2,
      2,
      2,
      2,
      10,
      773,
      4178,
      3,
      3,
      659,
      2,
      617,
      3,
      2,
      10,
      274,
      756,
      2,
      3,
      10,
      2,
      2,
      2,
      2,
      2,
      2,
      2,
      2,
      2,
      3,
      3781,
      4310,
      4682,
      360,
      2,
      720,
      132,
      3,
      2,
      2,
      10,
      2,
      485,
      10,
      3,
      3,
      4700,
      537,
      10,
      2,
      877,
      2,
      2,
      2,
      2,
      2,
      10,
      3,
      3,
      600,
      10,
      2,
      3385,
      10,
      2,
      84,
      10,
      760,
      2,
      337,
      17,
      2,
      2,
      2,
      10,
      10,
      4889,
      2,
      663,
      2,
      10,
      2,
      581,
      2,
      2,
      2,
      3,
      134,
      4,
      2,
      2,
      2,
      2,
      2,
      2,
      3239,
      2,
      2,
      2,
      2,
      5,
      6,
      2,
      2,
      2,
      5,
      2,
      3,
      2,
      674,
      2,
      187,
      2,
      2,
      6,
      2,
      6,
      2,
      2,
      2,
      40,
      5,
      2,
      2,
      2,
      4735,
      221,
      3,
      2,
      3669,
      2,
      81,
      2,
      2,
      758,
      2,
      3,
      8,
      2,
      2,
      2,
      2,
      195,
      3,
      2,
      10,
      3,
      6,
      2,
      2,
      2,
      2,
      2,
      2,
      2,
      607,
      2,
      769,
      10,
      2,
      81,
      2,
      2,
      2,
      2,
      429,
      3349,
      2,
      2,
      2,
      2,
      10,
      2,
      10,
      10,
      2,
      2,
      4652,
      3,
      2,
      2,
      2,
      2,
      3,
      2,
      2,
      3,
      2,
      2,
      6,
      2,
      2,
      2,
      536,
      369,
      6,
      2,
      2,
      4263,
      3,
      2,
      2,
      2,
      4275,
      2,
      163,
      2,
      2,
      179,
      2,
      2,
      2,
      278,
      2,
      6,
      3,
      4469,
      2,
      3,
      4671,
      2,
      2,
      2,
      3818,
      2,
      157,
      2,
      2,
      2,
      149,
      2,
      278,
      2,
      4785,
      2,
      78,
      2,
      2,
      2,
      198,
      3,
      150,
      196
    ],
    "chars": {
      "n": 612,
      "min": 1,
      "max": 72510,
      "mean": 1416.3039215686274,
      "std": 5137.39396523538,
      "var": 26392816.754036907,
      "p10": 3,
      "p25": 9,
      "p50": 9,
      "p75": 30,
      "p90": 2307,
      "p95": 12950,
      "p99": 20622
    },
    "chars_histogram": {
      "edges": [
        0,
        50,
        100,
        250,
        500,
        1000,
        2500,
        5000,
        10000,
        25000,
        50000,
        100000,
        200000
      ],
      "counts": [
        468,
        2,
        3,
        26,
        23,
        37,
        8,
        8,
        34,
        2,
        1,
        0
      ],