{
  "primary_metric": "prompt_level_loose_acc",
  "n_items": 300,
  "n_items_correct": 113,
  "n_items_incorrect": 187,
  "n_items_unknown": 0,
  "n_generations": 300,
  "samples_per_item": [
    1
  ],
  "all_rollouts": {
    "tokens": {
      "n": 300,
      "min": 2,
      "max": 4590,
      "mean": 139.39333333333335,
      "std": 747.9277585138525,
      "var": 559395.9319555556,
      "p10": 2,
      "p25": 2,
      "p50": 2,
      "p75": 3,
      "p90": 26,
      "p95": 104,
      "p99": 4457
    },
    "tokens_histogram": {
      "edges": [
        0,
        10,
        20,
        50,
        100,
        200,
        500,
        1000,
        2000,
        5000,
        10000,
        20000,
        40000
      ],
      "counts": [
        263,
        5,
        11,
        6,
        5,
        1,
        0,
        0,
        9,
        0,
        0,
        0
      ],
      "labels": [
        "[0,10)",
        "[10,20)",
        "[20,50)",
        "[50,100)",
        "[100,200)",
        "[200,500)",
        "[500,1000)",
        "[1000,2000)",
        "[2000,5000)",
        "[5000,10000)",
        "[10000,20000)",
        "[20000,40000)"
      ]
    },
    "tokens_raw": [
      5,
      2,
      2,
      2,
      2,
      2,
      2,
      2,
      2,
      2,
      3,
      2,
      2,
      2,
      2,
      3,
      3,
      2,
      2,
      2,
      2,
      2,
      2,
      2,
      2,
      3,
      105,
      6,
      2,
      2,
      2,
      2,
      2,
      3,
      2,
      40,
      2,
      2,
      2,
      2,
      2,
      2,
      2,
      2,
      19,
      28,
      11,
      2,
      2,
      2,
      2,
      2,
      4272,
      2,
      2,
      2,
      2,
      2,
      2,
      2,
      2,
      2,
      2,
      2,
      2,
      2,
      2,
      2,
      2,
      2,
      2,
      2,
      2,
      2,
      7,
      277,
      2,
      2,
      2,
      2,
      2,
      2,
      3,
      2,
      2,
      3,
      17,
      2,
      2,
      2,
      2,
      2,
      2,
      2,
      2,
      129,
      2,
      2,
      2,
      34,
      2,
      5,
      2,
      2,
      2,
      2,
      2,
      2,
      2,
      2,
      2,
      2,
      2,
      2,
      2,
      2,
      13,
      2,
      2,
      2,
      2,
      2,
      2,
      3,
      2,
      2,
      81,
      139,
      37,
      54,
      37,
      87,
      95,
      2,
      43,
      2,
      33,
      2,
      2,
      2,
      2,
      4,
      2,
      3,
      2,
      2,
      2,
      2,
      2,
      2,
      3,
      2,
      4,
      3,
      2,
      2,
      2,
      2,
      3,
      2,
      2,
      2,
      2,
      2,
      2,
      2,
      2,
      2,
      2,
      2,
      2,
      2,
      2,
      2,
      2,
      2,
      2,
      2,
      4018,
      2,
      2,
      4452,
      4435,
      3,
      2,
      10,
      4457,
      4,
      2,
      2,
      2,
      2,
      4,
      4,
      4,
      4,
      4,
      3,
      4,
      3,
      3,
      2,
      2,
      2,
      2,
      2,
      2,
      2,
      2,
      2,
      2,
      2,
      2,
      2,
      2,
      2,
      2,
      2,
      2,
      2,
      2,
      2,
      3,
      3,
      2,
      3,
      2,
      3,
      2,
      2,
      2,
      2,
      2,
      2,
      2,
      3,
      2,
      3,
      3,
      4415,
      4264,
      2,
      2,
      2,
      2,
      2,
      2,
      2,
      3,
      2,
      2,
      2,
      2,
      2,
      2,
      2,
      2,
      2,
      2,
      3,
      4,
      2,
      2,
      2,
      2,
      2,
      2,
      2,
      2,
      2,
      50,
      4,
      2,
      4590,
      104,
      3,
      3,
      132,
      57,
      2,
      26,
      22,
      2,
      4578,
      2,
      2,
      2,
      2,
      2,
      2,
      2,
      2,
      2,
      2,
      22,
      45,
      2,
      2,
      2,
      2
    ],
    "chars": {
      "n": 300,
      "min": 1,
      "max": 4589,
      "mean": 155.85666666666665,
      "std": 752.6511871083148,
      "var": 566483.8094555555,
      "p10": 1,
      "p25": 1,
      "p50": 1,
      "p75": 2,
      "p90": 74,
      "p95": 406,
      "p99": 4456
    },
    "chars_histogram": {
      "edges": [
        0,
        50,
        100,
        250,
        500,
        1000,
        2500,
        5000,
        10000,
        25000,
        50000,
        100000,
        200000
      ],
      "counts": [
        267,
        6,
        10,
        6,
        1,
        1,
        9,
        0,
        0,
        0,
        0,
        0
      ],
      "labels": [
        "[0,50)",
        "[50,100)",
        "[100,250)",
        "[250,500)",
        "[500,1000)",
        "[1000,2500)",
        "[2500,5000)",
        "[5000,10000)",
        "[10000,25000)",
        "[25000,50000)",
        "[50000,100000)",
        "[100000,200000)"
      ]
    }
  },
  "correct_rollouts": {
    "tokens": {
      "n": 113,
      "min": 2,
      "max": 4457,
      "mean": 163.6283185840708,
      "std": 801.3000520138195,
      "var": 642081.7733573498,
      "p10": 2,
      "p25": 2,
      "p50": 2,
      "p75": 3,
      "p90": 45,
      "p95": 132,
      "p99": 4452
    },
    "tokens_histogram": {
      "edges": [
        0,
        10,
        20,
        50,
        100,
        200,
        500,
        1000,
        2000,
        5000,
        10000,
        20000,
        40000
      ],
      "counts": [
        94,
        3,
        5,
        4,
        3,
        0,
        0,
        0,
        4,
        0,
        0,
        0
      ],
      "labels": [
        "[0,10)",
        "[10,20)",
        "[20,50)",
        "[50,100)",
        "[100,200)",
        "[200,500)",
        "[500,1000)",
        "[1000,2000)",
        "[2000,5000)",
        "[5000,10000)",
        "[10000,20000)",
        "[20000,40000)"
      ]
    },
    "tokens_raw": [
      105,
      6,
      2,
      2,
      2,
      2,
      2,
      2,
      7,
      2,
      2,
      2,
      2,
      17,
      2,
      2,
      2,
      2,
      2,
      2,
      5,
      2,
      2,
      2,
      2,
      13,
      2,
      81,
      139,
      37,
      54,
      37,
      87,
      95,
      2,
      43,
      2,
      2,
      3,
      2,
      2,
      2,
      2,
      2,
      2,
      2,
      2,
      2,
      2,
      2,
      2,
      2,
      2,
      2,
      2,
      2,
      4018,
      2,
      2,
      4452,
      4435,
      3,
      2,
      10,
      4457,
      4,
      3,
      2,
      2,
      2,
      3,
      3,
      2,
      3,
      2,
      3,
      2,
      2,
      2,
      2,
      2,
      2,
      2,
      2,
      2,
      2,
      2,
      2,
      3,
      2,
      2,
      2,
      2,
      2,
      3,
      2,
      2,
      2,
      2,
      2,
      2,
      2,
      132,
      2,
      2,
      2,
      2,
      22,
      45,
      2,
      2,
      2,
      2
    ],
    "chars": {
      "n": 113,
      "min": 1,
      "max": 4456,
      "mean": 186.0353982300885,
      "std": 802.886991344896,
      "var": 644627.5208708592,
      "p10": 1,
      "p25": 1,
      "p50": 1,
      "p75": 5,
      "p90": 131,
      "p95": 496,
      "p99": 4451
    },
    "chars_histogram": {
      "edges": [
        0,
        50,
        100,
        250,
        500,
        1000,
        2500,
        5000,
        10000,
        25000,
        50000,
        100000,
        200000
      ],
      "counts": [
        95,
        5,
        3,
        5,
        1,
        0,
        4,
        0,
        0,
        0,
        0,
        0
      ],