{
  "primary_metric": "exact_match_flex",
  "n_items": 500,
  "n_items_correct": 115,
  "n_items_incorrect": 385,
  "n_items_unknown": 0,
  "n_generations": 500,
  "samples_per_item": [
    1
  ],
  "all_rollouts": {
    "tokens": {
      "n": 500,
      "min": 4,
      "max": 51,
      "mean": 9.856,
      "std": 5.373943058872135,
      "var": 28.879264,
      "p10": 6,
      "p25": 6,
      "p50": 9,
      "p75": 11,
      "p90": 14,
      "p95": 17,
      "p99": 42
    },
    "tokens_histogram": {
      "edges": [
        0,
        10,
        20,
        50,
        100,
        200,
        500,
        1000,
        2000,
        5000,
        10000,
        20000,
        40000
      ],
      "counts": [
        261,
        222,
        16,
        1,
        0,
        0,
        0,
        0,
        0,
        0,
        0,
        0
      ],
      "labels": [
        "[0,10)",
        "[10,20)",
        "[20,50)",
        "[50,100)",
        "[100,200)",
        "[200,500)",
        "[500,1000)",
        "[1000,2000)",
        "[2000,5000)",
        "[5000,10000)",
        "[10000,20000)",
        "[20000,40000)"
      ]
    },
    "tokens_raw": [
      13,
      13,
      12,
      6,
      8,
      11,
      11,
      7,
      11,
      6,
      9,
      10,
      8,
      6,
      10,
      10,
      11,
      6,
      11,
      10,
      14,
      12,
      6,
      6,
      6,
      6,
      10,
      7,
      14,
      6,
      9,
      16,
      8,
      11,
      10,
      10,
      8,
      7,
      13,
      7,
      11,
      7,
      7,
      12,
      9,
      10,
      6,
      6,
      15,
      7,
      8,
      11,
      10,
      16,
      9,
      6,
      7,
      12,
      9,
      11,
      11,
      11,
      6,
      6,
      10,
      6,
      10,
      9,
      7,
      10,
      9,
      13,
      6,
      24,
      44,
      11,
      7,
      10,
      9,
      6,
      10,
      6,
      11,
      8,
      6,
      9,
      12,
      6,
      6,
      11,
      7,
      6,
      14,
      11,
      13,
      10,
      8,
      6,
      10,
      28,
      12,
      6,
      16,
      9,
      10,
      12,
      8,
      7,
      10,
      13,
      6,
      8,
      7,
      8,
      10,
      12,
      6,
      10,
      7,
      6,
      6,
      10,
      10,
      10,
      12,
      6,
      16,
      9,
      10,
      7,
      6,
      10,
      10,
      8,
      7,
      6,
      6,
      13,
      15,
      10,
      10,
      6,
      8,
      20,
      12,
      16,
      15,
      7,
      11,
      11,
      10,
      10,
      7,
      12,
      14,
      11,
      11,
      10,
      9,
      8,
      7,
      6,
      15,
      16,
      10,
      12,
      16,
      7,
      6,
      7,
      7,
      12,
      8,
      6,
      10,
      6,
      15,
      11,
      8,
      19,
      6,
      15,
      9,
      7,
      10,
      10,
      6,
      6,
      6,
      8,
      11,
      6,
      11,
      6,
      10,
      10,
      9,
      10,
      12,
      7,
      11,
      7,
      15,
      10,
      7,
      44,
      16,
      11,
      6,
      6,
      6,
      11,
      7,
      10,
      8,
      6,
      6,
      15,
      10,
      10,
      10,
      7,
      10,
      6,
      6,
      7,
      6,
      6,
      4,
      7,
      6,
      10,
      10,
      11,
      6,
      12,
      10,
      11,
      17,
      7,
      7,
      7,
      10,
      6,
      6,
      6,
      7,
      6,
      10,
      11,
      7,
      6,
      12,
      15,
      11,
      10,
      12,
      9,
      7,
      11,
      11,
      11,
      6,
      6,
      12,
      9,
      11,
      8,
      6,
      6,
      6,
      8,
      9,
      8,
      7,
      6,
      6,
      9,
      8,
      9,
      6,
      13,
      8,
      6,
      8,
      7,
      10,
      7,
      7,
      11,
      10,
      7,
      6,
      18,
      8,
      7,
      6,
      8,
      51,
      7,
      6,
      10,
      6,
      7,
      11,
      11,
      6,
      43,
      6,
      7,
      6,
      10,
      14,
      13,
      8,
      7,
      10,
      10,
      30,
      7,
      17,
      11,
      10,
      10,
      7,
      6,
      10,
      7,
      6,
      13,
      8,
      11,
      10,
      6,
      10,
      6,
      10,
      6,
      11,
      7,
      9,
      6,
      6,
      14,
      10,
      6,
      9,
      12,
      13,
      7,
      10,
      40,
      11,
      7,
      8,
      12,
      10,
      7,
      6,
      6,
      6,
      6,
      10,
      6,
      17,
      6,
      6,
      6,
      7,
      12,
      7,
      10,
      9,
      20,
      6,
      6,
      8,
      10,
      6,
      22,
      33,
      15,
      13,
      15,
      12,
      7,
      6,
      11,
      6,
      11,
      6,
      6,
      7,
      15,
      12,
      6,
      6,
      7,
      7,
      10,
      11,
      6,
      10,
      6,
      10,
      7,
      6,
      6,
      20,
      11,
      6,
      11,
      8,
      13,
      6,
      6,
      10,
      10,
      12,
      20,
      16,
      7,
      19,
      9,
      10,
      13,
      14,
      7,
      11,
      7,
      12,
      10,
      10,
      12,
      12,
      42,
      6,
      10,
      6,
      36,
      15,
      9,
      10,
      7,
      15,
      10,
      6,
      7,
      6,
      11,
      7,
      21,
      12,
      7,
      17,
      6,
      8,
      10,
      7,
      14,
      7,
      11,
      6,
      10,
      10,
      8,
      6,
      11,
      6,
      7,
      19,
      7,
      19,
      6,
      6,
      7,
      8,
      6,
      10,
      6,
      6,
      14,
      6,
      6,
      12,
      6,
      12,
      6,
      7,
      13,
      6,
      7,
      14,
      6,
      6,
      13,
      6,
      11,
      6,
      10
    ],
    "chars": {
      "n": 500,
      "min": 8,
      "max": 120,
      "mean": 16.152,
      "std": 11.55685493549175,
      "var": 133.560896,
      "p10": 9,
      "p25": 11,
      "p50": 14,
      "p75": 17,
      "p90": 24,
      "p95": 28,
      "p99": 83
    },
    "chars_histogram": {
      "edges": [
        0,
        50,
        100,
        250,
        500,
        1000,
        2500,
        5000,
        10000,
        25000,
        50000,
        100000,
        200000
      ],
      "counts": [
        491,
        6,
        3,
        0,
        0,
        0,
        0,
        0,
        0,
        0,
        0,
        0
      ],
      "labels": [
        "[0,50)",
        "[50,100)",
        "[100,250)",
        "[250,500)",
        "[500,1000)",
        "[1000,2500)",
        "[2500,5000)",
        "[5000,10000)",
        "[10000,25000)",
        "[25000,50000)",
        "[50000,100000)",
        "[100000,200000)"
      ]
    }
  },
  "correct_rollouts": {
    "tokens": {
      "n": 115,
      "min": 6,
      "max": 36,
      "mean": 9.486956521739131,
      "std": 4.065475462629196,
      "var": 16.528090737240074,
      "p10": 6,
      "p25": 6,
      "p50": 9,
      "p75": 11,
      "p90": 14,
      "p95": 16,
      "p99": 24
    },
    "tokens_histogram": {
      "edges": [
        0,
        10,
        20,
        50,
        100,
        200,
        500,
        1000,
        2000,
        5000,
        10000,
        20000,
        40000
      ],
      "counts": [
        59,
        54,
        2,
        0,
        0,
        0,
        0,
        0,
        0,
        0,
        0,
        0
      ],
      "labels": [
        "[0,10)",
        "[10,20)",
        "[20,50)",
        "[50,100)",
        "[100,200)",
        "[200,500)",
        "[500,1000)",
        "[1000,2000)",
        "[2000,5000)",
        "[5000,10000)",
        "[10000,20000)",
        "[20000,40000)"
      ]
    },