{
  "primary_metric": "prompt_level_loose_acc",
  "n_items": 300,
  "n_items_correct": 127,
  "n_items_incorrect": 173,
  "n_items_unknown": 0,
  "n_generations": 300,
  "samples_per_item": [
    1
  ],
  "all_rollouts": {
    "tokens": {
      "n": 300,
      "min": 2,
      "max": 6916,
      "mean": 311.70666666666665,
      "std": 1130.522215890613,
      "var": 1278080.4806222222,
      "p10": 2,
      "p25": 2,
      "p50": 4,
      "p75": 35,
      "p90": 266,
      "p95": 4191,
      "p99": 5720
    },
    "tokens_histogram": {
      "edges": [
        0,
        10,
        20,
        50,
        100,
        200,
        500,
        1000,
        2000,
        5000,
        10000,
        20000,
        40000
      ],
      "counts": [
        182,
        23,
        27,
        22,
        10,
        13,
        6,
        0,
        11,
        6,
        0,
        0
      ],
      "labels": [
        "[0,10)",
        "[10,20)",
        "[20,50)",
        "[50,100)",
        "[100,200)",
        "[200,500)",
        "[500,1000)",
        "[1000,2000)",
        "[2000,5000)",
        "[5000,10000)",
        "[10000,20000)",
        "[20000,40000)"
      ]
    },
    "tokens_raw": [
      24,
      22,
      71,
      18,
      7,
      6,
      4,
      20,
      9,
      27,
      4,
      2,
      3,
      3,
      4,
      3,
      3,
      2,
      10,
      24,
      6,
      10,
      10,
      14,
      99,
      17,
      105,
      6,
      106,
      105,
      31,
      4191,
      13,
      10,
      502,
      34,
      570,
      28,
      182,
      58,
      515,
      2,
      3,
      2,
      4,
      6,
      2,
      3,
      2,
      2,
      2,
      2,
      2,
      3,
      2,
      4949,
      4377,
      66,
      2,
      3108,
      2,
      2,
      2,
      3,
      2,
      2,
      2,
      2,
      2,
      2,
      2,
      3,
      5,
      2,
      89,
      232,
      49,
      2,
      3264,
      5720,
      2,
      2,
      3,
      7,
      2,
      3,
      2,
      2,
      2,
      2,
      2,
      2,
      18,
      4,
      2,
      66,
      9,
      25,
      2,
      61,
      2,
      3,
      2,
      2,
      3,
      2,
      650,
      3,
      211,
      7,
      37,
      4,
      3,
      6916,
      93,
      13,
      18,
      29,
      4,
      5,
      4,
      5095,
      4,
      146,
      4844,
      2,
      25,
      112,
      125,
      22,
      40,
      67,
      47,
      7,
      11,
      2,
      2,
      2,
      29,
      3,
      42,
      65,
      15,
      5,
      340,
      346,
      92,
      4757,
      4,
      4,
      11,
      248,
      13,
      4234,
      5,
      14,
      11,
      14,
      224,
      3,
      4,
      2,
      2,
      3,
      4,
      6,
      2,
      2,
      2,
      2,
      2,
      2,
      2,
      2,
      2,
      81,
      266,
      21,
      6,
      61,
      548,
      5460,
      4724,
      2,
      72,
      2,
      2,
      33,
      77,
      32,
      29,
      6042,
      4,
      5,
      10,
      4,
      4740,
      3,
      4,
      3,
      2,
      2,
      2,
      2,
      2,
      2,
      2,
      2,
      2,
      2,
      2,
      2,
      2,
      3,
      2,
      2,
      2,
      2,
      2,
      2,
      2,
      2,
      2,
      2,
      66,
      14,
      2,
      425,
      266,
      4218,
      266,
      4,
      50,
      5,
      2,
      2,
      2,
      303,
      355,
      2,
      2,
      2,
      2,
      2,
      2,
      2,
      2,
      2,
      4,
      2,
      2,
      2,
      31,
      508,
      2,
      2,
      2,
      2,
      3,
      2,
      2,
      3,
      56,
      35,
      3,
      131,
      66,
      4,
      2,
      5,
      53,
      2,
      8,
      2,
      120,
      64,
      325,
      5322,
      10,
      2,
      45,
      14,
      156,
      2,
      4,
      2,
      2,
      2,
      2,
      2,
      2,
      2,
      21,
      15,
      21,
      50,
      2,
      2,
      2,
      3
    ],
    "chars": {
      "n": 300,
      "min": 1,
      "max": 46931,
      "mean": 1076.81,
      "std": 4412.385852034399,
      "var": 19469148.907233335,
      "p10": 1,
      "p25": 4,
      "p50": 9,
      "p75": 152,
      "p90": 1080,
      "p95": 7367,
      "p99": 21748
    },
    "chars_histogram": {
      "edges": [
        0,
        50,
        100,
        250,
        500,
        1000,
        2500,
        5000,
        10000,
        25000,
        50000,
        100000,
        200000
      ],
      "counts": [
        197,
        18,
        24,
        21,
        7,
        14,
        2,
        4,
        11,
        2,
        0,
        0
      ],
      "labels": [
        "[0,50)",
        "[50,100)",
        "[100,250)",
        "[250,500)",
        "[500,1000)",
        "[1000,2500)",
        "[2500,5000)",
        "[5000,10000)",
        "[10000,25000)",
        "[25000,50000)",
        "[50000,100000)",
        "[100000,200000)"
      ]
    }
  },
  "correct_rollouts": {
    "tokens": {
      "n": 127,
      "min": 2,
      "max": 6916,
      "mean": 164.39370078740157,
      "std": 876.4237295173535,
      "var": 768118.5536611073,
      "p10": 2,
      "p25": 2,
      "p50": 3,
      "p75": 21,
      "p90": 105,
      "p95": 303,
      "p99": 5460
    },
    "tokens_histogram": {
      "edges": [
        0,
        10,
        20,
        50,
        100,
        200,
        500,
        1000,
        2000,
        5000,
        10000,
        20000,
        40000
      ],
      "counts": [
        83,
        10,
        14,
        7,
        6,
        2,
        2,
        0,
        1,
        2,
        0,
        0
      ],
      "labels": [
        "[0,10)",
        "[10,20)",
        "[20,50)",
        "[50,100)",
        "[100,200)",
        "[200,500)",
        "[500,1000)",
        "[1000,2000)",
        "[2000,5000)",
        "[5000,10000)",
        "[10000,20000)",
        "[20000,40000)"
      ]
    },
    "tokens_raw": [
      24,
      6,
      4,
      10,
      6,
      10,
      99,
      105,
      6,
      106,
      105,
      10,
      502,
      3,
      2,
      2,
      2,
      2,
      2,
      2,
      2,
      2,
      2,
      2,
      89,
      2,
      2,
      2,
      4,
      2,
      2,
      3,
      2,
      3,
      650,
      7,
      37,
      4,
      6916,
      13,
      18,
      29,
      25,
      112,
      125,
      22,
      40,
      67,
      47,
      7,
      11,
      29,
      42,
      65,
      15,
      11,
      14,
      3,
      4,
      2,
      2,
      3,
      4,
      2,
      2,
      21,
      6,
      5460,
      4724,
      2,
      2,
      2,
      77,
      2,
      2,
      2,
      2,
      2,
      2,
      2,
      2,
      2,
      2,
      2,
      2,
      2,
      2,
      2,
      2,
      2,
      2,
      2,
      66,
      2,
      4,
      5,
      303,
      355,
      2,
      2,
      2,
      2,
      2,
      2,
      4,
      2,
      31,
      2,
      2,
      2,
      3,
      4,
      2,
      5,
      120,
      45,
      2,
      2,
      2,
      21,
      15,
      21,
      50,
      2,
      2,
      2,
      3
    ],
    "chars": {
      "n": 127,
      "min": 1,
      "max": 46931,
      "mean": 620.3464566929134,
      "std": 4291.559697344693,
      "var": 18417484.635873273,
      "p10": 1,
      "p25": 3,
      "p50": 8,
      "p75": 79,
      "p90": 389,
      "p95": 1036,
      "p99": 10938
    },
    "chars_histogram": {
      "edges": [
        0,
        50,
        100,
        250,
        500,
        1000,
        2500,
        5000,
        10000,
        25000,
        50000,
        100000,
        200000
      ],