{
  "primary_metric": "prompt_level_loose_acc",
  "n_items": 300,
  "n_items_correct": 143,
  "n_items_incorrect": 157,
  "n_items_unknown": 0,
  "n_generations": 300,
  "samples_per_item": [
    1
  ],
  "all_rollouts": {
    "tokens": {
      "n": 300,
      "min": 2,
      "max": 5701,
      "mean": 219.88333333333333,
      "std": 928.7155842285026,
      "var": 862512.6363888889,
      "p10": 2,
      "p25": 2,
      "p50": 4,
      "p75": 30,
      "p90": 120,
      "p95": 541,
      "p99": 5092
    },
    "tokens_histogram": {
      "edges": [
        0,
        10,
        20,
        50,
        100,
        200,
        500,
        1000,
        2000,
        5000,
        10000,
        20000,
        40000
      ],
      "counts": [
        178,
        32,
        32,
        20,
        13,
        10,
        3,
        1,
        6,
        5,
        0,
        0
      ],
      "labels": [
        "[0,10)",
        "[10,20)",
        "[20,50)",
        "[50,100)",
        "[100,200)",
        "[200,500)",
        "[500,1000)",
        "[1000,2000)",
        "[2000,5000)",
        "[5000,10000)",
        "[10000,20000)",
        "[20000,40000)"
      ]
    },
    "tokens_raw": [
      24,
      24,
      19,
      12,
      7,
      6,
      3,
      20,
      13,
      27,
      4,
      4,
      27,
      69,
      4,
      3,
      3,
      4,
      14,
      30,
      6,
      10,
      38,
      14,
      2,
      20,
      106,
      6,
      106,
      106,
      5701,
      4749,
      202,
      11,
      348,
      37,
      103,
      63,
      5083,
      112,
      494,
      3,
      6,
      2,
      19,
      6,
      2,
      3,
      2,
      2,
      2,
      2,
      4546,
      2,
      2,
      2,
      81,
      42,
      13,
      78,
      2,
      2,
      2,
      3,
      2,
      4,
      2,
      2,
      2,
      2,
      9,
      2,
      2,
      2,
      42,
      212,
      46,
      2,
      2,
      39,
      11,
      2,
      6,
      23,
      2,
      3,
      10,
      2,
      2,
      2,
      2,
      2,
      27,
      4,
      2,
      34,
      6,
      15,
      16,
      66,
      2,
      3,
      2,
      2,
      3,
      2,
      13,
      5,
      206,
      4,
      10,
      4,
      5,
      63,
      712,
      13,
      4,
      106,
      5092,
      4,
      4,
      4,
      3,
      356,
      6,
      3,
      28,
      69,
      35,
      16,
      41,
      57,
      45,
      2,
      6,
      2,
      2,
      2,
      13,
      12,
      50,
      13,
      10,
      14,
      30,
      186,
      171,
      4174,
      4,
      8,
      11,
      70,
      75,
      139,
      58,
      69,
      12,
      14,
      46,
      2,
      4,
      2,
      4,
      3,
      4,
      2,
      2,
      2,
      2,
      2,
      2,
      2,
      2,
      2,
      2,
      56,
      105,
      3,
      4,
      63,
      541,
      5623,
      4139,
      2,
      4914,
      2,
      2,
      2,
      34,
      60,
      2,
      374,
      5,
      3,
      9,
      57,
      4942,
      3,
      4,
      3,
      2,
      2,
      2,
      2,
      2,
      2,
      2,
      2,
      2,
      2,
      3,
      2,
      2,
      2,
      2,
      2,
      2,
      2,
      11,
      2,
      2,
      2,
      2,
      2,
      9,
      14,
      2,
      945,
      268,
      36,
      5013,
      2,
      55,
      5,
      2,
      2,
      2,
      187,
      448,
      2,
      2,
      2,
      2,
      2,
      2,
      2,
      2,
      2,
      4,
      2,
      2,
      2,
      26,
      30,
      3,
      2,
      2,
      2,
      2,
      3,
      2,
      2,
      56,
      35,
      5,
      55,
      27,
      4,
      2,
      9,
      6,
      9,
      19,
      2,
      120,
      46,
      322,
      1650,
      11,
      8,
      26,
      14,
      107,
      2,
      5,
      2,
      2,
      2,
      2,
      2,
      2,
      2,
      12,
      15,
      21,
      31,
      2,
      2,
      2,
      3
    ],
    "chars": {
      "n": 300,
      "min": 0,
      "max": 31028,
      "mean": 774.9133333333333,
      "std": 3528.803952118747,
      "var": 12452457.332488889,
      "p10": 1,
      "p25": 5,
      "p50": 9,
      "p75": 103,
      "p90": 593,
      "p95": 1711,
      "p99": 21395
    },
    "chars_histogram": {
      "edges": [
        0,
        50,
        100,
        250,
        500,
        1000,
        2500,
        5000,
        10000,
        25000,
        50000,
        100000,
        200000
      ],
      "counts": [
        200,
        25,
        21,
        23,
        10,
        9,
        1,
        1,
        8,
        2,
        0,
        0
      ],
      "labels": [
        "[0,50)",
        "[50,100)",
        "[100,250)",
        "[250,500)",
        "[500,1000)",
        "[1000,2500)",
        "[2500,5000)",
        "[5000,10000)",
        "[10000,25000)",
        "[25000,50000)",
        "[50000,100000)",
        "[100000,200000)"
      ]
    }
  },
  "correct_rollouts": {
    "tokens": {
      "n": 143,
      "min": 2,
      "max": 5701,
      "mean": 147.2237762237762,
      "std": 756.8789375771913,
      "var": 572865.7261479779,
      "p10": 2,
      "p25": 2,
      "p50": 4,
      "p75": 21,
      "p90": 106,
      "p95": 202,
      "p99": 5623
    },
    "tokens_histogram": {
      "edges": [
        0,
        10,
        20,
        50,
        100,
        200,
        500,
        1000,
        2000,
        5000,
        10000,
        20000,
        40000
      ],
      "counts": [
        92,
        15,
        15,
        5,
        8,
        3,
        1,
        1,
        1,
        2,
        0,
        0
      ],
      "labels": [
        "[0,10)",
        "[10,20)",
        "[20,50)",
        "[50,100)",
        "[100,200)",
        "[200,500)",
        "[500,1000)",
        "[1000,2000)",
        "[2000,5000)",
        "[5000,10000)",
        "[10000,20000)",
        "[20000,40000)"
      ]
    },
    "tokens_raw": [
      24,
      24,
      19,
      6,
      3,
      13,
      4,
      14,
      30,
      6,
      10,
      106,
      6,
      106,
      106,
      5701,
      202,
      11,
      348,
      3,
      2,
      2,
      2,
      2,
      2,
      2,
      2,
      2,
      2,
      42,
      2,
      2,
      6,
      23,
      10,
      2,
      2,
      27,
      4,
      2,
      2,
      3,
      2,
      3,
      13,
      5,
      4,
      4,
      5,
      63,
      712,
      13,
      4,
      106,
      28,
      69,
      35,
      16,
      41,
      57,
      45,
      6,
      13,
      12,
      50,
      13,
      10,
      186,
      2,
      4,
      2,
      4,
      3,
      4,
      2,
      2,
      2,
      2,
      2,
      105,
      3,
      4,
      5623,
      4139,
      2,
      2,
      2,
      2,
      34,
      60,
      2,
      2,
      2,
      2,
      2,
      2,
      2,
      2,
      3,
      2,
      2,
      2,
      2,
      2,
      2,
      2,
      2,
      2,
      9,
      2,
      5,
      187,
      448,
      2,
      2,
      2,
      2,
      2,
      2,
      4,
      2,
      2,
      26,
      30,
      3,
      2,
      5,
      4,
      2,
      120,
      1650,
      2,
      2,
      2,
      2,
      12,
      15,
      21,
      31,
      2,
      2,
      2,
      3
    ],
    "chars": {
      "n": 143,
      "min": 1,
      "max": 31028,
      "mean": 524.6783216783217,
      "std": 3115.138954799909,
      "var": 9704090.707711868,
      "p10": 1,
      "p25": 3,
      "p50": 9,
      "p75": 64,
      "p90": 390,
      "p95": 945,
      "p99": 17894
    },
    "chars_histogram": {
      "edges": [
        0,
        50,
        100,
        250,
        500,
        1000,
        2500,
        5000,
        10000,
        25000,
        50000,
        100000,
        200000
      ],