{
  "primary_metric": "exact_match_flex",
  "n_items": 500,
  "n_items_correct": 111,
  "n_items_incorrect": 389,
  "n_items_unknown": 0,
  "n_generations": 500,
  "samples_per_item": [
    1
  ],
  "all_rollouts": {
    "tokens": {
      "n": 500,
      "min": 5,
      "max": 87,
      "mean": 8.576,
      "std": 5.319795484790745,
      "var": 28.300224,
      "p10": 6,
      "p25": 6,
      "p50": 7,
      "p75": 9,
      "p90": 12,
      "p95": 16,
      "p99": 24
    },
    "tokens_histogram": {
      "edges": [
        0,
        10,
        20,
        50,
        100,
        200,
        500,
        1000,
        2000,
        5000,
        10000,
        20000,
        40000
      ],
      "counts": [
        386,
        98,
        15,
        1,
        0,
        0,
        0,
        0,
        0,
        0,
        0,
        0
      ],
      "labels": [
        "[0,10)",
        "[10,20)",
        "[20,50)",
        "[50,100)",
        "[100,200)",
        "[200,500)",
        "[500,1000)",
        "[1000,2000)",
        "[2000,5000)",
        "[5000,10000)",
        "[10000,20000)",
        "[20000,40000)"
      ]
    },
    "tokens_raw": [
      13,
      6,
      12,
      6,
      7,
      7,
      6,
      7,
      10,
      6,
      9,
      6,
      8,
      6,
      7,
      6,
      7,
      7,
      7,
      6,
      10,
      10,
      6,
      6,
      6,
      6,
      9,
      8,
      10,
      7,
      9,
      11,
      8,
      11,
      8,
      6,
      6,
      7,
      9,
      7,
      7,
      7,
      6,
      8,
      9,
      6,
      6,
      6,
      11,
      7,
      8,
      24,
      6,
      12,
      9,
      6,
      7,
      8,
      9,
      7,
      13,
      7,
      6,
      6,
      6,
      6,
      17,
      7,
      8,
      6,
      9,
      11,
      6,
      24,
      11,
      11,
      6,
      6,
      9,
      6,
      8,
      6,
      11,
      7,
      6,
      9,
      8,
      6,
      6,
      8,
      7,
      6,
      12,
      7,
      9,
      6,
      5,
      6,
      9,
      24,
      8,
      6,
      13,
      10,
      6,
      8,
      11,
      7,
      6,
      7,
      6,
      8,
      7,
      8,
      6,
      8,
      6,
      6,
      7,
      6,
      6,
      6,
      6,
      7,
      12,
      6,
      5,
      12,
      6,
      7,
      6,
      9,
      6,
      8,
      7,
      7,
      6,
      10,
      11,
      6,
      6,
      8,
      9,
      17,
      12,
      6,
      10,
      7,
      7,
      7,
      6,
      8,
      7,
      11,
      10,
      11,
      7,
      7,
      8,
      8,
      7,
      6,
      13,
      12,
      10,
      12,
      13,
      9,
      6,
      7,
      7,
      12,
      8,
      6,
      6,
      6,
      14,
      7,
      8,
      16,
      6,
      10,
      9,
      7,
      6,
      8,
      6,
      6,
      6,
      7,
      11,
      6,
      7,
      6,
      11,
      7,
      9,
      6,
      9,
      7,
      8,
      7,
      10,
      6,
      6,
      24,
      14,
      7,
      6,
      7,
      6,
      6,
      7,
      6,
      8,
      6,
      6,
      11,
      9,
      10,
      6,
      7,
      6,
      7,
      20,
      7,
      6,
      6,
      19,
      7,
      6,
      6,
      6,
      7,
      7,
      11,
      6,
      7,
      16,
      7,
      7,
      7,
      10,
      6,
      6,
      9,
      6,
      6,
      87,
      7,
      6,
      7,
      8,
      11,
      9,
      6,
      15,
      8,
      7,
      7,
      7,
      7,
      6,
      6,
      13,
      9,
      11,
      8,
      6,
      6,
      7,
      8,
      9,
      8,
      7,
      6,
      6,
      9,
      8,
      7,
      6,
      7,
      8,
      6,
      5,
      7,
      6,
      7,
      10,
      7,
      6,
      10,
      6,
      15,
      7,
      7,
      10,
      8,
      29,
      7,
      7,
      10,
      6,
      7,
      7,
      11,
      6,
      15,
      11,
      7,
      11,
      6,
      10,
      11,
      9,
      6,
      7,
      6,
      23,
      7,
      13,
      8,
      6,
      11,
      8,
      6,
      6,
      8,
      6,
      9,
      9,
      10,
      8,
      6,
      8,
      6,
      10,
      6,
      12,
      7,
      9,
      6,
      6,
      10,
      6,
      6,
      9,
      20,
      9,
      7,
      6,
      11,
      7,
      8,
      7,
      8,
      16,
      6,
      9,
      6,
      6,
      6,
      11,
      6,
      20,
      6,
      6,
      6,
      7,
      8,
      7,
      6,
      7,
      21,
      6,
      8,
      9,
      6,
      6,
      13,
      19,
      11,
      10,
      10,
      11,
      7,
      7,
      7,
      6,
      11,
      6,
      6,
      7,
      10,
      6,
      6,
      6,
      7,
      7,
      10,
      11,
      6,
      9,
      6,
      6,
      7,
      6,
      6,
      21,
      11,
      6,
      7,
      8,
      9,
      6,
      7,
      21,
      6,
      16,
      49,
      12,
      7,
      15,
      9,
      8,
      14,
      10,
      7,
      7,
      6,
      8,
      13,
      6,
      12,
      8,
      8,
      6,
      6,
      6,
      36,
      9,
      9,
      6,
      7,
      11,
      6,
      6,
      7,
      6,
      7,
      6,
      13,
      7,
      7,
      13,
      6,
      8,
      6,
      7,
      10,
      7,
      7,
      7,
      6,
      8,
      8,
      6,
      6,
      6,
      7,
      20,
      7,
      15,
      6,
      6,
      7,
      8,
      6,
      6,
      7,
      6,
      7,
      6,
      6,
      6,
      6,
      7,
      6,
      9,
      7,
      6,
      7,
      9,
      7,
      6,
      14,
      8,
      16,
      6,
      9
    ],
    "chars": {
      "n": 500,
      "min": 9,
      "max": 169,
      "mean": 14.908,
      "std": 10.399593068961881,
      "var": 108.151536,
      "p10": 11,
      "p25": 11,
      "p50": 12,
      "p75": 15,
      "p90": 21,
      "p95": 26,
      "p99": 54
    },
    "chars_histogram": {
      "edges": [
        0,
        50,
        100,
        250,
        500,
        1000,
        2500,
        5000,
        10000,
        25000,
        50000,
        100000,
        200000
      ],
      "counts": [
        493,
        5,
        2,
        0,
        0,
        0,
        0,
        0,
        0,
        0,
        0,
        0
      ],
      "labels": [
        "[0,50)",
        "[50,100)",
        "[100,250)",
        "[250,500)",
        "[500,1000)",
        "[1000,2500)",
        "[2500,5000)",
        "[5000,10000)",
        "[10000,25000)",
        "[25000,50000)",
        "[50000,100000)",
        "[100000,200000)"
      ]
    }
  },
  "correct_rollouts": {
    "tokens": {
      "n": 111,
      "min": 6,
      "max": 36,
      "mean": 8.216216216216216,
      "std": 3.976066700107155,
      "var": 15.809106403700998,
      "p10": 6,
      "p25": 6,
      "p50": 7,
      "p75": 9,
      "p90": 11,
      "p95": 13,
      "p99": 24
    },
    "tokens_histogram": {
      "edges": [
        0,
        10,
        20,
        50,
        100,
        200,
        500,
        1000,
        2000,
        5000,
        10000,
        20000,
        40000
      ],
      "counts": [
        89,
        19,
        3,
        0,
        0,
        0,
        0,
        0,
        0,
        0,
        0,
        0
      ],
      "labels": [
        "[0,10)",
        "[10,20)",
        "[20,50)",
        "[50,100)",
        "[100,200)",
        "[200,500)",
        "[500,1000)",
        "[1000,2000)",
        "[2000,5000)",
        "[5000,10000)",
        "[10000,20000)",
        "[20000,40000)"
      ]
    },