{
  "primary_metric": "exact_match_flex",
  "n_items": 500,
  "n_items_correct": 253,
  "n_items_incorrect": 247,
  "n_items_unknown": 0,
  "n_generations": 500,
  "samples_per_item": [
    1
  ],
  "all_rollouts": {
    "tokens": {
      "n": 500,
      "min": 6,
      "max": 6033,
      "mean": 1008.322,
      "std": 1486.4696493087235,
      "var": 2209592.018316,
      "p10": 164,
      "p25": 288,
      "p50": 454,
      "p75": 720,
      "p90": 4134,
      "p95": 5004,
      "p99": 5598
    },
    "tokens_histogram": {
      "edges": [
        0,
        10,
        20,
        50,
        100,
        200,
        500,
        1000,
        2000,
        5000,
        10000,
        20000,
        40000
      ],
      "counts": [
        31,
        3,
        2,
        2,
        30,
        212,
        135,
        19,
        40,
        26,
        0,
        0
      ],
      "labels": [
        "[0,10)",
        "[10,20)",
        "[20,50)",
        "[50,100)",
        "[100,200)",
        "[200,500)",
        "[500,1000)",
        "[1000,2000)",
        "[2000,5000)",
        "[5000,10000)",
        "[10000,20000)",
        "[20000,40000)"
      ]
    },
    "tokens_raw": [
      364,
      759,
      436,
      425,
      8,
      221,
      324,
      1341,
      386,
      6,
      702,
      352,
      506,
      205,
      238,
      5678,
      263,
      156,
      384,
      719,
      200,
      379,
      1379,
      777,
      8,
      481,
      544,
      452,
      332,
      503,
      320,
      260,
      288,
      827,
      5543,
      354,
      331,
      7,
      5086,
      660,
      256,
      542,
      333,
      703,
      4437,
      155,
      561,
      343,
      167,
      235,
      5045,
      1001,
      6,
      39,
      103,
      195,
      224,
      880,
      258,
      380,
      439,
      513,
      1032,
      883,
      235,
      155,
      424,
      549,
      385,
      517,
      4961,
      607,
      4134,
      268,
      5215,
      323,
      170,
      217,
      978,
      328,
      826,
      271,
      429,
      618,
      634,
      400,
      203,
      515,
      668,
      343,
      105,
      255,
      1014,
      446,
      4719,
      732,
      396,
      6,
      188,
      899,
      638,
      349,
      182,
      506,
      568,
      8,
      10,
      404,
      793,
      491,
      616,
      512,
      500,
      380,
      648,
      525,
      352,
      267,
      1623,
      366,
      490,
      373,
      4410,
      1275,
      720,
      290,
      639,
      281,
      7,
      1346,
      647,
      511,
      173,
      8,
      684,
      430,
      446,
      537,
      374,
      4103,
      450,
      6,
      9,
      803,
      253,
      411,
      384,
      4035,
      336,
      4093,
      1934,
      524,
      212,
      813,
      656,
      405,
      228,
      398,
      787,
      401,
      542,
      164,
      699,
      570,
      313,
      341,
      365,
      269,
      5045,
      5129,
      617,
      296,
      573,
      799,
      285,
      825,
      335,
      244,
      315,
      912,
      327,
      399,
      9,
      4905,
      301,
      138,
      370,
      6,
      839,
      331,
      526,
      162,
      4934,
      572,
      4896,
      640,
      378,
      617,
      9,
      230,
      4982,
      4179,
      4901,
      532,
      316,
      889,
      481,
      286,
      377,
      206,
      1034,
      247,
      451,
      353,
      8,
      514,
      4756,
      4072,
      260,
      468,
      382,
      646,
      442,
      536,
      5169,
      178,
      6,
      37,
      212,
      7,
      628,
      4134,
      338,
      484,
      551,
      588,
      720,
      761,
      762,
      536,
      225,
      383,
      516,
      351,
      645,
      920,
      5163,
      590,
      1271,
      1031,
      541,
      956,
      5004,
      217,
      227,
      6,
      426,
      454,
      673,
      221,
      633,
      7,
      209,
      7,
      491,
      198,
      5216,
      361,
      253,
      339,
      7,
      572,
      514,
      390,
      396,
      238,
      445,
      114,
      320,
      579,
      462,
      179,
      8,
      476,
      876,
      889,
      299,
      4644,
      4873,
      4073,
      487,
      358,
      536,
      315,
      1112,
      400,
      750,
      723,
      744,
      318,
      287,
      547,
      6,
      464,
      871,
      321,
      5020,
      424,
      389,
      452,
      336,
      592,
      157,
      409,
      406,
      353,
      469,
      249,
      4046,
      239,
      375,
      428,
      284,
      4976,
      4975,
      690,
      677,
      3665,
      6,
      194,
      563,
      4820,
      405,
      448,
      508,
      533,
      238,
      406,
      339,
      4132,
      737,
      5085,
      474,
      385,
      378,
      190,
      566,
      462,
      517,
      157,
      327,
      16,
      490,
      549,
      629,
      346,
      637,
      565,
      366,
      6033,
      4842,
      585,
      186,
      6,
      441,
      669,
      1159,
      194,
      343,
      314,
      325,
      699,
      372,
      643,
      145,
      590,
      739,
      446,
      1169,
      17,
      542,
      2526,
      4867,
      420,
      164,
      486,
      431,
      209,
      5598,
      377,
      3401,
      989,
      604,
      375,
      418,
      245,
      611,
      357,
      7,
      67,
      5723,
      705,
      5042,
      545,
      6,
      258,
      378,
      478,
      5121,
      5085,
      349,
      227,
      721,
      394,
      753,
      917,
      5172,
      472,
      479,
      455,
      485,
      474,
      616,
      1637,
      5621,
      5159,
      636,
      352,
      662,
      493,
      132,
      5036,
      1165,
      262,
      5004,
      534,
      614,
      6,
      4974,
      544,
      398,
      9,
      264,
      268,
      4057,
      424,
      4256,
      271,
      3833,
      284,
      647,
      319,
      491,
      328,
      3938,
      222,
      1493,
      80,
      463,
      1042,
      334,
      656,
      497,
      236,
      938,
      233,
      516,
      185,
      246,
      223,
      854,
      344,
      543,
      397,
      2717,
      469,
      8,
      905,
      324,
      293,
      475,
      281,
      5474,
      5094,
      570,
      426,
      185,
      320,
      4953,
      4875,
      3935,
      8,
      978,
      528,
      4157,
      483,
      454,
      170,
      571,
      373
    ],
    "chars": {
      "n": 500,
      "min": 9,
      "max": 23049,
      "mean": 2271.244,
      "std": 3134.9622231318835,
      "var": 9827988.140464,
      "p10": 429,
      "p25": 794,
      "p50": 1199,
      "p75": 1796,
      "p90": 8602,
      "p95": 9864,
      "p99": 14439
    },
    "chars_histogram": {
      "edges": [
        0,
        50,
        100,
        250,
        500,
        1000,
        2500,
        5000,
        10000,
        25000,
        50000,
        100000,
        200000
      ],
      "counts": [
        34,
        1,
        3,
        23,
        125,
        231,
        18,
        41,
        24,
        0,
        0,
        0
      ],
      "labels": [
        "[0,50)",
        "[50,100)",
        "[100,250)",
        "[250,500)",
        "[500,1000)",
        "[1000,2500)",
        "[2500,5000)",
        "[5000,10000)",
        "[10000,25000)",
        "[25000,50000)",
        "[50000,100000)",
        "[100000,200000)"
      ]
    }
  },
  "correct_rollouts": {
    "tokens": {
      "n": 253,
      "min": 6,
      "max": 4073,
      "mean": 439.24110671936756,
      "std": 362.7941864328136,
      "var": 131619.62170944712,
      "p10": 164,
      "p25": 253,
      "p50": 378,
      "p75": 541,