{
  "primary_metric": "length_controlled_winrate",
  "n_items": 805,
  "n_items_correct": 0,
  "n_items_incorrect": 0,
  "n_items_unknown": 805,
  "n_generations": 805,
  "samples_per_item": [
    1
  ],
  "all_rollouts": {
    "tokens": {
      "n": 805,
      "min": 2,
      "max": 5958,
      "mean": 1531.3714285714286,
      "std": 2006.8905022765375,
      "var": 4027609.4881277727,
      "p10": 41,
      "p25": 144,
      "p50": 333,
      "p75": 4099,
      "p90": 4967,
      "p95": 5154,
      "p99": 5706
    },
    "tokens_histogram": {
      "edges": [
        0,
        10,
        20,
        50,
        100,
        200,
        500,
        1000,
        2000,
        5000,
        10000,
        20000,
        40000
      ],
      "counts": [
        17,
        30,
        47,
        71,
        108,
        199,
        84,
        23,
        151,
        75,
        0,
        0
      ],
      "labels": [
        "[0,10)",
        "[10,20)",
        "[20,50)",
        "[50,100)",
        "[100,200)",
        "[200,500)",
        "[500,1000)",
        "[1000,2000)",
        "[2000,5000)",
        "[5000,10000)",
        "[10000,20000)",
        "[20000,40000)"
      ]
    },
    "tokens_raw": [
      173,
      306,
      981,
      169,
      175,
      4597,
      224,
      54,
      216,
      439,
      4672,
      4939,
      550,
      177,
      292,
      5820,
      223,
      5084,
      44,
      5062,
      413,
      129,
      143,
      278,
      4820,
      272,
      4466,
      5474,
      316,
      718,
      680,
      4248,
      223,
      194,
      27,
      262,
      887,
      4463,
      577,
      33,
      47,
      195,
      748,
      80,
      425,
      890,
      5154,
      4273,
      455,
      778,
      54,
      100,
      4058,
      288,
      4190,
      190,
      4176,
      494,
      4074,
      64,
      216,
      975,
      265,
      784,
      4203,
      353,
      5115,
      4057,
      4135,
      476,
      172,
      39,
      264,
      209,
      417,
      220,
      4182,
      843,
      274,
      4560,
      373,
      5616,
      4096,
      4260,
      471,
      625,
      645,
      4147,
      70,
      547,
      260,
      46,
      4175,
      39,
      3834,
      827,
      97,
      210,
      217,
      224,
      1307,
      5015,
      95,
      4352,
      583,
      82,
      5028,
      5706,
      5053,
      104,
      418,
      4057,
      144,
      52,
      181,
      4029,
      823,
      4113,
      50,
      156,
      86,
      228,
      71,
      413,
      514,
      224,
      4067,
      4866,
      73,
      344,
      4987,
      152,
      325,
      274,
      221,
      214,
      4110,
      5009,
      4194,
      410,
      190,
      4967,
      124,
      5029,
      6,
      480,
      4141,
      80,
      4175,
      243,
      80,
      5123,
      4776,
      913,
      3175,
      195,
      900,
      4135,
      4950,
      30,
      669,
      106,
      5759,
      333,
      4998,
      61,
      446,
      194,
      17,
      4918,
      733,
      4975,
      234,
      249,
      4202,
      171,
      874,
      282,
      4952,
      224,
      614,
      189,
      4090,
      5131,
      792,
      788,
      552,
      389,
      4708,
      41,
      16,
      1003,
      190,
      5085,
      5188,
      38,
      412,
      125,
      194,
      6,
      256,
      55,
      158,
      4544,
      581,
      1418,
      295,
      50,
      5906,
      219,
      13,
      242,
      392,
      178,
      56,
      5313,
      5326,
      207,
      4990,
      242,
      344,
      5324,
      106,
      552,
      4164,
      41,
      226,
      176,
      5190,
      5001,
      236,
      179,
      50,
      462,
      406,
      5598,
      5093,
      4153,
      4911,
      375,
      5255,
      4278,
      5102,
      4357,
      342,
      12,
      4280,
      563,
      170,
      19,
      4552,
      181,
      4141,
      755,
      507,
      175,
      4163,
      430,
      5156,
      191,
      192,
      116,
      3,
      855,
      352,
      717,
      27,
      4203,
      205,
      465,
      1699,
      402,
      236,
      121,
      108,
      224,
      4638,
      182,
      183,
      1064,
      285,
      780,
      136,
      365,
      5928,
      186,
      80,
      5227,
      616,
      5115,
      267,
      5037,
      4961,
      179,
      17,
      264,
      51,
      5160,
      25,
      185,
      431,
      265,
      258,
      25,
      5038,
      4685,
      5300,
      239,
      272,
      219,
      85,
      52,
      4664,
      547,
      88,
      5082,
      184,
      108,
      251,
      5050,
      767,
      328,
      505,
      4935,
      958,
      5232,
      95,
      60,
      347,
      260,
      152,
      3953,
      44,
      44,
      1150,
      232,
      9,
      549,
      70,
      62,
      21,
      661,
      350,
      457,
      515,
      4057,
      177,
      281,
      4257,
      94,
      16,
      249,
      4132,
      320,
      4141,
      5484,
      123,
      325,
      782,
      151,
      5102,
      5097,
      93,
      4112,
      183,
      234,
      84,
      271,
      72,
      1024,
      8,
      5579,
      201,
      59,
      629,
      202,
      4851,
      255,
      299,
      518,
      234,
      580,
      5311,
      4099,
      72,
      73,
      4942,
      233,
      219,
      4611,
      4125,
      199,
      4079,
      5059,
      4610,
      277,
      37,
      2454,
      168,
      343,
      21,
      1131,
      303,
      168,
      9,
      396,
      247,
      4270,
      30,
      5021,
      881,
      4997,
      131,
      1619,
      4133,
      4159,
      5246,
      238,
      4273,
      72,
      60,
      200,
      438,
      102,
      41,
      5289,
      772,
      175,
      3597,
      450,
      105,
      73,
      182,
      115,
      630,
      306,
      56,
      241,
      22,
      14,
      62,
      280,
      650,
      238,
      5024,
      4926,
      144,
      412,
      134,
      351,
      5559,
      268,
      286,
      178,
      4287,
      257,
      397,
      167,
      18,
      289,
      231,
      198,
      4149,
      226,
      498,
      4407,
      318,
      690,
      38,
      71,
      748,
      4143,
      78,
      76,
      4828,
      30,
      215,
      3,
      124,
      81,
      55,
      4822,
      4142,
      174,
      4841,
      4772,
      45,
      188,
      102,
      84,
      340,
      4685,
      82,
      12,
      4913,
      4317,
      313,
      177,
      4332,
      3430,
      4147,
      64,
      214,
      237,
      123,
      174,
      95,
      903,
      389,
      53,
      55,
      284,
      537,
      67,
      4761,
      749,
      255,
      417,
      382,
      170,
      5275,
      4784,
      186,
      16,
      353,
      4272,
      60,
      62,
      53,
      542,
      205,
      4553,
      5958,
      4354,
      152,
      4918,
      4268,
      4492,
      4,
      3892,
      60,
      4271,
      158,
      2,
      4943,
      4137,
      138,
      210,
      148,
      2,
      5650,
      466,
      12,
      242,
      30,
      181,
      17,
      5154,
      1017,
      314,
      5737,
      397,
      229,
      270,
      349,
      289,
      634,
      1105,
      4935,
      494,
      4496,
      2,
      5051,
      169,
      4812,
      4238,
      1870,
      338,
      174,
      317,
      1103,
      864,
      4788,
      419,
      187,
      169,
      5841,
      253,
      92,
      313,
      14,
      287,
      184,
      4511,
      4783,
      420,
      246,
      17,
      37,
      51,
      41,
      1404,
      74,
      559,
      970,
      4183,
      165,
      5130,
      29,
