{
  "primary_metric": "prompt_level_loose_acc",
  "n_items": 300,
  "n_items_correct": 117,
  "n_items_incorrect": 183,
  "n_items_unknown": 0,
  "n_generations": 300,
  "samples_per_item": [
    1
  ],
  "all_rollouts": {
    "tokens": {
      "n": 300,
      "min": 2,
      "max": 4137,
      "mean": 41.31666666666667,
      "std": 338.7048415984369,
      "var": 114720.96972222222,
      "p10": 2,
      "p25": 2,
      "p50": 2,
      "p75": 2,
      "p90": 21,
      "p95": 121,
      "p99": 448
    },
    "tokens_histogram": {
      "edges": [
        0,
        10,
        20,
        50,
        100,
        200,
        500,
        1000,
        2000,
        5000,
        10000,
        20000,
        40000
      ],
      "counts": [
        265,
        3,
        9,
        7,
        8,
        6,
        0,
        0,
        2,
        0,
        0,
        0
      ],
      "labels": [
        "[0,10)",
        "[10,20)",
        "[20,50)",
        "[50,100)",
        "[100,200)",
        "[200,500)",
        "[500,1000)",
        "[1000,2000)",
        "[2000,5000)",
        "[5000,10000)",
        "[10000,20000)",
        "[20000,40000)"
      ]
    },
    "tokens_raw": [
      2,
      2,
      2,
      2,
      3,
      2,
      2,
      2,
      2,
      2,
      4,
      2,
      2,
      2,
      2,
      2,
      2,
      4,
      2,
      24,
      2,
      2,
      2,
      2,
      2,
      2,
      2,
      2,
      2,
      2,
      2,
      2,
      2,
      2,
      2,
      2,
      2,
      2,
      2,
      2,
      448,
      2,
      2,
      2,
      2,
      2,
      2,
      2,
      2,
      2,
      2,
      2,
      2,
      2,
      2,
      2,
      2,
      2,
      2,
      2,
      2,
      2,
      2,
      2,
      2,
      2,
      2,
      2,
      2,
      2,
      2,
      2,
      2,
      2,
      21,
      4136,
      2,
      2,
      2,
      2,
      2,
      2,
      3,
      2,
      2,
      3,
      2,
      2,
      2,
      2,
      2,
      2,
      207,
      2,
      2,
      164,
      2,
      127,
      2,
      66,
      2,
      3,
      2,
      2,
      3,
      2,
      2,
      2,
      204,
      2,
      2,
      2,
      2,
      148,
      2,
      2,
      30,
      2,
      3,
      2,
      2,
      3,
      3,
      2,
      3,
      2,
      80,
      153,
      203,
      26,
      51,
      53,
      81,
      121,
      71,
      2,
      2,
      2,
      14,
      13,
      2,
      3,
      19,
      2,
      2,
      2,
      2,
      304,
      2,
      2,
      3,
      5,
      4,
      2,
      2,
      2,
      2,
      2,
      2,
      2,
      2,
      2,
      2,
      2,
      2,
      2,
      2,
      2,
      2,
      2,
      2,
      2,
      2,
      2,
      2,
      2,
      2,
      2,
      2,
      2,
      2,
      2,
      2,
      2,
      2,
      2,
      2,
      2,
      3,
      2,
      2,
      2,
      2,
      3,
      4,
      3,
      4,
      3,
      4,
      3,
      3,
      3,
      2,
      2,
      2,
      2,
      2,
      2,
      2,
      2,
      2,
      2,
      2,
      2,
      2,
      2,
      2,
      2,
      2,
      2,
      2,
      2,
      2,
      2,
      60,
      2,
      2,
      2,
      284,
      3,
      2,
      2,
      2,
      2,
      2,
      2,
      2,
      2,
      2,
      2,
      2,
      2,
      2,
      2,
      2,
      2,
      2,
      2,
      2,
      2,
      2,
      2,
      2,
      2,
      2,
      2,
      2,
      2,
      2,
      2,
      2,
      2,
      2,
      2,
      2,
      2,
      2,
      2,
      2,
      2,
      2,
      2,
      2,
      2,
      120,
      3,
      3,
      33,
      38,
      2,
      39,
      20,
      2,
      3,
      2,
      2,
      2,
      2,
      2,
      2,
      2,
      2,
      176,
      136,
      21,
      4137,
      2,
      2,
      2,
      2
    ],
    "chars": {
      "n": 300,
      "min": 1,
      "max": 23249,
      "mean": 197.80333333333334,
      "std": 1801.198681801156,
      "var": 3244316.6913222224,
      "p10": 1,
      "p25": 1,
      "p50": 6,
      "p75": 9,
      "p90": 66,
      "p95": 514,
      "p99": 1203
    },
    "chars_histogram": {
      "edges": [
        0,
        50,
        100,
        250,
        500,
        1000,
        2500,
        5000,
        10000,
        25000,
        50000,
        100000,
        200000
      ],
      "counts": [
        270,
        3,
        7,
        5,
        10,
        3,
        0,
        0,
        2,
        0,
        0,
        0
      ],
      "labels": [
        "[0,50)",
        "[50,100)",
        "[100,250)",
        "[250,500)",
        "[500,1000)",
        "[1000,2500)",
        "[2500,5000)",
        "[5000,10000)",
        "[10000,25000)",
        "[25000,50000)",
        "[50000,100000)",
        "[100000,200000)"
      ]
    }
  },
  "correct_rollouts": {
    "tokens": {
      "n": 117,
      "min": 2,
      "max": 203,
      "mean": 13.418803418803419,
      "std": 34.53828281436086,
      "var": 1192.8929797647747,
      "p10": 2,
      "p25": 2,
      "p50": 2,
      "p75": 2,
      "p90": 39,
      "p95": 81,
      "p99": 176
    },
    "tokens_histogram": {
      "edges": [
        0,
        10,
        20,
        50,
        100,
        200,
        500,
        1000,
        2000,
        5000,
        10000,
        20000,
        40000
      ],
      "counts": [
        98,
        3,
        5,
        6,
        4,
        1,
        0,
        0,
        0,
        0,
        0,
        0
      ],
      "labels": [
        "[0,10)",
        "[10,20)",
        "[20,50)",
        "[50,100)",
        "[100,200)",
        "[200,500)",
        "[500,1000)",
        "[1000,2000)",
        "[2000,5000)",
        "[5000,10000)",
        "[10000,20000)",
        "[20000,40000)"
      ]
    },
    "tokens_raw": [
      4,
      2,
      2,
      2,
      2,
      2,
      2,
      21,
      2,
      2,
      2,
      2,
      2,
      2,
      2,
      2,
      2,
      3,
      2,
      3,
      2,
      2,
      30,
      2,
      80,
      153,
      203,
      26,
      51,
      53,
      81,
      71,
      2,
      2,
      2,
      14,
      13,
      19,
      2,
      2,
      2,
      2,
      2,
      2,
      2,
      2,
      2,
      2,
      2,
      2,
      2,
      2,
      2,
      2,
      2,
      2,
      2,
      2,
      2,
      2,
      2,
      2,
      2,
      2,
      2,
      2,
      3,
      3,
      2,
      2,
      2,
      2,
      2,
      2,
      2,
      2,
      2,
      60,
      2,
      2,
      2,
      3,
      2,
      2,
      2,
      2,
      2,
      2,
      2,
      2,
      2,
      2,
      2,
      2,
      2,
      2,
      2,
      2,
      2,
      2,
      2,
      2,
      2,
      2,
      120,
      39,
      2,
      2,
      2,
      2,
      176,
      136,
      21,
      2,
      2,
      2,
      2
    ],
    "chars": {
      "n": 117,
      "min": 1,
      "max": 985,
      "mean": 54.06837606837607,
      "std": 159.605481906568,
      "var": 25473.909854627804,
      "p10": 1,
      "p25": 1,
      "p50": 4,
      "p75": 9,
      "p90": 137,
      "p95": 435,
      "p99": 760
    },
    "chars_histogram": {
      "edges": [
        0,
        50,
        100,
        250,
        500,
        1000,
        2500,
        5000,
        10000,
        25000,
        50000,
        100000,
        200000
      ],
      "counts": [
        100,
        3,
        6,
        4,
        4,
        0,
        0,
        0,
        0,
        0,
        0,
        0
      ],