{
  "primary_metric": "pass_at_1",
  "n_items": 612,
  "n_items_correct": 45,
  "n_items_incorrect": 567,
  "n_items_unknown": 0,
  "n_generations": 612,
  "samples_per_item": [
    1
  ],
  "all_rollouts": {
    "tokens": {
      "n": 612,
      "min": 10,
      "max": 6637,
      "mean": 516.3169934640523,
      "std": 1230.136663128394,
      "var": 1513236.20997266,
      "p10": 65,
      "p25": 99,
      "p50": 154,
      "p75": 237,
      "p90": 470,
      "p95": 4392,
      "p99": 5708
    },
    "tokens_histogram": {
      "edges": [
        0,
        10,
        20,
        50,
        100,
        200,
        500,
        1000,
        2000,
        5000,
        10000,
        20000,
        40000
      ],
      "counts": [
        0,
        8,
        17,
        132,
        245,
        153,
        10,
        0,
        33,
        14,
        0,
        0
      ],
      "labels": [
        "[0,10)",
        "[10,20)",
        "[20,50)",
        "[50,100)",
        "[100,200)",
        "[200,500)",
        "[500,1000)",
        "[1000,2000)",
        "[2000,5000)",
        "[5000,10000)",
        "[10000,20000)",
        "[20000,40000)"
      ]
    },
    "tokens_raw": [
      213,
      255,
      363,
      365,
      303,
      5000,
      137,
      632,
      101,
      65,
      95,
      116,
      5776,
      128,
      65,
      112,
      75,
      182,
      132,
      127,
      140,
      113,
      310,
      59,
      117,
      177,
      98,
      74,
      37,
      75,
      99,
      31,
      76,
      27,
      185,
      6637,
      152,
      139,
      254,
      149,
      87,
      188,
      58,
      81,
      234,
      188,
      104,
      251,
      227,
      135,
      88,
      92,
      135,
      126,
      208,
      170,
      144,
      76,
      175,
      57,
      209,
      102,
      170,
      71,
      119,
      197,
      98,
      57,
      134,
      204,
      106,
      124,
      148,
      110,
      121,
      96,
      95,
      81,
      91,
      210,
      144,
      117,
      94,
      47,
      43,
      107,
      139,
      98,
      273,
      127,
      112,
      140,
      196,
      264,
      208,
      116,
      291,
      65,
      64,
      80,
      164,
      239,
      87,
      3681,
      54,
      152,
      54,
      78,
      80,
      127,
      137,
      163,
      132,
      86,
      85,
      112,
      70,
      84,
      237,
      233,
      144,
      63,
      137,
      163,
      115,
      69,
      187,
      97,
      88,
      56,
      74,
      180,
      81,
      105,
      157,
      97,
      250,
      160,
      143,
      87,
      161,
      120,
      193,
      128,
      77,
      158,
      130,
      131,
      74,
      138,
      292,
      4744,
      76,
      112,
      5392,
      119,
      278,
      131,
      156,
      179,
      60,
      123,
      88,
      163,
      71,
      93,
      123,
      164,
      236,
      84,
      69,
      109,
      171,
      168,
      45,
      91,
      188,
      68,
      216,
      5620,
      93,
      80,
      64,
      69,
      227,
      105,
      60,
      147,
      75,
      87,
      181,
      197,
      136,
      324,
      749,
      216,
      62,
      470,
      253,
      207,
      347,
      4273,
      165,
      393,
      374,
      299,
      207,
      111,
      208,
      334,
      223,
      523,
      142,
      123,
      72,
      207,
      398,
      213,
      164,
      210,
      23,
      185,
      108,
      119,
      289,
      199,
      5000,
      133,
      135,
      163,
      4452,
      190,
      278,
      4815,
      321,
      133,
      117,
      273,
      56,
      10,
      188,
      113,
      207,
      137,
      210,
      217,
      227,
      214,
      193,
      58,
      10,
      269,
      226,
      10,
      355,
      99,
      236,
      272,
      130,
      4331,
      219,
      129,
      212,
      343,
      40,
      167,
      190,
      796,
      4584,
      290,
      137,
      237,
      166,
      198,
      267,
      113,
      362,
      240,
      4020,
      64,
      147,
      199,
      562,
      243,
      194,
      185,
      223,
      203,
      4392,
      103,
      128,
      216,
      660,
      260,
      99,
      207,
      4271,
      484,
      106,
      136,
      122,
      543,
      120,
      220,
      4675,
      34,
      158,
      250,
      375,
      430,
      4765,
      64,
      130,
      161,
      393,
      195,
      112,
      67,
      342,
      163,
      326,
      87,
      178,
      115,
      199,
      549,
      28,
      105,
      103,
      132,
      4939,
      112,
      82,
      219,
      97,
      251,
      114,
      96,
      5730,
      169,
      225,
      211,
      159,
      238,
      252,
      4045,
      45,
      348,
      129,
      343,
      486,
      39,
      406,
      4667,
      248,
      5139,
      54,
      75,
      322,
      178,
      63,
      146,
      123,
      214,
      103,
      298,
      4404,
      239,
      4018,
      156,
      119,
      3422,
      3500,
      170,
      4380,
      80,
      348,
      74,
      334,
      58,
      113,
      81,
      393,
      217,
      91,
      226,
      302,
      193,
      265,
      249,
      68,
      143,
      67,
      124,
      159,
      45,
      110,
      161,
      137,
      4198,
      328,
      99,
      630,
      64,
      177,
      160,
      62,
      471,
      115,
      295,
      59,
      124,
      6001,
      90,
      247,
      56,
      284,
      255,
      58,
      23,
      375,
      210,
      5152,
      260,
      10,
      743,
      2177,
      10,
      161,
      4893,
      4781,
      4343,
      129,
      4243,
      99,
      137,
      368,
      467,
      74,
      126,
      4586,
      206,
      148,
      89,
      60,
      108,
      92,
      167,
      107,
      4867,
      346,
      176,
      2931,
      134,
      381,
      154,
      170,
      105,
      73,
      141,
      117,
      59,
      58,
      207,
      5708,
      115,
      40,
      143,
      149,
      59,
      82,
      150,
      124,
      335,
      104,
      131,
      201,
      138,
      359,
      79,
      303,
      308,
      159,
      111,
      126,
      170,
      60,
      82,
      59,
      42,
      112,
      191,
      145,
      165,
      162,
      126,
      173,
      156,
      147,
      135,
      109,
      95,
      137,
      5932,
      81,
      113,
      6152,
      162,
      209,
      70,
      134,
      91,
      167,
      143,
      252,
      140,
      4947,
      212,
      158,
      125,
      246,
      167,
      114,
      10,
      224,
      43,
      4236,
      166,
      319,
      53,
      268,
      4734,
      224,
      172,
      163,
      206,
      10,
      199,
      75,
      107,
      240,
      485,
      10,
      146,
      407,
      62,
      214,
      77,
      202,
      201,
      213,
      218,
      254,
      290,
      202,
      404,
      248,
      371,
      118,
      95,
      76,
      87,
      4896,
      130,
      397,
      127,
      170,
      73,
      113,
      168,
      80,
      126,
      170,
      89,
      120,
      254,
      87,
      156,
      5098,
      80,
      85,
      184,
      336,
      108,
      190,
      130,
      235,
      177,
      52,
      84,
      124,
      105,
      157,
      365,
      190,
      166,
      361,
      58,
      135,
      181,
      71,
      170,
      88,
      123,
      195,
      94,
      173,
      114,
      162,
      151,
      167,
      288
    ],
    "chars": {
      "n": 612,
      "min": 30,
      "max": 45426,
      "mean": 2101.3643790849674,
      "std": 5442.864144996457,