{
  "primary_metric": "exact_match_flex",
  "n_items": 500,
  "n_items_correct": 234,
  "n_items_incorrect": 266,
  "n_items_unknown": 0,
  "n_generations": 500,
  "samples_per_item": [
    1
  ],
  "all_rollouts": {
    "tokens": {
      "n": 500,
      "min": 6,
      "max": 7084,
      "mean": 1010.976,
      "std": 1552.4443356925876,
      "var": 2410083.415424,
      "p10": 10,
      "p25": 274,
      "p50": 417,
      "p75": 672,
      "p90": 4800,
      "p95": 5078,
      "p99": 5400
    },
    "tokens_histogram": {
      "edges": [
        0,
        10,
        20,
        50,
        100,
        200,
        500,
        1000,
        2000,
        5000,
        10000,
        20000,
        40000
      ],
      "counts": [
        45,
        9,
        4,
        2,
        30,
        211,
        115,
        13,
        36,
        35,
        0,
        0
      ],
      "labels": [
        "[0,10)",
        "[10,20)",
        "[20,50)",
        "[50,100)",
        "[100,200)",
        "[200,500)",
        "[500,1000)",
        "[1000,2000)",
        "[2000,5000)",
        "[5000,10000)",
        "[10000,20000)",
        "[20000,40000)"
      ]
    },
    "tokens_raw": [
      311,
      241,
      532,
      275,
      8,
      322,
      426,
      984,
      403,
      129,
      9,
      390,
      9,
      213,
      368,
      981,
      221,
      4845,
      177,
      246,
      286,
      391,
      5219,
      865,
      6,
      490,
      5053,
      336,
      153,
      595,
      324,
      279,
      8,
      4927,
      5413,
      396,
      332,
      7,
      5124,
      611,
      185,
      571,
      340,
      3115,
      483,
      176,
      984,
      641,
      233,
      315,
      8,
      1013,
      5120,
      11,
      9,
      251,
      246,
      8,
      9,
      398,
      431,
      382,
      885,
      700,
      198,
      133,
      41,
      477,
      3839,
      5078,
      460,
      527,
      2904,
      307,
      492,
      381,
      231,
      224,
      324,
      332,
      776,
      326,
      481,
      553,
      630,
      409,
      8,
      407,
      4925,
      346,
      105,
      237,
      5123,
      486,
      332,
      672,
      372,
      298,
      192,
      742,
      8,
      349,
      179,
      294,
      30,
      8,
      170,
      422,
      4003,
      561,
      1011,
      8,
      558,
      280,
      664,
      573,
      406,
      254,
      2366,
      509,
      512,
      351,
      6,
      1056,
      741,
      286,
      4163,
      350,
      439,
      1345,
      540,
      476,
      173,
      8,
      577,
      7,
      690,
      411,
      362,
      60,
      573,
      183,
      405,
      751,
      179,
      420,
      4985,
      443,
      265,
      865,
      267,
      969,
      452,
      575,
      4969,
      417,
      7,
      5103,
      955,
      295,
      526,
      6,
      703,
      566,
      292,
      335,
      322,
      300,
      3519,
      5159,
      594,
      12,
      555,
      499,
      346,
      4929,
      5107,
      190,
      309,
      737,
      280,
      5252,
      9,
      4942,
      536,
      138,
      306,
      6,
      741,
      5078,
      628,
      159,
      495,
      356,
      428,
      439,
      9,
      815,
      8,
      304,
      426,
      5079,
      597,
      682,
      253,
      1281,
      469,
      192,
      392,
      244,
      6,
      327,
      395,
      258,
      4908,
      491,
      4107,
      5579,
      266,
      393,
      10,
      481,
      310,
      5001,
      446,
      385,
      6,
      37,
      370,
      7,
      554,
      1127,
      315,
      486,
      386,
      592,
      484,
      5340,
      761,
      4120,
      225,
      387,
      5235,
      274,
      5510,
      812,
      6,
      520,
      1294,
      1017,
      636,
      597,
      4986,
      283,
      299,
      539,
      347,
      454,
      503,
      178,
      7,
      369,
      220,
      529,
      293,
      171,
      5225,
      8,
      299,
      317,
      438,
      5160,
      922,
      5133,
      315,
      222,
      424,
      292,
      378,
      535,
      400,
      362,
      8,
      5028,
      5017,
      321,
      247,
      645,
      912,
      488,
      352,
      365,
      296,
      481,
      1074,
      521,
      10,
      1883,
      822,
      297,
      264,
      308,
      6,
      609,
      781,
      366,
      385,
      4061,
      708,
      5026,
      362,
      574,
      171,
      386,
      379,
      538,
      554,
      237,
      540,
      342,
      337,
      421,
      334,
      10,
      547,
      680,
      613,
      442,
      526,
      202,
      375,
      500,
      629,
      362,
      506,
      581,
      271,
      393,
      29,
      375,
      629,
      5006,
      451,
      380,
      372,
      194,
      5002,
      359,
      477,
      7,
      315,
      310,
      5096,
      382,
      562,
      339,
      4115,
      607,
      6,
      628,
      320,
      639,
      10,
      233,
      367,
      685,
      762,
      314,
      367,
      287,
      7,
      285,
      9,
      489,
      6,
      508,
      692,
      510,
      528,
      17,
      671,
      5102,
      4257,
      434,
      157,
      738,
      342,
      7,
      337,
      469,
      5139,
      860,
      4824,
      10,
      257,
      239,
      606,
      388,
      9,
      195,
      7084,
      10,
      492,
      6,
      274,
      7,
      4320,
      391,
      561,
      4187,
      497,
      575,
      458,
      329,
      540,
      845,
      5142,
      210,
      424,
      570,
      4161,
      838,
      363,
      3658,
      546,
      561,
      556,
      7,
      4969,
      776,
      150,
      4928,
      333,
      192,
      5106,
      470,
      633,
      3065,
      5001,
      372,
      417,
      9,
      217,
      246,
      4800,
      550,
      4942,
      328,
      4302,
      7,
      804,
      5400,
      524,
      4917,
      1117,
      6,
      729,
      100,
      591,
      694,
      346,
      715,
      499,
      237,
      719,
      199,
      3706,
      185,
      353,
      239,
      1208,
      343,
      651,
      353,
      2264,
      4155,
      371,
      624,
      339,
      356,
      501,
      234,
      445,
      500,
      459,
      474,
      182,
      344,
      7,
      1394,
      449,
      353,
      95,
      508,
      409,
      341,
      425,
      5042,
      360,
      297
    ],
    "chars": {
      "n": 500,
      "min": 9,
      "max": 32618,
      "mean": 2218.388,
      "std": 3309.2665201606233,
      "var": 10951244.901456,
      "p10": 22,
      "p25": 725,
      "p50": 1113,
      "p75": 1678,
      "p90": 8142,
      "p95": 9474,
      "p99": 14623
    },
    "chars_histogram": {
      "edges": [
        0,
        50,
        100,
        250,
        500,
        1000,
        2500,
        5000,
        10000,
        25000,
        50000,
        100000,
        200000
      ],
      "counts": [
        54,
        1,
        5,
        17,
        140,
        203,
        11,
        52,
        16,
        1,
        0,
        0
      ],
      "labels": [
        "[0,50)",
        "[50,100)",
        "[100,250)",
        "[250,500)",
        "[500,1000)",
        "[1000,2500)",
        "[2500,5000)",
        "[5000,10000)",
        "[10000,25000)",
        "[25000,50000)",
        "[50000,100000)",
        "[100000,200000)"
      ]
    }
  },
  "correct_rollouts": {
    "tokens": {
      "n": 234,
      "min": 6,
      "max": 2904,
      "mean": 413.36752136752136,
      "std": 297.08812178801696,
      "var": 88261.3521075316,
      "p10": 153,
      "p25": 251,
      "p50": 369,
      "p75": 524,
      "p90": 703,
      "p95": 885,