{
  "primary_metric": "pass_at_1",
  "n_items": 612,
  "n_items_correct": 37,
  "n_items_incorrect": 575,
  "n_items_unknown": 0,
  "n_generations": 612,
  "samples_per_item": [
    1
  ],
  "all_rollouts": {
    "tokens": {
      "n": 612,
      "min": 10,
      "max": 5019,
      "mean": 167.71732026143792,
      "std": 495.6527980713478,
      "var": 245671.69623595625,
      "p10": 10,
      "p25": 59,
      "p50": 99,
      "p75": 153,
      "p90": 217,
      "p95": 285,
      "p99": 3762
    },
    "tokens_histogram": {
      "edges": [
        0,
        10,
        20,
        50,
        100,
        200,
        500,
        1000,
        2000,
        5000,
        10000,
        20000,
        40000
      ],
      "counts": [
        0,
        94,
        34,
        182,
        224,
        67,
        3,
        0,
        7,
        1,
        0,
        0
      ],
      "labels": [
        "[0,10)",
        "[10,20)",
        "[20,50)",
        "[50,100)",
        "[100,200)",
        "[200,500)",
        "[500,1000)",
        "[1000,2000)",
        "[2000,5000)",
        "[5000,10000)",
        "[10000,20000)",
        "[20000,40000)"
      ]
    },
    "tokens_raw": [
      10,
      10,
      10,
      10,
      10,
      10,
      10,
      233,
      200,
      65,
      79,
      90,
      202,
      124,
      109,
      116,
      77,
      128,
      108,
      155,
      136,
      31,
      186,
      53,
      104,
      113,
      129,
      72,
      37,
      77,
      126,
      31,
      71,
      27,
      165,
      77,
      124,
      144,
      276,
      204,
      112,
      165,
      75,
      52,
      73,
      175,
      111,
      158,
      209,
      121,
      87,
      92,
      139,
      102,
      86,
      111,
      151,
      80,
      128,
      43,
      322,
      102,
      163,
      71,
      126,
      177,
      129,
      57,
      133,
      184,
      96,
      99,
      220,
      96,
      113,
      92,
      75,
      88,
      145,
      162,
      150,
      99,
      94,
      47,
      42,
      83,
      105,
      39,
      83,
      126,
      4912,
      114,
      3762,
      27,
      226,
      164,
      179,
      59,
      68,
      75,
      87,
      111,
      62,
      176,
      54,
      180,
      66,
      79,
      86,
      107,
      138,
      250,
      125,
      85,
      138,
      98,
      71,
      80,
      73,
      104,
      88,
      63,
      137,
      78,
      130,
      92,
      166,
      97,
      88,
      56,
      67,
      4730,
      83,
      103,
      122,
      76,
      84,
      106,
      121,
      87,
      126,
      110,
      91,
      100,
      76,
      129,
      163,
      130,
      63,
      110,
      123,
      61,
      70,
      133,
      391,
      95,
      252,
      112,
      145,
      193,
      60,
      124,
      56,
      137,
      41,
      108,
      122,
      96,
      185,
      88,
      42,
      105,
      127,
      177,
      47,
      91,
      194,
      68,
      130,
      94,
      107,
      89,
      67,
      70,
      139,
      90,
      63,
      133,
      58,
      86,
      183,
      235,
      173,
      69,
      10,
      228,
      38,
      291,
      125,
      10,
      152,
      282,
      197,
      180,
      10,
      10,
      4442,
      81,
      186,
      10,
      10,
      10,
      77,
      135,
      74,
      178,
      10,
      55,
      73,
      170,
      10,
      200,
      91,
      112,
      10,
      99,
      203,
      148,
      184,
      94,
      689,
      156,
      198,
      43,
      595,
      10,
      131,
      10,
      82,
      10,
      91,
      4559,
      157,
      10,
      143,
      127,
      199,
      10,
      408,
      58,
      10,
      172,
      163,
      265,
      214,
      83,
      372,
      191,
      177,
      166,
      10,
      164,
      4007,
      10,
      50,
      10,
      169,
      214,
      278,
      338,
      66,
      254,
      228,
      168,
      134,
      117,
      10,
      10,
      10,
      37,
      81,
      223,
      241,
      10,
      71,
      10,
      133,
      112,
      124,
      54,
      10,
      131,
      10,
      10,
      66,
      10,
      269,
      288,
      10,
      80,
      92,
      10,
      13,
      204,
      10,
      34,
      168,
      243,
      173,
      10,
      10,
      43,
      73,
      180,
      10,
      115,
      58,
      64,
      10,
      181,
      235,
      50,
      10,
      92,
      10,
      10,
      43,
      75,
      111,
      171,
      134,
      10,
      71,
      120,
      119,
      10,
      172,
      252,
      10,
      151,
      10,
      10,
      126,
      104,
      10,
      10,
      22,
      106,
      86,
      226,
      10,
      56,
      114,
      163,
      162,
      10,
      59,
      10,
      287,
      10,
      68,
      73,
      128,
      76,
      109,
      98,
      726,
      10,
      66,
      89,
      10,
      10,
      10,
      291,
      383,
      103,
      237,
      96,
      10,
      48,
      121,
      10,
      97,
      233,
      55,
      10,
      10,
      176,
      10,
      10,
      47,
      187,
      82,
      131,
      10,
      44,
      137,
      128,
      10,
      10,
      184,
      62,
      280,
      64,
      10,
      373,
      64,
      10,
      153,
      10,
      80,
      124,
      91,
      86,
      84,
      99,
      287,
      259,
      73,
      368,
      388,
      163,
      79,
      121,
      10,
      10,
      83,
      50,
      93,
      223,
      338,
      163,
      135,
      10,
      136,
      10,
      257,
      10,
      100,
      10,
      119,
      10,
      126,
      10,
      83,
      153,
      134,
      10,
      83,
      134,
      151,
      64,
      3614,
      143,
      215,
      44,
      132,
      101,
      65,
      146,
      134,
      59,
      68,
      119,
      202,
      118,
      33,
      109,
      217,
      59,
      85,
      25,
      100,
      90,
      118,
      94,
      192,
      120,
      283,
      76,
      153,
      365,
      163,
      109,
      96,
      170,
      60,
      82,
      59,
      42,
      54,
      138,
      138,
      111,
      5019,
      155,
      26,
      128,
      220,
      63,
      102,
      95,
      124,
      56,
      80,
      121,
      170,
      141,
      186,
      67,
      91,
      73,
      10,
      121,
      10,
      171,
      29,
      150,
      10,
      92,
      251,
      10,
      301,
      132,
      10,
      56,
      10,
      122,
      10,
      49,
      209,
      10,
      133,
      69,
      53,
      198,
      99,
      133,
      91,
      106,
      106,
      10,
      10,
      203,
      213,
      102,
      188,
      77,
      105,
      89,
      189,
      97,
      10,
      10,
      214,
      469,
      190,
      203,
      94,
      49,
      96,
      117,
      110,
      119,
      88,
      126,
      89,
      85,
      127,
      72,
      79,
      95,
      167,
      76,
      155,
      98,
      199,
      83,
      294,
      77,
      99,
      285,
      139,
      104,
      225,
      76,
      184,
      89,
      48,
      90,
      127,
      105,
      99,
      111,
      163,
      168,
      148,
      68,
      153,
      151,
      38,
      122,
      30,
      88,
      99,
      61,
      123,
      53,
      147,
      171,
      26,
      171
    ],
    "chars": {
      "n": 612,
      "min": 30,
      "max": 19589,
      "mean": 595.874183006536,
      "std": 1674.2054643276206,
      "var": 2802963.9367844635,
      "p10": 30,
      "p25": 204,
      "p50": 368,
      "p75": 557,
      "p90": 826,
      "p95": 1166,
      "p99": 12188
    },