{
  "primary_metric": "exact_match_flex",
  "n_items": 500,
  "n_items_correct": 135,
  "n_items_incorrect": 365,
  "n_items_unknown": 0,
  "n_generations": 500,
  "samples_per_item": [
    1
  ],
  "all_rollouts": {
    "tokens": {
      "n": 500,
      "min": 2,
      "max": 5094,
      "mean": 84.248,
      "std": 466.2465040040515,
      "var": 217385.802496,
      "p10": 6,
      "p25": 8,
      "p50": 14,
      "p75": 26,
      "p90": 101,
      "p95": 259,
      "p99": 4037
    },
    "tokens_histogram": {
      "edges": [
        0,
        10,
        20,
        50,
        100,
        200,
        500,
        1000,
        2000,
        5000,
        10000,
        20000,
        40000
      ],
      "counts": [
        154,
        177,
        99,
        19,
        18,
        27,
        1,
        0,
        3,
        2,
        0,
        0
      ],
      "labels": [
        "[0,10)",
        "[10,20)",
        "[20,50)",
        "[50,100)",
        "[100,200)",
        "[200,500)",
        "[500,1000)",
        "[1000,2000)",
        "[2000,5000)",
        "[5000,10000)",
        "[10000,20000)",
        "[20000,40000)"
      ]
    },
    "tokens_raw": [
      25,
      36,
      15,
      21,
      9,
      8,
      2,
      15,
      221,
      7,
      2,
      16,
      9,
      176,
      15,
      21,
      12,
      16,
      19,
      15,
      95,
      85,
      6,
      12,
      2,
      23,
      8,
      2,
      44,
      2,
      27,
      12,
      9,
      18,
      44,
      259,
      12,
      8,
      2,
      2,
      22,
      260,
      48,
      16,
      10,
      17,
      54,
      6,
      11,
      16,
      12,
      48,
      16,
      19,
      25,
      14,
      15,
      13,
      14,
      2,
      134,
      14,
      18,
      11,
      12,
      7,
      32,
      10,
      17,
      11,
      10,
      2,
      2,
      41,
      16,
      27,
      101,
      17,
      21,
      15,
      60,
      7,
      12,
      5006,
      2,
      15,
      2,
      32,
      7,
      316,
      8,
      30,
      11,
      16,
      17,
      6,
      17,
      2,
      19,
      25,
      60,
      13,
      39,
      2,
      8,
      9,
      115,
      2,
      14,
      23,
      6,
      9,
      7,
      12,
      15,
      26,
      34,
      28,
      36,
      7,
      26,
      12,
      7,
      17,
      694,
      11,
      10,
      154,
      7,
      352,
      53,
      380,
      7,
      16,
      7,
      8,
      11,
      149,
      11,
      43,
      6,
      7,
      8,
      25,
      27,
      11,
      20,
      39,
      14,
      2,
      11,
      8,
      8,
      24,
      10,
      25,
      18,
      11,
      29,
      8,
      8,
      14,
      56,
      4037,
      17,
      13,
      26,
      172,
      7,
      230,
      60,
      13,
      16,
      16,
      33,
      23,
      18,
      2,
      32,
      365,
      48,
      4907,
      10,
      7,
      30,
      17,
      44,
      7,
      7,
      2,
      11,
      7,
      8,
      17,
      14,
      8,
      2,
      11,
      39,
      16,
      2,
      19,
      11,
      352,
      15,
      24,
      26,
      8,
      7,
      11,
      14,
      122,
      8,
      14,
      9,
      23,
      2,
      2,
      41,
      11,
      7,
      2,
      16,
      41,
      20,
      16,
      2,
      10,
      22,
      8,
      15,
      7,
      29,
      31,
      20,
      15,
      10,
      332,
      190,
      7,
      17,
      7,
      146,
      29,
      11,
      28,
      7,
      400,
      134,
      24,
      19,
      2,
      49,
      11,
      8,
      10,
      17,
      25,
      8,
      94,
      8,
      8,
      37,
      16,
      20,
      25,
      14,
      29,
      2,
      7,
      8,
      13,
      59,
      9,
      15,
      7,
      37,
      10,
      2,
      32,
      269,
      21,
      2,
      7,
      5,
      9,
      11,
      8,
      11,
      62,
      14,
      27,
      34,
      25,
      7,
      7,
      7,
      8,
      25,
      19,
      7,
      10,
      8,
      2,
      227,
      17,
      13,
      53,
      102,
      15,
      12,
      6,
      35,
      8,
      9,
      12,
      2,
      18,
      79,
      154,
      17,
      3,
      14,
      24,
      15,
      7,
      11,
      8,
      137,
      10,
      13,
      16,
      22,
      14,
      78,
      34,
      13,
      7,
      29,
      11,
      10,
      19,
      44,
      11,
      2,
      6,
      273,
      264,
      17,
      8,
      230,
      21,
      15,
      9,
      289,
      16,
      17,
      18,
      10,
      19,
      14,
      222,
      11,
      9,
      407,
      2,
      95,
      11,
      15,
      17,
      58,
      26,
      10,
      23,
      7,
      297,
      7,
      7,
      7,
      12,
      27,
      11,
      11,
      349,
      18,
      2,
      100,
      2,
      46,
      15,
      11,
      7,
      7,
      11,
      2,
      6,
      13,
      2,
      8,
      11,
      12,
      251,
      16,
      6,
      2,
      2,
      2,
      8,
      21,
      12,
      33,
      8,
      8,
      2,
      20,
      2,
      5094,
      153,
      311,
      56,
      4152,
      7,
      20,
      29,
      2,
      21,
      19,
      2,
      14,
      22,
      21,
      21,
      11,
      28,
      14,
      203,
      6,
      7,
      7,
      60,
      258,
      10,
      12,
      35,
      41,
      22,
      14,
      2,
      11,
      2,
      11,
      13,
      9,
      8,
      366,
      7,
      23,
      19,
      8,
      8,
      16,
      12,
      9,
      99,
      14,
      18,
      19,
      14,
      421,
      15,
      28,
      8,
      170,
      2,
      17,
      13,
      9,
      7,
      17,
      17,
      14,
      11,
      6,
      15,
      13,
      43,
      14,
      104,
      8,
      37,
      24,
      2,
      21,
      7,
      17,
      42,
      11,
      18,
      11,
      9
    ],
    "chars": {
      "n": 500,
      "min": 1,
      "max": 9682,
      "mean": 180.834,
      "std": 869.6857101528115,
      "var": 756353.234444,
      "p10": 10,
      "p25": 12,
      "p50": 39,
      "p75": 72,
      "p90": 306,
      "p95": 638,
      "p99": 8016
    },
    "chars_histogram": {
      "edges": [
        0,
        50,
        100,
        250,
        500,
        1000,
        2500,
        5000,
        10000,
        25000,
        50000,
        100000,
        200000
      ],
      "counts": [
        305,
        102,
        41,
        19,
        26,
        2,
        0,
        5,
        0,
        0,
        0,
        0
      ],
      "labels": [
        "[0,50)",
        "[50,100)",
        "[100,250)",
        "[250,500)",
        "[500,1000)",
        "[1000,2500)",
        "[2500,5000)",
        "[5000,10000)",
        "[10000,25000)",
        "[25000,50000)",
        "[50000,100000)",
        "[100000,200000)"
      ]
    }
  },
  "correct_rollouts": {
    "tokens": {
      "n": 135,
      "min": 7,
      "max": 400,
      "mean": 60.91851851851852,
      "std": 89.65878130150934,
      "var": 8038.6970644718795,
      "p10": 8,
      "p25": 11,
      "p50": 17,
      "p75": 54,
      "p90": 221,
      "p95": 273,
      "p99": 380
    },
    "tokens_histogram": {
      "edges": [
        0,
        10,
        20,
        50,
        100,
        200,
        500,
        1000,
        2000,
        5000,
        10000,
        20000,
        40000
      ],
      "counts": [
        27,
        46,
        28,
        8,
        11,
        15,
        0,
        0,
        0,
        0,
        0,
        0
      ],