{
  "primary_metric": "exact_match_flex",
  "n_items": 500,
  "n_items_correct": 214,
  "n_items_incorrect": 286,
  "n_items_unknown": 0,
  "n_generations": 500,
  "samples_per_item": [
    1
  ],
  "all_rollouts": {
    "tokens": {
      "n": 500,
      "min": 2,
      "max": 5123,
      "mean": 968.018,
      "std": 1498.5142100347264,
      "var": 2245544.837676,
      "p10": 144,
      "p25": 217,
      "p50": 323,
      "p75": 547,
      "p90": 4105,
      "p95": 4895,
      "p99": 5019
    },
    "tokens_histogram": {
      "edges": [
        0,
        10,
        20,
        50,
        100,
        200,
        500,
        1000,
        2000,
        5000,
        10000,
        20000,
        40000
      ],
      "counts": [
        12,
        4,
        10,
        12,
        62,
        265,
        44,
        9,
        74,
        8,
        0,
        0
      ],
      "labels": [
        "[0,10)",
        "[10,20)",
        "[20,50)",
        "[50,100)",
        "[100,200)",
        "[200,500)",
        "[500,1000)",
        "[1000,2000)",
        "[2000,5000)",
        "[5000,10000)",
        "[10000,20000)",
        "[20000,40000)"
      ]
    },
    "tokens_raw": [
      236,
      3491,
      355,
      316,
      65,
      174,
      27,
      255,
      242,
      181,
      449,
      4910,
      241,
      241,
      5,
      1883,
      188,
      24,
      351,
      249,
      158,
      273,
      1539,
      904,
      890,
      488,
      416,
      4386,
      159,
      336,
      363,
      4805,
      271,
      478,
      2868,
      407,
      288,
      29,
      231,
      42,
      159,
      7,
      220,
      3185,
      318,
      3827,
      382,
      422,
      2,
      318,
      457,
      488,
      236,
      37,
      294,
      397,
      144,
      379,
      10,
      381,
      3679,
      430,
      3,
      410,
      159,
      60,
      129,
      231,
      193,
      4968,
      337,
      250,
      318,
      291,
      243,
      341,
      215,
      212,
      304,
      220,
      311,
      1107,
      5006,
      225,
      328,
      414,
      34,
      448,
      582,
      333,
      32,
      222,
      4999,
      380,
      144,
      548,
      388,
      6,
      174,
      516,
      4791,
      270,
      162,
      195,
      297,
      26,
      265,
      430,
      360,
      237,
      186,
      8,
      402,
      286,
      246,
      364,
      236,
      249,
      2880,
      7,
      4167,
      676,
      5019,
      3077,
      829,
      227,
      4971,
      202,
      350,
      4944,
      350,
      462,
      188,
      436,
      464,
      430,
      4848,
      411,
      345,
      498,
      143,
      199,
      187,
      90,
      264,
      352,
      297,
      485,
      172,
      1133,
      286,
      547,
      214,
      4741,
      10,
      281,
      211,
      2672,
      9,
      330,
      607,
      137,
      639,
      4726,
      221,
      248,
      281,
      221,
      344,
      217,
      528,
      264,
      528,
      259,
      331,
      420,
      4989,
      220,
      206,
      778,
      367,
      3453,
      207,
      355,
      213,
      4801,
      274,
      362,
      69,
      4291,
      275,
      126,
      4042,
      313,
      4811,
      319,
      183,
      3290,
      186,
      220,
      460,
      4893,
      490,
      642,
      168,
      708,
      367,
      266,
      3674,
      191,
      206,
      8,
      381,
      645,
      397,
      492,
      464,
      213,
      259,
      10,
      236,
      261,
      310,
      285,
      230,
      138,
      167,
      52,
      199,
      171,
      502,
      728,
      190,
      394,
      425,
      816,
      4011,
      284,
      204,
      332,
      373,
      498,
      3672,
      278,
      3031,
      582,
      149,
      418,
      3455,
      234,
      501,
      203,
      4960,
      180,
      222,
      229,
      3357,
      298,
      4985,
      218,
      3590,
      217,
      585,
      4154,
      428,
      166,
      635,
      200,
      209,
      201,
      301,
      4402,
      5082,
      264,
      217,
      171,
      356,
      2081,
      270,
      374,
      347,
      3852,
      360,
      364,
      269,
      213,
      4019,
      338,
      640,
      315,
      272,
      321,
      382,
      4716,
      3,
      683,
      4832,
      277,
      1317,
      203,
      205,
      11,
      136,
      316,
      269,
      303,
      3421,
      374,
      276,
      188,
      409,
      641,
      175,
      555,
      276,
      335,
      827,
      127,
      370,
      237,
      166,
      4839,
      216,
      236,
      144,
      543,
      289,
      419,
      282,
      323,
      363,
      75,
      4953,
      295,
      395,
      350,
      246,
      108,
      324,
      290,
      708,
      360,
      230,
      308,
      358,
      187,
      3163,
      335,
      242,
      192,
      186,
      42,
      4867,
      418,
      491,
      4703,
      587,
      305,
      226,
      555,
      4843,
      1181,
      154,
      135,
      378,
      1883,
      415,
      211,
      333,
      312,
      238,
      4895,
      279,
      179,
      73,
      357,
      447,
      6,
      289,
      419,
      256,
      177,
      561,
      426,
      228,
      265,
      213,
      220,
      4953,
      3557,
      5059,
      398,
      3129,
      438,
      4914,
      213,
      4890,
      259,
      227,
      159,
      271,
      4997,
      421,
      436,
      249,
      227,
      97,
      5086,
      1108,
      379,
      289,
      202,
      268,
      260,
      4838,
      348,
      229,
      266,
      370,
      795,
      4924,
      478,
      687,
      4212,
      4905,
      590,
      3341,
      211,
      529,
      334,
      72,
      4973,
      303,
      107,
      299,
      446,
      390,
      398,
      271,
      246,
      359,
      367,
      225,
      199,
      350,
      22,
      4114,
      258,
      3588,
      190,
      483,
      294,
      420,
      167,
      500,
      291,
      72,
      159,
      2,
      1860,
      271,
      389,
      590,
      62,
      3601,
      176,
      408,
      157,
      4105,
      192,
      534,
      292,
      323,
      3055,
      73,
      191,
      359,
      2780,
      4150,
      196,
      940,
      207,
      5123,
      272,
      403,
      193,
      570,
      158,
      5005,
      573,
      375,
      3327,
      279,
      518,
      416,
      284,
      5001,
      4018,
      238,
      4954
    ],
    "chars": {
      "n": 500,
      "min": 4,
      "max": 48244,
      "mean": 2499.624,
      "std": 4424.690061306442,
      "var": 19577882.138624,
      "p10": 412,
      "p25": 633,
      "p50": 920,
      "p75": 1500,
      "p90": 8368,
      "p95": 10242,
      "p99": 20660
    },
    "chars_histogram": {
      "edges": [
        0,
        50,
        100,
        250,
        500,
        1000,
        2500,
        5000,
        10000,
        25000,
        50000,
        100000,
        200000
      ],
      "counts": [
        16,
        7,
        11,
        30,
        218,
        124,
        13,
        55,
        23,
        3,
        0,
        0
      ],
      "labels": [
        "[0,50)",
        "[50,100)",
        "[100,250)",
        "[250,500)",
        "[500,1000)",
        "[1000,2500)",
        "[2500,5000)",
        "[5000,10000)",
        "[10000,25000)",
        "[25000,50000)",
        "[50000,100000)",
        "[100000,200000)"
      ]
    }
  },
  "correct_rollouts": {
    "tokens": {
      "n": 214,
      "min": 6,
      "max": 4805,
      "mean": 344.16355140186914,
      "std": 460.7581687538148,
      "var": 212298.09007336886,
      "p10": 144,
      "p25": 203,
      "p50": 279,