{
  "primary_metric": "exact_match_flex",
  "n_items": 500,
  "n_items_correct": 92,
  "n_items_incorrect": 408,
  "n_items_unknown": 0,
  "n_generations": 500,
  "samples_per_item": [
    1
  ],
  "all_rollouts": {
    "tokens": {
      "n": 500,
      "min": 2,
      "max": 5051,
      "mean": 495.392,
      "std": 1161.4341145049943,
      "var": 1348929.202336,
      "p10": 2,
      "p25": 3,
      "p50": 87,
      "p75": 279,
      "p90": 730,
      "p95": 4091,
      "p99": 4901
    },
    "tokens_histogram": {
      "edges": [
        0,
        10,
        20,
        50,
        100,
        200,
        500,
        1000,
        2000,
        5000,
        10000,
        20000,
        40000
      ],
      "counts": [
        171,
        25,
        26,
        34,
        48,
        132,
        17,
        2,
        44,
        1,
        0,
        0
      ],
      "labels": [
        "[0,10)",
        "[10,20)",
        "[20,50)",
        "[50,100)",
        "[100,200)",
        "[200,500)",
        "[500,1000)",
        "[1000,2000)",
        "[2000,5000)",
        "[5000,10000)",
        "[10000,20000)",
        "[20000,40000)"
      ]
    },
    "tokens_raw": [
      232,
      223,
      4,
      2,
      57,
      85,
      35,
      2346,
      4833,
      139,
      226,
      261,
      73,
      236,
      2,
      3518,
      2,
      227,
      2,
      279,
      2,
      306,
      2404,
      15,
      2,
      3428,
      233,
      3,
      4,
      2,
      4,
      3,
      245,
      4870,
      2,
      2,
      234,
      4209,
      3,
      3,
      2,
      4,
      208,
      2,
      27,
      4416,
      4,
      557,
      2,
      258,
      180,
      6,
      2,
      180,
      2,
      213,
      2,
      70,
      228,
      11,
      305,
      346,
      2,
      353,
      183,
      4,
      53,
      2,
      134,
      249,
      2,
      411,
      207,
      87,
      163,
      54,
      206,
      2,
      181,
      79,
      2,
      13,
      279,
      97,
      71,
      3536,
      6,
      424,
      2,
      566,
      2,
      28,
      2,
      2,
      2,
      5,
      2,
      3,
      175,
      2,
      2,
      323,
      18,
      202,
      88,
      2,
      12,
      2,
      600,
      147,
      2856,
      470,
      11,
      3,
      2,
      4,
      3,
      2,
      38,
      2,
      262,
      212,
      235,
      117,
      2,
      2,
      311,
      212,
      2,
      18,
      204,
      4128,
      2,
      220,
      4901,
      91,
      3,
      36,
      182,
      381,
      3,
      75,
      284,
      578,
      29,
      275,
      29,
      365,
      2,
      2,
      228,
      387,
      2,
      3,
      4194,
      314,
      19,
      338,
      2,
      4,
      2,
      41,
      3,
      3106,
      4373,
      3,
      161,
      4,
      558,
      6,
      339,
      64,
      4,
      181,
      174,
      488,
      3641,
      3,
      174,
      74,
      3,
      2,
      48,
      265,
      81,
      6,
      6,
      4091,
      239,
      2,
      369,
      57,
      480,
      2,
      397,
      312,
      2,
      2,
      3,
      2,
      534,
      2662,
      4,
      3,
      3915,
      164,
      4948,
      2,
      144,
      19,
      203,
      210,
      340,
      10,
      6,
      293,
      4,
      2,
      2,
      10,
      245,
      2,
      152,
      2,
      175,
      2,
      15,
      2,
      109,
      27,
      459,
      11,
      209,
      2,
      244,
      4830,
      246,
      344,
      3,
      2,
      389,
      4875,
      900,
      2,
      2,
      2,
      78,
      4040,
      331,
      2,
      565,
      248,
      274,
      130,
      237,
      206,
      2,
      2,
      243,
      196,
      519,
      3,
      2,
      2,
      4810,
      2,
      219,
      18,
      2,
      2,
      70,
      426,
      270,
      3,
      223,
      158,
      2,
      60,
      316,
      340,
      24,
      2,
      80,
      3,
      197,
      2,
      139,
      619,
      4287,
      297,
      2,
      427,
      689,
      284,
      2,
      145,
      285,
      3,
      3887,
      292,
      2,
      11,
      44,
      242,
      279,
      306,
      2,
      48,
      5051,
      15,
      76,
      38,
      357,
      3,
      234,
      272,
      2,
      19,
      3,
      236,
      4,
      4160,
      249,
      27,
      149,
      54,
      610,
      681,
      156,
      3,
      13,
      2,
      4818,
      225,
      4,
      80,
      3,
      223,
      202,
      233,
      223,
      28,
      5,
      346,
      262,
      178,
      535,
      238,
      15,
      52,
      2,
      216,
      4867,
      4258,
      3710,
      282,
      2,
      1888,
      3,
      3,
      3,
      350,
      150,
      144,
      366,
      2,
      360,
      2,
      2,
      24,
      2,
      4050,
      2,
      162,
      3,
      2,
      503,
      116,
      2,
      2,
      277,
      63,
      4203,
      5,
      17,
      9,
      2,
      5,
      53,
      2,
      99,
      262,
      4787,
      324,
      4,
      2,
      244,
      170,
      2,
      24,
      296,
      485,
      369,
      4918,
      33,
      2,
      214,
      13,
      43,
      3415,
      254,
      2,
      2,
      258,
      406,
      33,
      4063,
      214,
      2,
      440,
      329,
      4184,
      430,
      4,
      55,
      58,
      417,
      159,
      174,
      32,
      2,
      276,
      263,
      90,
      3664,
      50,
      2,
      111,
      2,
      251,
      234,
      287,
      174,
      3,
      2,
      252,
      447,
      443,
      3638,
      186,
      11,
      4,
      3,
      172,
      730,
      20,
      898,
      9,
      3,
      12,
      166,
      2,
      346,
      266,
      2,
      3,
      3826,
      134,
      4985,
      47,
      389,
      71,
      2,
      3714,
      18,
      2,
      2,
      34,
      77,
      2,
      365,
      108,
      2,
      15,
      130,
      2,
      195,
      236,
      2,
      158,
      3,
      222,
      104,
      1008,
      176,
      49,
      425,
      4366,
      255,
      220
    ],
    "chars": {
      "n": 500,
      "min": 0,
      "max": 22316,
      "mean": 1304.538,
      "std": 3198.00940032327,
      "var": 10227264.124556,
      "p10": 5,
      "p25": 15,
      "p50": 316,
      "p75": 813,
      "p90": 1984,
      "p95": 8783,
      "p99": 16481
    },
    "chars_histogram": {
      "edges": [
        0,
        50,
        100,
        250,
        500,
        1000,
        2500,
        5000,
        10000,
        25000,
        50000,
        100000,
        200000
      ],
      "counts": [
        186,
        19,
        35,
        50,
        120,
        42,
        3,
        29,
        16,
        0,
        0,
        0
      ],
      "labels": [
        "[0,50)",
        "[50,100)",
        "[100,250)",
        "[250,500)",
        "[500,1000)",
        "[1000,2500)",
        "[2500,5000)",
        "[5000,10000)",
        "[10000,25000)",
        "[25000,50000)",
        "[50000,100000)",
        "[100000,200000)"
      ]
    }
  },
  "correct_rollouts": {
    "tokens": {
      "n": 92,
      "min": 9,
      "max": 619,
      "mean": 247.7608695652174,
      "std": 137.84406514208737,
      "var": 19000.98629489603,
      "p10": 74,
      "p25": 174,
      "p50": 234,
      "p75": 316,
      "p90": 443,
      "p95": 534,
      "p99": 619
    },
    "tokens_histogram": {
      "edges": [
        0,
        10,
        20,
        50,
        100,
        200,
        500,
        1000,
        2000,
        5000,
        10000,
        20000,
        40000
      ],