{
  "primary_metric": "length_controlled_winrate",
  "n_items": 805,
  "n_items_correct": 0,
  "n_items_incorrect": 0,
  "n_items_unknown": 805,
  "n_generations": 805,
  "samples_per_item": [
    1
  ],
  "all_rollouts": {
    "tokens": {
      "n": 805,
      "min": 2,
      "max": 5127,
      "mean": 309.82608695652175,
      "std": 881.2778537263597,
      "var": 776650.655468539,
      "p10": 2,
      "p25": 4,
      "p50": 73,
      "p75": 226,
      "p90": 412,
      "p95": 828,
      "p99": 4855
    },
    "tokens_histogram": {
      "edges": [
        0,
        10,
        20,
        50,
        100,
        200,
        500,
        1000,
        2000,
        5000,
        10000,
        20000,
        40000
      ],
      "counts": [
        235,
        45,
        75,
        77,
        143,
        171,
        25,
        2,
        28,
        4,
        0,
        0
      ],
      "labels": [
        "[0,10)",
        "[10,20)",
        "[20,50)",
        "[50,100)",
        "[100,200)",
        "[200,500)",
        "[500,1000)",
        "[1000,2000)",
        "[2000,5000)",
        "[5000,10000)",
        "[10000,20000)",
        "[20000,40000)"
      ]
    },
    "tokens_raw": [
      127,
      9,
      143,
      15,
      2,
      158,
      23,
      54,
      2,
      316,
      255,
      285,
      257,
      2,
      5,
      275,
      262,
      107,
      4,
      687,
      15,
      133,
      219,
      9,
      8,
      48,
      243,
      380,
      286,
      51,
      8,
      376,
      187,
      306,
      38,
      76,
      2,
      181,
      278,
      195,
      32,
      415,
      309,
      57,
      285,
      5013,
      56,
      348,
      29,
      3,
      15,
      59,
      4090,
      163,
      251,
      2,
      4142,
      4177,
      251,
      59,
      4140,
      376,
      584,
      366,
      466,
      169,
      8,
      365,
      169,
      199,
      88,
      45,
      2,
      206,
      2,
      155,
      239,
      496,
      32,
      220,
      185,
      172,
      460,
      10,
      2,
      362,
      787,
      475,
      43,
      5049,
      175,
      2,
      1010,
      32,
      958,
      342,
      199,
      313,
      289,
      131,
      520,
      2,
      52,
      377,
      447,
      5,
      148,
      561,
      212,
      54,
      2,
      301,
      302,
      64,
      174,
      321,
      539,
      4130,
      54,
      193,
      4252,
      30,
      71,
      216,
      312,
      2,
      229,
      229,
      205,
      388,
      252,
      58,
      168,
      192,
      167,
      10,
      253,
      99,
      4903,
      479,
      268,
      77,
      140,
      196,
      6,
      415,
      195,
      2,
      4249,
      14,
      83,
      396,
      11,
      329,
      677,
      24,
      3,
      69,
      2,
      36,
      445,
      8,
      68,
      21,
      3,
      2,
      341,
      45,
      15,
      3,
      2,
      250,
      24,
      8,
      38,
      132,
      593,
      361,
      8,
      66,
      282,
      8,
      315,
      145,
      4,
      189,
      182,
      160,
      4855,
      18,
      4,
      142,
      165,
      2,
      485,
      11,
      235,
      2,
      144,
      5,
      122,
      55,
      86,
      2,
      4,
      133,
      282,
      36,
      425,
      2,
      9,
      12,
      159,
      424,
      51,
      169,
      124,
      183,
      113,
      287,
      226,
      2,
      42,
      197,
      45,
      33,
      152,
      168,
      4170,
      106,
      45,
      137,
      11,
      411,
      133,
      843,
      221,
      266,
      468,
      4849,
      3995,
      320,
      30,
      4993,
      40,
      17,
      280,
      191,
      2,
      40,
      95,
      2,
      165,
      296,
      301,
      193,
      179,
      336,
      170,
      63,
      30,
      48,
      2,
      608,
      42,
      838,
      21,
      90,
      91,
      4830,
      4134,
      376,
      109,
      2,
      127,
      166,
      3,
      2,
      178,
      553,
      117,
      433,
      2,
      332,
      968,
      29,
      47,
      423,
      71,
      4,
      247,
      13,
      5,
      49,
      2,
      213,
      13,
      149,
      289,
      72,
      317,
      155,
      164,
      2,
      341,
      2,
      190,
      86,
      760,
      65,
      215,
      14,
      386,
      147,
      47,
      4495,
      70,
      49,
      198,
      3,
      413,
      2,
      494,
      149,
      183,
      246,
      7,
      120,
      328,
      149,
      4141,
      3,
      45,
      10,
      383,
      188,
      3,
      136,
      21,
      4744,
      9,
      83,
      2,
      226,
      10,
      3,
      3,
      141,
      10,
      2,
      7,
      2,
      14,
      261,
      194,
      142,
      154,
      266,
      181,
      122,
      347,
      300,
      7,
      116,
      133,
      251,
      2,
      147,
      67,
      4552,
      8,
      22,
      206,
      33,
      784,
      7,
      12,
      19,
      195,
      13,
      372,
      173,
      18,
      200,
      104,
      34,
      2,
      2,
      238,
      9,
      2,
      81,
      249,
      215,
      590,
      207,
      83,
      151,
      162,
      4789,
      20,
      217,
      198,
      42,
      34,
      317,
      83,
      9,
      22,
      4580,
      2,
      319,
      92,
      564,
      234,
      2,
      155,
      225,
      165,
      72,
      37,
      56,
      415,
      57,
      14,
      1066,
      195,
      153,
      190,
      134,
      62,
      123,
      86,
      2,
      2,
      828,
      15,
      201,
      2,
      6,
      25,
      208,
      201,
      83,
      305,
      3,
      39,
      130,
      34,
      191,
      259,
      196,
      71,
      12,
      160,
      2,
      2,
      3,
      15,
      187,
      143,
      9,
      14,
      186,
      430,
      66,
      4963,
      2,
      3,
      35,
      4259,
      4221,
      54,
      2,
      2,
      31,
      215,
      3,
      80,
      2,
      2,
      2,
      2,
      129,
      2,
      41,
      57,
      2,
      87,
      2,
      2,
      2,
      2,
      2,
      3,
      5,
      277,
      171,
      127,
      327,
      2,
      98,
      2,
      14,
      2,
      172,
      53,
      2,
      33,
      77,
      57,
      2,
      2,
      3,
      26,
      340,
      152,
      4933,
      216,
      204,
      186,
      4789,
      2,
      2,
      254,
      2,
      2,
      31,
      59,
      2,
      155,
      2,
      198,
      2,
      2,
      2,
      33,
      2,
      2,
      2,
      2,
      2,
      57,
      2,
      2,
      2,
      2,
      185,
      111,
      2,
      305,
      357,
      18,
      2,
      99,
      55,
      3,
      4137,
      139,
      462,
      155,
      269,
      211,
      65,
      249,
      2,
      2,
      2,
      153,
      239,
      63,
      2,
      2,
      2,
      2,
      2,
      2,
      2,
      182,
      2,
      704,
      362,
      16,
      347,
      147,
      57,
      636,
      2,
      67,
      281,
      120,
      365,
      83,
      173,
      67,
      19,
      181,
      2,
      2,
      2,
      30,
      224,
      42,
      222,
      359,
      244,
      164,
      2,
      21,
      90,
      2,
      2,
      24,
      488,
      155,
      2,
      208,
      246,
      2,
      102,
      21,
      2,
      191,
      3,
      3,
      2,
      2,
      2,
      44,
      30,
      31,
      22,
      41,
      2,
      2,
      3,
      9,
      2,
      31,
      3,
      13,
      58,
      21,
      3,
      2,
      3,
      75,
      3,
      251,
      65,
      245,
      10,
      2,
      20,
      2,
      2,
      2,
      2,
      47,
      135,
