{
  "primary_metric": "prompt_level_loose_acc",
  "n_items": 300,
  "n_items_correct": 117,
  "n_items_incorrect": 183,
  "n_items_unknown": 0,
  "n_generations": 300,
  "samples_per_item": [
    1
  ],
  "all_rollouts": {
    "tokens": {
      "n": 300,
      "min": 2,
      "max": 4885,
      "mean": 70.67666666666666,
      "std": 542.0434719241211,
      "var": 293811.12545555556,
      "p10": 2,
      "p25": 2,
      "p50": 2,
      "p75": 3,
      "p90": 3,
      "p95": 50,
      "p99": 4689
    },
    "tokens_histogram": {
      "edges": [
        0,
        10,
        20,
        50,
        100,
        200,
        500,
        1000,
        2000,
        5000,
        10000,
        20000,
        40000
      ],
      "counts": [
        277,
        1,
        7,
        5,
        5,
        1,
        0,
        0,
        4,
        0,
        0,
        0
      ],
      "labels": [
        "[0,10)",
        "[10,20)",
        "[20,50)",
        "[50,100)",
        "[100,200)",
        "[200,500)",
        "[500,1000)",
        "[1000,2000)",
        "[2000,5000)",
        "[5000,10000)",
        "[10000,20000)",
        "[20000,40000)"
      ]
    },
    "tokens_raw": [
      2,
      2,
      2,
      2,
      3,
      2,
      3,
      2,
      2,
      2,
      2,
      3,
      3,
      2,
      2,
      3,
      2,
      2,
      2,
      2,
      2,
      2,
      2,
      2,
      2,
      3,
      2,
      2,
      3,
      3,
      3,
      2,
      3,
      2,
      2,
      2,
      2,
      2,
      2,
      3,
      2,
      2,
      2,
      3,
      2,
      28,
      2,
      3,
      2,
      2,
      2,
      2,
      2,
      2,
      2,
      2,
      2,
      2,
      2,
      2,
      2,
      2,
      3,
      2,
      2,
      2,
      2,
      2,
      2,
      2,
      2,
      2,
      2,
      2,
      2,
      140,
      3,
      2,
      3,
      2,
      2,
      2,
      3,
      2,
      2,
      3,
      34,
      2,
      2,
      2,
      2,
      2,
      2,
      2,
      2,
      3,
      2,
      3,
      61,
      2,
      2,
      2,
      3,
      2,
      3,
      2,
      3,
      2,
      2,
      3,
      2,
      2,
      2,
      2,
      2,
      2,
      76,
      2,
      3,
      2,
      2,
      2,
      2,
      3,
      2,
      2,
      50,
      158,
      475,
      70,
      2,
      2,
      94,
      3,
      2,
      104,
      26,
      2,
      2,
      3,
      2,
      2,
      2,
      2,
      2,
      2,
      2,
      2,
      3,
      2,
      2,
      3,
      2,
      3,
      2,
      2,
      2,
      2,
      2,
      3,
      2,
      2,
      2,
      2,
      2,
      2,
      2,
      2,
      2,
      2,
      2,
      2,
      2,
      2,
      2,
      2,
      2,
      2,
      3,
      2,
      3,
      3,
      3,
      3,
      2,
      3,
      3,
      3,
      2,
      3,
      3,
      2,
      2,
      2,
      5,
      4,
      4,
      3,
      4,
      3,
      2,
      2,
      2,
      3,
      2,
      2,
      2,
      2,
      3,
      2,
      3,
      2,
      3,
      3,
      2,
      2,
      2,
      2,
      2,
      2,
      3,
      3,
      3,
      3,
      3,
      3,
      2,
      3,
      2,
      3,
      2,
      2,
      3,
      2,
      3,
      3,
      4606,
      3,
      3,
      3,
      4885,
      2,
      2,
      2,
      2,
      2,
      2,
      2,
      2,
      2,
      2,
      2,
      2,
      2,
      2,
      2,
      2,
      2,
      2,
      2,
      2,
      2,
      3,
      2,
      2,
      3,
      2,
      2,
      2,
      2,
      3,
      2,
      2,
      4689,
      120,
      3,
      3,
      2,
      2,
      2,
      2,
      18,
      2,
      4715,
      2,
      3,
      2,
      2,
      2,
      2,
      2,
      2,
      20,
      134,
      22,
      22,
      2,
      2,
      2,
      24
    ],
    "chars": {
      "n": 300,
      "min": 1,
      "max": 4884,
      "mean": 88.86,
      "std": 551.8657388652908,
      "var": 304555.79373333335,
      "p10": 1,
      "p25": 1,
      "p50": 1,
      "p75": 10,
      "p90": 10,
      "p95": 198,
      "p99": 4688
    },
    "chars_histogram": {
      "edges": [
        0,
        50,
        100,
        250,
        500,
        1000,
        2500,
        5000,
        10000,
        25000,
        50000,
        100000,
        200000
      ],
      "counts": [
        278,
        3,
        5,
        5,
        4,
        1,
        4,
        0,
        0,
        0,
        0,
        0
      ],
      "labels": [
        "[0,50)",
        "[50,100)",
        "[100,250)",
        "[250,500)",
        "[500,1000)",
        "[1000,2500)",
        "[2500,5000)",
        "[5000,10000)",
        "[10000,25000)",
        "[25000,50000)",
        "[50000,100000)",
        "[100000,200000)"
      ]
    }
  },
  "correct_rollouts": {
    "tokens": {
      "n": 117,
      "min": 2,
      "max": 475,
      "mean": 12.94017094017094,
      "std": 49.65303385404511,
      "var": 2465.42377091095,
      "p10": 2,
      "p25": 2,
      "p50": 2,
      "p75": 3,
      "p90": 20,
      "p95": 76,
      "p99": 158
    },
    "tokens_histogram": {
      "edges": [
        0,
        10,
        20,
        50,
        100,
        200,
        500,
        1000,
        2000,
        5000,
        10000,
        20000,
        40000
      ],
      "counts": [
        105,
        0,
        4,
        4,
        3,
        1,
        0,
        0,
        0,
        0,
        0,
        0
      ],
      "labels": [
        "[0,10)",
        "[10,20)",
        "[20,50)",
        "[50,100)",
        "[100,200)",
        "[200,500)",
        "[500,1000)",
        "[1000,2000)",
        "[2000,5000)",
        "[5000,10000)",
        "[10000,20000)",
        "[20000,40000)"
      ]
    },
    "tokens_raw": [
      3,
      2,
      2,
      2,
      2,
      2,
      2,
      3,
      2,
      3,
      2,
      34,
      2,
      2,
      2,
      2,
      2,
      2,
      3,
      3,
      2,
      2,
      2,
      76,
      2,
      50,
      158,
      475,
      70,
      2,
      2,
      94,
      3,
      2,
      2,
      3,
      2,
      2,
      2,
      2,
      3,
      2,
      2,
      2,
      2,
      2,
      2,
      2,
      2,
      2,
      2,
      2,
      2,
      2,
      3,
      2,
      3,
      3,
      3,
      3,
      2,
      3,
      3,
      3,
      2,
      2,
      2,
      3,
      2,
      3,
      3,
      2,
      2,
      3,
      3,
      3,
      3,
      3,
      3,
      2,
      3,
      2,
      3,
      2,
      2,
      3,
      2,
      2,
      2,
      2,
      2,
      2,
      2,
      2,
      2,
      2,
      2,
      2,
      2,
      2,
      3,
      2,
      2,
      2,
      2,
      120,
      2,
      2,
      2,
      2,
      20,
      134,
      22,
      22,
      2,
      2,
      2
    ],
    "chars": {
      "n": 117,
      "min": 1,
      "max": 1348,
      "mean": 44.572649572649574,
      "std": 165.78084164668223,
      "var": 27483.28745708233,
      "p10": 1,
      "p25": 1,
      "p50": 1,
      "p75": 10,
      "p90": 74,
      "p95": 292,
      "p99": 770
    },
    "chars_histogram": {
      "edges": [
        0,
        50,
        100,
        250,
        500,
        1000,
        2500,
        5000,
        10000,
        25000,
        50000,
        100000,
        200000
      ],
      "counts": [
        105,
        2,
        3,
        4,
        2,
        1,
        0,
        0,
        0,
        0,
        0,
        0
      ],
      "labels": [
        "[0,50)",
        "[50,100)",
        "[100,250)",
        "[250,500)",
        "[500,1000)",
        "[1000,2500)",
        "[2500,5000)",
        "[5000,10000)",
        "[10000,25000)",
        "[25000,50000)",
        "[50000,100000)",
        "[100000,200000)"
      ]
    }
  },