{
  "primary_metric": "prompt_level_loose_acc",
  "n_items": 300,
  "n_items_correct": 121,
  "n_items_incorrect": 179,
  "n_items_unknown": 0,
  "n_generations": 300,
  "samples_per_item": [
    1
  ],
  "all_rollouts": {
    "tokens": {
      "n": 300,
      "min": 2,
      "max": 4915,
      "mean": 123.71,
      "std": 681.7400036426399,
      "var": 464769.4325666667,
      "p10": 2,
      "p25": 2,
      "p50": 3,
      "p75": 13,
      "p90": 56,
      "p95": 222,
      "p99": 4727
    },
    "tokens_histogram": {
      "edges": [
        0,
        10,
        20,
        50,
        100,
        200,
        500,
        1000,
        2000,
        5000,
        10000,
        20000,
        40000
      ],
      "counts": [
        218,
        25,
        22,
        13,
        6,
        9,
        0,
        0,
        7,
        0,
        0,
        0
      ],
      "labels": [
        "[0,10)",
        "[10,20)",
        "[20,50)",
        "[50,100)",
        "[100,200)",
        "[200,500)",
        "[500,1000)",
        "[1000,2000)",
        "[2000,5000)",
        "[5000,10000)",
        "[10000,20000)",
        "[20000,40000)"
      ]
    },
    "tokens_raw": [
      24,
      24,
      19,
      20,
      23,
      6,
      3,
      2,
      8,
      5,
      4,
      2,
      3,
      23,
      2,
      2,
      2,
      3,
      3,
      3,
      3,
      15,
      2,
      15,
      3,
      19,
      106,
      6,
      56,
      56,
      31,
      3880,
      13,
      11,
      113,
      38,
      3,
      13,
      3,
      54,
      4,
      2,
      2,
      3,
      4,
      2,
      33,
      2,
      2,
      2,
      2,
      2,
      2,
      2,
      3,
      2,
      2,
      2,
      9,
      3716,
      3,
      2,
      3,
      4,
      2,
      4,
      4,
      4,
      2,
      4,
      4,
      4,
      2,
      2,
      4,
      224,
      2,
      14,
      51,
      2,
      2,
      2,
      3,
      2,
      20,
      16,
      17,
      2,
      2,
      2,
      2,
      3,
      181,
      51,
      2,
      90,
      24,
      80,
      12,
      58,
      2,
      3,
      2,
      2,
      3,
      5,
      8,
      4,
      222,
      3,
      8,
      2,
      3,
      237,
      2,
      2,
      2,
      6,
      2,
      3,
      3,
      3,
      7,
      9,
      44,
      4,
      4915,
      102,
      18,
      18,
      43,
      12,
      201,
      4706,
      55,
      2,
      2,
      2,
      14,
      15,
      9,
      14,
      10,
      3,
      13,
      128,
      9,
      325,
      4,
      4,
      3,
      3,
      4,
      4,
      5,
      8,
      2,
      2,
      320,
      2,
      2,
      2,
      2,
      2,
      2,
      2,
      2,
      2,
      2,
      2,
      2,
      3,
      2,
      2,
      2,
      56,
      445,
      2,
      3,
      3,
      4,
      2,
      2,
      2,
      2,
      2,
      2,
      2,
      12,
      14,
      26,
      96,
      4,
      3,
      4,
      3,
      4,
      3,
      4,
      3,
      2,
      2,
      2,
      2,
      2,
      2,
      2,
      2,
      2,
      2,
      2,
      2,
      2,
      2,
      2,
      2,
      2,
      2,
      2,
      2,
      2,
      2,
      2,
      2,
      3,
      15,
      2,
      25,
      4662,
      14,
      54,
      2,
      2,
      2,
      3,
      2,
      3,
      4,
      45,
      3,
      4886,
      2,
      2,
      2,
      2,
      2,
      2,
      2,
      2,
      2,
      2,
      2,
      2,
      223,
      2,
      2,
      2,
      2,
      2,
      2,
      4,
      2,
      2,
      10,
      4,
      4,
      32,
      2,
      2,
      3,
      5,
      3,
      4727,
      3,
      104,
      58,
      278,
      3,
      6,
      2,
      26,
      14,
      27,
      3,
      5,
      2,
      4,
      2,
      3,
      2,
      2,
      2,
      23,
      23,
      23,
      23,
      2,
      2,
      2,
      2
    ],
    "chars": {
      "n": 300,
      "min": 1,
      "max": 27128,
      "mean": 399.87666666666667,
      "std": 2588.11992923864,
      "var": 6698364.768122222,
      "p10": 1,
      "p25": 1,
      "p50": 6,
      "p75": 27,
      "p90": 237,
      "p95": 879,
      "p99": 21897
    },
    "chars_histogram": {
      "edges": [
        0,
        50,
        100,
        250,
        500,
        1000,
        2500,
        5000,
        10000,
        25000,
        50000,
        100000,
        200000
      ],
      "counts": [
        241,
        14,
        16,
        10,
        7,
        5,
        2,
        2,
        1,
        2,
        0,
        0
      ],
      "labels": [
        "[0,50)",
        "[50,100)",
        "[100,250)",
        "[250,500)",
        "[500,1000)",
        "[1000,2500)",
        "[2500,5000)",
        "[5000,10000)",
        "[10000,25000)",
        "[25000,50000)",
        "[50000,100000)",
        "[100000,200000)"
      ]
    }
  },
  "correct_rollouts": {
    "tokens": {
      "n": 121,
      "min": 2,
      "max": 237,
      "mean": 11.685950413223141,
      "std": 31.46085933946666,
      "var": 989.7856703777064,
      "p10": 2,
      "p25": 2,
      "p50": 2,
      "p75": 4,
      "p90": 23,
      "p95": 55,
      "p99": 201
    },
    "tokens_histogram": {
      "edges": [
        0,
        10,
        20,
        50,
        100,
        200,
        500,
        1000,
        2000,
        5000,
        10000,
        20000,
        40000
      ],
      "counts": [
        96,
        10,
        8,
        3,
        2,
        2,
        0,
        0,
        0,
        0,
        0,
        0
      ],
      "labels": [
        "[0,10)",
        "[10,20)",
        "[20,50)",
        "[50,100)",
        "[100,200)",
        "[200,500)",
        "[500,1000)",
        "[1000,2000)",
        "[2000,5000)",
        "[5000,10000)",
        "[10000,20000)",
        "[20000,40000)"
      ]
    },
    "tokens_raw": [
      24,
      24,
      19,
      3,
      8,
      5,
      15,
      106,
      6,
      56,
      56,
      11,
      2,
      2,
      2,
      2,
      2,
      4,
      4,
      4,
      4,
      2,
      4,
      2,
      2,
      17,
      2,
      3,
      2,
      2,
      3,
      2,
      3,
      4,
      237,
      2,
      2,
      2,
      6,
      102,
      18,
      18,
      43,
      12,
      201,
      55,
      2,
      2,
      2,
      14,
      14,
      10,
      4,
      8,
      2,
      2,
      2,
      2,
      2,
      2,
      2,
      2,
      3,
      2,
      2,
      2,
      2,
      3,
      3,
      4,
      2,
      2,
      2,
      2,
      2,
      2,
      2,
      2,
      2,
      2,
      2,
      2,
      2,
      2,
      2,
      2,
      2,
      2,
      3,
      2,
      25,
      2,
      2,
      2,
      2,
      2,
      2,
      2,
      2,
      2,
      2,
      2,
      2,
      2,
      4,
      4,
      2,
      2,
      3,
      3,
      2,
      2,
      2,
      23,
      23,
      23,
      23,
      2,
      2,
      2,
      2
    ],
    "chars": {
      "n": 121,
      "min": 1,
      "max": 1070,
      "mean": 44.35537190082645,
      "std": 142.87657850753115,
      "var": 20413.716686018714,
      "p10": 1,
      "p25": 1,
      "p50": 4,
      "p75": 12,
      "p90": 77,
      "p95": 294,
      "p99": 879
    },
    "chars_histogram": {
      "edges": [
        0,
        50,
        100,
        250,
        500,
        1000,
        2500,
        5000,
        10000,
        25000,
        50000,
        100000,
        200000
      ],
      "counts": [
        104,
        7,
        3,
        5,
        1,
        1,
        0,
        0,
        0,
        0,
        0,
        0
      ],