{
  "primary_metric": "prompt_level_loose_acc",
  "n_items": 300,
  "n_items_correct": 94,
  "n_items_incorrect": 206,
  "n_items_unknown": 0,
  "n_generations": 300,
  "samples_per_item": [
    1
  ],
  "all_rollouts": {
    "tokens": {
      "n": 300,
      "min": 2,
      "max": 5045,
      "mean": 81.10666666666667,
      "std": 543.7148719278842,
      "var": 295625.86195555556,
      "p10": 2,
      "p25": 2,
      "p50": 3,
      "p75": 10,
      "p90": 76,
      "p95": 123,
      "p99": 4750
    },
    "tokens_histogram": {
      "edges": [
        0,
        10,
        20,
        50,
        100,
        200,
        500,
        1000,
        2000,
        5000,
        10000,
        20000,
        40000
      ],
      "counts": [
        224,
        13,
        20,
        26,
        12,
        0,
        1,
        0,
        3,
        1,
        0,
        0
      ],
      "labels": [
        "[0,10)",
        "[10,20)",
        "[20,50)",
        "[50,100)",
        "[100,200)",
        "[200,500)",
        "[500,1000)",
        "[1000,2000)",
        "[2000,5000)",
        "[5000,10000)",
        "[10000,20000)",
        "[20000,40000)"
      ]
    },
    "tokens_raw": [
      132,
      2,
      3,
      2,
      2,
      2,
      2,
      75,
      2,
      2,
      2,
      2,
      2,
      2,
      2,
      3,
      2,
      23,
      2,
      2,
      2,
      2,
      2,
      2,
      2,
      2,
      2,
      2,
      3,
      3,
      23,
      25,
      2,
      2,
      2,
      26,
      138,
      92,
      79,
      53,
      2,
      120,
      3,
      2,
      2,
      2,
      2,
      3,
      3,
      2,
      3,
      3,
      2,
      3,
      18,
      67,
      2,
      24,
      4,
      2,
      16,
      32,
      133,
      2,
      3,
      3,
      3,
      79,
      2,
      81,
      2,
      2,
      3,
      3,
      22,
      5045,
      3,
      3,
      3,
      70,
      2,
      2,
      2,
      2,
      2,
      2,
      16,
      6,
      3,
      3,
      2,
      2,
      57,
      2,
      3,
      53,
      61,
      113,
      13,
      24,
      38,
      5,
      24,
      2,
      2,
      2,
      2,
      57,
      2,
      2,
      3,
      2,
      2,
      2,
      2,
      2,
      160,
      3,
      3,
      3,
      3,
      2,
      3,
      2,
      2,
      3,
      2,
      3,
      545,
      2,
      2,
      2,
      123,
      80,
      4982,
      13,
      76,
      7,
      2,
      73,
      2,
      57,
      2,
      2,
      38,
      3,
      2,
      96,
      3,
      2,
      150,
      2,
      3,
      3,
      2,
      2,
      19,
      2,
      2,
      88,
      2,
      13,
      90,
      20,
      2,
      142,
      3,
      3,
      2,
      2,
      2,
      21,
      2,
      2,
      2,
      2,
      2,
      2,
      3,
      50,
      80,
      3,
      4,
      4,
      2,
      2,
      3,
      3,
      3,
      53,
      3,
      2,
      2,
      3,
      2,
      2,
      3,
      45,
      3,
      4,
      3,
      3,
      2,
      3,
      2,
      3,
      3,
      2,
      2,
      3,
      3,
      2,
      3,
      2,
      2,
      3,
      3,
      2,
      3,
      3,
      3,
      3,
      3,
      3,
      12,
      2,
      4750,
      3,
      70,
      3,
      3,
      2,
      3,
      28,
      2,
      2,
      2,
      2,
      2,
      2,
      2,
      2,
      2,
      3,
      2,
      2,
      3,
      2,
      4,
      3,
      2,
      76,
      2,
      4138,
      3,
      2,
      3,
      18,
      2,
      2,
      3,
      2,
      10,
      30,
      2,
      2,
      25,
      92,
      2,
      3,
      2,
      3,
      2,
      2,
      2,
      3,
      2,
      2,
      2,
      2,
      31,
      2,
      3,
      2,
      3,
      30,
      2,
      2,
      3,
      25,
      82,
      12,
      179,
      2,
      156,
      152,
      2,
      10,
      2,
      17
    ],
    "chars": {
      "n": 300,
      "min": 1,
      "max": 30173,
      "mean": 383.0566666666667,
      "std": 2672.6589070540886,
      "var": 7143105.633455556,
      "p10": 5,
      "p25": 9,
      "p50": 9,
      "p75": 47,
      "p90": 337,
      "p95": 609,
      "p99": 20985
    },
    "chars_histogram": {
      "edges": [
        0,
        50,
        100,
        250,
        500,
        1000,
        2500,
        5000,
        10000,
        25000,
        50000,
        100000,
        200000
      ],
      "counts": [
        226,
        16,
        21,
        20,
        12,
        1,
        0,
        0,
        3,
        1,
        0,
        0
      ],
      "labels": [
        "[0,50)",
        "[50,100)",
        "[100,250)",
        "[250,500)",
        "[500,1000)",
        "[1000,2500)",
        "[2500,5000)",
        "[5000,10000)",
        "[10000,25000)",
        "[25000,50000)",
        "[50000,100000)",
        "[100000,200000)"
      ]
    }
  },
  "correct_rollouts": {
    "tokens": {
      "n": 94,
      "min": 2,
      "max": 5045,
      "mean": 124.6063829787234,
      "std": 723.7521207566049,
      "var": 523817.1322996831,
      "p10": 2,
      "p25": 2,
      "p50": 3,
      "p75": 3,
      "p90": 50,
      "p95": 160,
      "p99": 5045
    },
    "tokens_histogram": {
      "edges": [
        0,
        10,
        20,
        50,
        100,
        200,
        500,
        1000,
        2000,
        5000,
        10000,
        20000,
        40000
      ],
      "counts": [
        81,
        2,
        1,
        2,
        5,
        0,
        1,
        0,
        1,
        1,
        0,
        0
      ],
      "labels": [
        "[0,10)",
        "[10,20)",
        "[20,50)",
        "[50,100)",
        "[100,200)",
        "[200,500)",
        "[500,1000)",
        "[1000,2000)",
        "[2000,5000)",
        "[5000,10000)",
        "[10000,20000)",
        "[20000,40000)"
      ]
    },
    "tokens_raw": [
      3,
      3,
      2,
      3,
      3,
      3,
      22,
      5045,
      3,
      3,
      3,
      70,
      2,
      2,
      2,
      3,
      5,
      2,
      2,
      2,
      160,
      3,
      2,
      3,
      545,
      2,
      2,
      2,
      123,
      4982,
      3,
      2,
      2,
      2,
      2,
      13,
      2,
      2,
      2,
      2,
      2,
      2,
      2,
      3,
      50,
      3,
      4,
      4,
      2,
      2,
      3,
      3,
      3,
      3,
      2,
      3,
      2,
      3,
      2,
      2,
      2,
      2,
      3,
      3,
      3,
      3,
      3,
      12,
      2,
      3,
      3,
      3,
      2,
      3,
      2,
      2,
      3,
      2,
      2,
      3,
      3,
      2,
      3,
      2,
      3,
      2,
      2,
      2,
      3,
      179,
      156,
      152,
      2,
      2
    ],
    "chars": {
      "n": 94,
      "min": 3,
      "max": 30173,
      "mean": 636.7978723404256,
      "std": 3858.1392565554443,
      "var": 14885238.522974197,
      "p10": 6,
      "p25": 9,
      "p50": 9,
      "p75": 13,
      "p90": 284,
      "p95": 875,
      "p99": 30173
    },
    "chars_histogram": {
      "edges": [
        0,
        50,
        100,
        250,
        500,
        1000,
        2500,
        5000,
        10000,
        25000,
        50000,
        100000,
        200000
      ],
      "counts": [
        82,
        1,
        1,
        2,
        5,
        1,
        0,
        0,
        1,
        1,
        0,
        0
      ],
      "labels": [
        "[0,50)",
        "[50,100)",
        "[100,250)",
        "[250,500)",
        "[500,1000)",
        "[1000,2500)",
        "[2500,5000)",
        "[5000,10000)",
        "[10000,25000)",
        "[25000,50000)",
        "[50000,100000)",
        "[100000,200000)"
      ]
    }
  },
  "incorrect_rollouts": {
    "tokens": {
      "n": 206,
      "min": 2,
      "max": 4750,