{
  "primary_metric": "prompt_level_loose_acc",
  "n_items": 300,
  "n_items_correct": 120,
  "n_items_incorrect": 180,
  "n_items_unknown": 0,
  "n_generations": 300,
  "samples_per_item": [
    1
  ],
  "all_rollouts": {
    "tokens": {
      "n": 300,
      "min": 2,
      "max": 5161,
      "mean": 48.233333333333334,
      "std": 393.8075319521228,
      "var": 155084.3722222222,
      "p10": 2,
      "p25": 2,
      "p50": 2,
      "p75": 2,
      "p90": 39,
      "p95": 109,
      "p99": 664
    },
    "tokens_histogram": {
      "edges": [
        0,
        10,
        20,
        50,
        100,
        200,
        500,
        1000,
        2000,
        5000,
        10000,
        20000,
        40000
      ],
      "counts": [
        258,
        4,
        12,
        11,
        8,
        4,
        1,
        0,
        1,
        1,
        0,
        0
      ],
      "labels": [
        "[0,10)",
        "[10,20)",
        "[20,50)",
        "[50,100)",
        "[100,200)",
        "[200,500)",
        "[500,1000)",
        "[1000,2000)",
        "[2000,5000)",
        "[5000,10000)",
        "[10000,20000)",
        "[20000,40000)"
      ]
    },
    "tokens_raw": [
      5,
      2,
      2,
      2,
      3,
      2,
      2,
      2,
      2,
      2,
      2,
      2,
      2,
      2,
      2,
      2,
      2,
      4,
      2,
      2,
      2,
      2,
      2,
      2,
      2,
      2,
      2,
      2,
      2,
      3,
      2,
      2,
      2,
      2,
      2,
      38,
      2,
      3,
      2,
      2,
      448,
      2,
      2,
      2,
      2,
      2,
      2,
      2,
      2,
      2,
      2,
      2,
      2,
      2,
      2,
      2,
      2,
      2,
      2,
      2,
      2,
      2,
      2,
      2,
      2,
      2,
      2,
      2,
      2,
      2,
      2,
      2,
      2,
      2,
      21,
      366,
      2,
      2,
      2,
      2,
      2,
      2,
      3,
      2,
      2,
      3,
      2,
      2,
      2,
      2,
      2,
      2,
      2,
      2,
      2,
      154,
      24,
      93,
      64,
      24,
      2,
      3,
      2,
      2,
      3,
      2,
      150,
      2,
      193,
      2,
      2,
      2,
      2,
      55,
      2,
      2,
      13,
      2,
      3,
      2,
      2,
      3,
      3,
      2,
      3,
      2,
      80,
      135,
      260,
      2,
      53,
      44,
      109,
      75,
      49,
      2,
      2,
      2,
      14,
      13,
      41,
      14,
      30,
      2,
      2,
      2,
      2,
      664,
      2,
      2,
      3,
      51,
      4,
      2,
      2,
      2,
      2,
      2,
      2,
      2,
      2,
      2,
      2,
      2,
      2,
      2,
      2,
      2,
      2,
      2,
      2,
      2,
      2,
      2,
      2,
      2,
      2,
      2,
      2,
      2,
      2,
      2,
      2,
      2,
      2,
      2,
      2,
      2,
      2,
      2,
      2,
      5161,
      2,
      3,
      4,
      3,
      4,
      3,
      4,
      3,
      3,
      3,
      2,
      2,
      2,
      2,
      2,
      2,
      2,
      2,
      2,
      2,
      2,
      2,
      2,
      2,
      2,
      2,
      2,
      2,
      2,
      2,
      2,
      3,
      60,
      2,
      2,
      2,
      275,
      2,
      2,
      2,
      2,
      2,
      2,
      2,
      2,
      2,
      2,
      2,
      2,
      2,
      2,
      2,
      2,
      2,
      2,
      2,
      2,
      2,
      2,
      2,
      2,
      2,
      2,
      2,
      2,
      2,
      2,
      2,
      4408,
      2,
      2,
      2,
      2,
      2,
      2,
      2,
      2,
      2,
      62,
      2,
      2,
      3,
      120,
      3,
      3,
      33,
      60,
      2,
      39,
      20,
      2,
      3,
      2,
      2,
      2,
      2,
      2,
      2,
      2,
      2,
      149,
      136,
      21,
      99,
      2,
      2,
      2,
      2
    ],
    "chars": {
      "n": 300,
      "min": 1,
      "max": 29452,
      "mean": 224.16666666666666,
      "std": 2048.9424488962322,
      "var": 4198165.158888889,
      "p10": 1,
      "p25": 1,
      "p50": 1,
      "p75": 9,
      "p90": 137,
      "p95": 463,
      "p99": 2616
    },
    "chars_histogram": {
      "edges": [
        0,
        50,
        100,
        250,
        500,
        1000,
        2500,
        5000,
        10000,
        25000,
        50000,
        100000,
        200000
      ],
      "counts": [
        263,
        3,
        12,
        9,
        7,
        3,
        1,
        0,
        1,
        1,
        0,
        0
      ],
      "labels": [
        "[0,50)",
        "[50,100)",
        "[100,250)",
        "[250,500)",
        "[500,1000)",
        "[1000,2500)",
        "[2500,5000)",
        "[5000,10000)",
        "[10000,25000)",
        "[25000,50000)",
        "[50000,100000)",
        "[100000,200000)"
      ]
    }
  },
  "correct_rollouts": {
    "tokens": {
      "n": 120,
      "min": 2,
      "max": 260,
      "mean": 14.208333333333334,
      "std": 36.70510769028686,
      "var": 1347.2649305555556,
      "p10": 2,
      "p25": 2,
      "p50": 2,
      "p75": 2,
      "p90": 44,
      "p95": 109,
      "p99": 149
    },
    "tokens_histogram": {
      "edges": [
        0,
        10,
        20,
        50,
        100,
        200,
        500,
        1000,
        2000,
        5000,
        10000,
        20000,
        40000
      ],
      "counts": [
        99,
        4,
        7,
        4,
        5,
        1,
        0,
        0,
        0,
        0,
        0,
        0
      ],
      "labels": [
        "[0,10)",
        "[10,20)",
        "[20,50)",
        "[50,100)",
        "[100,200)",
        "[200,500)",
        "[500,1000)",
        "[1000,2000)",
        "[2000,5000)",
        "[5000,10000)",
        "[10000,20000)",
        "[20000,40000)"
      ]
    },
    "tokens_raw": [
      4,
      2,
      2,
      2,
      2,
      2,
      2,
      21,
      2,
      2,
      2,
      2,
      2,
      2,
      2,
      2,
      2,
      2,
      3,
      2,
      3,
      2,
      2,
      13,
      2,
      80,
      135,
      260,
      2,
      53,
      44,
      109,
      49,
      2,
      2,
      2,
      14,
      13,
      41,
      14,
      30,
      2,
      2,
      2,
      2,
      2,
      2,
      2,
      2,
      2,
      2,
      2,
      2,
      2,
      2,
      2,
      2,
      2,
      2,
      2,
      2,
      2,
      2,
      2,
      2,
      2,
      2,
      2,
      2,
      3,
      3,
      2,
      2,
      2,
      2,
      2,
      2,
      2,
      3,
      60,
      2,
      2,
      2,
      2,
      2,
      2,
      2,
      2,
      2,
      2,
      2,
      2,
      2,
      2,
      2,
      2,
      2,
      2,
      2,
      2,
      2,
      2,
      2,
      2,
      2,
      2,
      120,
      39,
      2,
      2,
      2,
      2,
      149,
      136,
      21,
      99,
      2,
      2,
      2,
      2
    ],
    "chars": {
      "n": 120,
      "min": 1,
      "max": 861,
      "mean": 54.641666666666666,
      "std": 155.4566282404481,
      "var": 24166.76326388889,
      "p10": 1,
      "p25": 1,
      "p50": 1,
      "p75": 9,
      "p90": 174,
      "p95": 530,
      "p99": 751
    },
    "chars_histogram": {
      "edges": [
        0,
        50,
        100,
        250,
        500,
        1000,
        2500,
        5000,
        10000,
        25000,
        50000,
        100000,
        200000
      ],
      "counts": [
        102,
        3,
        6,
        3,
        6,
        0,
        0,
        0,
        0,
        0,
        0,
        0
      ],