{
  "primary_metric": "exact_match_flex",
  "n_items": 500,
  "n_items_correct": 78,
  "n_items_incorrect": 422,
  "n_items_unknown": 0,
  "n_generations": 500,
  "samples_per_item": [
    1
  ],
  "all_rollouts": {
    "tokens": {
      "n": 500,
      "min": 2,
      "max": 356,
      "mean": 8.438,
      "std": 20.47354771406265,
      "var": 419.166156,
      "p10": 2,
      "p25": 2,
      "p50": 6,
      "p75": 8,
      "p90": 11,
      "p95": 18,
      "p99": 63
    },
    "tokens_histogram": {
      "edges": [
        0,
        10,
        20,
        50,
        100,
        200,
        500,
        1000,
        2000,
        5000,
        10000,
        20000,
        40000
      ],
      "counts": [
        410,
        68,
        16,
        4,
        0,
        2,
        0,
        0,
        0,
        0,
        0,
        0
      ],
      "labels": [
        "[0,10)",
        "[10,20)",
        "[20,50)",
        "[50,100)",
        "[100,200)",
        "[200,500)",
        "[500,1000)",
        "[1000,2000)",
        "[2000,5000)",
        "[5000,10000)",
        "[10000,20000)",
        "[20000,40000)"
      ]
    },
    "tokens_raw": [
      12,
      12,
      2,
      6,
      3,
      7,
      2,
      7,
      2,
      3,
      2,
      11,
      2,
      6,
      6,
      21,
      7,
      2,
      7,
      6,
      10,
      9,
      2,
      6,
      2,
      6,
      3,
      2,
      9,
      3,
      9,
      11,
      3,
      10,
      8,
      6,
      6,
      3,
      3,
      2,
      7,
      2,
      2,
      8,
      9,
      6,
      6,
      6,
      2,
      2,
      2,
      19,
      6,
      11,
      9,
      2,
      7,
      8,
      9,
      2,
      10,
      7,
      6,
      6,
      6,
      6,
      17,
      2,
      8,
      6,
      9,
      9,
      3,
      18,
      59,
      2,
      2,
      6,
      9,
      6,
      6,
      6,
      2,
      6,
      2,
      6,
      3,
      8,
      6,
      7,
      2,
      2,
      13,
      2,
      7,
      2,
      8,
      3,
      9,
      28,
      8,
      7,
      13,
      6,
      7,
      2,
      8,
      2,
      6,
      6,
      6,
      8,
      7,
      9,
      6,
      2,
      6,
      2,
      7,
      2,
      6,
      6,
      6,
      2,
      11,
      6,
      6,
      11,
      7,
      7,
      6,
      2,
      6,
      8,
      7,
      2,
      63,
      10,
      10,
      6,
      6,
      6,
      9,
      15,
      10,
      6,
      10,
      7,
      7,
      2,
      2,
      7,
      2,
      11,
      11,
      10,
      7,
      6,
      8,
      2,
      7,
      6,
      12,
      2,
      6,
      12,
      11,
      2,
      7,
      2,
      6,
      12,
      2,
      6,
      3,
      2,
      14,
      2,
      2,
      19,
      7,
      10,
      9,
      2,
      10,
      6,
      6,
      6,
      2,
      7,
      10,
      2,
      2,
      2,
      10,
      7,
      2,
      6,
      2,
      7,
      8,
      2,
      10,
      6,
      8,
      28,
      25,
      7,
      6,
      2,
      6,
      7,
      2,
      6,
      8,
      2,
      6,
      2,
      2,
      10,
      2,
      2,
      6,
      2,
      17,
      8,
      2,
      3,
      30,
      2,
      6,
      6,
      9,
      7,
      7,
      12,
      7,
      7,
      6,
      2,
      7,
      2,
      2,
      6,
      6,
      6,
      7,
      6,
      30,
      7,
      2,
      2,
      8,
      2,
      7,
      2,
      13,
      2,
      7,
      7,
      7,
      7,
      6,
      7,
      6,
      9,
      10,
      7,
      2,
      6,
      2,
      8,
      2,
      2,
      7,
      6,
      6,
      9,
      2,
      7,
      6,
      7,
      2,
      6,
      20,
      3,
      252,
      2,
      6,
      7,
      6,
      2,
      6,
      2,
      3,
      7,
      6,
      2,
      27,
      7,
      6,
      11,
      3,
      7,
      7,
      10,
      6,
      2,
      10,
      2,
      2,
      2,
      9,
      8,
      8,
      6,
      2,
      6,
      16,
      2,
      12,
      7,
      6,
      10,
      7,
      6,
      8,
      8,
      2,
      2,
      9,
      84,
      6,
      2,
      2,
      2,
      10,
      2,
      11,
      7,
      9,
      6,
      6,
      10,
      2,
      6,
      16,
      27,
      9,
      7,
      6,
      34,
      7,
      2,
      9,
      8,
      28,
      6,
      6,
      6,
      6,
      6,
      3,
      6,
      17,
      6,
      6,
      6,
      2,
      8,
      7,
      6,
      7,
      20,
      2,
      2,
      9,
      6,
      6,
      2,
      35,
      2,
      9,
      10,
      11,
      2,
      6,
      2,
      6,
      10,
      7,
      6,
      2,
      2,
      2,
      6,
      6,
      2,
      7,
      10,
      10,
      6,
      2,
      3,
      2,
      2,
      6,
      6,
      20,
      10,
      2,
      7,
      8,
      9,
      6,
      7,
      10,
      2,
      2,
      75,
      11,
      7,
      6,
      2,
      2,
      24,
      10,
      3,
      7,
      8,
      8,
      6,
      2,
      12,
      8,
      15,
      2,
      6,
      6,
      28,
      9,
      11,
      7,
      2,
      10,
      6,
      6,
      7,
      6,
      2,
      6,
      13,
      2,
      2,
      14,
      6,
      8,
      6,
      7,
      2,
      8,
      7,
      2,
      6,
      7,
      3,
      8,
      6,
      2,
      7,
      356,
      7,
      14,
      3,
      6,
      2,
      8,
      2,
      6,
      2,
      6,
      7,
      2,
      6,
      6,
      2,
      3,
      6,
      2,
      7,
      6,
      7,
      9,
      7,
      6,
      17,
      14,
      2,
      6,
      7
    ],
    "chars": {
      "n": 500,
      "min": 1,
      "max": 905,
      "mean": 15.106,
      "std": 56.69005877576773,
      "var": 3213.762764,
      "p10": 1,
      "p25": 2,
      "p50": 9,
      "p75": 11,
      "p90": 21,
      "p95": 28,
      "p99": 153
    },
    "chars_histogram": {
      "edges": [
        0,
        50,
        100,
        250,
        500,
        1000,
        2500,
        5000,
        10000,
        25000,
        50000,
        100000,
        200000
      ],
      "counts": [
        485,
        8,
        4,
        1,
        2,
        0,
        0,
        0,
        0,
        0,
        0,
        0
      ],
      "labels": [
        "[0,50)",
        "[50,100)",
        "[100,250)",
        "[250,500)",
        "[500,1000)",
        "[1000,2500)",
        "[2500,5000)",
        "[5000,10000)",
        "[10000,25000)",
        "[25000,50000)",
        "[50000,100000)",
        "[100000,200000)"
      ]
    }
  },
  "correct_rollouts": {
    "tokens": {
      "n": 78,
      "min": 6,
      "max": 28,
      "mean": 7.871794871794871,
      "std": 3.199995890858637,
      "var": 10.239973701512163,
      "p10": 6,
      "p25": 6,
      "p50": 7,
      "p75": 9,
      "p90": 11,
      "p95": 12,
      "p99": 28
    },
    "tokens_histogram": {
      "edges": [
        0,
        10,
        20,
        50,
        100,
        200,
        500,
        1000,
        2000,
        5000,
        10000,
        20000,
        40000
      ],
      "counts": [
        64,
        13,
        1,
        0,
        0,
        0,
        0,
        0,
        0,
        0,
        0,
        0
      ],
      "labels": [
        "[0,10)",
        "[10,20)",
        "[20,50)",
        "[50,100)",
        "[100,200)",
        "[200,500)",
        "[500,1000)",
        "[1000,2000)",
        "[2000,5000)",
        "[5000,10000)",
        "[10000,20000)",
        "[20000,40000)"
      ]
    },