{
  "primary_metric": "exact_match_flex",
  "n_items": 500,
  "n_items_correct": 129,
  "n_items_incorrect": 371,
  "n_items_unknown": 0,
  "n_generations": 500,
  "samples_per_item": [
    1
  ],
  "all_rollouts": {
    "tokens": {
      "n": 500,
      "min": 4,
      "max": 48,
      "mean": 8.048,
      "std": 3.893802254866058,
      "var": 15.161696,
      "p10": 6,
      "p25": 6,
      "p50": 7,
      "p75": 9,
      "p90": 11,
      "p95": 14,
      "p99": 25
    },
    "tokens_histogram": {
      "edges": [
        0,
        10,
        20,
        50,
        100,
        200,
        500,
        1000,
        2000,
        5000,
        10000,
        20000,
        40000
      ],
      "counts": [
        405,
        83,
        12,
        0,
        0,
        0,
        0,
        0,
        0,
        0,
        0,
        0
      ],
      "labels": [
        "[0,10)",
        "[10,20)",
        "[20,50)",
        "[50,100)",
        "[100,200)",
        "[200,500)",
        "[500,1000)",
        "[1000,2000)",
        "[2000,5000)",
        "[5000,10000)",
        "[10000,20000)",
        "[20000,40000)"
      ]
    },
    "tokens_raw": [
      13,
      10,
      10,
      6,
      8,
      7,
      6,
      7,
      10,
      6,
      9,
      6,
      8,
      6,
      6,
      10,
      7,
      6,
      7,
      6,
      12,
      8,
      6,
      6,
      6,
      6,
      9,
      8,
      10,
      6,
      9,
      11,
      9,
      10,
      6,
      6,
      6,
      7,
      9,
      7,
      7,
      7,
      6,
      8,
      9,
      6,
      6,
      6,
      10,
      7,
      8,
      24,
      6,
      11,
      9,
      6,
      7,
      8,
      9,
      6,
      9,
      7,
      6,
      6,
      6,
      6,
      4,
      7,
      8,
      6,
      9,
      9,
      6,
      24,
      6,
      10,
      6,
      6,
      9,
      6,
      6,
      6,
      10,
      6,
      6,
      8,
      8,
      6,
      6,
      7,
      7,
      6,
      13,
      7,
      7,
      6,
      4,
      6,
      10,
      23,
      8,
      7,
      12,
      6,
      6,
      8,
      8,
      7,
      6,
      7,
      6,
      8,
      7,
      10,
      6,
      9,
      6,
      6,
      7,
      6,
      6,
      6,
      6,
      7,
      11,
      6,
      4,
      11,
      7,
      7,
      6,
      6,
      6,
      8,
      7,
      6,
      6,
      10,
      6,
      6,
      6,
      6,
      6,
      6,
      11,
      4,
      10,
      7,
      7,
      7,
      6,
      8,
      7,
      11,
      9,
      10,
      7,
      6,
      9,
      8,
      7,
      6,
      12,
      11,
      4,
      12,
      11,
      7,
      6,
      7,
      7,
      12,
      8,
      6,
      6,
      6,
      14,
      7,
      7,
      19,
      6,
      10,
      9,
      7,
      6,
      6,
      6,
      6,
      6,
      7,
      10,
      6,
      7,
      6,
      6,
      7,
      9,
      6,
      9,
      7,
      8,
      7,
      10,
      6,
      8,
      23,
      12,
      7,
      6,
      6,
      6,
      6,
      7,
      6,
      8,
      6,
      7,
      13,
      11,
      10,
      6,
      7,
      8,
      6,
      6,
      8,
      6,
      6,
      6,
      7,
      6,
      6,
      6,
      7,
      6,
      11,
      6,
      7,
      4,
      7,
      7,
      7,
      10,
      6,
      6,
      10,
      6,
      6,
      26,
      7,
      7,
      8,
      9,
      10,
      7,
      6,
      12,
      8,
      7,
      7,
      7,
      7,
      6,
      7,
      12,
      9,
      10,
      8,
      6,
      6,
      6,
      8,
      9,
      9,
      7,
      6,
      6,
      9,
      8,
      7,
      6,
      7,
      8,
      6,
      4,
      8,
      6,
      7,
      4,
      7,
      6,
      7,
      6,
      17,
      7,
      7,
      8,
      8,
      23,
      8,
      6,
      8,
      6,
      7,
      7,
      10,
      6,
      13,
      10,
      7,
      6,
      6,
      10,
      8,
      9,
      6,
      6,
      6,
      25,
      7,
      12,
      7,
      6,
      10,
      8,
      6,
      6,
      8,
      6,
      9,
      9,
      4,
      6,
      6,
      7,
      6,
      17,
      6,
      11,
      7,
      7,
      6,
      6,
      10,
      6,
      6,
      9,
      4,
      9,
      9,
      6,
      10,
      7,
      8,
      8,
      8,
      9,
      7,
      6,
      6,
      6,
      6,
      10,
      6,
      17,
      6,
      6,
      6,
      7,
      10,
      7,
      6,
      7,
      21,
      6,
      7,
      8,
      6,
      6,
      17,
      19,
      10,
      10,
      11,
      12,
      7,
      6,
      7,
      6,
      10,
      7,
      6,
      7,
      10,
      6,
      6,
      6,
      7,
      7,
      10,
      14,
      6,
      8,
      6,
      6,
      7,
      6,
      6,
      20,
      10,
      6,
      7,
      8,
      9,
      6,
      7,
      8,
      6,
      15,
      48,
      11,
      7,
      15,
      9,
      8,
      9,
      10,
      7,
      7,
      6,
      8,
      10,
      6,
      12,
      8,
      19,
      6,
      6,
      6,
      36,
      28,
      9,
      6,
      7,
      10,
      6,
      6,
      7,
      6,
      7,
      7,
      16,
      8,
      6,
      13,
      6,
      9,
      6,
      7,
      7,
      7,
      7,
      6,
      6,
      6,
      8,
      6,
      7,
      6,
      7,
      6,
      7,
      14,
      6,
      6,
      7,
      8,
      6,
      6,
      7,
      6,
      7,
      6,
      6,
      6,
      7,
      8,
      6,
      7,
      7,
      7,
      7,
      9,
      6,
      6,
      10,
      6,
      16,
      6,
      7
    ],
    "chars": {
      "n": 500,
      "min": 8,
      "max": 102,
      "mean": 12.616,
      "std": 7.779238008956918,
      "var": 60.516544,
      "p10": 9,
      "p25": 9,
      "p50": 10,
      "p75": 12,
      "p90": 20,
      "p95": 23,
      "p99": 50
    },
    "chars_histogram": {
      "edges": [
        0,
        50,
        100,
        250,
        500,
        1000,
        2500,
        5000,
        10000,
        25000,
        50000,
        100000,
        200000
      ],
      "counts": [
        495,
        4,
        1,
        0,
        0,
        0,
        0,
        0,
        0,
        0,
        0,
        0
      ],
      "labels": [
        "[0,50)",
        "[50,100)",
        "[100,250)",
        "[250,500)",
        "[500,1000)",
        "[1000,2500)",
        "[2500,5000)",
        "[5000,10000)",
        "[10000,25000)",
        "[25000,50000)",
        "[50000,100000)",
        "[100000,200000)"
      ]
    }
  },
  "correct_rollouts": {
    "tokens": {
      "n": 129,
      "min": 6,
      "max": 36,
      "mean": 8.023255813953488,
      "std": 3.9853707603371005,
      "var": 15.88318009734992,
      "p10": 6,
      "p25": 6,
      "p50": 7,
      "p75": 9,
      "p90": 11,
      "p95": 12,
      "p99": 28
    },
    "tokens_histogram": {
      "edges": [
        0,
        10,
        20,
        50,
        100,
        200,
        500,
        1000,
        2000,
        5000,
        10000,
        20000,
        40000
      ],
      "counts": [
        105,
        21,
        3,
        0,
        0,
        0,
        0,
        0,
        0,
        0,
        0,
        0
      ],
      "labels": [
        "[0,10)",
        "[10,20)",
        "[20,50)",
        "[50,100)",
        "[100,200)",
        "[200,500)",
        "[500,1000)",
        "[1000,2000)",
        "[2000,5000)",
        "[5000,10000)",
        "[10000,20000)",
        "[20000,40000)"
      ]
    },