{
  "primary_metric": "length_controlled_winrate",
  "n_items": 805,
  "n_items_correct": 0,
  "n_items_incorrect": 0,
  "n_items_unknown": 805,
  "n_generations": 805,
  "samples_per_item": [
    1
  ],
  "all_rollouts": {
    "tokens": {
      "n": 805,
      "min": 2,
      "max": 7845,
      "mean": 2006.0732919254658,
      "std": 2278.500079442526,
      "var": 5191562.612019598,
      "p10": 56,
      "p25": 179,
      "p50": 417,
      "p75": 4521,
      "p90": 5138,
      "p95": 5554,
      "p99": 6761
    },
    "tokens_histogram": {
      "edges": [
        0,
        10,
        20,
        50,
        100,
        200,
        500,
        1000,
        2000,
        5000,
        10000,
        20000,
        40000
      ],
      "counts": [
        11,
        16,
        43,
        65,
        103,
        195,
        60,
        6,
        177,
        129,
        0,
        0
      ],
      "labels": [
        "[0,10)",
        "[10,20)",
        "[20,50)",
        "[50,100)",
        "[100,200)",
        "[200,500)",
        "[500,1000)",
        "[1000,2000)",
        "[2000,5000)",
        "[5000,10000)",
        "[10000,20000)",
        "[20000,40000)"
      ]
    },
    "tokens_raw": [
      226,
      386,
      5047,
      4277,
      327,
      221,
      4480,
      68,
      5019,
      4350,
      5026,
      183,
      4940,
      5365,
      5034,
      5830,
      5138,
      3467,
      69,
      6953,
      304,
      233,
      215,
      5783,
      4956,
      199,
      166,
      2957,
      4134,
      3003,
      5290,
      4091,
      193,
      4711,
      54,
      4111,
      4304,
      393,
      4074,
      5003,
      193,
      5124,
      557,
      63,
      303,
      937,
      272,
      5682,
      262,
      5554,
      15,
      72,
      4136,
      4489,
      326,
      3828,
      5120,
      5023,
      4939,
      123,
      4848,
      4160,
      867,
      316,
      5424,
      270,
      1078,
      5048,
      4459,
      5160,
      179,
      92,
      240,
      398,
      350,
      5037,
      5063,
      86,
      453,
      4216,
      184,
      868,
      4155,
      338,
      844,
      84,
      6690,
      5048,
      67,
      5026,
      5008,
      88,
      4142,
      47,
      4166,
      6721,
      4471,
      261,
      5728,
      726,
      4824,
      52,
      4338,
      6800,
      971,
      79,
      223,
      6128,
      240,
      5149,
      245,
      3990,
      4158,
      87,
      4163,
      5190,
      5031,
      4323,
      55,
      116,
      30,
      76,
      79,
      4279,
      422,
      165,
      5689,
      4839,
      152,
      751,
      336,
      193,
      5158,
      349,
      221,
      5427,
      5099,
      4957,
      5008,
      1057,
      489,
      527,
      141,
      4578,
      70,
      4239,
      4028,
      65,
      4136,
      242,
      180,
      5036,
      448,
      4457,
      417,
      189,
      596,
      228,
      54,
      45,
      271,
      4626,
      5770,
      660,
      5291,
      5158,
      5076,
      165,
      17,
      295,
      758,
      4971,
      312,
      218,
      5679,
      364,
      827,
      382,
      468,
      240,
      718,
      179,
      4972,
      5064,
      183,
      5135,
      4209,
      233,
      6305,
      2772,
      6,
      501,
      246,
      7642,
      5018,
      23,
      420,
      273,
      260,
      4954,
      4807,
      4905,
      115,
      4202,
      5760,
      490,
      4730,
      69,
      5250,
      239,
      13,
      338,
      4902,
      5279,
      51,
      4180,
      4227,
      285,
      193,
      246,
      4593,
      5711,
      230,
      356,
      5390,
      57,
      203,
      137,
      5175,
      181,
      169,
      68,
      49,
      366,
      4144,
      6707,
      574,
      223,
      150,
      5165,
      5674,
      5121,
      107,
      5115,
      544,
      25,
      2466,
      4222,
      2248,
      42,
      161,
      4422,
      1129,
      491,
      523,
      5155,
      326,
      239,
      4622,
      213,
      42,
      169,
      2,
      4171,
      304,
      6817,
      53,
      4035,
      178,
      3221,
      5100,
      315,
      229,
      2,
      101,
      215,
      170,
      343,
      204,
      560,
      4934,
      5180,
      103,
      434,
      4117,
      4275,
      198,
      3138,
      169,
      4149,
      578,
      661,
      70,
      134,
      6786,
      331,
      27,
      5184,
      4202,
      109,
      454,
      232,
      304,
      4817,
      4135,
      193,
      5890,
      150,
      506,
      727,
      4215,
      87,
      804,
      442,
      5349,
      4131,
      242,
      4523,
      83,
      4589,
      4338,
      411,
      4135,
      202,
      6306,
      5637,
      4198,
      89,
      4883,
      391,
      181,
      672,
      44,
      10,
      5814,
      145,
      4590,
      5368,
      66,
      5286,
      101,
      4388,
      90,
      5390,
      5112,
      447,
      211,
      191,
      5261,
      149,
      45,
      421,
      4789,
      300,
      888,
      565,
      5005,
      338,
      491,
      149,
      5806,
      5427,
      152,
      5004,
      525,
      366,
      69,
      238,
      4140,
      4145,
      8,
      23,
      5654,
      389,
      4084,
      49,
      4610,
      280,
      597,
      646,
      201,
      459,
      5039,
      589,
      4880,
      54,
      223,
      192,
      237,
      4953,
      4521,
      167,
      5377,
      5136,
      1219,
      230,
      5165,
      4482,
      351,
      865,
      4097,
      191,
      122,
      187,
      40,
      424,
      377,
      5211,
      19,
      68,
      4338,
      268,
      4729,
      5175,
      890,
      166,
      5551,
      293,
      183,
      174,
      4512,
      6855,
      6774,
      299,
      39,
      5106,
      405,
      225,
      5750,
      377,
      71,
      307,
      110,
      48,
      5065,
      4603,
      48,
      101,
      37,
      13,
      79,
      403,
      256,
      231,
      422,
      4916,
      107,
      219,
      120,
      191,
      6215,
      755,
      364,
      268,
      363,
      161,
      5816,
      35,
      11,
      190,
      202,
      153,
      21,
      5025,
      275,
      190,
      149,
      215,
      61,
      43,
      506,
      5116,
      5071,
      75,
      4868,
      31,
      215,
      21,
      165,
      104,
      4868,
      4144,
      5036,
      189,
      328,
      274,
      479,
      323,
      263,
      107,
      216,
      193,
      82,
      12,
      4909,
      4956,
      938,
      4947,
      216,
      628,
      4094,
      53,
      383,
      243,
      238,
      318,
      132,
      3752,
      424,
      33,
      69,
      4746,
      4280,
      47,
      5434,
      5558,
      190,
      503,
      360,
      243,
      154,
      4812,
      180,
      101,
      181,
      4984,
      4029,
      61,
      5043,
      649,
      531,
      109,
      5011,
      300,
      4689,
      5121,
      105,
      4944,
      4064,
      3055,
      4877,
      4058,
      87,
      4926,
      4127,
      12,
      105,
      190,
      130,
      27,
      466,
      5116,
      14,
      4857,
      4906,
      222,
      325,
      411,
      4490,
      6155,
      335,
      639,
      314,
      79,
      290,
      689,
      420,
      5328,
      7845,
      366,
      69,
      4571,
      2,
      1004,
      477,
      5066,
      886,
      294,
      277,
      54,
      603,
      4184,
      4945,
      5792,
      438,
      203,
      404,
      253,
      3860,
      993,
      4191,
      4105,
      133,
      256,
      545,
      231,
      214,
      4946,
      5122,
      353,
      25,
