{
  "primary_metric": "length_controlled_winrate",
  "n_items": 805,
  "n_items_correct": 0,
  "n_items_incorrect": 0,
  "n_items_unknown": 805,
  "n_generations": 805,
  "samples_per_item": [
    1
  ],
  "all_rollouts": {
    "tokens": {
      "n": 805,
      "min": 2,
      "max": 6307,
      "mean": 495.3975155279503,
      "std": 1082.8738889513909,
      "var": 1172615.8593727094,
      "p10": 3,
      "p25": 52,
      "p50": 185,
      "p75": 357,
      "p90": 718,
      "p95": 4113,
      "p99": 5081
    },
    "tokens_histogram": {
      "edges": [
        0,
        10,
        20,
        50,
        100,
        200,
        500,
        1000,
        2000,
        5000,
        10000,
        20000,
        40000
      ],
      "counts": [
        104,
        24,
        69,
        81,
        141,
        260,
        65,
        10,
        37,
        14,
        0,
        0
      ],
      "labels": [
        "[0,10)",
        "[10,20)",
        "[20,50)",
        "[50,100)",
        "[100,200)",
        "[200,500)",
        "[500,1000)",
        "[1000,2000)",
        "[2000,5000)",
        "[5000,10000)",
        "[10000,20000)",
        "[20000,40000)"
      ]
    },
    "tokens_raw": [
      172,
      209,
      426,
      173,
      217,
      182,
      170,
      97,
      4085,
      856,
      770,
      390,
      5083,
      23,
      243,
      469,
      181,
      5033,
      62,
      5060,
      224,
      189,
      256,
      244,
      12,
      148,
      88,
      762,
      284,
      143,
      4767,
      268,
      398,
      242,
      31,
      127,
      654,
      2,
      4102,
      150,
      41,
      459,
      949,
      90,
      248,
      4203,
      428,
      567,
      201,
      411,
      15,
      65,
      342,
      323,
      239,
      185,
      904,
      395,
      299,
      114,
      4097,
      429,
      228,
      4165,
      713,
      319,
      412,
      4101,
      550,
      273,
      58,
      77,
      163,
      255,
      206,
      200,
      355,
      503,
      187,
      197,
      206,
      35,
      4125,
      390,
      263,
      590,
      4833,
      480,
      63,
      484,
      295,
      43,
      861,
      65,
      624,
      36,
      167,
      318,
      593,
      314,
      93,
      129,
      57,
      534,
      601,
      70,
      259,
      318,
      328,
      155,
      157,
      304,
      37,
      35,
      520,
      4064,
      4159,
      223,
      55,
      233,
      18,
      44,
      81,
      207,
      280,
      55,
      168,
      240,
      80,
      238,
      272,
      110,
      334,
      280,
      4126,
      10,
      4081,
      245,
      428,
      474,
      281,
      333,
      140,
      2,
      45,
      233,
      207,
      176,
      4123,
      237,
      166,
      429,
      4100,
      4399,
      340,
      10,
      496,
      139,
      52,
      56,
      760,
      36,
      671,
      456,
      7,
      123,
      86,
      65,
      28,
      396,
      459,
      4021,
      176,
      142,
      168,
      132,
      673,
      435,
      247,
      115,
      427,
      195,
      127,
      441,
      76,
      595,
      306,
      141,
      713,
      861,
      3,
      179,
      157,
      390,
      1646,
      35,
      93,
      73,
      224,
      2,
      159,
      2,
      80,
      536,
      5174,
      5247,
      292,
      52,
      458,
      113,
      18,
      100,
      774,
      4140,
      2,
      254,
      363,
      2,
      172,
      295,
      184,
      4520,
      122,
      206,
      148,
      49,
      111,
      176,
      5081,
      338,
      95,
      215,
      36,
      253,
      231,
      4467,
      257,
      134,
      943,
      4892,
      4777,
      717,
      194,
      1434,
      247,
      17,
      420,
      345,
      1804,
      20,
      146,
      3,
      612,
      1307,
      160,
      205,
      248,
      192,
      294,
      41,
      43,
      109,
      2,
      346,
      247,
      1007,
      372,
      252,
      168,
      969,
      487,
      513,
      168,
      35,
      91,
      221,
      4126,
      121,
      304,
      355,
      222,
      467,
      148,
      406,
      6307,
      4167,
      123,
      173,
      143,
      5331,
      460,
      84,
      40,
      55,
      17,
      216,
      14,
      233,
      296,
      128,
      484,
      381,
      221,
      19,
      333,
      4762,
      559,
      81,
      360,
      239,
      535,
      83,
      509,
      287,
      116,
      808,
      166,
      57,
      58,
      3,
      1082,
      2,
      582,
      219,
      617,
      472,
      3,
      112,
      449,
      189,
      332,
      2,
      39,
      10,
      4443,
      166,
      2,
      174,
      36,
      49,
      24,
      398,
      3,
      420,
      5790,
      254,
      289,
      208,
      48,
      3,
      2,
      528,
      95,
      295,
      181,
      719,
      194,
      385,
      311,
      143,
      3,
      1098,
      7,
      269,
      497,
      384,
      67,
      123,
      47,
      718,
      8,
      3,
      305,
      32,
      5035,
      70,
      2,
      230,
      493,
      500,
      174,
      336,
      220,
      345,
      51,
      57,
      170,
      281,
      236,
      44,
      3,
      72,
      271,
      223,
      338,
      344,
      75,
      245,
      246,
      4146,
      341,
      422,
      44,
      173,
      41,
      249,
      247,
      245,
      20,
      60,
      946,
      275,
      108,
      1071,
      305,
      472,
      195,
      292,
      49,
      44,
      41,
      2,
      371,
      8,
      32,
      2,
      411,
      105,
      472,
      468,
      118,
      242,
      131,
      55,
      4911,
      977,
      50,
      222,
      9,
      7,
      52,
      274,
      312,
      116,
      334,
      2,
      108,
      158,
      95,
      189,
      2000,
      338,
      87,
      492,
      344,
      116,
      538,
      3,
      9,
      180,
      130,
      65,
      5051,
      157,
      596,
      81,
      226,
      223,
      2,
      3,
      690,
      2,
      86,
      2,
      2,
      30,
      56,
      3,
      127,
      5,
      3,
      3,
      2,
      173,
      2,
      86,
      364,
      115,
      117,
      74,
      553,
      102,
      57,
      7,
      6,
      9,
      647,
      282,
      103,
      908,
      2,
      76,
      308,
      177,
      72,
      185,
      78,
      209,
      464,
      48,
      98,
      166,
      496,
      60,
      162,
      322,
      173,
      203,
      271,
      201,
      161,
      2,
      2,
      2,
      119,
      2,
      2,
      40,
      64,
      422,
      221,
      4,
      294,
      234,
      197,
      153,
      34,
      23,
      3,
      2,
      3,
      2,
      55,
      2,
      2,
      3,
      141,
      192,
      125,
      2,
      900,
      357,
      2,
      2,
      107,
      165,
      2,
      4113,
      285,
      251,
      154,
      466,
      868,
      79,
      2,
      305,
      445,
      2,
      2,
      206,
      244,
      46,
      205,
      2,
      2,
      3,
      1155,
      302,
      35,
      379,
      560,
      269,
      2,
      509,
      159,
      225,
      273,
      262,
      68,
      333,
      218,
      230,
      181,
      170,
      235,
      3,
      191,
      3,
      3,
      2,
      49,
      241,
      33,
      176,
      753,
      278,
      195,
      49,
      28,
      159,
      91,
      607,
      22,
      4143,
      462,
      194,
      273,
      307,
      41,
      101,
      30,
      184,
      157,
      3,
      9,
      3,
      2,
      3,
      41,
      37,
      40,
      28,
      42,
      99,
      42,
      54,
      46,
