{
  "primary_metric": "length_controlled_winrate",
  "n_items": 805,
  "n_items_correct": 0,
  "n_items_incorrect": 0,
  "n_items_unknown": 805,
  "n_generations": 805,
  "samples_per_item": [
    1
  ],
  "all_rollouts": {
    "tokens": {
      "n": 805,
      "min": 2,
      "max": 5903,
      "mean": 1893.5018633540374,
      "std": 2186.848027348271,
      "var": 4782304.294717025,
      "p10": 3,
      "p25": 24,
      "p50": 235,
      "p75": 4351,
      "p90": 4913,
      "p95": 4952,
      "p99": 5120
    },
    "tokens_histogram": {
      "edges": [
        0,
        10,
        20,
        50,
        100,
        200,
        500,
        1000,
        2000,
        5000,
        10000,
        20000,
        40000
      ],
      "counts": [
        109,
        69,
        90,
        59,
        57,
        73,
        20,
        5,
        298,
        25,
        0,
        0
      ],
      "labels": [
        "[0,10)",
        "[10,20)",
        "[20,50)",
        "[50,100)",
        "[100,200)",
        "[200,500)",
        "[500,1000)",
        "[1000,2000)",
        "[2000,5000)",
        "[5000,10000)",
        "[10000,20000)",
        "[20000,40000)"
      ]
    },
    "tokens_raw": [
      17,
      4995,
      4328,
      4293,
      5182,
      4956,
      53,
      92,
      182,
      4,
      455,
      4536,
      549,
      4958,
      223,
      11,
      4121,
      673,
      4945,
      4918,
      75,
      162,
      28,
      4838,
      4808,
      4204,
      4301,
      3972,
      14,
      11,
      23,
      4283,
      217,
      4154,
      8,
      4386,
      4783,
      4233,
      4127,
      4933,
      4190,
      228,
      4566,
      4946,
      239,
      24,
      4683,
      2868,
      3891,
      4073,
      26,
      46,
      786,
      4136,
      409,
      11,
      4571,
      85,
      70,
      36,
      21,
      363,
      366,
      4591,
      5075,
      4612,
      4952,
      2,
      5045,
      5,
      3995,
      4165,
      210,
      12,
      4877,
      166,
      2,
      494,
      4439,
      4141,
      208,
      26,
      4782,
      3735,
      4052,
      4722,
      4819,
      5043,
      4865,
      4991,
      4939,
      4818,
      98,
      44,
      401,
      4142,
      4150,
      4316,
      13,
      203,
      4206,
      10,
      25,
      490,
      536,
      4952,
      4348,
      4786,
      2,
      4950,
      182,
      6,
      16,
      10,
      4208,
      4899,
      4739,
      2,
      4981,
      4328,
      4128,
      4775,
      90,
      265,
      236,
      114,
      4146,
      4150,
      9,
      2,
      290,
      86,
      4366,
      28,
      18,
      4268,
      4916,
      134,
      2,
      784,
      4162,
      94,
      95,
      50,
      59,
      276,
      3,
      4937,
      19,
      4614,
      4918,
      4167,
      5278,
      2,
      4369,
      4952,
      271,
      4948,
      4951,
      60,
      4146,
      4280,
      4371,
      332,
      4951,
      61,
      390,
      4940,
      1084,
      2,
      5026,
      3,
      2,
      4945,
      19,
      4204,
      4575,
      316,
      4499,
      171,
      5903,
      84,
      4198,
      22,
      4351,
      4604,
      26,
      18,
      281,
      40,
      3965,
      219,
      4138,
      4209,
      1127,
      32,
      17,
      22,
      4595,
      4796,
      4560,
      4553,
      29,
      122,
      4518,
      4411,
      4751,
      49,
      3,
      174,
      9,
      4956,
      70,
      4259,
      2,
      4457,
      4548,
      4874,
      17,
      14,
      17,
      4618,
      36,
      4247,
      4087,
      4358,
      177,
      59,
      516,
      4377,
      2,
      29,
      4994,
      285,
      4655,
      4158,
      12,
      4565,
      4576,
      3,
      4741,
      4212,
      3,
      4174,
      207,
      29,
      4420,
      4569,
      85,
      13,
      4198,
      142,
      8,
      4857,
      659,
      4143,
      303,
      52,
      4387,
      4380,
      15,
      16,
      2,
      4514,
      16,
      4988,
      25,
      4968,
      234,
      285,
      412,
      390,
      114,
      121,
      115,
      4535,
      4949,
      3,
      191,
      1031,
      4260,
      374,
      32,
      521,
      5209,
      133,
      4,
      4812,
      4934,
      5011,
      4907,
      17,
      5009,
      21,
      17,
      18,
      4058,
      200,
      4678,
      92,
      476,
      4178,
      37,
      29,
      4075,
      4814,
      67,
      347,
      1258,
      12,
      665,
      5029,
      43,
      280,
      6,
      4774,
      344,
      55,
      4949,
      2,
      279,
      11,
      15,
      4587,
      629,
      3,
      6,
      61,
      4156,
      233,
      12,
      4836,
      11,
      2,
      4087,
      4286,
      10,
      5047,
      356,
      56,
      4147,
      3,
      56,
      5120,
      22,
      4166,
      12,
      169,
      25,
      5051,
      4167,
      151,
      4374,
      450,
      4593,
      32,
      4767,
      4462,
      599,
      99,
      31,
      793,
      40,
      4753,
      4154,
      13,
      4518,
      4478,
      4376,
      694,
      9,
      4583,
      198,
      26,
      26,
      4157,
      31,
      4941,
      22,
      44,
      5009,
      159,
      19,
      4759,
      28,
      82,
      4763,
      9,
      4628,
      4051,
      4167,
      22,
      4147,
      4787,
      261,
      232,
      4170,
      136,
      4140,
      4134,
      290,
      287,
      34,
      4946,
      4531,
      41,
      547,
      4715,
      26,
      4729,
      668,
      72,
      4634,
      5169,
      34,
      3887,
      145,
      51,
      4135,
      98,
      4774,
      255,
      4296,
      4897,
      4240,
      16,
      34,
      4280,
      4843,
      24,
      4951,
      129,
      117,
      3,
      455,
      4286,
      6,
      4132,
      152,
      8,
      59,
      5617,
      164,
      4,
      18,
      3,
      4305,
      4796,
      28,
      4376,
      3,
      4,
      4151,
      175,
      146,
      235,
      1137,
      2,
      4322,
      4366,
      110,
      10,
      4738,
      4195,
      4965,
      22,
      3,
      40,
      65,
      89,
      154,
      53,
      99,
      2,
      2,
      16,
      2,
      2,
      18,
      2,
      38,
      58,
      4550,
      4292,
      4124,
      4186,
      42,
      4039,
      252,
      4541,
      21,
      2,
      46,
      6,
      4104,
      4427,
      25,
      26,
      17,
      4744,
      6,
      93,
      4239,
      136,
      2,
      4562,
      68,
      4319,
      112,
      14,
      17,
      263,
      2,
      49,
      249,
      4040,
      23,
      26,
      4912,
      146,
      24,
      244,
      294,
      3,
      4545,
      20,
      25,
      16,
      3759,
      2,
      226,
      4031,
      211,
      4932,
      5,
      3,
      4913,
      2,
      4900,
      23,
      115,
      4259,
      4899,
      3,
      3,
      97,
      2,
      4332,
      193,
      4922,
      208,
      365,
      59,
      4576,
      5472,
      10,
      4302,
      4130,
      2,
      449,
      2,
      3200,
      4265,
      4273,
      249,
      2,
      176,
      4266,
      153,
      254,
      52,
      85,
      2,
      768,
      4534,
      8,
      13,
      2,
      46,
      5,
      3708,
      4803,
      5010,
      593,
      4710,
      21,
      4935,
      4,
      6,
      65,
      16,
      2,
      19,
      4379,
      4939,
      12,
      190,
      17,
      53,
      13,
      2,
      27,
      99,
      172,
      4120,
      14,
      215,
      4832,
      23,
      2,
      4881,
      4744,
      2,
      2,
      4924,
      2,
      29,
      5047,
      2,
      2,
      42,
