{
  "primary_metric": "pass_at_1",
  "n_items": 612,
  "n_items_correct": 25,
  "n_items_incorrect": 587,
  "n_items_unknown": 0,
  "n_generations": 612,
  "samples_per_item": [
    1
  ],
  "all_rollouts": {
    "tokens": {
      "n": 612,
      "min": 2,
      "max": 4891,
      "mean": 49.05882352941177,
      "std": 264.44371221859154,
      "var": 69930.47693194925,
      "p10": 2,
      "p25": 2,
      "p50": 10,
      "p75": 59,
      "p90": 104,
      "p95": 138,
      "p99": 222
    },
    "tokens_histogram": {
      "edges": [
        0,
        10,
        20,
        50,
        100,
        200,
        500,
        1000,
        2000,
        5000,
        10000,
        20000,
        40000
      ],
      "counts": [
        264,
        132,
        48,
        94,
        63,
        9,
        0,
        0,
        2,
        0,
        0,
        0
      ],
      "labels": [
        "[0,10)",
        "[10,20)",
        "[20,50)",
        "[50,100)",
        "[100,200)",
        "[200,500)",
        "[500,1000)",
        "[1000,2000)",
        "[2000,5000)",
        "[5000,10000)",
        "[10000,20000)",
        "[20000,40000)"
      ]
    },
    "tokens_raw": [
      57,
      10,
      10,
      2,
      2,
      10,
      2,
      125,
      10,
      66,
      81,
      112,
      57,
      130,
      2,
      2,
      76,
      2,
      134,
      2,
      2,
      2,
      94,
      2,
      2,
      174,
      89,
      72,
      2,
      2,
      168,
      47,
      2,
      2,
      2,
      101,
      96,
      2,
      40,
      2,
      117,
      41,
      75,
      2,
      2,
      182,
      104,
      2,
      222,
      2,
      2,
      92,
      2,
      2,
      2,
      2,
      144,
      2,
      131,
      57,
      2,
      2,
      2,
      2,
      115,
      2,
      2,
      2,
      2,
      171,
      100,
      52,
      117,
      110,
      96,
      2,
      2,
      2,
      2,
      2,
      205,
      99,
      2,
      52,
      2,
      100,
      2,
      39,
      84,
      2,
      2,
      2,
      33,
      2,
      124,
      86,
      34,
      2,
      53,
      2,
      102,
      25,
      68,
      78,
      34,
      36,
      66,
      2,
      2,
      2,
      154,
      2,
      2,
      85,
      29,
      2,
      78,
      2,
      122,
      2,
      2,
      2,
      2,
      2,
      103,
      2,
      111,
      2,
      2,
      2,
      2,
      2,
      81,
      58,
      2,
      76,
      2,
      2,
      123,
      2,
      111,
      103,
      2,
      101,
      77,
      2,
      2,
      131,
      63,
      2,
      2,
      2,
      2,
      2,
      2,
      2,
      2,
      2,
      2,
      29,
      74,
      94,
      2,
      2,
      2,
      2,
      127,
      126,
      39,
      2,
      2,
      93,
      2,
      175,
      34,
      2,
      2,
      69,
      2,
      2,
      134,
      2,
      64,
      2,
      2,
      2,
      73,
      2,
      2,
      2,
      2,
      10,
      10,
      3,
      10,
      37,
      28,
      2,
      2,
      2,
      10,
      2,
      91,
      2,
      10,
      10,
      10,
      133,
      231,
      10,
      10,
      10,
      2,
      32,
      72,
      10,
      3,
      3,
      43,
      91,
      10,
      10,
      61,
      2,
      10,
      10,
      38,
      10,
      112,
      2,
      2,
      2,
      10,
      2,
      4257,
      10,
      2,
      2,
      78,
      10,
      10,
      2,
      86,
      23,
      52,
      10,
      10,
      10,
      2,
      51,
      10,
      2,
      10,
      10,
      10,
      2,
      2,
      78,
      2,
      2,
      2,
      2,
      10,
      10,
      2,
      10,
      140,
      181,
      10,
      10,
      60,
      10,
      103,
      10,
      2,
      111,
      2,
      2,
      10,
      29,
      2,
      10,
      10,
      10,
      82,
      2,
      2,
      91,
      10,
      61,
      10,
      2,
      10,
      10,
      2,
      10,
      10,
      2,
      10,
      2,
      2,
      2,
      2,
      10,
      10,
      21,
      10,
      10,
      10,
      2,
      10,
      2,
      2,
      102,
      10,
      96,
      73,
      44,
      2,
      2,
      10,
      47,
      10,
      2,
      41,
      10,
      2,
      48,
      2,
      109,
      29,
      10,
      52,
      70,
      140,
      10,
      10,
      104,
      28,
      70,
      10,
      2,
      2,
      96,
      10,
      10,
      17,
      10,
      2,
      95,
      10,
      34,
      61,
      36,
      10,
      10,
      30,
      10,
      258,
      10,
      35,
      2,
      54,
      2,
      10,
      10,
      10,
      10,
      2,
      2,
      2,
      10,
      2,
      10,
      10,
      24,
      244,
      2,
      10,
      52,
      10,
      13,
      10,
      10,
      19,
      10,
      2,
      2,
      10,
      10,
      2,
      10,
      3,
      84,
      2,
      2,
      10,
      2,
      10,
      10,
      142,
      2,
      10,
      10,
      10,
      2,
      26,
      2,
      31,
      10,
      2,
      10,
      2,
      2,
      87,
      3,
      111,
      176,
      2,
      10,
      2,
      17,
      31,
      2,
      2,
      10,
      4891,
      20,
      64,
      19,
      10,
      10,
      10,
      10,
      66,
      10,
      10,
      2,
      91,
      2,
      2,
      143,
      2,
      10,
      10,
      3,
      10,
      10,
      49,
      10,
      10,
      39,
      10,
      92,
      216,
      10,
      2,
      94,
      64,
      2,
      187,
      2,
      2,
      2,
      2,
      2,
      2,
      116,
      138,
      59,
      2,
      2,
      2,
      2,
      2,
      2,
      2,
      76,
      2,
      77,
      103,
      2,
      2,
      109,
      2,
      98,
      2,
      79,
      58,
      2,
      2,
      29,
      141,
      2,
      2,
      116,
      2,
      2,
      2,
      2,
      2,
      92,
      2,
      2,
      2,
      2,
      34,
      2,
      30,
      81,
      100,
      2,
      2,
      80,
      2,
      10,
      10,
      10,
      34,
      64,
      2,
      2,
      2,
      10,
      212,
      42,
      10,
      2,
      10,
      44,
      2,
      10,
      2,
      10,
      41,
      10,
      10,
      122,
      2,
      98,
      52,
      2,
      2,
      122,
      2,
      57,
      10,
      20,
      2,
      98,
      2,
      3,
      326,
      10,
      2,
      10,
      10,
      10,
      60,
      2,
      71,
      2,
      18,
      10,
      2,
      2,
      107,
      73,
      2,
      63,
      78,
      2,
      151,
      2,
      150,
      133,
      2,
      25,
      2,
      79,
      2,
      2,
      2,
      2,
      2,
      83,
      2,
      2,
      2,
      84,
      87,
      75,
      38,
      208,
      2,
      2,
      2,
      68,
      150,
      2,
      2,
      2,
      2,
      86,
      2,
      89,
      2,
      2,
      189,
      82,
      2,
      2
    ],
    "chars": {
      "n": 612,
      "min": 1,
      "max": 13891,
      "mean": 153.58823529411765,
      "std": 665.0022632956892,
      "var": 442228.0101883891,
      "p10": 1,
      "p25": 9,
      "p50": 30,
      "p75": 187,
      "p90": 390,
      "p95": 516,
      "p99": 764
    },
    "chars_histogram": {
      "edges": [
        0,
        50,
        100,
        250,
        500,
        1000,
        2500,
        5000,
        10000,
        25000,
        50000,
        100000,
        200000
      ],
      "counts": [
        393,
        25,
        63,
        100,
        29,
        0,
        0,
        1,
        1,
        0,
        0,
        0
      ],