{
  "primary_metric": "pass_at_1",
  "n_items": 612,
  "n_items_correct": 16,
  "n_items_incorrect": 596,
  "n_items_unknown": 0,
  "n_generations": 612,
  "samples_per_item": [
    1
  ],
  "all_rollouts": {
    "tokens": {
      "n": 612,
      "min": 2,
      "max": 4978,
      "mean": 40.197712418300654,
      "std": 205.13047448732337,
      "var": 42078.51156339442,
      "p10": 2,
      "p25": 2,
      "p50": 10,
      "p75": 58,
      "p90": 104,
      "p95": 133,
      "p99": 183
    },
    "tokens_histogram": {
      "edges": [
        0,
        10,
        20,
        50,
        100,
        200,
        500,
        1000,
        2000,
        5000,
        10000,
        20000,
        40000
      ],
      "counts": [
        267,
        151,
        30,
        95,
        65,
        3,
        0,
        0,
        1,
        0,
        0,
        0
      ],
      "labels": [
        "[0,10)",
        "[10,20)",
        "[20,50)",
        "[50,100)",
        "[100,200)",
        "[200,500)",
        "[500,1000)",
        "[1000,2000)",
        "[2000,5000)",
        "[5000,10000)",
        "[10000,20000)",
        "[20000,40000)"
      ]
    },
    "tokens_raw": [
      2,
      10,
      10,
      2,
      10,
      10,
      10,
      2,
      10,
      66,
      87,
      143,
      2,
      2,
      59,
      2,
      2,
      108,
      2,
      78,
      2,
      2,
      2,
      2,
      113,
      136,
      165,
      72,
      2,
      2,
      2,
      2,
      2,
      2,
      2,
      2,
      2,
      135,
      41,
      2,
      92,
      41,
      75,
      2,
      2,
      183,
      2,
      51,
      2,
      137,
      77,
      2,
      2,
      73,
      2,
      2,
      119,
      2,
      134,
      57,
      2,
      2,
      2,
      2,
      128,
      2,
      104,
      2,
      2,
      89,
      97,
      2,
      2,
      94,
      2,
      121,
      78,
      2,
      137,
      2,
      195,
      112,
      104,
      50,
      47,
      2,
      2,
      70,
      88,
      127,
      2,
      2,
      2,
      97,
      2,
      78,
      2,
      59,
      2,
      71,
      102,
      97,
      67,
      2,
      51,
      2,
      2,
      2,
      106,
      2,
      154,
      138,
      2,
      86,
      2,
      96,
      82,
      2,
      169,
      148,
      114,
      2,
      128,
      2,
      123,
      2,
      144,
      2,
      2,
      2,
      79,
      148,
      81,
      109,
      2,
      76,
      2,
      2,
      143,
      82,
      104,
      2,
      2,
      2,
      77,
      2,
      29,
      2,
      63,
      2,
      99,
      2,
      2,
      95,
      2,
      88,
      2,
      89,
      2,
      2,
      98,
      94,
      2,
      2,
      70,
      2,
      122,
      2,
      31,
      80,
      2,
      109,
      2,
      175,
      44,
      2,
      122,
      69,
      111,
      2,
      131,
      2,
      64,
      2,
      2,
      2,
      2,
      2,
      59,
      94,
      135,
      2,
      3,
      2,
      10,
      2,
      2,
      2,
      2,
      2,
      10,
      10,
      2,
      2,
      10,
      10,
      10,
      10,
      232,
      10,
      10,
      10,
      41,
      327,
      10,
      2,
      2,
      2,
      2,
      2,
      10,
      10,
      2,
      2,
      10,
      10,
      38,
      10,
      2,
      2,
      2,
      2,
      2,
      33,
      10,
      10,
      2,
      2,
      2,
      10,
      10,
      2,
      2,
      10,
      2,
      2,
      10,
      10,
      10,
      2,
      10,
      2,
      10,
      10,
      10,
      2,
      10,
      2,
      2,
      2,
      10,
      2,
      10,
      10,
      2,
      10,
      10,
      2,
      10,
      2,
      10,
      10,
      10,
      10,
      10,
      101,
      10,
      2,
      2,
      29,
      10,
      10,
      10,
      10,
      2,
      10,
      2,
      87,
      10,
      61,
      2,
      88,
      10,
      10,
      2,
      2,
      10,
      2,
      10,
      2,
      68,
      2,
      2,
      63,
      10,
      2,
      10,
      10,
      2,
      2,
      10,
      38,
      68,
      2,
      10,
      2,
      83,
      51,
      2,
      10,
      10,
      47,
      2,
      2,
      2,
      10,
      10,
      2,
      2,
      10,
      10,
      10,
      2,
      88,
      79,
      2,
      10,
      82,
      10,
      72,
      10,
      10,
      2,
      10,
      2,
      10,
      17,
      10,
      2,
      10,
      10,
      2,
      73,
      2,
      10,
      10,
      2,
      10,
      10,
      10,
      2,
      2,
      10,
      10,
      10,
      2,
      2,
      10,
      10,
      2,
      3,
      10,
      10,
      10,
      2,
      27,
      2,
      2,
      10,
      44,
      2,
      45,
      2,
      121,
      31,
      10,
      10,
      2,
      10,
      10,
      2,
      2,
      3,
      10,
      2,
      2,
      2,
      90,
      10,
      10,
      10,
      43,
      10,
      2,
      10,
      10,
      26,
      113,
      10,
      10,
      2,
      53,
      10,
      52,
      10,
      2,
      2,
      10,
      10,
      10,
      10,
      88,
      10,
      3,
      10,
      10,
      4978,
      10,
      10,
      2,
      127,
      10,
      2,
      10,
      10,
      10,
      10,
      10,
      2,
      2,
      2,
      2,
      2,
      10,
      10,
      2,
      2,
      10,
      46,
      2,
      10,
      10,
      2,
      91,
      10,
      2,
      10,
      101,
      64,
      2,
      2,
      2,
      2,
      2,
      34,
      2,
      2,
      2,
      138,
      66,
      106,
      2,
      102,
      2,
      103,
      2,
      204,
      63,
      32,
      76,
      2,
      2,
      113,
      2,
      72,
      2,
      2,
      95,
      58,
      42,
      53,
      141,
      2,
      2,
      2,
      2,
      2,
      112,
      2,
      2,
      91,
      92,
      125,
      56,
      86,
      2,
      2,
      2,
      2,
      90,
      96,
      2,
      2,
      2,
      2,
      10,
      110,
      67,
      2,
      58,
      2,
      3,
      10,
      10,
      168,
      42,
      10,
      2,
      10,
      2,
      2,
      10,
      10,
      2,
      41,
      10,
      2,
      122,
      10,
      10,
      2,
      2,
      10,
      10,
      2,
      57,
      10,
      31,
      10,
      10,
      25,
      2,
      10,
      10,
      153,
      10,
      148,
      10,
      66,
      2,
      2,
      2,
      18,
      10,
      93,
      75,
      96,
      70,
      2,
      114,
      82,
      107,
      2,
      2,
      157,
      2,
      2,
      107,
      39,
      2,
      62,
      29,
      32,
      2,
      2,
      2,
      2,
      2,
      2,
      88,
      86,
      2,
      2,
      2,
      2,
      2,
      2,
      74,
      184,
      150,
      72,
      2,
      30,
      2,
      96,
      86,
      62,
      2,
      127,
      133,
      2,
      2
    ],
    "chars": {
      "n": 612,
      "min": 1,
      "max": 8014,
      "mean": 124.41013071895425,
      "std": 361.4849865738321,
      "var": 130671.39551828356,
      "p10": 1,
      "p25": 1,
      "p50": 30,
      "p75": 187,
      "p90": 405,
      "p95": 478,
      "p99": 639
    },
    "chars_histogram": {
      "edges": [
        0,
        50,
        100,
        250,
        500,
        1000,
        2500,
        5000,
        10000,
        25000,
        50000,
        100000,
        200000
      ],
      "counts": [
        417,
        9,
        53,
        107,
        25,
        0,
        0,
        1,
        0,
        0,
        0,
        0
      ],