{
  "primary_metric": "pass_at_1",
  "n_items": 612,
  "n_items_correct": 30,
  "n_items_incorrect": 582,
  "n_items_unknown": 0,
  "n_generations": 612,
  "samples_per_item": [
    1
  ],
  "all_rollouts": {
    "tokens": {
      "n": 612,
      "min": 2,
      "max": 5138,
      "mean": 915.1503267973857,
      "std": 1200.3143475595923,
      "var": 1440754.5329574095,
      "p10": 128,
      "p25": 327,
      "p50": 567,
      "p75": 792,
      "p90": 3219,
      "p95": 4388,
      "p99": 4792
    },
    "tokens_histogram": {
      "edges": [
        0,
        10,
        20,
        50,
        100,
        200,
        500,
        1000,
        2000,
        5000,
        10000,
        20000,
        40000
      ],
      "counts": [
        1,
        4,
        2,
        32,
        60,
        158,
        265,
        25,
        63,
        2,
        0,
        0
      ],
      "labels": [
        "[0,10)",
        "[10,20)",
        "[20,50)",
        "[50,100)",
        "[100,200)",
        "[200,500)",
        "[500,1000)",
        "[1000,2000)",
        "[2000,5000)",
        "[5000,10000)",
        "[10000,20000)",
        "[20000,40000)"
      ]
    },
    "tokens_raw": [
      855,
      537,
      753,
      940,
      804,
      467,
      4110,
      809,
      231,
      68,
      476,
      4630,
      226,
      380,
      155,
      380,
      795,
      533,
      640,
      588,
      491,
      906,
      677,
      415,
      175,
      448,
      162,
      309,
      4644,
      517,
      130,
      99,
      205,
      621,
      439,
      513,
      756,
      658,
      90,
      112,
      408,
      973,
      543,
      454,
      196,
      143,
      667,
      404,
      779,
      135,
      304,
      474,
      635,
      110,
      597,
      183,
      516,
      76,
      458,
      382,
      440,
      477,
      746,
      194,
      129,
      170,
      4388,
      333,
      527,
      223,
      100,
      649,
      566,
      120,
      738,
      681,
      4842,
      478,
      625,
      223,
      694,
      405,
      661,
      77,
      505,
      493,
      443,
      42,
      4622,
      563,
      589,
      114,
      137,
      4781,
      895,
      825,
      4877,
      375,
      614,
      400,
      251,
      804,
      76,
      639,
      711,
      304,
      66,
      574,
      384,
      118,
      799,
      4577,
      134,
      782,
      555,
      595,
      533,
      88,
      83,
      367,
      641,
      65,
      132,
      751,
      729,
      550,
      941,
      4640,
      96,
      321,
      457,
      524,
      421,
      4045,
      1256,
      79,
      505,
      101,
      710,
      457,
      528,
      118,
      889,
      4634,
      79,
      4792,
      327,
      742,
      139,
      521,
      4372,
      4239,
      456,
      125,
      1174,
      523,
      1075,
      500,
      583,
      172,
      195,
      4367,
      4132,
      693,
      757,
      574,
      518,
      850,
      5138,
      578,
      67,
      5082,
      157,
      701,
      78,
      4448,
      4537,
      625,
      91,
      1503,
      417,
      641,
      526,
      69,
      792,
      590,
      90,
      686,
      70,
      634,
      250,
      733,
      646,
      261,
      855,
      1951,
      529,
      922,
      908,
      304,
      711,
      1048,
      667,
      632,
      266,
      1183,
      846,
      718,
      226,
      787,
      893,
      3537,
      418,
      1166,
      701,
      816,
      4249,
      299,
      568,
      615,
      211,
      679,
      4588,
      591,
      1586,
      849,
      4971,
      631,
      692,
      471,
      705,
      792,
      854,
      328,
      3380,
      2359,
      728,
      4370,
      230,
      4091,
      705,
      4700,
      969,
      698,
      228,
      302,
      774,
      756,
      746,
      285,
      4533,
      312,
      412,
      1016,
      910,
      145,
      694,
      515,
      158,
      835,
      712,
      749,
      1223,
      10,
      359,
      686,
      255,
      1046,
      639,
      728,
      87,
      775,
      679,
      143,
      257,
      397,
      3219,
      834,
      3606,
      123,
      394,
      720,
      4166,
      898,
      102,
      802,
      622,
      4452,
      4641,
      75,
      473,
      714,
      512,
      689,
      577,
      359,
      870,
      801,
      442,
      101,
      459,
      2059,
      648,
      134,
      787,
      527,
      802,
      916,
      2022,
      350,
      831,
      635,
      159,
      675,
      1418,
      3688,
      405,
      185,
      13,
      156,
      819,
      685,
      701,
      335,
      143,
      1486,
      291,
      517,
      505,
      981,
      664,
      638,
      989,
      211,
      469,
      605,
      884,
      639,
      595,
      708,
      4149,
      234,
      813,
      650,
      809,
      3559,
      280,
      578,
      195,
      911,
      3960,
      449,
      4151,
      603,
      873,
      1103,
      345,
      1010,
      758,
      1465,
      302,
      418,
      139,
      614,
      519,
      750,
      572,
      1220,
      677,
      333,
      2,
      4137,
      979,
      184,
      4335,
      80,
      733,
      461,
      4172,
      430,
      636,
      447,
      213,
      615,
      79,
      1923,
      673,
      4632,
      851,
      1147,
      13,
      727,
      704,
      417,
      3260,
      499,
      633,
      126,
      844,
      1144,
      649,
      357,
      564,
      4528,
      905,
      918,
      58,
      643,
      72,
      867,
      449,
      634,
      118,
      131,
      770,
      92,
      750,
      810,
      412,
      878,
      1015,
      577,
      635,
      598,
      1049,
      752,
      544,
      4227,
      609,
      557,
      563,
      122,
      3550,
      947,
      603,
      208,
      760,
      521,
      485,
      13,
      4480,
      658,
      644,
      4958,
      955,
      722,
      540,
      753,
      586,
      557,
      542,
      593,
      4118,
      629,
      922,
      520,
      397,
      105,
      543,
      693,
      764,
      62,
      288,
      553,
      4709,
      210,
      119,
      731,
      462,
      307,
      346,
      110,
      234,
      529,
      130,
      204,
      245,
      460,
      4338,
      355,
      770,
      677,
      721,
      437,
      772,
      242,
      404,
      4251,
      308,
      45,
      256,
      173,
      465,
      113,
      531,
      4270,
      98,
      609,
      230,
      570,
      374,
      353,
      418,
      708,
      4779,
      127,
      620,
      130,
      729,
      263,
      140,
      457,
      299,
      567,
      879,
      498,
      455,
      530,
      584,
      114,
      542,
      863,
      4575,
      869,
      607,
      353,
      753,
      422,
      4149,
      425,
      474,
      715,
      452,
      561,
      243,
      991,
      596,
      553,
      482,
      468,
      218,
      731,
      1015,
      636,
      668,
      460,
      358,
      526,
      4650,
      491,
      470,
      304,
      879,
      4096,
      883,
      1339,
      824,
      718,
      452,
      398,
      97,
      577,
      536,
      693,
      388,
      4755,
      128,
      608,
      564,
      349,
      397,
      114,
      568,
      369,
      471,
      731,
      195,
      4686,
      287,
      367,
      331,
      278,
      380,
      360,
      785,
      148,
      93,
      513,
      486,
      325,
      404,
      417,
      611,
      319,
      683,
      131,
      245,
      296,
      844,
      408,
      478,
      301,
      723,
      356,
      258,
      361,
      70,
      425,
      614,
      82,
      328,
      846
    ],