{
  "primary_metric": "exact_match_flex",
  "n_items": 500,
  "n_items_correct": 44,
  "n_items_incorrect": 456,
  "n_items_unknown": 0,
  "n_generations": 500,
  "samples_per_item": [
    1
  ],
  "all_rollouts": {
    "tokens": {
      "n": 500,
      "min": 2,
      "max": 4903,
      "mean": 209.114,
      "std": 767.716721847323,
      "var": 589388.965004,
      "p10": 2,
      "p25": 2,
      "p50": 3,
      "p75": 45,
      "p90": 258,
      "p95": 956,
      "p99": 4364
    },
    "tokens_histogram": {
      "edges": [
        0,
        10,
        20,
        50,
        100,
        200,
        500,
        1000,
        2000,
        5000,
        10000,
        20000,
        40000
      ],
      "counts": [
        319,
        34,
        24,
        29,
        31,
        33,
        6,
        4,
        20,
        0,
        0,
        0
      ],
      "labels": [
        "[0,10)",
        "[10,20)",
        "[20,50)",
        "[50,100)",
        "[100,200)",
        "[200,500)",
        "[500,1000)",
        "[1000,2000)",
        "[2000,5000)",
        "[5000,10000)",
        "[10000,20000)",
        "[20000,40000)"
      ]
    },
    "tokens_raw": [
      2,
      9,
      2,
      2,
      2,
      3,
      2,
      2,
      2,
      3,
      4,
      3198,
      4060,
      2,
      2,
      622,
      9,
      226,
      2,
      16,
      77,
      2,
      10,
      557,
      2,
      4,
      2,
      28,
      3,
      3,
      4133,
      24,
      2,
      6,
      2,
      2,
      115,
      3,
      4903,
      2,
      2,
      2,
      2,
      3,
      4648,
      3,
      3,
      413,
      2,
      3,
      115,
      41,
      2,
      34,
      3,
      190,
      91,
      69,
      221,
      2,
      1447,
      2,
      10,
      101,
      129,
      2,
      69,
      2,
      2,
      78,
      13,
      35,
      2,
      87,
      4,
      54,
      106,
      2,
      2,
      3,
      2,
      2,
      2,
      2222,
      71,
      2,
      21,
      478,
      642,
      2,
      2,
      176,
      11,
      3,
      3,
      95,
      1501,
      3,
      15,
      2,
      3,
      3,
      7,
      2,
      27,
      2,
      2,
      3,
      2,
      2,
      2,
      7,
      3,
      4,
      4,
      3,
      13,
      3,
      260,
      15,
      31,
      225,
      2,
      3,
      168,
      2,
      2,
      30,
      2,
      2,
      2,
      3,
      2,
      3,
      3,
      3,
      3679,
      31,
      3,
      2,
      3,
      5,
      5,
      420,
      2,
      2,
      18,
      10,
      203,
      2,
      205,
      2,
      2,
      2,
      2,
      3,
      2,
      236,
      3,
      66,
      2,
      10,
      3,
      1477,
      2,
      3,
      2,
      3,
      223,
      258,
      2,
      27,
      2,
      162,
      5,
      86,
      261,
      4187,
      2,
      2,
      2,
      2,
      21,
      3,
      172,
      4,
      3,
      9,
      3,
      2,
      4,
      57,
      2,
      152,
      303,
      2,
      5,
      4,
      2,
      45,
      2,
      273,
      19,
      66,
      160,
      30,
      353,
      179,
      2,
      4100,
      2,
      30,
      181,
      69,
      2,
      2,
      4573,
      2,
      2,
      15,
      2,
      4,
      145,
      2,
      3,
      3,
      2,
      3,
      2,
      2,
      6,
      81,
      2,
      6,
      171,
      117,
      52,
      220,
      3,
      4,
      2,
      10,
      2,
      2,
      2,
      5,
      2,
      700,
      2713,
      499,
      3,
      2,
      2,
      2,
      2,
      2,
      17,
      2,
      126,
      83,
      2,
      2,
      2,
      2,
      2,
      4,
      5,
      2,
      3,
      2,
      2,
      12,
      3,
      2,
      4,
      121,
      2,
      2,
      2,
      193,
      108,
      22,
      2,
      2,
      52,
      4,
      15,
      2,
      42,
      325,
      3,
      401,
      282,
      2,
      2,
      13,
      120,
      3,
      3,
      3,
      2,
      10,
      2,
      95,
      14,
      2,
      17,
      2,
      2,
      3,
      3,
      2,
      15,
      2,
      4,
      400,
      3,
      104,
      2,
      342,
      13,
      2,
      2,
      3,
      5,
      2,
      3,
      3,
      3,
      4205,
      2,
      3,
      2,
      5,
      6,
      3,
      3,
      6,
      2,
      2,
      31,
      2,
      2,
      126,
      3,
      3,
      2,
      2,
      47,
      3,
      2,
      4,
      2,
      4012,
      243,
      677,
      2,
      2,
      2,
      2,
      10,
      2,
      72,
      62,
      2,
      3,
      351,
      259,
      52,
      2,
      3,
      2,
      2,
      74,
      2,
      2,
      3,
      440,
      2,
      3,
      445,
      228,
      2,
      2,
      2,
      2,
      2,
      3,
      3,
      21,
      105,
      2,
      27,
      2,
      2258,
      253,
      13,
      2,
      2,
      3,
      2,
      157,
      101,
      3,
      2,
      2,
      7,
      5,
      2,
      4099,
      8,
      2,
      2,
      25,
      2,
      2,
      79,
      2,
      2,
      102,
      168,
      4,
      18,
      3,
      2,
      3,
      2,
      55,
      3,
      29,
      3,
      19,
      93,
      12,
      3,
      3,
      3,
      13,
      2,
      490,
      2,
      4164,
      4364,
      2,
      4495,
      246,
      78,
      3,
      2,
      2,
      7,
      2,
      4,
      11,
      3,
      2,
      16,
      16,
      10,
      2,
      2,
      2,
      2,
      5,
      2,
      6,
      3,
      2,
      2,
      146,
      1343,
      2,
      3,
      956,
      13,
      3,
      2,
      2,
      4,
      2,
      2,
      93,
      2,
      66,
      2,
      3,
      3,
      2161,
      2,
      3,
      3,
      3,
      2,
      2,
      6,
      45,
      7,
      3677,
      179,
      211
    ],
    "chars": {
      "n": 500,
      "min": 0,
      "max": 36091,
      "mean": 548.722,
      "std": 2457.7538348492103,
      "var": 6040553.912716,
      "p10": 2,
      "p25": 6,
      "p50": 11,
      "p75": 117,
      "p90": 736,
      "p95": 2899,
      "p99": 11295
    },
    "chars_histogram": {
      "edges": [
        0,
        50,
        100,
        250,
        500,
        1000,
        2500,
        5000,
        10000,
        25000,
        50000,
        100000,
        200000
      ],
      "counts": [
        346,
        26,
        32,
        25,
        31,
        15,
        11,
        6,
        7,
        1,
        0,
        0
      ],
      "labels": [
        "[0,50)",
        "[50,100)",
        "[100,250)",
        "[250,500)",
        "[500,1000)",
        "[1000,2500)",
        "[2500,5000)",
        "[5000,10000)",
        "[10000,25000)",
        "[25000,50000)",
        "[50000,100000)",
        "[100000,200000)"
      ]
    }
  },
  "correct_rollouts": {
    "tokens": {
      "n": 44,
      "min": 9,
      "max": 642,
      "mean": 165.22727272727272,
      "std": 159.9199890337727,
      "var": 25574.402892561982,
      "p10": 13,
      "p25": 24,
      "p50": 121,
      "p75": 225,
      "p90": 413,
      "p95": 478,
      "p99": 642
    },
    "tokens_histogram": {
      "edges": [
        0,
        10,
        20,
        50,
        100,
        200,
        500,
        1000,
        2000,
        5000,
        10000,
        20000,
        40000
      ],
      "counts": [
        1,
        9,
        6,
        3,
        9,
        14,
        2,
        0,
        0,
        0,
        0,
        0
      ],
      "labels": [
        "[0,10)",
        "[10,20)",
        "[20,50)",
        "[50,100)",
        "[100,200)",
        "[200,500)",
        "[500,1000)",
        "[1000,2000)",
        "[2000,5000)",
        "[5000,10000)",
        "[10000,20000)",
        "[20000,40000)"
      ]
    },