{
  "primary_metric": "prompt_level_loose_acc",
  "n_items": 300,
  "n_items_correct": 122,
  "n_items_incorrect": 178,
  "n_items_unknown": 0,
  "n_generations": 300,
  "samples_per_item": [
    1
  ],
  "all_rollouts": {
    "tokens": {
      "n": 300,
      "min": 2,
      "max": 4674,
      "mean": 50.056666666666665,
      "std": 401.12418707372353,
      "var": 160900.61345555555,
      "p10": 2,
      "p25": 2,
      "p50": 2,
      "p75": 3,
      "p90": 24,
      "p95": 60,
      "p99": 3191
    },
    "tokens_histogram": {
      "edges": [
        0,
        10,
        20,
        50,
        100,
        200,
        500,
        1000,
        2000,
        5000,
        10000,
        20000,
        40000
      ],
      "counts": [
        253,
        11,
        16,
        10,
        6,
        1,
        0,
        0,
        3,
        0,
        0,
        0
      ],
      "labels": [
        "[0,10)",
        "[10,20)",
        "[20,50)",
        "[50,100)",
        "[100,200)",
        "[200,500)",
        "[500,1000)",
        "[1000,2000)",
        "[2000,5000)",
        "[5000,10000)",
        "[10000,20000)",
        "[20000,40000)"
      ]
    },
    "tokens_raw": [
      24,
      3,
      19,
      20,
      3,
      2,
      2,
      2,
      2,
      2,
      4,
      2,
      2,
      2,
      2,
      2,
      2,
      5,
      2,
      3,
      2,
      3,
      2,
      2,
      2,
      2,
      105,
      6,
      2,
      2,
      30,
      2,
      2,
      2,
      2,
      38,
      2,
      65,
      2,
      2,
      2,
      2,
      4,
      41,
      12,
      3,
      3,
      2,
      2,
      2,
      2,
      2,
      2,
      2,
      2,
      2,
      2,
      2,
      2,
      2,
      2,
      2,
      2,
      2,
      2,
      2,
      2,
      2,
      2,
      2,
      2,
      2,
      2,
      2,
      22,
      4082,
      2,
      2,
      2,
      2,
      2,
      2,
      3,
      23,
      2,
      2,
      19,
      2,
      2,
      2,
      2,
      2,
      25,
      2,
      2,
      78,
      19,
      24,
      33,
      58,
      2,
      6,
      2,
      2,
      3,
      2,
      8,
      2,
      179,
      2,
      2,
      2,
      2,
      7,
      2,
      2,
      13,
      2,
      2,
      2,
      2,
      2,
      3,
      2,
      2,
      2,
      101,
      155,
      152,
      49,
      10,
      2,
      62,
      2,
      55,
      2,
      2,
      2,
      10,
      18,
      9,
      41,
      10,
      4,
      2,
      2,
      2,
      393,
      2,
      4,
      3,
      3,
      4,
      3,
      5,
      2,
      2,
      2,
      2,
      2,
      2,
      2,
      2,
      2,
      2,
      2,
      2,
      2,
      2,
      2,
      2,
      2,
      2,
      2,
      2,
      56,
      2,
      2,
      2,
      2,
      2,
      3191,
      2,
      2,
      2,
      4,
      4,
      2,
      2,
      3,
      2,
      5,
      3,
      3,
      4,
      3,
      4,
      3,
      4,
      3,
      2,
      2,
      2,
      2,
      2,
      2,
      2,
      2,
      2,
      2,
      2,
      2,
      2,
      2,
      2,
      2,
      2,
      2,
      2,
      2,
      2,
      2,
      2,
      2,
      52,
      2,
      2,
      2,
      4674,
      3,
      2,
      2,
      2,
      2,
      2,
      2,
      2,
      2,
      2,
      2,
      2,
      2,
      2,
      2,
      2,
      2,
      2,
      2,
      2,
      2,
      2,
      2,
      2,
      2,
      2,
      2,
      2,
      2,
      2,
      2,
      2,
      2,
      2,
      2,
      2,
      2,
      2,
      2,
      2,
      2,
      21,
      2,
      2,
      2,
      120,
      2,
      3,
      33,
      60,
      8,
      43,
      14,
      2,
      2,
      2,
      2,
      2,
      2,
      4,
      2,
      2,
      2,
      14,
      89,
      21,
      55,
      2,
      2,
      2,
      2
    ],
    "chars": {
      "n": 300,
      "min": 1,
      "max": 19624,
      "mean": 171.82666666666665,
      "std": 1551.0798227758048,
      "var": 2405848.616622222,
      "p10": 1,
      "p25": 1,
      "p50": 1,
      "p75": 9,
      "p90": 92,
      "p95": 303,
      "p99": 3190
    },
    "chars_histogram": {
      "edges": [
        0,
        50,
        100,
        250,
        500,
        1000,
        2500,
        5000,
        10000,
        25000,
        50000,
        100000,
        200000
      ],
      "counts": [
        259,
        14,
        9,
        11,
        3,
        1,
        1,
        0,
        2,
        0,
        0,
        0
      ],
      "labels": [
        "[0,50)",
        "[50,100)",
        "[100,250)",
        "[250,500)",
        "[500,1000)",
        "[1000,2500)",
        "[2500,5000)",
        "[5000,10000)",
        "[10000,25000)",
        "[25000,50000)",
        "[50000,100000)",
        "[100000,200000)"
      ]
    }
  },
  "correct_rollouts": {
    "tokens": {
      "n": 122,
      "min": 2,
      "max": 3191,
      "mean": 38.18032786885246,
      "std": 287.96590236429495,
      "var": 82924.36092448267,
      "p10": 2,
      "p25": 2,
      "p50": 2,
      "p75": 4,
      "p90": 43,
      "p95": 89,
      "p99": 155
    },
    "tokens_histogram": {
      "edges": [
        0,
        10,
        20,
        50,
        100,
        200,
        500,
        1000,
        2000,
        5000,
        10000,
        20000,
        40000
      ],
      "counts": [
        97,
        7,
        7,
        5,
        5,
        0,
        0,
        0,
        1,
        0,
        0,
        0
      ],
      "labels": [
        "[0,10)",
        "[10,20)",
        "[20,50)",
        "[50,100)",
        "[100,200)",
        "[200,500)",
        "[500,1000)",
        "[1000,2000)",
        "[2000,5000)",
        "[5000,10000)",
        "[10000,20000)",
        "[20000,40000)"
      ]
    },
    "tokens_raw": [
      24,
      19,
      5,
      105,
      6,
      2,
      2,
      2,
      2,
      2,
      2,
      22,
      2,
      2,
      2,
      2,
      23,
      19,
      2,
      2,
      25,
      2,
      2,
      2,
      6,
      2,
      3,
      7,
      2,
      2,
      13,
      2,
      101,
      155,
      152,
      49,
      10,
      2,
      62,
      55,
      2,
      2,
      10,
      10,
      3,
      2,
      2,
      2,
      2,
      2,
      2,
      2,
      2,
      2,
      2,
      2,
      2,
      2,
      2,
      2,
      2,
      2,
      2,
      3191,
      2,
      2,
      2,
      4,
      4,
      2,
      2,
      2,
      2,
      2,
      2,
      2,
      2,
      2,
      2,
      2,
      2,
      52,
      2,
      2,
      2,
      3,
      2,
      2,
      2,
      2,
      2,
      2,
      2,
      2,
      2,
      2,
      2,
      2,
      2,
      2,
      2,
      2,
      2,
      2,
      2,
      2,
      2,
      2,
      120,
      43,
      4,
      2,
      2,
      2,
      14,
      89,
      21,
      55,
      2,
      2,
      2,
      2
    ],
    "chars": {
      "n": 122,
      "min": 1,
      "max": 3190,
      "mean": 69.78688524590164,
      "std": 305.79976384181225,
      "var": 93513.49556570814,
      "p10": 1,
      "p25": 1,
      "p50": 1,
      "p75": 10,
      "p90": 156,
      "p95": 315,
      "p99": 738
    },
    "chars_histogram": {
      "edges": [
        0,
        50,
        100,
        250,
        500,
        1000,
        2500,
        5000,
        10000,
        25000,
        50000,
        100000,
        200000
      ],
      "counts": [
        100,
        9,
        3,
        7,
        2,
        0,
        1,
        0,
        0,
        0,
        0,
        0
      ],