{
  "primary_metric": "length_controlled_winrate",
  "n_items": 805,
  "n_items_correct": 0,
  "n_items_incorrect": 0,
  "n_items_unknown": 805,
  "n_generations": 805,
  "samples_per_item": [
    1
  ],
  "all_rollouts": {
    "tokens": {
      "n": 805,
      "min": 2,
      "max": 5049,
      "mean": 311.99006211180125,
      "std": 761.0934826565211,
      "var": 579263.2893422322,
      "p10": 15,
      "p25": 54,
      "p50": 150,
      "p75": 248,
      "p90": 412,
      "p95": 799,
      "p99": 4371
    },
    "tokens_histogram": {
      "edges": [
        0,
        10,
        20,
        50,
        100,
        200,
        500,
        1000,
        2000,
        5000,
        10000,
        20000,
        40000
      ],
      "counts": [
        53,
        45,
        94,
        112,
        225,
        209,
        34,
        7,
        25,
        1,
        0,
        0
      ],
      "labels": [
        "[0,10)",
        "[10,20)",
        "[20,50)",
        "[50,100)",
        "[100,200)",
        "[200,500)",
        "[500,1000)",
        "[1000,2000)",
        "[2000,5000)",
        "[5000,10000)",
        "[10000,20000)",
        "[20000,40000)"
      ]
    },
    "tokens_raw": [
      112,
      3929,
      180,
      208,
      165,
      150,
      37,
      150,
      175,
      261,
      180,
      186,
      327,
      146,
      175,
      183,
      225,
      4065,
      131,
      840,
      35,
      165,
      54,
      4137,
      13,
      67,
      87,
      190,
      146,
      140,
      880,
      291,
      5049,
      142,
      14,
      220,
      171,
      295,
      231,
      79,
      40,
      288,
      201,
      63,
      233,
      431,
      352,
      235,
      58,
      228,
      15,
      72,
      304,
      260,
      168,
      276,
      228,
      277,
      279,
      68,
      238,
      239,
      236,
      293,
      590,
      84,
      299,
      124,
      162,
      113,
      59,
      15,
      129,
      60,
      154,
      202,
      184,
      4118,
      209,
      355,
      240,
      312,
      474,
      147,
      261,
      400,
      317,
      620,
      49,
      279,
      175,
      61,
      382,
      21,
      471,
      185,
      136,
      201,
      406,
      159,
      324,
      170,
      14,
      250,
      370,
      69,
      237,
      554,
      148,
      94,
      120,
      286,
      136,
      10,
      167,
      337,
      513,
      176,
      96,
      138,
      11,
      46,
      79,
      147,
      366,
      45,
      266,
      166,
      68,
      299,
      215,
      108,
      250,
      49,
      326,
      145,
      4097,
      92,
      535,
      383,
      348,
      312,
      57,
      168,
      53,
      203,
      189,
      4,
      1981,
      12,
      15,
      170,
      4147,
      535,
      370,
      29,
      457,
      320,
      30,
      37,
      799,
      28,
      245,
      62,
      2,
      106,
      165,
      25,
      15,
      64,
      274,
      4108,
      138,
      146,
      152,
      95,
      645,
      304,
      31,
      196,
      246,
      279,
      136,
      169,
      107,
      307,
      187,
      208,
      3942,
      191,
      5,
      189,
      158,
      201,
      1819,
      31,
      66,
      50,
      142,
      2,
      253,
      207,
      2,
      649,
      556,
      273,
      290,
      53,
      4089,
      113,
      13,
      17,
      325,
      237,
      2,
      162,
      165,
      131,
      93,
      185,
      183,
      382,
      74,
      253,
      130,
      24,
      171,
      137,
      4785,
      106,
      47,
      61,
      7,
      160,
      152,
      507,
      298,
      193,
      175,
      146,
      350,
      269,
      38,
      478,
      125,
      15,
      136,
      155,
      250,
      20,
      109,
      47,
      227,
      255,
      90,
      191,
      322,
      272,
      152,
      121,
      63,
      92,
      2,
      213,
      32,
      689,
      30,
      56,
      190,
      417,
      268,
      304,
      168,
      76,
      94,
      178,
      136,
      91,
      127,
      296,
      204,
      278,
      107,
      277,
      1500,
      47,
      68,
      811,
      196,
      399,
      236,
      81,
      55,
      50,
      2,
      153,
      13,
      1223,
      226,
      78,
      293,
      136,
      140,
      21,
      215,
      2,
      390,
      58,
      321,
      28,
      824,
      33,
      503,
      221,
      65,
      4048,
      111,
      50,
      69,
      243,
      158,
      262,
      279,
      70,
      103,
      201,
      180,
      94,
      290,
      242,
      202,
      445,
      12,
      10,
      578,
      4803,
      10,
      73,
      44,
      40,
      25,
      276,
      2,
      251,
      160,
      141,
      155,
      140,
      47,
      2,
      35,
      117,
      202,
      157,
      255,
      161,
      169,
      282,
      94,
      109,
      856,
      664,
      7,
      188,
      130,
      242,
      12,
      155,
      157,
      4371,
      8,
      8,
      161,
      30,
      444,
      75,
      12,
      266,
      772,
      495,
      149,
      257,
      267,
      152,
      72,
      38,
      118,
      161,
      307,
      11,
      2,
      77,
      271,
      538,
      248,
      212,
      41,
      251,
      163,
      4116,
      166,
      189,
      30,
      161,
      32,
      129,
      178,
      70,
      24,
      65,
      375,
      75,
      146,
      769,
      279,
      165,
      153,
      178,
      73,
      39,
      30,
      38,
      1738,
      24,
      22,
      829,
      210,
      92,
      306,
      179,
      86,
      149,
      144,
      49,
      307,
      270,
      39,
      335,
      5,
      2,
      19,
      222,
      110,
      69,
      209,
      324,
      62,
      125,
      35,
      167,
      313,
      310,
      192,
      194,
      213,
      104,
      130,
      49,
      15,
      174,
      81,
      99,
      115,
      155,
      191,
      59,
      182,
      162,
      3954,
      29,
      272,
      59,
      49,
      8,
      74,
      31,
      56,
      2,
      149,
      78,
      45,
      16,
      2,
      115,
      172,
      16,
      58,
      144,
      89,
      68,
      206,
      102,
      81,
      11,
      2,
      7,
      406,
      276,
      87,
      411,
      70,
      95,
      224,
      573,
      58,
      178,
      56,
      287,
      211,
      21,
      32,
      128,
      285,
      37,
      192,
      325,
      158,
      207,
      173,
      172,
      209,
      159,
      139,
      2,
      110,
      67,
      38,
      33,
      13,
      267,
      170,
      37,
      250,
      45,
      180,
      162,
      22,
      2,
      2,
      223,
      81,
      3,
      51,
      2,
      100,
      14,
      101,
      138,
      113,
      2,
      288,
      295,
      13,
      101,
      36,
      45,
      55,
      4800,
      214,
      291,
      116,
      248,
      137,
      56,
      311,
      163,
      280,
      590,
      213,
      262,
      52,
      48,
      86,
      159,
      154,
      54,
      415,
      95,
      33,
      236,
      561,
      511,
      299,
      4902,
      149,
      80,
      303,
      152,
      60,
      246,
      131,
      192,
      195,
      196,
      190,
      198,
      155,
      17,
      2,
      131,
      26,
      263,
      38,
      208,
      332,
      377,
      146,
      40,
      35,
      187,
      79,
      178,
      22,
      96,
      149,
      57,
      222,
      233,
      35,
      67,
      30,
      183,
      24,
      2,
      2,
      2,
      9,
      4,
      20,
      36,
      31,
      4,
      43,
      108,
      43,
      41,
      9,
      29,
