{
  "primary_metric": "pass_at_1",
  "n_items": 612,
  "n_items_correct": 25,
  "n_items_incorrect": 587,
  "n_items_unknown": 0,
  "n_generations": 612,
  "samples_per_item": [
    1
  ],
  "all_rollouts": {
    "tokens": {
      "n": 612,
      "min": 2,
      "max": 4546,
      "mean": 125.40522875816994,
      "std": 486.99341955678864,
      "var": 237162.59069161434,
      "p10": 10,
      "p25": 10,
      "p50": 10,
      "p75": 99,
      "p90": 141,
      "p95": 194,
      "p99": 3492
    },
    "tokens_histogram": {
      "edges": [
        0,
        10,
        20,
        50,
        100,
        200,
        500,
        1000,
        2000,
        5000,
        10000,
        20000,
        40000
      ],
      "counts": [
        56,
        259,
        29,
        118,
        120,
        9,
        11,
        0,
        10,
        0,
        0,
        0
      ],
      "labels": [
        "[0,10)",
        "[10,20)",
        "[20,50)",
        "[50,100)",
        "[100,200)",
        "[200,500)",
        "[500,1000)",
        "[1000,2000)",
        "[2000,5000)",
        "[5000,10000)",
        "[10000,20000)",
        "[20000,40000)"
      ]
    },
    "tokens_raw": [
      10,
      2,
      10,
      3420,
      13,
      10,
      10,
      10,
      742,
      66,
      92,
      88,
      133,
      131,
      109,
      104,
      75,
      102,
      114,
      68,
      129,
      31,
      131,
      53,
      2,
      29,
      101,
      72,
      37,
      84,
      97,
      42,
      111,
      34,
      120,
      113,
      97,
      136,
      38,
      150,
      78,
      120,
      75,
      79,
      73,
      157,
      116,
      95,
      2,
      121,
      87,
      92,
      126,
      73,
      85,
      2,
      132,
      96,
      154,
      57,
      204,
      85,
      159,
      71,
      124,
      4546,
      113,
      2,
      103,
      171,
      98,
      58,
      125,
      125,
      99,
      96,
      79,
      86,
      117,
      165,
      150,
      100,
      105,
      52,
      47,
      83,
      130,
      39,
      89,
      132,
      3,
      118,
      128,
      29,
      154,
      79,
      148,
      59,
      83,
      105,
      80,
      116,
      75,
      83,
      54,
      189,
      66,
      81,
      140,
      114,
      141,
      140,
      129,
      104,
      71,
      2,
      78,
      78,
      98,
      105,
      85,
      62,
      134,
      89,
      111,
      88,
      114,
      100,
      99,
      56,
      77,
      30,
      83,
      117,
      120,
      96,
      228,
      106,
      121,
      24,
      105,
      95,
      87,
      100,
      76,
      147,
      167,
      126,
      76,
      125,
      152,
      66,
      68,
      97,
      108,
      112,
      2,
      25,
      156,
      152,
      106,
      94,
      72,
      162,
      82,
      3,
      117,
      84,
      31,
      82,
      42,
      124,
      24,
      182,
      34,
      55,
      133,
      70,
      113,
      25,
      93,
      88,
      64,
      69,
      57,
      110,
      73,
      131,
      61,
      93,
      10,
      2,
      10,
      10,
      10,
      10,
      10,
      4075,
      10,
      10,
      10,
      13,
      10,
      3492,
      2,
      10,
      10,
      433,
      10,
      10,
      10,
      10,
      10,
      10,
      10,
      813,
      2,
      10,
      10,
      10,
      10,
      10,
      10,
      2,
      10,
      10,
      10,
      10,
      10,
      10,
      3620,
      2,
      10,
      10,
      697,
      10,
      2,
      3,
      10,
      10,
      10,
      10,
      10,
      2,
      10,
      10,
      10,
      791,
      10,
      10,
      10,
      10,
      10,
      10,
      10,
      10,
      10,
      10,
      2,
      2,
      10,
      10,
      10,
      10,
      10,
      585,
      10,
      10,
      10,
      10,
      10,
      10,
      10,
      10,
      10,
      2,
      10,
      2,
      10,
      10,
      10,
      789,
      12,
      10,
      10,
      2,
      10,
      10,
      673,
      10,
      10,
      10,
      10,
      10,
      10,
      10,
      10,
      2,
      10,
      10,
      10,
      3,
      10,
      10,
      10,
      10,
      10,
      10,
      10,
      2,
      10,
      10,
      10,
      10,
      716,
      2,
      10,
      10,
      2,
      10,
      10,
      10,
      10,
      3,
      10,
      10,
      2,
      10,
      10,
      2,
      10,
      403,
      10,
      10,
      10,
      10,
      10,
      10,
      10,
      10,
      10,
      10,
      10,
      10,
      2,
      10,
      10,
      10,
      10,
      10,
      10,
      10,
      10,
      10,
      10,
      10,
      10,
      10,
      2,
      10,
      10,
      10,
      10,
      10,
      10,
      10,
      2,
      10,
      10,
      10,
      2,
      10,
      10,
      10,
      10,
      10,
      10,
      10,
      10,
      10,
      10,
      10,
      10,
      10,
      10,
      10,
      10,
      10,
      10,
      2,
      10,
      10,
      2,
      242,
      2,
      10,
      615,
      4250,
      2,
      2970,
      10,
      10,
      10,
      4179,
      10,
      10,
      10,
      2,
      10,
      10,
      10,
      2,
      10,
      10,
      2,
      13,
      10,
      10,
      10,
      877,
      10,
      2,
      10,
      10,
      10,
      10,
      10,
      2,
      10,
      10,
      10,
      10,
      3816,
      10,
      10,
      10,
      10,
      10,
      10,
      10,
      10,
      2,
      10,
      10,
      10,
      10,
      10,
      10,
      10,
      2,
      10,
      10,
      2,
      10,
      10,
      10,
      10,
      101,
      69,
      134,
      106,
      59,
      74,
      2,
      32,
      119,
      88,
      110,
      138,
      66,
      110,
      25,
      194,
      28,
      83,
      105,
      230,
      86,
      32,
      75,
      185,
      138,
      157,
      102,
      127,
      105,
      60,
      77,
      59,
      42,
      56,
      133,
      3,
      72,
      82,
      112,
      82,
      131,
      145,
      66,
      109,
      95,
      145,
      63,
      80,
      96,
      143,
      131,
      191,
      79,
      95,
      10,
      10,
      10,
      10,
      10,
      10,
      10,
      10,
      10,
      10,
      10,
      10,
      2,
      10,
      10,
      10,
      2,
      2,
      10,
      10,
      10,
      2,
      10,
      10,
      3,
      10,
      10,
      10,
      10,
      10,
      10,
      3485,
      13,
      10,
      10,
      10,
      10,
      10,
      2,
      10,
      10,
      2,
      304,
      10,
      12,
      645,
      10,
      10,
      10,
      2,
      10,
      10,
      10,
      103,
      94,
      105,
      97,
      114,
      95,
      79,
      110,
      162,
      90,
      157,
      117,
      74,
      87,
      39,
      99,
      95,
      159,
      150,
      114,
      234,
      104,
      144,
      89,
      67,
      90,
      135,
      91,
      36,
      276,
      33,
      128,
      24,
      58,
      142,
      126,
      72,
      109,
      32,
      86,
      77,
      76,
      73,
      67,
      141,
      117,
      26,
      26
    ],
    "chars": {
      "n": 612,
      "min": 1,
      "max": 12860,
      "mean": 316.29901960784315,
      "std": 800.2887839470557,
      "var": 640462.1377114571,
      "p10": 30,
      "p25": 30,
      "p50": 30,
      "p75": 379,
      "p90": 584,
      "p95": 795,
      "p99": 3817
    },
    "chars_histogram": {
      "edges": [
        0,
        50,
        100,
        250,
        500,
        1000,
        2500,
        5000,
        10000,
        25000,
        50000,
        100000,
        200000
      ],