{
  "primary_metric": "exact_match_flex",
  "n_items": 500,
  "n_items_correct": 123,
  "n_items_incorrect": 377,
  "n_items_unknown": 0,
  "n_generations": 500,
  "samples_per_item": [
    1
  ],
  "all_rollouts": {
    "tokens": {
      "n": 500,
      "min": 6,
      "max": 298,
      "mean": 11.422,
      "std": 25.030140151425442,
      "var": 626.507916,
      "p10": 6,
      "p25": 6,
      "p50": 7,
      "p75": 10,
      "p90": 12,
      "p95": 18,
      "p99": 205
    },
    "tokens_histogram": {
      "edges": [
        0,
        10,
        20,
        50,
        100,
        200,
        500,
        1000,
        2000,
        5000,
        10000,
        20000,
        40000
      ],
      "counts": [
        375,
        103,
        13,
        3,
        1,
        5,
        0,
        0,
        0,
        0,
        0,
        0
      ],
      "labels": [
        "[0,10)",
        "[10,20)",
        "[20,50)",
        "[50,100)",
        "[100,200)",
        "[200,500)",
        "[500,1000)",
        "[1000,2000)",
        "[2000,5000)",
        "[5000,10000)",
        "[10000,20000)",
        "[20000,40000)"
      ]
    },
    "tokens_raw": [
      12,
      10,
      11,
      6,
      8,
      7,
      7,
      7,
      10,
      12,
      9,
      6,
      8,
      7,
      6,
      10,
      7,
      6,
      7,
      6,
      10,
      9,
      6,
      6,
      6,
      6,
      8,
      8,
      10,
      6,
      9,
      11,
      8,
      13,
      12,
      6,
      6,
      7,
      9,
      7,
      7,
      11,
      7,
      8,
      9,
      6,
      6,
      6,
      10,
      7,
      8,
      24,
      6,
      11,
      9,
      6,
      7,
      8,
      9,
      7,
      10,
      8,
      6,
      7,
      7,
      6,
      10,
      9,
      8,
      6,
      9,
      9,
      6,
      18,
      7,
      11,
      6,
      6,
      8,
      6,
      7,
      6,
      298,
      8,
      6,
      8,
      8,
      6,
      6,
      7,
      7,
      6,
      12,
      7,
      8,
      6,
      6,
      6,
      10,
      23,
      8,
      6,
      12,
      6,
      6,
      8,
      8,
      7,
      6,
      9,
      6,
      8,
      7,
      6,
      7,
      9,
      6,
      6,
      7,
      6,
      6,
      6,
      6,
      7,
      11,
      217,
      12,
      9,
      6,
      7,
      6,
      6,
      6,
      8,
      7,
      6,
      6,
      10,
      6,
      45,
      7,
      6,
      9,
      16,
      11,
      6,
      10,
      7,
      7,
      7,
      210,
      8,
      7,
      6,
      10,
      11,
      7,
      6,
      9,
      8,
      7,
      6,
      18,
      13,
      6,
      11,
      12,
      7,
      6,
      7,
      7,
      12,
      8,
      6,
      6,
      6,
      15,
      11,
      8,
      19,
      6,
      11,
      9,
      7,
      11,
      6,
      6,
      6,
      6,
      8,
      10,
      6,
      7,
      6,
      16,
      7,
      9,
      6,
      9,
      7,
      8,
      7,
      10,
      6,
      18,
      23,
      13,
      7,
      6,
      6,
      6,
      8,
      7,
      6,
      8,
      6,
      7,
      15,
      10,
      9,
      6,
      7,
      6,
      6,
      6,
      8,
      6,
      6,
      7,
      7,
      6,
      6,
      6,
      7,
      7,
      12,
      9,
      7,
      6,
      7,
      7,
      7,
      14,
      6,
      6,
      10,
      6,
      11,
      26,
      53,
      7,
      7,
      8,
      10,
      12,
      6,
      13,
      8,
      11,
      94,
      7,
      7,
      6,
      7,
      6,
      9,
      10,
      8,
      6,
      6,
      7,
      12,
      9,
      8,
      7,
      7,
      6,
      9,
      8,
      7,
      6,
      7,
      8,
      6,
      6,
      8,
      6,
      7,
      6,
      7,
      6,
      7,
      6,
      18,
      7,
      8,
      6,
      8,
      23,
      205,
      11,
      11,
      6,
      7,
      7,
      10,
      6,
      12,
      6,
      11,
      6,
      6,
      11,
      11,
      8,
      8,
      6,
      6,
      30,
      7,
      12,
      7,
      6,
      10,
      8,
      6,
      9,
      8,
      6,
      10,
      13,
      11,
      6,
      6,
      8,
      6,
      10,
      6,
      11,
      7,
      9,
      6,
      6,
      10,
      6,
      6,
      7,
      28,
      9,
      9,
      6,
      11,
      7,
      8,
      8,
      8,
      9,
      6,
      6,
      6,
      6,
      6,
      10,
      6,
      17,
      6,
      6,
      6,
      7,
      8,
      11,
      6,
      7,
      12,
      6,
      7,
      8,
      6,
      6,
      17,
      18,
      8,
      10,
      21,
      12,
      11,
      6,
      7,
      6,
      10,
      7,
      6,
      7,
      10,
      6,
      6,
      6,
      7,
      7,
      10,
      11,
      6,
      10,
      6,
      6,
      7,
      6,
      6,
      20,
      10,
      6,
      7,
      8,
      9,
      6,
      6,
      10,
      6,
      15,
      54,
      11,
      7,
      15,
      9,
      8,
      9,
      10,
      7,
      8,
      8,
      8,
      14,
      9,
      12,
      8,
      21,
      6,
      6,
      6,
      36,
      11,
      9,
      7,
      7,
      8,
      6,
      6,
      7,
      6,
      7,
      7,
      12,
      8,
      7,
      13,
      6,
      8,
      6,
      7,
      10,
      7,
      11,
      8,
      6,
      6,
      8,
      6,
      7,
      6,
      7,
      260,
      7,
      14,
      6,
      6,
      8,
      8,
      6,
      6,
      178,
      6,
      7,
      7,
      6,
      6,
      7,
      9,
      6,
      7,
      7,
      7,
      8,
      10,
      7,
      6,
      20,
      6,
      10,
      6,
      8
    ],
    "chars": {
      "n": 500,
      "min": 9,
      "max": 921,
      "mean": 22.384,
      "std": 75.53325455718164,
      "var": 5705.272544,
      "p10": 9,
      "p25": 9,
      "p50": 10,
      "p75": 14,
      "p90": 23,
      "p95": 36,
      "p99": 530
    },
    "chars_histogram": {
      "edges": [
        0,
        50,
        100,
        250,
        500,
        1000,
        2500,
        5000,
        10000,
        25000,
        50000,
        100000,
        200000
      ],
      "counts": [
        482,
        8,
        4,
        1,
        5,
        0,
        0,
        0,
        0,
        0,
        0,
        0
      ],
      "labels": [
        "[0,50)",
        "[50,100)",
        "[100,250)",
        "[250,500)",
        "[500,1000)",
        "[1000,2500)",
        "[2500,5000)",
        "[5000,10000)",
        "[10000,25000)",
        "[25000,50000)",
        "[50000,100000)",
        "[100000,200000)"
      ]
    }
  },
  "correct_rollouts": {
    "tokens": {
      "n": 123,
      "min": 6,
      "max": 217,
      "mean": 12.048780487804878,
      "std": 25.626096219593798,
      "var": 656.6968074558795,
      "p10": 6,
      "p25": 6,
      "p50": 7,
      "p75": 9,
      "p90": 11,
      "p95": 19,
      "p99": 178
    },
    "tokens_histogram": {
      "edges": [
        0,
        10,
        20,
        50,
        100,
        200,
        500,
        1000,
        2000,
        5000,
        10000,
        20000,
        40000
      ],
      "counts": [
        98,
        19,
        3,
        1,
        1,
        1,
        0,
        0,
        0,
        0,
        0,
        0
      ],
      "labels": [
        "[0,10)",
        "[10,20)",
        "[20,50)",
        "[50,100)",
        "[100,200)",
        "[200,500)",
        "[500,1000)",
        "[1000,2000)",
        "[2000,5000)",
        "[5000,10000)",
        "[10000,20000)",
        "[20000,40000)"
      ]
    },