{
  "primary_metric": "prompt_level_loose_acc",
  "n_items": 300,
  "n_items_correct": 116,
  "n_items_incorrect": 184,
  "n_items_unknown": 0,
  "n_generations": 300,
  "samples_per_item": [
    1
  ],
  "all_rollouts": {
    "tokens": {
      "n": 300,
      "min": 2,
      "max": 5596,
      "mean": 1472.6266666666668,
      "std": 2180.159622739175,
      "var": 4753095.980622223,
      "p10": 2,
      "p25": 3,
      "p50": 3,
      "p75": 4438,
      "p90": 4869,
      "p95": 5053,
      "p99": 5145
    },
    "tokens_histogram": {
      "edges": [
        0,
        10,
        20,
        50,
        100,
        200,
        500,
        1000,
        2000,
        5000,
        10000,
        20000,
        40000
      ],
      "counts": [
        168,
        7,
        8,
        17,
        6,
        1,
        0,
        0,
        74,
        19,
        0,
        0
      ],
      "labels": [
        "[0,10)",
        "[10,20)",
        "[20,50)",
        "[50,100)",
        "[100,200)",
        "[200,500)",
        "[500,1000)",
        "[1000,2000)",
        "[2000,5000)",
        "[5000,10000)",
        "[10000,20000)",
        "[20000,40000)"
      ]
    },
    "tokens_raw": [
      3,
      3,
      3,
      4812,
      10,
      4361,
      3,
      3,
      4334,
      3,
      4,
      5092,
      2,
      4590,
      4373,
      3,
      2,
      5,
      2,
      4715,
      2,
      3,
      4869,
      4868,
      2,
      3,
      2,
      2,
      52,
      2,
      72,
      5116,
      2,
      15,
      4633,
      3,
      2,
      2,
      2,
      3,
      4876,
      3,
      5035,
      6,
      2,
      34,
      5069,
      2,
      2,
      2,
      2,
      2,
      3,
      3,
      13,
      3,
      2,
      4099,
      3,
      4168,
      16,
      3,
      2,
      3,
      2,
      4504,
      4405,
      3,
      3,
      4610,
      4586,
      4642,
      4455,
      2,
      4800,
      4848,
      3,
      3,
      3,
      2,
      3,
      4717,
      2,
      5009,
      3,
      3,
      96,
      4449,
      4430,
      4906,
      3,
      3,
      3,
      3,
      3,
      3,
      62,
      3,
      40,
      24,
      40,
      5,
      2,
      2,
      5087,
      2,
      2,
      3,
      3,
      3,
      4279,
      4271,
      4608,
      2,
      2,
      3,
      48,
      3,
      4972,
      4808,
      3,
      3,
      2,
      4,
      3,
      3,
      70,
      125,
      294,
      58,
      51,
      89,
      102,
      4885,
      56,
      3,
      37,
      4710,
      72,
      5596,
      2,
      58,
      3,
      5096,
      4449,
      3,
      2,
      97,
      2,
      5028,
      4812,
      2,
      3,
      2,
      3,
      11,
      4,
      3,
      4292,
      3,
      3,
      3,
      3,
      3,
      2,
      4109,
      4716,
      2,
      2,
      3,
      2,
      4393,
      4840,
      4453,
      4286,
      57,
      118,
      3,
      4384,
      3,
      3,
      4573,
      4574,
      7,
      2,
      4263,
      3,
      3,
      3,
      3,
      4821,
      3,
      3,
      5147,
      4920,
      3,
      3,
      4592,
      4917,
      5124,
      2,
      2,
      2,
      3,
      2,
      2,
      4530,
      3,
      4590,
      4,
      3,
      3,
      4517,
      4880,
      4571,
      5135,
      4821,
      2,
      5076,
      3,
      2,
      2,
      3,
      3,
      3,
      4764,
      3,
      4,
      70,
      2,
      4909,
      5127,
      3,
      4761,
      4712,
      2,
      4918,
      4918,
      2,
      5002,
      3,
      3,
      6,
      6,
      2,
      9,
      4849,
      5132,
      4719,
      4438,
      3,
      3,
      4601,
      3,
      2,
      4435,
      4732,
      4751,
      13,
      3,
      2,
      3,
      10,
      5122,
      4505,
      2,
      4,
      3,
      4265,
      3,
      90,
      4274,
      5145,
      4746,
      3,
      2,
      60,
      3,
      2,
      3,
      31,
      2,
      2,
      4746,
      4718,
      3,
      3,
      3,
      3,
      3,
      2,
      3,
      169,
      198,
      142,
      87,
      5053,
      4750,
      2,
      42
    ],
    "chars": {
      "n": 300,
      "min": 1,
      "max": 27041,
      "mean": 1851.44,
      "std": 3521.3428233748177,
      "var": 12399855.279733334,
      "p10": 9,
      "p25": 9,
      "p50": 10,
      "p75": 4448,
      "p90": 4917,
      "p95": 5126,
      "p99": 20482
    },
    "chars_histogram": {
      "edges": [
        0,
        50,
        100,
        250,
        500,
        1000,
        2500,
        5000,
        10000,
        25000,
        50000,
        100000,
        200000
      ],
      "counts": [
        173,
        4,
        12,
        10,
        7,
        1,
        66,
        21,
        4,
        2,
        0,
        0
      ],
      "labels": [
        "[0,50)",
        "[50,100)",
        "[100,250)",
        "[250,500)",
        "[500,1000)",
        "[1000,2500)",
        "[2500,5000)",
        "[5000,10000)",
        "[10000,25000)",
        "[25000,50000)",
        "[50000,100000)",
        "[100000,200000)"
      ]
    }
  },
  "correct_rollouts": {
    "tokens": {
      "n": 116,
      "min": 2,
      "max": 5127,
      "mean": 894.9741379310345,
      "std": 1812.9332179590701,
      "var": 3286726.8527794294,
      "p10": 2,
      "p25": 3,
      "p50": 3,
      "p75": 96,
      "p90": 4574,
      "p95": 4848,
      "p99": 5122
    },
    "tokens_histogram": {
      "edges": [
        0,
        10,
        20,
        50,
        100,
        200,
        500,
        1000,
        2000,
        5000,
        10000,
        20000,
        40000
      ],
      "counts": [
        78,
        1,
        1,
        8,
        5,
        1,
        0,
        0,
        19,
        3,
        0,
        0
      ],
      "labels": [
        "[0,10)",
        "[10,20)",
        "[20,50)",
        "[50,100)",
        "[100,200)",
        "[200,500)",
        "[500,1000)",
        "[1000,2000)",
        "[2000,5000)",
        "[5000,10000)",
        "[10000,20000)",
        "[20000,40000)"
      ]
    },
    "tokens_raw": [
      5,
      2,
      2,
      2,
      2,
      2,
      2,
      4848,
      3,
      3,
      3,
      2,
      96,
      3,
      3,
      3,
      3,
      3,
      5,
      2,
      2,
      2,
      3,
      48,
      3,
      70,
      125,
      294,
      58,
      51,
      89,
      102,
      4885,
      56,
      3,
      4710,
      72,
      2,
      3,
      11,
      4,
      3,
      3,
      3,
      3,
      3,
      3,
      2,
      4109,
      4393,
      4840,
      4453,
      4286,
      3,
      4384,
      3,
      3,
      4573,
      4574,
      7,
      2,
      4263,
      3,
      3,
      2,
      2,
      2,
      3,
      2,
      3,
      4,
      3,
      3,
      2,
      3,
      2,
      2,
      3,
      3,
      3,
      3,
      4,
      2,
      5127,
      3,
      4761,
      3,
      6,
      6,
      2,
      9,
      4849,
      3,
      3,
      3,
      2,
      4435,
      4732,
      5122,
      4505,
      2,
      4,
      3,
      4265,
      3,
      3,
      3,
      2,
      3,
      169,
      198,
      142,
      87,
      5053,
      4750,
      2
    ],
    "chars": {
      "n": 116,
      "min": 1,
      "max": 25528,
      "mean": 1169.448275862069,
      "std": 2949.4213089467976,
      "var": 8699086.05766944,
      "p10": 2,
      "p25": 9,
      "p50": 10,
      "p75": 514,
      "p90": 4717,
      "p95": 4884,
      "p99": 8878
    },
    "chars_histogram": {
      "edges": [
        0,
        50,
        100,
        250,
        500,
        1000,
        2500,
        5000,
        10000,
        25000,
        50000,
        100000,
        200000
      ],