{
  "primary_metric": "prompt_level_loose_acc",
  "n_items": 300,
  "n_items_correct": 114,
  "n_items_incorrect": 186,
  "n_items_unknown": 0,
  "n_generations": 300,
  "samples_per_item": [
    1
  ],
  "all_rollouts": {
    "tokens": {
      "n": 300,
      "min": 2,
      "max": 5028,
      "mean": 237.59333333333333,
      "std": 968.5851819134042,
      "var": 938157.2546222223,
      "p10": 2,
      "p25": 2,
      "p50": 3,
      "p75": 18,
      "p90": 91,
      "p95": 2950,
      "p99": 4885
    },
    "tokens_histogram": {
      "edges": [
        0,
        10,
        20,
        50,
        100,
        200,
        500,
        1000,
        2000,
        5000,
        10000,
        20000,
        40000
      ],
      "counts": [
        207,
        23,
        24,
        20,
        6,
        5,
        0,
        0,
        13,
        2,
        0,
        0
      ],
      "labels": [
        "[0,10)",
        "[10,20)",
        "[20,50)",
        "[50,100)",
        "[100,200)",
        "[200,500)",
        "[500,1000)",
        "[1000,2000)",
        "[2000,5000)",
        "[5000,10000)",
        "[10000,20000)",
        "[20000,40000)"
      ]
    },
    "tokens_raw": [
      24,
      22,
      18,
      33,
      2,
      2,
      2,
      2,
      5,
      5,
      26,
      2,
      96,
      23,
      2,
      2,
      3,
      2,
      3,
      3,
      3,
      3,
      2,
      3,
      2,
      19,
      106,
      4,
      56,
      56,
      41,
      6,
      13,
      11,
      23,
      4674,
      2,
      3,
      80,
      3,
      238,
      2,
      2,
      2,
      19,
      20,
      3,
      2,
      2,
      2,
      2,
      2,
      2,
      2,
      2,
      2,
      2,
      2,
      9,
      2950,
      15,
      2,
      3,
      2,
      2,
      2,
      4,
      4,
      2,
      4,
      2,
      3,
      2,
      2,
      22,
      144,
      2,
      2,
      2,
      2,
      2,
      2,
      3,
      4,
      4,
      3,
      19,
      2,
      4,
      2,
      2,
      2,
      197,
      4,
      2,
      87,
      24,
      85,
      37,
      50,
      2,
      6,
      2,
      2,
      3,
      5,
      7,
      3,
      226,
      3,
      10,
      4,
      9,
      98,
      2,
      2,
      2,
      107,
      27,
      3,
      3,
      3,
      7,
      44,
      3,
      2,
      79,
      91,
      53,
      21,
      42,
      67,
      37,
      4634,
      34,
      4208,
      4,
      3,
      10,
      12,
      10,
      52,
      15,
      10,
      2,
      11,
      2,
      5028,
      4,
      4,
      3,
      3,
      4,
      5,
      5,
      2,
      2,
      2,
      220,
      2,
      2,
      2,
      2,
      2,
      2,
      2,
      2,
      2,
      2,
      2,
      2,
      2,
      2,
      2,
      2,
      55,
      3,
      2,
      3,
      2,
      19,
      2,
      4629,
      2,
      2,
      2,
      2,
      2,
      18,
      44,
      3,
      222,
      4,
      3,
      4,
      3,
      4,
      3,
      4,
      3,
      2,
      2,
      2,
      2,
      2,
      2,
      2,
      3637,
      4782,
      2,
      2,
      2,
      2,
      2,
      2,
      2,
      2,
      2,
      2,
      2,
      2,
      2,
      2,
      2,
      13,
      15,
      2,
      97,
      3918,
      4097,
      62,
      2,
      67,
      2,
      3,
      2,
      4583,
      174,
      2,
      4570,
      4885,
      2,
      2,
      2,
      2,
      2,
      2,
      2,
      2,
      2,
      2,
      2,
      2,
      2,
      2,
      2,
      2,
      2,
      2,
      3,
      4,
      3,
      2,
      10,
      5,
      63,
      32,
      2,
      2,
      2,
      53,
      5009,
      4727,
      3,
      104,
      55,
      255,
      33,
      10,
      2,
      20,
      14,
      27,
      2,
      2,
      2,
      2,
      2,
      2,
      2,
      3,
      2,
      23,
      12,
      23,
      12,
      2,
      2,
      2,
      2
    ],
    "chars": {
      "n": 300,
      "min": 1,
      "max": 39996,
      "mean": 631.4766666666667,
      "std": 3337.9387536006243,
      "var": 11141835.12278889,
      "p10": 1,
      "p25": 1,
      "p50": 6,
      "p75": 52,
      "p90": 401,
      "p95": 4569,
      "p99": 20643
    },
    "chars_histogram": {
      "edges": [
        0,
        50,
        100,
        250,
        500,
        1000,
        2500,
        5000,
        10000,
        25000,
        50000,
        100000,
        200000
      ],
      "counts": [
        224,
        19,
        17,
        18,
        6,
        1,
        6,
        4,
        4,
        1,
        0,
        0
      ],
      "labels": [
        "[0,50)",
        "[50,100)",
        "[100,250)",
        "[250,500)",
        "[500,1000)",
        "[1000,2500)",
        "[2500,5000)",
        "[5000,10000)",
        "[10000,25000)",
        "[25000,50000)",
        "[50000,100000)",
        "[100000,200000)"
      ]
    }
  },
  "correct_rollouts": {
    "tokens": {
      "n": 114,
      "min": 2,
      "max": 4629,
      "mean": 84.1842105263158,
      "std": 545.4777974124985,
      "var": 297546.0274699908,
      "p10": 2,
      "p25": 2,
      "p50": 2,
      "p75": 11,
      "p90": 52,
      "p95": 91,
      "p99": 3637
    },
    "tokens_histogram": {
      "edges": [
        0,
        10,
        20,
        50,
        100,
        200,
        500,
        1000,
        2000,
        5000,
        10000,
        20000,
        40000
      ],
      "counts": [
        85,
        8,
        9,
        8,
        2,
        0,
        0,
        0,
        2,
        0,
        0,
        0
      ],
      "labels": [
        "[0,10)",
        "[10,20)",
        "[20,50)",
        "[50,100)",
        "[100,200)",
        "[200,500)",
        "[500,1000)",
        "[1000,2000)",
        "[2000,5000)",
        "[5000,10000)",
        "[10000,20000)",
        "[20000,40000)"
      ]
    },
    "tokens_raw": [
      24,
      5,
      106,
      4,
      56,
      56,
      11,
      2,
      2,
      2,
      2,
      2,
      4,
      4,
      4,
      2,
      22,
      2,
      2,
      2,
      2,
      19,
      2,
      2,
      4,
      2,
      2,
      6,
      2,
      3,
      9,
      98,
      2,
      2,
      2,
      107,
      79,
      91,
      53,
      21,
      42,
      67,
      37,
      34,
      52,
      15,
      5,
      2,
      2,
      2,
      2,
      2,
      2,
      2,
      2,
      2,
      2,
      2,
      2,
      2,
      3,
      2,
      3,
      2,
      19,
      2,
      4629,
      2,
      2,
      2,
      2,
      2,
      18,
      2,
      2,
      2,
      2,
      2,
      3637,
      2,
      2,
      2,
      2,
      2,
      13,
      2,
      2,
      2,
      2,
      2,
      2,
      2,
      2,
      2,
      2,
      2,
      2,
      2,
      2,
      2,
      2,
      2,
      20,
      2,
      3,
      2,
      23,
      12,
      23,
      12,
      2,
      2,
      2,
      2
    ],
    "chars": {
      "n": 114,
      "min": 1,
      "max": 39996,
      "mean": 436.00877192982455,
      "std": 3747.4315285708103,
      "var": 14043243.061326561,
      "p10": 1,
      "p25": 1,
      "p50": 2,
      "p75": 19,
      "p90": 178,
      "p95": 401,
      "p99": 4628
    },
    "chars_histogram": {
      "edges": [
        0,
        50,
        100,
        250,
        500,
        1000,
        2500,
        5000,
        10000,
        25000,
        50000,
        100000,
        200000
      ],
      "counts": [
        91,
        7,
        6,
        7,
        1,
        0,
        1,
        0,
        0,
        1,
        0,
        0
      ],