{
  "primary_metric": "prompt_level_loose_acc",
  "n_items": 300,
  "n_items_correct": 110,
  "n_items_incorrect": 190,
  "n_items_unknown": 0,
  "n_generations": 300,
  "samples_per_item": [
    1
  ],
  "all_rollouts": {
    "tokens": {
      "n": 300,
      "min": 2,
      "max": 4941,
      "mean": 200.26666666666668,
      "std": 919.1849263825474,
      "var": 844900.9288888889,
      "p10": 2,
      "p25": 2,
      "p50": 2,
      "p75": 3,
      "p90": 6,
      "p95": 152,
      "p99": 4587
    },
    "tokens_histogram": {
      "edges": [
        0,
        10,
        20,
        50,
        100,
        200,
        500,
        1000,
        2000,
        5000,
        10000,
        20000,
        40000
      ],
      "counts": [
        272,
        3,
        7,
        3,
        2,
        0,
        0,
        0,
        13,
        0,
        0,
        0
      ],
      "labels": [
        "[0,10)",
        "[10,20)",
        "[20,50)",
        "[50,100)",
        "[100,200)",
        "[200,500)",
        "[500,1000)",
        "[1000,2000)",
        "[2000,5000)",
        "[5000,10000)",
        "[10000,20000)",
        "[20000,40000)"
      ]
    },
    "tokens_raw": [
      2,
      2,
      2,
      2,
      3,
      2,
      2,
      2,
      3,
      2,
      3,
      2,
      2,
      2,
      2,
      3,
      3,
      2,
      2,
      2,
      2,
      2,
      3,
      3,
      2,
      3,
      2,
      2,
      3,
      3,
      2,
      2,
      3,
      3,
      2,
      2,
      2,
      2,
      2,
      2,
      2,
      2,
      2,
      2,
      2,
      31,
      2,
      2,
      2,
      2,
      2,
      2,
      2,
      2,
      3,
      2,
      2,
      3,
      2,
      2,
      2,
      2,
      2,
      2,
      2,
      2,
      2,
      2,
      3,
      3,
      2,
      2,
      2,
      2,
      22,
      165,
      2,
      2,
      2,
      2,
      2,
      2,
      2,
      2,
      2,
      3,
      16,
      2,
      2,
      2,
      2,
      2,
      2,
      2,
      2,
      2,
      2,
      2,
      3,
      24,
      2,
      5,
      2,
      2,
      2,
      2,
      3,
      2,
      2,
      2,
      2,
      2,
      2,
      2,
      2,
      2,
      13,
      2,
      2,
      2,
      2,
      2,
      2,
      4,
      2,
      2,
      2,
      2,
      72,
      2,
      35,
      86,
      152,
      2,
      3,
      2,
      33,
      2,
      2,
      2,
      2,
      58,
      2,
      3,
      2,
      2,
      2,
      2,
      2,
      2,
      2,
      3,
      2,
      4136,
      2,
      2,
      2,
      2,
      3,
      2,
      2,
      2,
      2,
      2,
      2,
      2,
      2,
      2,
      2,
      2,
      2,
      2,
      2,
      2,
      2,
      2,
      2,
      2,
      4587,
      2,
      2,
      4533,
      4583,
      3,
      2,
      10,
      4941,
      3,
      3,
      2,
      2,
      2,
      2,
      2,
      2,
      2,
      4,
      3,
      2,
      3,
      3,
      2,
      2,
      6,
      2,
      2,
      2,
      2,
      2,
      2,
      2,
      2,
      2,
      2,
      2,
      3,
      3,
      2,
      3,
      2,
      3,
      2,
      3,
      3,
      2,
      3,
      2,
      3,
      2,
      3,
      3,
      2,
      3,
      2,
      3,
      3,
      4694,
      3,
      3,
      4555,
      4287,
      2,
      2,
      2,
      2,
      2,
      2,
      2,
      4459,
      4359,
      2,
      2,
      2,
      2,
      2,
      2,
      2,
      2,
      2,
      2,
      8,
      2,
      2,
      2,
      2,
      2,
      2,
      2,
      2,
      2,
      2,
      4415,
      2,
      4570,
      2,
      2,
      3,
      2,
      2,
      2,
      3,
      3,
      2,
      4571,
      2,
      2,
      2,
      2,
      2,
      2,
      2,
      2,
      2,
      2,
      20,
      45,
      2,
      2,
      2,
      2
    ],
    "chars": {
      "n": 300,
      "min": 1,
      "max": 4940,
      "mean": 209.78,
      "std": 920.1947501842567,
      "var": 846758.3782666667,
      "p10": 1,
      "p25": 1,
      "p50": 1,
      "p75": 2,
      "p90": 21,
      "p95": 819,
      "p99": 4586
    },
    "chars_histogram": {
      "edges": [
        0,
        50,
        100,
        250,
        500,
        1000,
        2500,
        5000,
        10000,
        25000,
        50000,
        100000,
        200000
      ],
      "counts": [
        274,
        2,
        7,
        2,
        2,
        0,
        13,
        0,
        0,
        0,
        0,
        0
      ],
      "labels": [
        "[0,50)",
        "[50,100)",
        "[100,250)",
        "[250,500)",
        "[500,1000)",
        "[1000,2500)",
        "[2500,5000)",
        "[5000,10000)",
        "[10000,25000)",
        "[25000,50000)",
        "[50000,100000)",
        "[100000,200000)"
      ]
    }
  },
  "correct_rollouts": {
    "tokens": {
      "n": 110,
      "min": 2,
      "max": 4941,
      "mean": 213.27272727272728,
      "std": 949.4016384409605,
      "var": 901363.4710743802,
      "p10": 2,
      "p25": 2,
      "p50": 2,
      "p75": 3,
      "p90": 22,
      "p95": 152,
      "p99": 4587
    },
    "tokens_histogram": {
      "edges": [
        0,
        10,
        20,
        50,
        100,
        200,
        500,
        1000,
        2000,
        5000,
        10000,
        20000,
        40000
      ],
      "counts": [
        95,
        3,
        4,
        2,
        1,
        0,
        0,
        0,
        5,
        0,
        0,
        0
      ],
      "labels": [
        "[0,10)",
        "[10,20)",
        "[20,50)",
        "[50,100)",
        "[100,200)",
        "[200,500)",
        "[500,1000)",
        "[1000,2000)",
        "[2000,5000)",
        "[5000,10000)",
        "[10000,20000)",
        "[20000,40000)"
      ]
    },
    "tokens_raw": [
      2,
      2,
      2,
      2,
      2,
      2,
      22,
      2,
      2,
      2,
      2,
      16,
      2,
      2,
      2,
      2,
      2,
      5,
      2,
      2,
      2,
      2,
      13,
      2,
      2,
      2,
      72,
      2,
      35,
      86,
      152,
      2,
      3,
      2,
      2,
      4136,
      2,
      2,
      2,
      2,
      2,
      2,
      2,
      2,
      2,
      2,
      2,
      2,
      2,
      2,
      2,
      2,
      2,
      4587,
      2,
      2,
      4533,
      4583,
      3,
      2,
      10,
      4941,
      3,
      3,
      2,
      2,
      6,
      2,
      3,
      2,
      3,
      3,
      2,
      3,
      2,
      3,
      2,
      3,
      3,
      2,
      3,
      2,
      2,
      2,
      2,
      2,
      2,
      2,
      2,
      2,
      2,
      2,
      2,
      2,
      2,
      2,
      2,
      2,
      2,
      2,
      2,
      2,
      2,
      2,
      20,
      45,
      2,
      2,
      2,
      2
    ],
    "chars": {
      "n": 110,
      "min": 1,
      "max": 4940,
      "mean": 228.9,
      "std": 950.092875364394,
      "var": 902676.4718181818,
      "p10": 1,
      "p25": 1,
      "p50": 1,
      "p75": 9,
      "p90": 138,
      "p95": 819,
      "p99": 4586
    },
    "chars_histogram": {
      "edges": [
        0,
        50,
        100,
        250,
        500,
        1000,
        2500,
        5000,
        10000,
        25000,
        50000,
        100000,
        200000
      ],
      "counts": [
        97,
        2,
        3,
        2,
        1,
        0,
        5,
        0,
        0,
        0,
        0,
        0
      ],
      "labels": [
        "[0,50)",
        "[50,100)",
        "[100,250)",
        "[250,500)",
        "[500,1000)",
        "[1000,2500)",
        "[2500,5000)",
        "[5000,10000)",
        "[10000,25000)",
        "[25000,50000)",
        "[50000,100000)",
        "[100000,200000)"
      ]
    }
  },