{
  "primary_metric": "exact_match_flex",
  "n_items": 500,
  "n_items_correct": 231,
  "n_items_incorrect": 269,
  "n_items_unknown": 0,
  "n_generations": 500,
  "samples_per_item": [
    1
  ],
  "all_rollouts": {
    "tokens": {
      "n": 500,
      "min": 2,
      "max": 5494,
      "mean": 970.312,
      "std": 1504.19691352429,
      "var": 2262608.354656,
      "p10": 164,
      "p25": 249,
      "p50": 354,
      "p75": 571,
      "p90": 4181,
      "p95": 4956,
      "p99": 5155
    },
    "tokens_histogram": {
      "edges": [
        0,
        10,
        20,
        50,
        100,
        200,
        500,
        1000,
        2000,
        5000,
        10000,
        20000,
        40000
      ],
      "counts": [
        19,
        3,
        4,
        4,
        47,
        278,
        63,
        8,
        57,
        17,
        0,
        0
      ],
      "labels": [
        "[0,10)",
        "[10,20)",
        "[20,50)",
        "[50,100)",
        "[100,200)",
        "[200,500)",
        "[500,1000)",
        "[1000,2000)",
        "[2000,5000)",
        "[5000,10000)",
        "[10000,20000)",
        "[20000,40000)"
      ]
    },
    "tokens_raw": [
      261,
      4059,
      367,
      7,
      7,
      256,
      26,
      812,
      33,
      297,
      1674,
      270,
      231,
      203,
      466,
      3472,
      209,
      150,
      391,
      273,
      184,
      231,
      844,
      963,
      6,
      601,
      502,
      308,
      203,
      273,
      378,
      417,
      302,
      593,
      945,
      403,
      221,
      191,
      8,
      348,
      178,
      571,
      255,
      354,
      358,
      175,
      513,
      524,
      4144,
      225,
      8,
      376,
      266,
      275,
      140,
      226,
      170,
      245,
      5116,
      433,
      318,
      5010,
      4928,
      582,
      302,
      192,
      4180,
      389,
      152,
      297,
      331,
      248,
      6,
      320,
      42,
      270,
      204,
      210,
      397,
      342,
      535,
      6,
      414,
      193,
      283,
      282,
      151,
      555,
      449,
      404,
      102,
      238,
      4181,
      711,
      1929,
      532,
      184,
      228,
      188,
      3377,
      293,
      369,
      184,
      558,
      373,
      11,
      238,
      207,
      5494,
      293,
      323,
      298,
      459,
      284,
      487,
      456,
      457,
      175,
      531,
      233,
      356,
      330,
      430,
      426,
      514,
      262,
      420,
      307,
      377,
      3992,
      310,
      461,
      248,
      328,
      794,
      309,
      316,
      418,
      330,
      509,
      386,
      167,
      8,
      746,
      251,
      373,
      268,
      3817,
      241,
      759,
      269,
      391,
      363,
      5239,
      5088,
      448,
      402,
      4961,
      428,
      307,
      459,
      175,
      350,
      444,
      249,
      4,
      367,
      206,
      473,
      368,
      318,
      311,
      642,
      821,
      273,
      4187,
      215,
      164,
      279,
      117,
      144,
      4763,
      4619,
      272,
      286,
      246,
      300,
      358,
      159,
      2,
      206,
      178,
      4099,
      310,
      4939,
      419,
      121,
      461,
      341,
      255,
      373,
      646,
      442,
      5128,
      349,
      776,
      447,
      456,
      324,
      580,
      206,
      227,
      333,
      343,
      4978,
      511,
      3250,
      221,
      230,
      11,
      4879,
      484,
      338,
      5105,
      4809,
      220,
      295,
      54,
      272,
      278,
      809,
      5129,
      330,
      452,
      413,
      591,
      276,
      470,
      602,
      3508,
      268,
      293,
      671,
      270,
      368,
      648,
      7,
      693,
      1114,
      483,
      499,
      522,
      2786,
      217,
      232,
      176,
      423,
      557,
      513,
      456,
      5135,
      297,
      194,
      498,
      408,
      131,
      5170,
      392,
      311,
      268,
      352,
      499,
      372,
      4890,
      265,
      264,
      831,
      371,
      291,
      467,
      442,
      200,
      362,
      332,
      349,
      226,
      5094,
      795,
      3372,
      383,
      352,
      267,
      399,
      414,
      329,
      4906,
      442,
      1104,
      888,
      245,
      161,
      11,
      39,
      443,
      1897,
      337,
      273,
      369,
      120,
      221,
      90,
      768,
      342,
      360,
      296,
      309,
      413,
      252,
      355,
      253,
      268,
      309,
      231,
      153,
      358,
      2833,
      499,
      398,
      259,
      211,
      394,
      4984,
      4888,
      326,
      5056,
      359,
      239,
      4956,
      246,
      4953,
      4887,
      4807,
      306,
      342,
      235,
      266,
      597,
      333,
      270,
      180,
      311,
      280,
      328,
      8,
      328,
      373,
      735,
      414,
      229,
      551,
      141,
      358,
      156,
      248,
      579,
      1410,
      262,
      194,
      354,
      309,
      272,
      4999,
      297,
      4993,
      89,
      849,
      431,
      335,
      6,
      4751,
      461,
      5173,
      3940,
      459,
      124,
      7,
      301,
      212,
      327,
      450,
      5155,
      747,
      2940,
      353,
      765,
      262,
      2870,
      435,
      4118,
      135,
      4117,
      4017,
      504,
      481,
      283,
      7,
      452,
      503,
      3782,
      840,
      320,
      197,
      368,
      4994,
      581,
      492,
      277,
      280,
      4764,
      446,
      1728,
      4889,
      374,
      866,
      430,
      871,
      554,
      332,
      4315,
      358,
      173,
      5016,
      275,
      357,
      4965,
      533,
      4517,
      429,
      170,
      268,
      366,
      368,
      187,
      282,
      206,
      2777,
      4902,
      612,
      393,
      223,
      571,
      4352,
      431,
      4925,
      1177,
      6,
      713,
      172,
      7,
      714,
      7,
      455,
      8,
      161,
      682,
      177,
      4017,
      191,
      256,
      212,
      5018,
      337,
      274,
      202,
      2915,
      283,
      337,
      684,
      4954,
      276,
      481,
      211,
      439,
      5030,
      51,
      287,
      237,
      313,
      154,
      318,
      4746,
      339,
      107,
      634,
      253,
      367,
      4192,
      167,
      4079,
      301
    ],
    "chars": {
      "n": 500,
      "min": 9,
      "max": 29518,
      "mean": 2408.322,
      "std": 3924.4619399754665,
      "var": 15401401.518316,
      "p10": 481,
      "p25": 709,
      "p50": 991,
      "p75": 1504,
      "p90": 7767,
      "p95": 9941,
      "p99": 20610
    },
    "chars_histogram": {
      "edges": [
        0,
        50,
        100,
        250,
        500,
        1000,
        2500,
        5000,
        10000,
        25000,
        50000,
        100000,
        200000
      ],
      "counts": [
        22,
        1,
        7,
        24,
        201,
        163,
        7,
        52,
        22,
        1,
        0,
        0
      ],
      "labels": [
        "[0,50)",
        "[50,100)",
        "[100,250)",
        "[250,500)",
        "[500,1000)",
        "[1000,2500)",
        "[2500,5000)",
        "[5000,10000)",
        "[10000,25000)",
        "[25000,50000)",
        "[50000,100000)",
        "[100000,200000)"
      ]
    }
  },
  "correct_rollouts": {
    "tokens": {
      "n": 231,
      "min": 6,
      "max": 4764,
      "mean": 380.030303030303,
      "std": 418.84340226213766,
      "var": 175429.79561852288,
      "p10": 175,
      "p25": 232,
      "p50": 311,