{
  "primary_metric": "pass_at_1",
  "n_items": 612,
  "n_items_correct": 10,
  "n_items_incorrect": 602,
  "n_items_unknown": 0,
  "n_generations": 612,
  "samples_per_item": [
    1
  ],
  "all_rollouts": {
    "tokens": {
      "n": 612,
      "min": 2,
      "max": 276,
      "mean": 32.80392156862745,
      "std": 44.567941645647,
      "var": 1986.3014225297961,
      "p10": 2,
      "p25": 2,
      "p50": 2,
      "p75": 67,
      "p90": 99,
      "p95": 123,
      "p99": 155
    },
    "tokens_histogram": {
      "edges": [
        0,
        10,
        20,
        50,
        100,
        200,
        500,
        1000,
        2000,
        5000,
        10000,
        20000,
        40000
      ],
      "counts": [
        343,
        28,
        61,
        120,
        58,
        2,
        0,
        0,
        0,
        0,
        0,
        0
      ],
      "labels": [
        "[0,10)",
        "[10,20)",
        "[20,50)",
        "[50,100)",
        "[100,200)",
        "[200,500)",
        "[500,1000)",
        "[1000,2000)",
        "[2000,5000)",
        "[5000,10000)",
        "[10000,20000)",
        "[20000,40000)"
      ]
    },
    "tokens_raw": [
      2,
      2,
      2,
      2,
      2,
      2,
      2,
      2,
      10,
      65,
      92,
      92,
      25,
      2,
      59,
      39,
      70,
      109,
      111,
      57,
      2,
      31,
      2,
      53,
      2,
      110,
      167,
      37,
      34,
      2,
      75,
      47,
      71,
      2,
      160,
      2,
      97,
      122,
      39,
      70,
      78,
      41,
      75,
      71,
      2,
      25,
      2,
      52,
      2,
      124,
      2,
      90,
      134,
      73,
      83,
      101,
      129,
      88,
      27,
      43,
      2,
      88,
      2,
      2,
      124,
      2,
      110,
      2,
      2,
      137,
      94,
      116,
      123,
      84,
      102,
      59,
      75,
      2,
      81,
      30,
      129,
      95,
      87,
      50,
      2,
      82,
      129,
      39,
      77,
      126,
      2,
      90,
      33,
      29,
      141,
      79,
      34,
      53,
      74,
      74,
      84,
      25,
      70,
      26,
      34,
      113,
      66,
      89,
      71,
      143,
      154,
      155,
      91,
      85,
      29,
      98,
      70,
      78,
      93,
      227,
      100,
      62,
      133,
      77,
      86,
      88,
      113,
      103,
      88,
      2,
      115,
      2,
      83,
      2,
      35,
      76,
      68,
      25,
      2,
      59,
      27,
      93,
      83,
      101,
      76,
      2,
      26,
      114,
      64,
      119,
      2,
      55,
      2,
      107,
      2,
      84,
      276,
      25,
      145,
      29,
      60,
      94,
      26,
      2,
      71,
      71,
      122,
      99,
      31,
      84,
      42,
      99,
      2,
      158,
      62,
      2,
      34,
      2,
      104,
      25,
      2,
      2,
      64,
      68,
      2,
      86,
      67,
      133,
      58,
      91,
      2,
      2,
      2,
      2,
      2,
      2,
      2,
      2,
      2,
      2,
      2,
      2,
      2,
      2,
      2,
      2,
      2,
      2,
      2,
      2,
      2,
      2,
      10,
      33,
      10,
      2,
      2,
      2,
      2,
      2,
      2,
      2,
      2,
      2,
      2,
      2,
      2,
      2,
      2,
      2,
      2,
      2,
      2,
      2,
      2,
      2,
      2,
      2,
      2,
      2,
      2,
      2,
      2,
      2,
      2,
      2,
      10,
      2,
      2,
      2,
      2,
      2,
      2,
      2,
      2,
      2,
      10,
      2,
      2,
      2,
      2,
      2,
      2,
      2,
      2,
      2,
      2,
      10,
      2,
      2,
      2,
      10,
      2,
      2,
      2,
      2,
      2,
      2,
      2,
      2,
      2,
      2,
      2,
      2,
      2,
      2,
      2,
      10,
      2,
      2,
      2,
      2,
      2,
      10,
      2,
      2,
      2,
      2,
      2,
      2,
      2,
      2,
      2,
      2,
      2,
      2,
      2,
      2,
      106,
      2,
      10,
      10,
      2,
      2,
      2,
      2,
      2,
      2,
      2,
      2,
      165,
      10,
      2,
      2,
      2,
      2,
      2,
      57,
      2,
      2,
      2,
      2,
      2,
      2,
      2,
      2,
      2,
      2,
      2,
      2,
      2,
      10,
      2,
      2,
      2,
      2,
      2,
      2,
      2,
      2,
      2,
      39,
      67,
      2,
      2,
      10,
      2,
      64,
      10,
      10,
      2,
      2,
      2,
      2,
      2,
      2,
      2,
      2,
      2,
      2,
      2,
      2,
      2,
      2,
      2,
      2,
      2,
      2,
      10,
      10,
      2,
      2,
      2,
      109,
      2,
      2,
      2,
      2,
      2,
      2,
      2,
      2,
      2,
      2,
      2,
      2,
      2,
      2,
      2,
      2,
      2,
      2,
      2,
      2,
      2,
      2,
      2,
      2,
      2,
      2,
      2,
      2,
      10,
      2,
      2,
      2,
      2,
      2,
      2,
      2,
      2,
      2,
      2,
      2,
      2,
      10,
      2,
      2,
      2,
      2,
      133,
      10,
      2,
      2,
      2,
      2,
      10,
      2,
      10,
      2,
      2,
      2,
      2,
      2,
      2,
      2,
      2,
      2,
      2,
      2,
      10,
      30,
      2,
      2,
      2,
      2,
      2,
      111,
      2,
      2,
      29,
      2,
      2,
      126,
      24,
      96,
      32,
      89,
      33,
      59,
      78,
      97,
      122,
      2,
      53,
      116,
      83,
      95,
      32,
      76,
      32,
      109,
      96,
      31,
      2,
      96,
      2,
      79,
      64,
      42,
      61,
      127,
      2,
      2,
      87,
      39,
      83,
      126,
      34,
      2,
      86,
      95,
      93,
      105,
      76,
      2,
      31,
      2,
      30,
      81,
      94,
      2,
      2,
      2,
      2,
      2,
      2,
      10,
      2,
      2,
      2,
      2,
      2,
      2,
      2,
      2,
      2,
      2,
      2,
      2,
      2,
      2,
      2,
      2,
      2,
      2,
      2,
      10,
      2,
      2,
      2,
      68,
      2,
      2,
      2,
      2,
      2,
      2,
      2,
      2,
      2,
      2,
      2,
      2,
      2,
      2,
      10,
      112,
      2,
      10,
      2,
      2,
      2,
      2,
      95,
      80,
      98,
      91,
      104,
      98,
      79,
      99,
      147,
      82,
      150,
      26,
      60,
      25,
      39,
      67,
      25,
      29,
      131,
      2,
      48,
      80,
      2,
      89,
      45,
      78,
      87,
      2,
      38,
      2,
      148,
      105,
      26,
      2,
      132,
      29,
      40,
      2,
      32,
      84,
      80,
      83,
      62,
      2,
      29,
      88,
      28,
      28
    ],
    "chars": {
      "n": 612,
      "min": 1,
      "max": 1386,
      "mean": 121.44607843137256,
      "std": 179.66849111713375,
      "var": 32280.766700307573,
      "p10": 1,
      "p25": 1,
      "p50": 4,
      "p75": 249,
      "p90": 383,
      "p95": 465,
      "p99": 651
    },
    "chars_histogram": {
      "edges": [
        0,
        50,
        100,
        250,
        500,
        1000,
        2500,
        5000,
        10000,
        25000,
        50000,
        100000,
        200000
      ],
      "counts": [
        371,
        18,
        71,
        127,
        24,
        1,
        0,
        0,
        0,
        0,
        0,
        0
      ],