{
  "primary_metric": "prompt_level_loose_acc",
  "n_items": 300,
  "n_items_correct": 114,
  "n_items_incorrect": 186,
  "n_items_unknown": 0,
  "n_generations": 300,
  "samples_per_item": [
    1
  ],
  "all_rollouts": {
    "tokens": {
      "n": 300,
      "min": 2,
      "max": 5795,
      "mean": 369.3066666666667,
      "std": 1182.814225743934,
      "var": 1399049.4926222223,
      "p10": 2,
      "p25": 3,
      "p50": 14,
      "p75": 80,
      "p90": 330,
      "p95": 4563,
      "p99": 5088
    },
    "tokens_histogram": {
      "edges": [
        0,
        10,
        20,
        50,
        100,
        200,
        500,
        1000,
        2000,
        5000,
        10000,
        20000,
        40000
      ],
      "counts": [
        132,
        29,
        36,
        38,
        30,
        11,
        3,
        1,
        14,
        6,
        0,
        0
      ],
      "labels": [
        "[0,10)",
        "[10,20)",
        "[20,50)",
        "[50,100)",
        "[100,200)",
        "[200,500)",
        "[500,1000)",
        "[1000,2000)",
        "[2000,5000)",
        "[5000,10000)",
        "[10000,20000)",
        "[20000,40000)"
      ]
    },
    "tokens_raw": [
      24,
      4565,
      71,
      177,
      7,
      10,
      53,
      59,
      9,
      28,
      4,
      2,
      96,
      61,
      4,
      3,
      3,
      4,
      10,
      3,
      6,
      10,
      13,
      2,
      172,
      178,
      106,
      6,
      106,
      106,
      36,
      57,
      13,
      10,
      516,
      34,
      5037,
      64,
      174,
      4863,
      405,
      13,
      5,
      42,
      19,
      36,
      60,
      4,
      3,
      2,
      3,
      2,
      4764,
      38,
      2,
      2,
      161,
      67,
      3,
      88,
      3,
      3,
      89,
      2,
      2,
      132,
      65,
      73,
      6,
      567,
      2,
      3,
      50,
      182,
      4466,
      154,
      34,
      2,
      3972,
      5795,
      11,
      7,
      6,
      23,
      3,
      3,
      6,
      2,
      5,
      2,
      2,
      2,
      185,
      49,
      2,
      65,
      59,
      72,
      17,
      117,
      2,
      3,
      2,
      2,
      3,
      2,
      8,
      3,
      163,
      2,
      62,
      3,
      2,
      63,
      164,
      15,
      13,
      135,
      56,
      6,
      4,
      5055,
      4,
      447,
      789,
      2,
      24,
      150,
      97,
      30,
      45,
      58,
      113,
      20,
      15,
      43,
      15,
      45,
      36,
      5,
      35,
      14,
      15,
      5,
      327,
      330,
      223,
      4862,
      4,
      14,
      133,
      5090,
      23,
      4563,
      4,
      14,
      9,
      9,
      464,
      22,
      4,
      20,
      12,
      2,
      4,
      7,
      2,
      2,
      2,
      2,
      2,
      18,
      2,
      2,
      2,
      4110,
      1017,
      20,
      16,
      98,
      192,
      88,
      30,
      2,
      73,
      2,
      2,
      34,
      58,
      21,
      61,
      4987,
      67,
      25,
      309,
      102,
      199,
      6,
      74,
      3,
      2,
      2,
      2,
      2,
      2,
      2,
      80,
      158,
      2,
      3,
      2,
      47,
      5008,
      25,
      3,
      2,
      2,
      10,
      77,
      2,
      2,
      2,
      2,
      106,
      82,
      14,
      3,
      96,
      5088,
      4218,
      4854,
      28,
      49,
      32,
      4,
      41,
      3,
      337,
      107,
      3,
      338,
      2,
      2,
      2,
      2,
      2,
      2,
      2,
      9,
      2,
      2,
      2,
      4883,
      4357,
      9,
      12,
      3,
      14,
      40,
      3,
      5,
      3,
      106,
      32,
      11,
      4635,
      113,
      14,
      2,
      8,
      93,
      9,
      8,
      2,
      120,
      64,
      324,
      33,
      12,
      2,
      38,
      14,
      189,
      2,
      3,
      2,
      2,
      7,
      73,
      6,
      5,
      7,
      114,
      208,
      66,
      50,
      2,
      2,
      3,
      5
    ],
    "chars": {
      "n": 300,
      "min": 0,
      "max": 45618,
      "mean": 1573.57,
      "std": 5440.056815123043,
      "var": 29594218.151766665,
      "p10": 3,
      "p25": 6,
      "p50": 50,
      "p75": 360,
      "p90": 1187,
      "p95": 17574,
      "p99": 26751
    },
    "chars_histogram": {
      "edges": [
        0,
        50,
        100,
        250,
        500,
        1000,
        2500,
        5000,
        10000,
        25000,
        50000,
        100000,
        200000
      ],
      "counts": [
        149,
        23,
        34,
        38,
        22,
        11,
        3,
        2,
        15,
        3,
        0,
        0
      ],
      "labels": [
        "[0,50)",
        "[50,100)",
        "[100,250)",
        "[250,500)",
        "[500,1000)",
        "[1000,2500)",
        "[2500,5000)",
        "[5000,10000)",
        "[10000,25000)",
        "[25000,50000)",
        "[50000,100000)",
        "[100000,200000)"
      ]
    }
  },
  "correct_rollouts": {
    "tokens": {
      "n": 114,
      "min": 2,
      "max": 1017,
      "mean": 50.21052631578947,
      "std": 123.36378052466222,
      "var": 15218.622345337028,
      "p10": 2,
      "p25": 2,
      "p50": 7,
      "p75": 45,
      "p90": 120,
      "p95": 189,
      "p99": 567
    },
    "tokens_histogram": {
      "edges": [
        0,
        10,
        20,
        50,
        100,
        200,
        500,
        1000,
        2000,
        5000,
        10000,
        20000,
        40000
      ],
      "counts": [
        61,
        13,
        12,
        9,
        15,
        1,
        2,
        1,
        0,
        0,
        0,
        0
      ],
      "labels": [
        "[0,10)",
        "[10,20)",
        "[20,50)",
        "[50,100)",
        "[100,200)",
        "[200,500)",
        "[500,1000)",
        "[1000,2000)",
        "[2000,5000)",
        "[5000,10000)",
        "[10000,20000)",
        "[20000,40000)"
      ]
    },
    "tokens_raw": [
      24,
      10,
      53,
      4,
      10,
      6,
      10,
      172,
      178,
      106,
      6,
      106,
      106,
      10,
      516,
      4,
      3,
      2,
      3,
      2,
      6,
      567,
      34,
      2,
      6,
      23,
      6,
      2,
      2,
      2,
      2,
      3,
      2,
      3,
      63,
      164,
      15,
      13,
      135,
      24,
      150,
      97,
      30,
      45,
      58,
      113,
      20,
      15,
      43,
      15,
      35,
      14,
      15,
      4,
      9,
      4,
      2,
      4,
      18,
      2,
      2,
      1017,
      16,
      192,
      88,
      30,
      2,
      2,
      2,
      58,
      2,
      2,
      2,
      3,
      2,
      2,
      2,
      2,
      2,
      2,
      106,
      3,
      41,
      107,
      2,
      2,
      2,
      2,
      2,
      2,
      2,
      9,
      2,
      2,
      9,
      12,
      3,
      3,
      2,
      120,
      33,
      189,
      73,
      6,
      5,
      7,
      114,
      208,
      66,
      50,
      2,
      2,
      3,
      5
    ],
    "chars": {
      "n": 114,
      "min": 1,
      "max": 4370,
      "mean": 201.82456140350877,
      "std": 544.2792634206451,
      "var": 296239.91658971994,
      "p10": 2,
      "p25": 5,
      "p50": 21,
      "p75": 181,
      "p90": 401,
      "p95": 734,
      "p99": 2799
    },
    "chars_histogram": {
      "edges": [
        0,
        50,
        100,
        250,
        500,
        1000,
        2500,
        5000,
        10000,
        25000,
        50000,
        100000,
        200000
      ],
      "counts": [
        69,
        9,
        10,
        16,
        6,
        2,
        2,
        0,
        0,
        0,
        0,
        0
      ],