{
  "primary_metric": "prompt_level_loose_acc",
  "n_items": 300,
  "n_items_correct": 120,
  "n_items_incorrect": 180,
  "n_items_unknown": 0,
  "n_generations": 300,
  "samples_per_item": [
    1
  ],
  "all_rollouts": {
    "tokens": {
      "n": 300,
      "min": 2,
      "max": 5634,
      "mean": 792.4066666666666,
      "std": 1734.53663782451,
      "var": 3008617.3479555557,
      "p10": 2,
      "p25": 3,
      "p50": 3,
      "p75": 4,
      "p90": 4564,
      "p95": 4724,
      "p99": 5138
    },
    "tokens_histogram": {
      "edges": [
        0,
        10,
        20,
        50,
        100,
        200,
        500,
        1000,
        2000,
        5000,
        10000,
        20000,
        40000
      ],
      "counts": [
        229,
        1,
        7,
        5,
        6,
        1,
        0,
        0,
        46,
        5,
        0,
        0
      ],
      "labels": [
        "[0,10)",
        "[10,20)",
        "[20,50)",
        "[50,100)",
        "[100,200)",
        "[200,500)",
        "[500,1000)",
        "[1000,2000)",
        "[2000,5000)",
        "[5000,10000)",
        "[10000,20000)",
        "[20000,40000)"
      ]
    },
    "tokens_raw": [
      4515,
      4709,
      3,
      3,
      2,
      4854,
      3,
      3,
      4,
      3,
      4836,
      3,
      2,
      4277,
      4373,
      4278,
      3,
      7,
      2,
      4714,
      2,
      2,
      3,
      3,
      3,
      3,
      4,
      3,
      4564,
      2,
      4,
      3,
      3,
      4311,
      3,
      2,
      4279,
      3,
      3,
      54,
      4506,
      3,
      2,
      3,
      3,
      3,
      2,
      2,
      2,
      2,
      2,
      2,
      4724,
      3,
      4,
      2,
      3,
      4,
      4,
      4,
      3,
      3,
      2,
      3,
      2,
      4355,
      4284,
      4487,
      3,
      3,
      2,
      4642,
      3,
      3,
      22,
      164,
      3,
      3,
      3,
      3,
      2,
      3,
      2,
      3,
      2,
      2,
      175,
      3,
      3,
      3,
      3,
      2,
      4571,
      3,
      2,
      3,
      2,
      3,
      2,
      24,
      39,
      5,
      24,
      2,
      4,
      2,
      2,
      2,
      3,
      4253,
      3,
      4,
      4608,
      4506,
      3,
      2,
      48,
      3,
      3,
      4726,
      3,
      3,
      3,
      3,
      4287,
      4255,
      3,
      3,
      3,
      3,
      3,
      3,
      5515,
      3,
      4581,
      3,
      3,
      3,
      2,
      3,
      3,
      58,
      3,
      4743,
      3,
      3,
      3,
      97,
      3,
      2,
      3,
      3,
      3,
      3,
      3,
      2,
      4,
      3,
      4292,
      3,
      3,
      3,
      3,
      2,
      2,
      3,
      2,
      2,
      2,
      2,
      3,
      4,
      4,
      4716,
      2,
      62,
      3,
      3,
      4262,
      3,
      3,
      4567,
      4574,
      3,
      4,
      3,
      3,
      3,
      3,
      3,
      3,
      3,
      5634,
      2,
      4,
      4884,
      3,
      4586,
      4916,
      4,
      2,
      2,
      3,
      3,
      2,
      2,
      3,
      3,
      2,
      3,
      3,
      3,
      3,
      3,
      4577,
      5138,
      3,
      2,
      4,
      2,
      3,
      3,
      3,
      3,
      3,
      3,
      3,
      4,
      3,
      3,
      3,
      5132,
      3,
      3,
      4706,
      2,
      4725,
      54,
      2,
      4787,
      4448,
      3,
      3,
      3,
      3,
      3,
      4782,
      2,
      5020,
      4425,
      2,
      3,
      3,
      3,
      3,
      4435,
      4,
      2,
      4656,
      3,
      3,
      3,
      10,
      3,
      4505,
      3,
      3,
      3,
      3,
      3,
      2,
      4273,
      3,
      4,
      118,
      3,
      3,
      3,
      2,
      2,
      46,
      2,
      5,
      4572,
      3,
      3,
      3,
      3,
      3,
      3,
      3,
      2,
      222,
      159,
      119,
      164,
      4,
      3,
      3,
      42
    ],
    "chars": {
      "n": 300,
      "min": 1,
      "max": 5633,
      "mean": 818.7766666666666,
      "std": 1733.25322254296,
      "var": 3004166.7334555555,
      "p10": 1,
      "p25": 10,
      "p50": 10,
      "p75": 13,
      "p90": 4566,
      "p95": 4724,
      "p99": 5243
    },
    "chars_histogram": {
      "edges": [
        0,
        50,
        100,
        250,
        500,
        1000,
        2500,
        5000,
        10000,
        25000,
        50000,
        100000,
        200000
      ],
      "counts": [
        230,
        3,
        7,
        3,
        5,
        1,
        45,
        6,
        0,
        0,
        0,
        0
      ],
      "labels": [
        "[0,50)",
        "[50,100)",
        "[100,250)",
        "[250,500)",
        "[500,1000)",
        "[1000,2500)",
        "[2500,5000)",
        "[5000,10000)",
        "[10000,25000)",
        "[25000,50000)",
        "[50000,100000)",
        "[100000,200000)"
      ]
    }
  },
  "correct_rollouts": {
    "tokens": {
      "n": 120,
      "min": 2,
      "max": 5515,
      "mean": 518.1083333333333,
      "std": 1455.4839160672836,
      "var": 2118433.4299305556,
      "p10": 2,
      "p25": 3,
      "p50": 3,
      "p75": 4,
      "p90": 4435,
      "p95": 4581,
      "p99": 5132
    },
    "tokens_histogram": {
      "edges": [
        0,
        10,
        20,
        50,
        100,
        200,
        500,
        1000,
        2000,
        5000,
        10000,
        20000,
        40000
      ],
      "counts": [
        98,
        0,
        3,
        1,
        4,
        1,
        0,
        0,
        11,
        2,
        0,
        0
      ],
      "labels": [
        "[0,10)",
        "[10,20)",
        "[20,50)",
        "[50,100)",
        "[100,200)",
        "[200,500)",
        "[500,1000)",
        "[1000,2000)",
        "[2000,5000)",
        "[5000,10000)",
        "[10000,20000)",
        "[20000,40000)"
      ]
    },
    "tokens_raw": [
      2,
      2,
      2,
      2,
      2,
      4724,
      3,
      22,
      3,
      3,
      3,
      3,
      175,
      3,
      2,
      4571,
      3,
      2,
      5,
      4506,
      3,
      2,
      48,
      3,
      3,
      3,
      3,
      3,
      3,
      3,
      5515,
      3,
      4581,
      3,
      3,
      3,
      3,
      3,
      2,
      4,
      3,
      3,
      3,
      3,
      3,
      2,
      2,
      3,
      4,
      4,
      4716,
      2,
      62,
      3,
      3,
      4262,
      3,
      3,
      4567,
      4574,
      3,
      4,
      3,
      3,
      3,
      2,
      2,
      2,
      3,
      3,
      3,
      3,
      3,
      2,
      4,
      2,
      3,
      3,
      3,
      3,
      3,
      3,
      3,
      4,
      3,
      3,
      3,
      5132,
      3,
      3,
      3,
      3,
      3,
      3,
      3,
      4782,
      3,
      3,
      3,
      4435,
      4,
      3,
      4505,
      3,
      3,
      3,
      3,
      3,
      46,
      3,
      3,
      3,
      2,
      222,
      159,
      119,
      164,
      4,
      3,
      3
    ],
    "chars": {
      "n": 120,
      "min": 1,
      "max": 5514,
      "mean": 557.675,
      "std": 1452.4500574460383,
      "var": 2109611.169375,
      "p10": 2,
      "p25": 10,
      "p50": 10,
      "p75": 11,
      "p90": 4434,
      "p95": 4580,
      "p99": 5131
    },
    "chars_histogram": {
      "edges": [
        0,
        50,
        100,
        250,
        500,
        1000,
        2500,
        5000,
        10000,
        25000,
        50000,
        100000,
        200000
      ],
      "counts": [
        98,
        1,
        1,
        2,
        4,
        1,
        11,
        2,
        0,
        0,
        0,
        0
      ],