{
  "primary_metric": "pass_at_1",
  "n_items": 612,
  "n_items_correct": 15,
  "n_items_incorrect": 597,
  "n_items_unknown": 0,
  "n_generations": 612,
  "samples_per_item": [
    1
  ],
  "all_rollouts": {
    "tokens": {
      "n": 612,
      "min": 2,
      "max": 4763,
      "mean": 313.7549019607843,
      "std": 884.3444465012884,
      "var": 782065.1000576701,
      "p10": 2,
      "p25": 2,
      "p50": 10,
      "p75": 126,
      "p90": 629,
      "p95": 2476,
      "p99": 4574
    },
    "tokens_histogram": {
      "edges": [
        0,
        10,
        20,
        50,
        100,
        200,
        500,
        1000,
        2000,
        5000,
        10000,
        20000,
        40000
      ],
      "counts": [
        281,
        53,
        13,
        77,
        59,
        43,
        52,
        3,
        31,
        0,
        0,
        0
      ],
      "labels": [
        "[0,10)",
        "[10,20)",
        "[20,50)",
        "[50,100)",
        "[100,200)",
        "[200,500)",
        "[500,1000)",
        "[1000,2000)",
        "[2000,5000)",
        "[5000,10000)",
        "[10000,20000)",
        "[20000,40000)"
      ]
    },
    "tokens_raw": [
      490,
      3,
      4643,
      2,
      10,
      6,
      446,
      2,
      209,
      5,
      385,
      350,
      186,
      2,
      110,
      107,
      87,
      2,
      6,
      72,
      3,
      86,
      95,
      53,
      3,
      116,
      2,
      2,
      37,
      2,
      3,
      6,
      76,
      6,
      2,
      2,
      99,
      4274,
      139,
      135,
      102,
      2,
      56,
      4244,
      73,
      2,
      111,
      43,
      3,
      104,
      6,
      4602,
      157,
      9,
      2,
      2,
      122,
      69,
      308,
      43,
      2,
      76,
      2,
      2,
      4610,
      3,
      3,
      2,
      2,
      4287,
      97,
      572,
      2,
      119,
      4270,
      76,
      75,
      93,
      528,
      2,
      2,
      125,
      98,
      46,
      2,
      88,
      448,
      39,
      3,
      2,
      4576,
      2,
      451,
      59,
      248,
      119,
      515,
      2,
      75,
      78,
      2,
      83,
      64,
      598,
      51,
      304,
      3,
      72,
      386,
      156,
      596,
      2,
      2,
      3410,
      146,
      96,
      76,
      81,
      2,
      85,
      85,
      67,
      130,
      81,
      586,
      101,
      99,
      100,
      91,
      3,
      481,
      119,
      421,
      115,
      906,
      2,
      2,
      2476,
      4132,
      119,
      2,
      84,
      2,
      2,
      76,
      3,
      92,
      3,
      63,
      147,
      85,
      2,
      2,
      95,
      959,
      536,
      295,
      2,
      95,
      2,
      3922,
      2,
      3332,
      136,
      3,
      3685,
      118,
      85,
      69,
      3,
      42,
      2,
      95,
      530,
      377,
      3,
      126,
      66,
      124,
      80,
      2,
      2,
      64,
      2,
      2,
      2,
      58,
      3,
      443,
      88,
      414,
      572,
      6,
      130,
      363,
      6,
      10,
      2,
      436,
      10,
      2,
      794,
      10,
      543,
      10,
      648,
      2,
      2,
      2,
      473,
      2,
      2,
      2,
      503,
      2,
      813,
      3,
      2,
      3605,
      2,
      2,
      2,
      2,
      2,
      1309,
      14,
      2,
      10,
      10,
      10,
      2,
      3743,
      10,
      288,
      10,
      97,
      2,
      2,
      91,
      10,
      94,
      2,
      2,
      2,
      10,
      534,
      2,
      804,
      2,
      2,
      3359,
      677,
      10,
      10,
      212,
      363,
      707,
      2,
      2,
      3197,
      2,
      2,
      2,
      2,
      2,
      2,
      13,
      2,
      4103,
      2,
      10,
      3,
      657,
      10,
      2,
      2,
      2,
      10,
      2,
      54,
      3,
      1609,
      3,
      10,
      3,
      2,
      10,
      10,
      2,
      311,
      3,
      105,
      10,
      10,
      2,
      2,
      10,
      2,
      2,
      10,
      481,
      2,
      3,
      2,
      2,
      44,
      3769,
      10,
      233,
      10,
      710,
      314,
      2,
      2,
      730,
      3,
      2,
      608,
      2,
      640,
      192,
      2,
      10,
      660,
      55,
      146,
      48,
      4018,
      2,
      3407,
      3,
      10,
      10,
      2,
      123,
      2,
      2,
      10,
      152,
      10,
      76,
      2,
      10,
      2,
      2,
      3,
      2,
      10,
      3,
      80,
      3,
      2,
      10,
      10,
      558,
      817,
      2,
      745,
      2,
      2,
      295,
      10,
      2,
      2,
      10,
      4169,
      2,
      2,
      2,
      45,
      2,
      293,
      2,
      158,
      759,
      2,
      6,
      6,
      672,
      3,
      598,
      10,
      3,
      6,
      2,
      756,
      2,
      2,
      10,
      2,
      2,
      2,
      2,
      2,
      2,
      334,
      2,
      3,
      2,
      1149,
      247,
      3,
      3,
      2,
      3481,
      561,
      3,
      10,
      6,
      10,
      291,
      2,
      519,
      4550,
      628,
      2,
      149,
      4,
      2,
      878,
      2,
      3,
      3,
      2,
      2,
      2,
      2,
      2,
      93,
      6,
      555,
      692,
      2,
      2,
      2,
      3,
      2,
      2,
      78,
      2,
      2,
      2,
      2,
      2,
      3,
      2,
      518,
      4574,
      69,
      2,
      10,
      2,
      2,
      2,
      2,
      3,
      3,
      101,
      546,
      2,
      129,
      2,
      2,
      2,
      203,
      2,
      2,
      94,
      708,
      2,
      2,
      156,
      122,
      2,
      52,
      2,
      2,
      6,
      163,
      2,
      2,
      2,
      2,
      104,
      72,
      214,
      3,
      66,
      9,
      42,
      56,
      104,
      4,
      2,
      91,
      774,
      281,
      2,
      2,
      2,
      95,
      60,
      4645,
      707,
      88,
      3,
      119,
      2,
      629,
      254,
      269,
      2,
      2,
      10,
      2,
      10,
      2,
      10,
      2,
      3,
      2,
      2,
      2,
      120,
      245,
      47,
      2,
      3,
      2,
      2,
      2,
      2,
      2,
      10,
      353,
      3,
      115,
      10,
      3,
      2,
      2,
      10,
      2,
      2,
      159,
      106,
      345,
      3,
      2,
      10,
      2,
      2,
      2,
      10,
      10,
      4403,
      2,
      147,
      3024,
      2,
      2,
      2,
      514,
      2,
      95,
      4763,
      2,
      73,
      4375,
      72,
      87,
      144,
      795,
      360,
      107,
      108,
      9,
      81,
      567,
      2,
      2,
      369,
      146,
      2,
      2,
      90,
      101,
      2,
      2,
      88,
      113,
      857,
      2,
      563,
      161,
      105,
      123,
      2,
      825,
      118,
      216,
      2,
      30,
      2,
      81,
      64,
      46,
      2,
      3,
      92,
      125,
      727
    ],
    "chars": {
      "n": 612,
      "min": 0,
      "max": 48651,
      "mean": 1232.563725490196,
      "std": 4273.506160379532,
      "var": 18262854.902801808,
      "p10": 3,
      "p25": 9,
      "p50": 30,
      "p75": 475,
      "p90": 2137,
      "p95": 7096,
      "p99": 18367
    },
    "chars_histogram": {
      "edges": [
        0,
        50,
        100,
        250,
        500,
        1000,
        2500,
        5000,
        10000,
        25000,
        50000,
        100000,
        200000
      ],
      "counts": [
        333,
        0,
        28,
        102,
        31,
        71,
        15,
        5,
        23,
        4,
        0,
        0
      ],