{
  "primary_metric": "prompt_level_loose_acc",
  "n_items": 300,
  "n_items_correct": 83,
  "n_items_incorrect": 217,
  "n_items_unknown": 0,
  "n_generations": 300,
  "samples_per_item": [
    1
  ],
  "all_rollouts": {
    "tokens": {
      "n": 300,
      "min": 2,
      "max": 5028,
      "mean": 823.37,
      "std": 1759.0953204512066,
      "var": 3094416.346433333,
      "p10": 2,
      "p25": 2,
      "p50": 2,
      "p75": 90,
      "p90": 4729,
      "p95": 4919,
      "p99": 4978
    },
    "tokens_histogram": {
      "edges": [
        0,
        10,
        20,
        50,
        100,
        200,
        500,
        1000,
        2000,
        5000,
        10000,
        20000,
        40000
      ],
      "counts": [
        171,
        7,
        22,
        29,
        16,
        2,
        2,
        0,
        49,
        2,
        0,
        0
      ],
      "labels": [
        "[0,10)",
        "[10,20)",
        "[20,50)",
        "[50,100)",
        "[100,200)",
        "[200,500)",
        "[500,1000)",
        "[1000,2000)",
        "[2000,5000)",
        "[5000,10000)",
        "[10000,20000)",
        "[20000,40000)"
      ]
    },
    "tokens_raw": [
      2,
      2,
      2,
      3,
      2,
      2,
      4706,
      154,
      139,
      2,
      2,
      2,
      2,
      4721,
      2,
      2,
      2,
      4589,
      2,
      27,
      2,
      2,
      2,
      4930,
      2,
      2,
      4001,
      2,
      2,
      4000,
      4492,
      25,
      2,
      2,
      4934,
      132,
      139,
      92,
      79,
      2,
      939,
      2,
      2,
      2,
      2,
      4729,
      2,
      2,
      2,
      2,
      2,
      95,
      4718,
      2,
      18,
      5028,
      2,
      23,
      4939,
      4098,
      61,
      32,
      2,
      3,
      5,
      2,
      4,
      4919,
      2,
      82,
      2,
      2,
      52,
      4930,
      22,
      4164,
      2,
      2,
      4867,
      4881,
      2,
      2,
      2,
      34,
      2,
      2,
      36,
      4675,
      11,
      4664,
      2,
      2,
      57,
      67,
      2,
      53,
      61,
      113,
      35,
      140,
      39,
      2,
      147,
      2,
      90,
      2,
      4882,
      58,
      2,
      3,
      155,
      2,
      2,
      2,
      2,
      2,
      57,
      2,
      4700,
      2,
      2,
      2,
      2,
      2,
      2,
      2,
      2,
      2,
      124,
      2,
      2,
      2,
      5021,
      80,
      4913,
      60,
      76,
      2,
      61,
      4208,
      45,
      57,
      2,
      2,
      2,
      2,
      2,
      4705,
      4053,
      2,
      151,
      2,
      2,
      4270,
      2,
      2,
      3,
      2,
      4897,
      88,
      2,
      20,
      90,
      40,
      80,
      142,
      2,
      2,
      2,
      2,
      2,
      194,
      4978,
      56,
      2,
      2,
      2,
      2,
      2,
      50,
      80,
      132,
      4900,
      4885,
      90,
      4931,
      3,
      4936,
      4360,
      4952,
      125,
      2,
      2,
      2,
      2,
      4928,
      2,
      4550,
      2,
      4921,
      2,
      4702,
      2,
      2,
      2,
      2,
      88,
      2,
      2,
      69,
      3,
      2,
      2,
      2,
      2,
      3,
      2,
      4733,
      2,
      2,
      5,
      3,
      3,
      138,
      61,
      2,
      3,
      3,
      70,
      4927,
      262,
      2,
      2,
      2,
      2,
      2,
      2,
      2,
      2,
      14,
      3,
      2,
      2,
      2,
      24,
      2,
      30,
      2,
      2,
      4856,
      15,
      2,
      2,
      4742,
      2,
      2,
      2,
      41,
      19,
      2,
      2,
      2,
      2,
      4856,
      4936,
      2,
      25,
      4517,
      4849,
      2,
      2,
      2,
      2,
      2,
      3701,
      2,
      2,
      2,
      44,
      2,
      2,
      49,
      2,
      2,
      4917,
      2,
      2,
      2,
      2,
      42,
      4811,
      12,
      502,
      42,
      226,
      164,
      42,
      19,
      2,
      24
    ],
    "chars": {
      "n": 300,
      "min": 1,
      "max": 42291,
      "mean": 3454.7933333333335,
      "std": 7833.918656540218,
      "var": 61370281.517288886,
      "p10": 9,
      "p25": 9,
      "p50": 9,
      "p75": 408,
      "p90": 19352,
      "p95": 20223,
      "p99": 33300
    },
    "chars_histogram": {
      "edges": [
        0,
        50,
        100,
        250,
        500,
        1000,
        2500,
        5000,
        10000,
        25000,
        50000,
        100000,
        200000
      ],
      "counts": [
        173,
        8,
        23,
        28,
        14,
        1,
        2,
        4,
        42,
        5,
        0,
        0
      ],
      "labels": [
        "[0,50)",
        "[50,100)",
        "[100,250)",
        "[250,500)",
        "[500,1000)",
        "[1000,2500)",
        "[2500,5000)",
        "[5000,10000)",
        "[10000,25000)",
        "[25000,50000)",
        "[50000,100000)",
        "[100000,200000)"
      ]
    }
  },
  "correct_rollouts": {
    "tokens": {
      "n": 83,
      "min": 2,
      "max": 5021,
      "mean": 585.4819277108434,
      "std": 1526.520244511126,
      "var": 2330264.056902308,
      "p10": 2,
      "p25": 2,
      "p50": 2,
      "p75": 22,
      "p90": 4164,
      "p95": 4900,
      "p99": 5021
    },
    "tokens_histogram": {
      "edges": [
        0,
        10,
        20,
        50,
        100,
        200,
        500,
        1000,
        2000,
        5000,
        10000,
        20000,
        40000
      ],
      "counts": [
        62,
        0,
        3,
        2,
        4,
        1,
        1,
        0,
        9,
        1,
        0,
        0
      ],
      "labels": [
        "[0,10)",
        "[10,20)",
        "[20,50)",
        "[50,100)",
        "[100,200)",
        "[200,500)",
        "[500,1000)",
        "[1000,2000)",
        "[2000,5000)",
        "[5000,10000)",
        "[10000,20000)",
        "[20000,40000)"
      ]
    },
    "tokens_raw": [
      4000,
      2,
      2,
      2,
      2,
      22,
      4164,
      2,
      2,
      2,
      2,
      2,
      2,
      2,
      2,
      57,
      2,
      2,
      2,
      124,
      2,
      2,
      2,
      5021,
      4913,
      2,
      4270,
      2,
      2,
      3,
      2,
      4897,
      2,
      194,
      2,
      2,
      2,
      2,
      2,
      50,
      4900,
      4885,
      4931,
      3,
      4936,
      2,
      2,
      2,
      2,
      2,
      2,
      3,
      2,
      3,
      2,
      2,
      2,
      5,
      3,
      3,
      138,
      2,
      3,
      3,
      2,
      2,
      2,
      2,
      2,
      2,
      24,
      2,
      2,
      2,
      2,
      2,
      2,
      2,
      502,
      42,
      226,
      164,
      2
    ],
    "chars": {
      "n": 83,
      "min": 3,
      "max": 27763,
      "mean": 2564.6867469879517,
      "std": 6736.95813329906,
      "var": 45386604.88982436,
      "p10": 9,
      "p25": 9,
      "p50": 9,
      "p75": 95,
      "p90": 17963,
      "p95": 19717,
      "p99": 27763
    },
    "chars_histogram": {
      "edges": [
        0,
        50,
        100,
        250,
        500,
        1000,
        2500,
        5000,
        10000,
        25000,
        50000,
        100000,
        200000
      ],
      "counts": [
        62,
        1,
        2,
        4,
        3,
        0,
        1,
        0,
        9,
        1,
        0,
        0
      ],
      "labels": [
        "[0,50)",
        "[50,100)",
        "[100,250)",
        "[250,500)",
        "[500,1000)",
        "[1000,2500)",
        "[2500,5000)",
        "[5000,10000)",
        "[10000,25000)",
        "[25000,50000)",
        "[50000,100000)",
        "[100000,200000)"
      ]
    }
  },