{
  "primary_metric": "exact_match_flex",
  "n_items": 500,
  "n_items_correct": 260,
  "n_items_incorrect": 240,
  "n_items_unknown": 0,
  "n_generations": 500,
  "samples_per_item": [
    1
  ],
  "all_rollouts": {
    "tokens": {
      "n": 500,
      "min": 6,
      "max": 5192,
      "mean": 532.866,
      "std": 1026.5391507604568,
      "var": 1053782.628044,
      "p10": 137,
      "p25": 195,
      "p50": 263,
      "p75": 365,
      "p90": 587,
      "p95": 3891,
      "p99": 5102
    },
    "tokens_histogram": {
      "edges": [
        0,
        10,
        20,
        50,
        100,
        200,
        500,
        1000,
        2000,
        5000,
        10000,
        20000,
        40000
      ],
      "counts": [
        8,
        3,
        5,
        11,
        107,
        306,
        27,
        2,
        25,
        6,
        0,
        0
      ],
      "labels": [
        "[0,10)",
        "[10,20)",
        "[20,50)",
        "[50,100)",
        "[100,200)",
        "[200,500)",
        "[500,1000)",
        "[1000,2000)",
        "[2000,5000)",
        "[5000,10000)",
        "[10000,20000)",
        "[20000,40000)"
      ]
    },
    "tokens_raw": [
      227,
      543,
      4945,
      164,
      7,
      234,
      290,
      1159,
      327,
      122,
      105,
      217,
      225,
      211,
      154,
      3547,
      183,
      135,
      263,
      114,
      137,
      272,
      245,
      444,
      266,
      5187,
      211,
      329,
      134,
      212,
      227,
      163,
      264,
      3427,
      667,
      319,
      493,
      182,
      237,
      227,
      177,
      262,
      289,
      414,
      203,
      125,
      199,
      562,
      144,
      232,
      305,
      247,
      272,
      169,
      204,
      256,
      161,
      312,
      224,
      326,
      241,
      413,
      306,
      509,
      142,
      34,
      248,
      264,
      112,
      257,
      282,
      245,
      268,
      204,
      45,
      303,
      200,
      173,
      242,
      226,
      627,
      281,
      269,
      88,
      308,
      242,
      118,
      217,
      214,
      314,
      137,
      162,
      536,
      340,
      154,
      4718,
      59,
      6,
      172,
      290,
      332,
      268,
      185,
      294,
      266,
      8,
      259,
      288,
      5039,
      188,
      141,
      282,
      431,
      206,
      3891,
      360,
      243,
      176,
      191,
      66,
      222,
      298,
      377,
      403,
      296,
      228,
      366,
      310,
      161,
      483,
      318,
      322,
      175,
      426,
      566,
      197,
      411,
      430,
      237,
      106,
      332,
      94,
      304,
      632,
      214,
      343,
      200,
      4153,
      239,
      647,
      234,
      270,
      259,
      399,
      3217,
      392,
      164,
      4762,
      478,
      244,
      249,
      79,
      367,
      448,
      235,
      250,
      261,
      221,
      133,
      262,
      309,
      259,
      482,
      375,
      406,
      2569,
      5192,
      140,
      145,
      277,
      245,
      4990,
      207,
      480,
      4125,
      149,
      273,
      331,
      172,
      183,
      4950,
      163,
      353,
      284,
      169,
      342,
      41,
      449,
      192,
      231,
      215,
      5131,
      3020,
      367,
      10,
      640,
      352,
      122,
      248,
      204,
      236,
      264,
      4016,
      162,
      788,
      233,
      300,
      298,
      209,
      263,
      313,
      331,
      284,
      233,
      115,
      96,
      6,
      6,
      221,
      7,
      269,
      706,
      273,
      387,
      277,
      528,
      269,
      364,
      327,
      324,
      120,
      207,
      421,
      271,
      403,
      625,
      298,
      352,
      424,
      249,
      446,
      102,
      4967,
      188,
      194,
      11,
      242,
      296,
      179,
      192,
      576,
      300,
      200,
      409,
      432,
      182,
      401,
      235,
      212,
      232,
      249,
      198,
      379,
      238,
      242,
      180,
      353,
      74,
      267,
      337,
      337,
      196,
      266,
      255,
      666,
      371,
      147,
      4859,
      408,
      178,
      256,
      266,
      365,
      278,
      319,
      137,
      264,
      404,
      587,
      235,
      216,
      169,
      129,
      344,
      238,
      262,
      167,
      232,
      279,
      4256,
      229,
      487,
      172,
      268,
      260,
      224,
      462,
      211,
      333,
      332,
      256,
      250,
      241,
      153,
      163,
      425,
      380,
      535,
      270,
      147,
      368,
      475,
      222,
      163,
      420,
      387,
      220,
      267,
      250,
      190,
      332,
      385,
      225,
      320,
      161,
      177,
      290,
      271,
      247,
      214,
      149,
      40,
      222,
      301,
      234,
      329,
      706,
      410,
      54,
      365,
      104,
      308,
      179,
      251,
      374,
      702,
      402,
      180,
      280,
      236,
      328,
      4250,
      4843,
      306,
      90,
      408,
      606,
      148,
      176,
      18,
      359,
      332,
      301,
      358,
      146,
      311,
      215,
      251,
      297,
      263,
      5102,
      561,
      213,
      319,
      198,
      281,
      209,
      294,
      20,
      125,
      240,
      297,
      288,
      497,
      253,
      153,
      52,
      4748,
      221,
      478,
      359,
      275,
      183,
      167,
      363,
      589,
      196,
      200,
      472,
      276,
      408,
      132,
      393,
      2992,
      440,
      192,
      385,
      237,
      252,
      162,
      60,
      196,
      188,
      105,
      350,
      224,
      313,
      4881,
      155,
      211,
      234,
      250,
      193,
      172,
      151,
      184,
      4212,
      379,
      180,
      186,
      365,
      322,
      451,
      240,
      438,
      6,
      938,
      113,
      126,
      274,
      147,
      545,
      393,
      166,
      612,
      151,
      311,
      358,
      199,
      210,
      315,
      287,
      265,
      457,
      250,
      182,
      265,
      1270,
      203,
      212,
      587,
      195,
      4916,
      276,
      292,
      290,
      186,
      247,
      4999,
      392,
      401,
      8,
      289,
      401,
      227,
      348,
      5159,
      101,
      235,
      295
    ],
    "chars": {
      "n": 500,
      "min": 9,
      "max": 18953,
      "mean": 1255.096,
      "std": 2077.9260330396746,
      "var": 4317776.598784,
      "p10": 413,
      "p25": 560,
      "p50": 737,
      "p75": 973,
      "p90": 1384,
      "p95": 7596,
      "p99": 10519
    },
    "chars_histogram": {
      "edges": [
        0,
        50,
        100,
        250,
        500,
        1000,
        2500,
        5000,
        10000,
        25000,
        50000,
        100000,
        200000
      ],
      "counts": [
        11,
        3,
        7,
        65,
        300,
        81,
        2,
        25,
        6,
        0,
        0,
        0
      ],
      "labels": [
        "[0,50)",
        "[50,100)",
        "[100,250)",
        "[250,500)",
        "[500,1000)",
        "[1000,2500)",
        "[2500,5000)",
        "[5000,10000)",
        "[10000,25000)",
        "[25000,50000)",
        "[50000,100000)",
        "[100000,200000)"
      ]
    }
  },
  "correct_rollouts": {
    "tokens": {
      "n": 260,
      "min": 6,
      "max": 4999,
      "mean": 312.30384615384617,
      "std": 423.73819473528084,
      "var": 179554.0576775148,
      "p10": 146,
      "p25": 196,
      "p50": 259,
      "p75": 332,
      "p90": 446,
      "p95": 561,