{
  "primary_metric": "prompt_level_loose_acc",
  "n_items": 300,
  "n_items_correct": 110,
  "n_items_incorrect": 190,
  "n_items_unknown": 0,
  "n_generations": 300,
  "samples_per_item": [
    1
  ],
  "all_rollouts": {
    "tokens": {
      "n": 300,
      "min": 2,
      "max": 5487,
      "mean": 622.0333333333333,
      "std": 1605.7249532705018,
      "var": 2578352.6255555553,
      "p10": 2,
      "p25": 2,
      "p50": 2,
      "p75": 3,
      "p90": 4595,
      "p95": 4744,
      "p99": 5143
    },
    "tokens_histogram": {
      "edges": [
        0,
        10,
        20,
        50,
        100,
        200,
        500,
        1000,
        2000,
        5000,
        10000,
        20000,
        40000
      ],
      "counts": [
        259,
        0,
        2,
        0,
        0,
        0,
        0,
        0,
        29,
        10,
        0,
        0
      ],
      "labels": [
        "[0,10)",
        "[10,20)",
        "[20,50)",
        "[50,100)",
        "[100,200)",
        "[200,500)",
        "[500,1000)",
        "[1000,2000)",
        "[2000,5000)",
        "[5000,10000)",
        "[10000,20000)",
        "[20000,40000)"
      ]
    },
    "tokens_raw": [
      2,
      2,
      3,
      2,
      3,
      3,
      3,
      2,
      3,
      2,
      3,
      4718,
      3,
      2,
      2,
      3,
      2,
      2,
      2,
      4405,
      4454,
      2,
      3,
      2,
      2,
      3,
      3,
      2,
      3,
      3,
      3,
      2,
      3,
      3,
      4588,
      2,
      2,
      2,
      2,
      3,
      4686,
      2,
      2,
      3,
      2,
      2,
      2,
      4570,
      2,
      2,
      2,
      2,
      2,
      2,
      2,
      2,
      2,
      2,
      2,
      2,
      2,
      2,
      3,
      3,
      2,
      4136,
      5100,
      2,
      2,
      4594,
      2,
      2,
      2,
      4595,
      3,
      5143,
      4603,
      3,
      3,
      2,
      2,
      2,
      3,
      2,
      2,
      2,
      3,
      2,
      2,
      2,
      2,
      2,
      2,
      3,
      2,
      3,
      2,
      3,
      3,
      5079,
      2,
      2,
      3,
      2,
      3,
      2,
      3,
      2,
      2,
      3,
      4648,
      3,
      3,
      2,
      2,
      2,
      2,
      3,
      3,
      2,
      2,
      2,
      2,
      5457,
      3,
      2,
      2,
      4715,
      2,
      2,
      2,
      2,
      2,
      3,
      2,
      2,
      2,
      2,
      2,
      3,
      2,
      4,
      3,
      3,
      2,
      4611,
      3,
      2,
      3,
      2,
      2,
      3,
      3,
      3,
      2,
      2,
      3,
      2,
      2,
      5487,
      2,
      2,
      2,
      3,
      2,
      2,
      2,
      2,
      2,
      2,
      2,
      5063,
      2,
      2,
      2,
      3,
      2,
      2,
      3,
      2,
      3,
      5107,
      3,
      3,
      3,
      4999,
      3,
      3,
      3,
      3,
      3,
      2,
      2,
      2,
      5,
      4318,
      2,
      3,
      4,
      3,
      2,
      2,
      2,
      2,
      2,
      2,
      2,
      2,
      2,
      2,
      3,
      2,
      3,
      3,
      2,
      3,
      3,
      4,
      2,
      2,
      3,
      3,
      3,
      3,
      3,
      3,
      2,
      3,
      2,
      3,
      3,
      2,
      3,
      2,
      4632,
      4597,
      4625,
      5014,
      5063,
      4834,
      4887,
      2,
      2,
      2,
      2,
      2,
      2,
      2,
      4723,
      4579,
      2,
      2,
      2,
      2,
      2,
      2,
      2,
      2,
      2,
      2,
      4505,
      2,
      3,
      2,
      3,
      4702,
      2,
      2,
      2,
      2,
      3,
      4,
      2,
      4744,
      4739,
      5123,
      4718,
      2,
      2,
      2,
      4629,
      3,
      2,
      4744,
      2,
      3,
      2,
      2,
      2,
      2,
      2,
      2,
      2,
      2,
      2,
      39,
      3,
      3,
      2,
      24
    ],
    "chars": {
      "n": 300,
      "min": 1,
      "max": 5494,
      "mean": 623.8433333333334,
      "std": 1604.844552842701,
      "var": 2575526.038788889,
      "p10": 1,
      "p25": 1,
      "p50": 1,
      "p75": 10,
      "p90": 4594,
      "p95": 4743,
      "p99": 5142
    },
    "chars_histogram": {
      "edges": [
        0,
        50,
        100,
        250,
        500,
        1000,
        2500,
        5000,
        10000,
        25000,
        50000,
        100000,
        200000
      ],
      "counts": [
        259,
        1,
        1,
        0,
        0,
        0,
        29,
        10,
        0,
        0,
        0,
        0
      ],
      "labels": [
        "[0,50)",
        "[50,100)",
        "[100,250)",
        "[250,500)",
        "[500,1000)",
        "[1000,2500)",
        "[2500,5000)",
        "[5000,10000)",
        "[10000,25000)",
        "[25000,50000)",
        "[50000,100000)",
        "[100000,200000)"
      ]
    }
  },
  "correct_rollouts": {
    "tokens": {
      "n": 110,
      "min": 2,
      "max": 5487,
      "mean": 447.76363636363635,
      "std": 1410.1500044468044,
      "var": 1988523.0350413222,
      "p10": 2,
      "p25": 2,
      "p50": 2,
      "p75": 3,
      "p90": 39,
      "p95": 4715,
      "p99": 5143
    },
    "tokens_histogram": {
      "edges": [
        0,
        10,
        20,
        50,
        100,
        200,
        500,
        1000,
        2000,
        5000,
        10000,
        20000,
        40000
      ],
      "counts": [
        99,
        0,
        1,
        0,
        0,
        0,
        0,
        0,
        6,
        4,
        0,
        0
      ],
      "labels": [
        "[0,10)",
        "[10,20)",
        "[20,50)",
        "[50,100)",
        "[100,200)",
        "[200,500)",
        "[500,1000)",
        "[1000,2000)",
        "[2000,5000)",
        "[5000,10000)",
        "[10000,20000)",
        "[20000,40000)"
      ]
    },
    "tokens_raw": [
      4570,
      2,
      2,
      2,
      2,
      4595,
      3,
      5143,
      4603,
      3,
      3,
      2,
      2,
      2,
      2,
      3,
      2,
      2,
      2,
      2,
      2,
      3,
      2,
      4715,
      2,
      2,
      2,
      2,
      2,
      3,
      2,
      2,
      2,
      2,
      3,
      2,
      2,
      3,
      2,
      5487,
      2,
      2,
      2,
      3,
      2,
      2,
      5063,
      2,
      2,
      2,
      3,
      2,
      2,
      3,
      2,
      3,
      5107,
      3,
      3,
      3,
      4999,
      3,
      3,
      2,
      2,
      2,
      2,
      3,
      4,
      2,
      3,
      3,
      3,
      3,
      3,
      3,
      2,
      3,
      2,
      3,
      3,
      2,
      3,
      2,
      2,
      2,
      2,
      2,
      2,
      2,
      2,
      2,
      2,
      2,
      2,
      2,
      3,
      4702,
      2,
      2,
      2,
      2,
      2,
      2,
      2,
      2,
      39,
      3,
      3,
      2
    ],
    "chars": {
      "n": 110,
      "min": 1,
      "max": 5494,
      "mean": 450.6090909090909,
      "std": 1409.344896786863,
      "var": 1986253.0380991735,
      "p10": 1,
      "p25": 1,
      "p50": 1,
      "p75": 10,
      "p90": 201,
      "p95": 4714,
      "p99": 5142
    },
    "chars_histogram": {
      "edges": [
        0,
        50,
        100,
        250,
        500,
        1000,
        2500,
        5000,
        10000,
        25000,
        50000,
        100000,
        200000
      ],
      "counts": [
        99,
        0,
        1,
        0,
        0,
        0,
        6,
        4,
        0,
        0,
        0,
        0
      ],