{
  "primary_metric": "exact_match_flex",
  "n_items": 500,
  "n_items_correct": 123,
  "n_items_incorrect": 377,
  "n_items_unknown": 0,
  "n_generations": 500,
  "samples_per_item": [
    1
  ],
  "all_rollouts": {
    "tokens": {
      "n": 500,
      "min": 2,
      "max": 5040,
      "mean": 430.704,
      "std": 929.3682006524648,
      "var": 863725.252384,
      "p10": 2,
      "p25": 2,
      "p50": 197,
      "p75": 326,
      "p90": 565,
      "p95": 3239,
      "p99": 4909
    },
    "tokens_histogram": {
      "edges": [
        0,
        10,
        20,
        50,
        100,
        200,
        500,
        1000,
        2000,
        5000,
        10000,
        20000,
        40000
      ],
      "counts": [
        168,
        11,
        11,
        10,
        51,
        192,
        15,
        6,
        35,
        1,
        0,
        0
      ],
      "labels": [
        "[0,10)",
        "[10,20)",
        "[20,50)",
        "[50,100)",
        "[100,200)",
        "[200,500)",
        "[500,1000)",
        "[1000,2000)",
        "[2000,5000)",
        "[5000,10000)",
        "[10000,20000)",
        "[20000,40000)"
      ]
    },
    "tokens_raw": [
      327,
      215,
      2,
      2,
      2,
      219,
      26,
      2,
      2,
      2,
      31,
      521,
      2,
      187,
      142,
      3475,
      159,
      2,
      2,
      360,
      172,
      246,
      381,
      489,
      2,
      385,
      2,
      339,
      194,
      3,
      2,
      264,
      2,
      4756,
      2541,
      342,
      2,
      2,
      2,
      2,
      244,
      476,
      253,
      322,
      3658,
      395,
      242,
      283,
      204,
      15,
      2,
      190,
      2,
      2,
      2,
      16,
      109,
      2,
      2,
      343,
      255,
      4119,
      470,
      404,
      5040,
      2,
      2,
      232,
      308,
      464,
      303,
      274,
      719,
      2,
      43,
      2,
      168,
      126,
      233,
      2,
      436,
      254,
      372,
      366,
      2,
      262,
      2,
      220,
      320,
      2,
      2,
      223,
      451,
      410,
      2200,
      489,
      194,
      2,
      2,
      383,
      2,
      2,
      157,
      275,
      355,
      2,
      2,
      2,
      4939,
      242,
      258,
      152,
      375,
      269,
      2,
      2,
      11,
      104,
      71,
      2,
      227,
      214,
      171,
      2,
      362,
      233,
      287,
      311,
      2,
      1321,
      280,
      2,
      153,
      266,
      4001,
      2,
      355,
      2,
      2,
      193,
      291,
      126,
      299,
      511,
      192,
      373,
      2,
      307,
      174,
      7,
      269,
      264,
      248,
      22,
      2,
      307,
      2,
      4923,
      2,
      261,
      14,
      2,
      306,
      3239,
      275,
      2,
      206,
      2,
      388,
      2,
      301,
      192,
      416,
      343,
      288,
      2,
      4989,
      112,
      2,
      2077,
      2,
      206,
      216,
      554,
      78,
      133,
      267,
      6,
      2,
      2,
      320,
      167,
      3630,
      2,
      231,
      424,
      2,
      306,
      2,
      200,
      299,
      3341,
      18,
      458,
      154,
      896,
      401,
      2,
      2,
      191,
      2,
      2,
      7,
      193,
      2,
      255,
      4909,
      3,
      257,
      3,
      2,
      480,
      2653,
      232,
      240,
      187,
      2,
      2,
      152,
      2,
      264,
      3563,
      2720,
      396,
      256,
      3,
      294,
      333,
      394,
      2624,
      18,
      1130,
      4040,
      664,
      3090,
      547,
      304,
      464,
      861,
      436,
      1689,
      3,
      4047,
      20,
      206,
      154,
      3,
      2,
      2,
      128,
      481,
      2,
      2,
      70,
      2,
      275,
      26,
      2,
      80,
      356,
      2,
      311,
      435,
      2,
      2,
      222,
      373,
      2,
      2,
      2,
      200,
      4,
      8,
      2,
      375,
      256,
      204,
      2,
      2,
      302,
      2,
      229,
      408,
      352,
      322,
      1276,
      37,
      311,
      2,
      2,
      2,
      10,
      3,
      297,
      428,
      2,
      296,
      54,
      4081,
      312,
      2,
      2,
      145,
      285,
      2,
      238,
      2,
      44,
      2,
      229,
      321,
      2,
      126,
      258,
      2,
      2272,
      332,
      372,
      2,
      209,
      333,
      2,
      3779,
      260,
      414,
      629,
      2,
      152,
      2,
      284,
      331,
      391,
      313,
      2,
      229,
      172,
      2,
      248,
      285,
      137,
      4,
      289,
      3547,
      2,
      2,
      233,
      2,
      174,
      162,
      356,
      168,
      32,
      2,
      14,
      2,
      448,
      423,
      146,
      234,
      2,
      144,
      273,
      191,
      2,
      2,
      429,
      1327,
      64,
      2,
      3,
      384,
      209,
      2,
      2,
      2,
      2,
      2,
      3866,
      281,
      306,
      209,
      565,
      261,
      14,
      344,
      4,
      205,
      232,
      3,
      2,
      213,
      215,
      3,
      2,
      248,
      164,
      2,
      3,
      282,
      560,
      272,
      150,
      278,
      2,
      492,
      510,
      219,
      239,
      77,
      279,
      2,
      2,
      382,
      2,
      2,
      2179,
      2,
      130,
      259,
      341,
      2,
      2,
      197,
      11,
      299,
      212,
      3296,
      12,
      35,
      232,
      265,
      248,
      153,
      2,
      2825,
      24,
      53,
      201,
      443,
      152,
      326,
      313,
      2,
      2815,
      2,
      151,
      946,
      2,
      2,
      335,
      315,
      500,
      313,
      2,
      684,
      8,
      412,
      2,
      2,
      2,
      374,
      250,
      283,
      2,
      233,
      2,
      8,
      353,
      287,
      310,
      4002,
      91,
      456,
      1187,
      51,
      8,
      184,
      2,
      4202,
      408,
      3273,
      2,
      101,
      2,
      4033,
      158,
      324,
      2,
      203,
      2
    ],
    "chars": {
      "n": 500,
      "min": 1,
      "max": 34695,
      "mean": 1084.326,
      "std": 2559.4836181784794,
      "var": 6550956.391724,
      "p10": 4,
      "p25": 10,
      "p50": 560,
      "p75": 924,
      "p90": 1525,
      "p95": 7035,
      "p99": 9619
    },
    "chars_histogram": {
      "edges": [
        0,
        50,
        100,
        250,
        500,
        1000,
        2500,
        5000,
        10000,
        25000,
        50000,
        100000,
        200000
      ],
      "counts": [
        176,
        9,
        13,
        35,
        163,
        62,
        11,
        27,
        3,
        1,
        0,
        0
      ],
      "labels": [
        "[0,50)",
        "[50,100)",
        "[100,250)",
        "[250,500)",
        "[500,1000)",
        "[1000,2500)",
        "[2500,5000)",
        "[5000,10000)",
        "[10000,25000)",
        "[25000,50000)",
        "[50000,100000)",
        "[100000,200000)"
      ]
    }
  },
  "correct_rollouts": {
    "tokens": {
      "n": 123,
      "min": 8,
      "max": 4202,
      "mean": 328.2926829268293,
      "std": 484.5167524889056,
      "var": 234756.4834423954,
      "p10": 126,
      "p25": 190,
      "p50": 255,
      "p75": 343,
      "p90": 470,
      "p95": 510,
      "p99": 3658
    },
    "tokens_histogram": {
      "edges": [
        0,
        10,
        20,
        50,
        100,
        200,
        500,
        1000,
        2000,
        5000,
        10000,
        20000,
        40000
      ],