{
  "primary_metric": "pass_at_1",
  "n_items": 612,
  "n_items_correct": 12,
  "n_items_incorrect": 600,
  "n_items_unknown": 0,
  "n_generations": 612,
  "samples_per_item": [
    1
  ],
  "all_rollouts": {
    "tokens": {
      "n": 612,
      "min": 2,
      "max": 4324,
      "mean": 46.72549019607843,
      "std": 236.3991579918793,
      "var": 55884.56189926951,
      "p10": 2,
      "p25": 2,
      "p50": 2,
      "p75": 67,
      "p90": 114,
      "p95": 139,
      "p99": 222
    },
    "tokens_histogram": {
      "edges": [
        0,
        10,
        20,
        50,
        100,
        200,
        500,
        1000,
        2000,
        5000,
        10000,
        20000,
        40000
      ],
      "counts": [
        383,
        31,
        28,
        91,
        69,
        8,
        0,
        0,
        2,
        0,
        0,
        0
      ],
      "labels": [
        "[0,10)",
        "[10,20)",
        "[20,50)",
        "[50,100)",
        "[100,200)",
        "[200,500)",
        "[500,1000)",
        "[1000,2000)",
        "[2000,5000)",
        "[5000,10000)",
        "[10000,20000)",
        "[20000,40000)"
      ]
    },
    "tokens_raw": [
      2,
      2,
      2,
      2,
      2,
      2,
      2,
      2,
      10,
      2,
      92,
      128,
      123,
      2,
      62,
      2,
      70,
      2,
      114,
      2,
      157,
      122,
      2,
      2,
      2,
      190,
      2,
      72,
      37,
      2,
      2,
      31,
      90,
      2,
      2,
      2,
      96,
      124,
      41,
      70,
      88,
      38,
      54,
      70,
      2,
      183,
      2,
      45,
      2,
      2,
      81,
      102,
      124,
      96,
      2,
      169,
      183,
      2,
      2,
      2,
      2,
      105,
      2,
      59,
      2,
      2,
      2,
      2,
      2,
      136,
      2,
      110,
      184,
      95,
      99,
      74,
      74,
      2,
      147,
      2,
      213,
      94,
      87,
      52,
      2,
      91,
      2,
      39,
      88,
      126,
      2,
      69,
      46,
      29,
      118,
      127,
      222,
      60,
      61,
      85,
      115,
      99,
      70,
      99,
      38,
      148,
      2,
      79,
      90,
      2,
      170,
      2,
      2,
      85,
      62,
      2,
      76,
      2,
      130,
      170,
      85,
      2,
      2,
      77,
      103,
      2,
      115,
      107,
      2,
      2,
      2,
      2,
      81,
      2,
      2,
      76,
      2,
      85,
      121,
      2,
      2,
      95,
      83,
      99,
      76,
      121,
      4324,
      118,
      63,
      2,
      129,
      2,
      81,
      95,
      2,
      2,
      281,
      95,
      134,
      171,
      60,
      94,
      60,
      2,
      2,
      121,
      2,
      2,
      47,
      80,
      2,
      109,
      128,
      167,
      2,
      73,
      116,
      83,
      114,
      100,
      3808,
      2,
      67,
      2,
      2,
      103,
      67,
      2,
      59,
      91,
      2,
      2,
      2,
      2,
      2,
      3,
      2,
      2,
      2,
      10,
      2,
      2,
      2,
      2,
      2,
      2,
      2,
      2,
      225,
      2,
      2,
      2,
      2,
      3,
      63,
      2,
      2,
      2,
      2,
      2,
      2,
      2,
      2,
      2,
      2,
      2,
      2,
      2,
      2,
      2,
      2,
      2,
      2,
      38,
      2,
      2,
      2,
      2,
      49,
      2,
      2,
      2,
      2,
      2,
      2,
      2,
      2,
      3,
      2,
      2,
      10,
      2,
      2,
      2,
      3,
      2,
      10,
      2,
      2,
      2,
      2,
      2,
      2,
      2,
      2,
      2,
      2,
      2,
      2,
      10,
      2,
      2,
      90,
      2,
      2,
      2,
      2,
      2,
      2,
      3,
      2,
      10,
      2,
      2,
      2,
      2,
      2,
      10,
      2,
      2,
      3,
      2,
      10,
      2,
      2,
      2,
      2,
      2,
      2,
      53,
      3,
      2,
      2,
      2,
      10,
      2,
      2,
      2,
      10,
      2,
      2,
      37,
      2,
      2,
      2,
      2,
      10,
      48,
      2,
      2,
      2,
      2,
      2,
      2,
      2,
      10,
      2,
      2,
      2,
      10,
      2,
      2,
      2,
      2,
      81,
      2,
      2,
      2,
      2,
      2,
      3,
      2,
      2,
      2,
      2,
      2,
      2,
      3,
      10,
      2,
      2,
      34,
      2,
      2,
      2,
      2,
      2,
      2,
      2,
      3,
      2,
      2,
      2,
      2,
      2,
      2,
      2,
      2,
      10,
      2,
      2,
      2,
      2,
      2,
      2,
      10,
      2,
      2,
      2,
      2,
      3,
      2,
      10,
      2,
      2,
      2,
      2,
      139,
      2,
      2,
      2,
      2,
      2,
      2,
      2,
      2,
      2,
      2,
      10,
      3,
      2,
      2,
      3,
      2,
      2,
      2,
      2,
      2,
      10,
      10,
      2,
      2,
      2,
      2,
      2,
      2,
      2,
      2,
      2,
      2,
      10,
      2,
      2,
      2,
      2,
      2,
      2,
      2,
      10,
      2,
      10,
      10,
      2,
      2,
      2,
      2,
      10,
      2,
      46,
      2,
      2,
      2,
      2,
      10,
      3,
      2,
      2,
      2,
      2,
      2,
      3,
      2,
      2,
      2,
      2,
      2,
      2,
      101,
      2,
      2,
      187,
      2,
      2,
      2,
      34,
      149,
      40,
      97,
      139,
      2,
      78,
      2,
      114,
      2,
      84,
      2,
      2,
      73,
      217,
      75,
      94,
      2,
      175,
      86,
      108,
      96,
      2,
      79,
      2,
      42,
      64,
      114,
      137,
      2,
      84,
      72,
      2,
      2,
      189,
      2,
      94,
      95,
      131,
      2,
      80,
      2,
      32,
      108,
      30,
      65,
      71,
      2,
      10,
      2,
      2,
      2,
      2,
      2,
      2,
      2,
      2,
      2,
      2,
      2,
      2,
      2,
      2,
      2,
      2,
      2,
      2,
      2,
      2,
      2,
      2,
      2,
      2,
      2,
      2,
      3,
      2,
      2,
      2,
      10,
      2,
      2,
      241,
      2,
      2,
      2,
      2,
      3,
      2,
      2,
      10,
      10,
      2,
      2,
      2,
      10,
      2,
      3,
      3,
      2,
      2,
      69,
      101,
      102,
      133,
      98,
      2,
      95,
      159,
      78,
      199,
      2,
      2,
      90,
      39,
      2,
      100,
      29,
      2,
      2,
      174,
      2,
      2,
      107,
      48,
      77,
      125,
      91,
      38,
      117,
      33,
      105,
      2,
      2,
      135,
      153,
      40,
      90,
      30,
      86,
      97,
      74,
      62,
      103,
      225,
      86,
      2,
      200
    ],
    "chars": {
      "n": 612,
      "min": 1,
      "max": 48765,
      "mean": 230.23039215686273,
      "std": 2109.0282101093626,
      "var": 4447999.9910371015,
      "p10": 1,
      "p25": 1,
      "p50": 3,
      "p75": 260,
      "p90": 424,
      "p95": 540,
      "p99": 731
    },
    "chars_histogram": {
      "edges": [
        0,
        50,
        100,
        250,
        500,
        1000,
        2500,
        5000,
        10000,
        25000,
        50000,
        100000,
        200000
      ],
      "counts": [
        414,
        1,
        41,
        116,
        37,
        1,
        0,
        0,
        1,
        1,
        0,
        0
      ],