{
  "primary_metric": "length_controlled_winrate",
  "n_items": 805,
  "n_items_correct": 0,
  "n_items_incorrect": 0,
  "n_items_unknown": 805,
  "n_generations": 805,
  "samples_per_item": [
    1
  ],
  "all_rollouts": {
    "tokens": {
      "n": 805,
      "min": 2,
      "max": 5196,
      "mean": 437.4944099378882,
      "std": 1101.225321619042,
      "var": 1212697.2089749624,
      "p10": 2,
      "p25": 10,
      "p50": 121,
      "p75": 271,
      "p90": 587,
      "p95": 4184,
      "p99": 5012
    },
    "tokens_histogram": {
      "edges": [
        0,
        10,
        20,
        50,
        100,
        200,
        500,
        1000,
        2000,
        5000,
        10000,
        20000,
        40000
      ],
      "counts": [
        193,
        34,
        83,
        70,
        135,
        195,
        41,
        3,
        42,
        9,
        0,
        0
      ],
      "labels": [
        "[0,10)",
        "[10,20)",
        "[20,50)",
        "[50,100)",
        "[100,200)",
        "[200,500)",
        "[500,1000)",
        "[1000,2000)",
        "[2000,5000)",
        "[5000,10000)",
        "[10000,20000)",
        "[20000,40000)"
      ]
    },
    "tokens_raw": [
      132,
      232,
      4167,
      15,
      165,
      10,
      16,
      182,
      2,
      365,
      370,
      160,
      343,
      2,
      4,
      143,
      4278,
      4828,
      2,
      4974,
      52,
      132,
      108,
      226,
      9,
      134,
      28,
      408,
      278,
      47,
      637,
      5041,
      272,
      529,
      33,
      2,
      311,
      285,
      597,
      43,
      7,
      98,
      587,
      45,
      390,
      500,
      4,
      5150,
      40,
      590,
      34,
      95,
      1191,
      249,
      175,
      157,
      4286,
      564,
      344,
      45,
      302,
      269,
      341,
      304,
      581,
      156,
      9,
      496,
      4191,
      243,
      58,
      16,
      196,
      2620,
      120,
      199,
      355,
      362,
      4184,
      4152,
      155,
      45,
      4141,
      10,
      159,
      4690,
      618,
      625,
      33,
      4982,
      224,
      2,
      505,
      41,
      330,
      5068,
      150,
      185,
      252,
      76,
      226,
      59,
      39,
      380,
      662,
      49,
      113,
      385,
      344,
      84,
      172,
      4925,
      68,
      10,
      264,
      4087,
      439,
      30,
      44,
      38,
      27,
      62,
      68,
      182,
      4386,
      2,
      263,
      174,
      25,
      307,
      288,
      71,
      144,
      151,
      4100,
      12,
      393,
      49,
      5031,
      580,
      4784,
      317,
      60,
      165,
      54,
      236,
      117,
      2,
      4295,
      239,
      72,
      260,
      10,
      817,
      329,
      25,
      2,
      55,
      4809,
      46,
      425,
      10,
      5074,
      4481,
      3,
      2,
      218,
      2,
      9,
      3,
      291,
      281,
      140,
      2,
      4939,
      96,
      747,
      352,
      12,
      104,
      756,
      152,
      343,
      4838,
      12,
      370,
      458,
      131,
      113,
      230,
      3,
      164,
      261,
      3,
      1181,
      27,
      2,
      391,
      28,
      5,
      272,
      4,
      132,
      387,
      271,
      204,
      176,
      48,
      4,
      2,
      33,
      12,
      342,
      746,
      34,
      305,
      253,
      137,
      111,
      4706,
      128,
      281,
      38,
      162,
      45,
      22,
      181,
      131,
      4797,
      279,
      57,
      43,
      9,
      290,
      2,
      536,
      151,
      194,
      208,
      4906,
      322,
      217,
      67,
      31,
      131,
      36,
      229,
      694,
      4603,
      21,
      150,
      4,
      255,
      879,
      176,
      365,
      217,
      194,
      33,
      38,
      2,
      84,
      2,
      536,
      68,
      876,
      27,
      274,
      46,
      261,
      4789,
      337,
      94,
      2,
      76,
      167,
      222,
      2,
      141,
      188,
      150,
      570,
      2,
      1269,
      260,
      116,
      39,
      4289,
      18,
      4151,
      207,
      538,
      5,
      132,
      17,
      288,
      13,
      399,
      261,
      82,
      267,
      264,
      47,
      2,
      362,
      2,
      275,
      124,
      363,
      766,
      156,
      14,
      413,
      126,
      53,
      781,
      120,
      44,
      71,
      3,
      254,
      2,
      335,
      287,
      141,
      121,
      7,
      83,
      304,
      159,
      144,
      2,
      38,
      10,
      5031,
      170,
      3,
      172,
      38,
      47,
      9,
      272,
      51,
      185,
      169,
      221,
      273,
      258,
      10,
      3,
      6,
      893,
      152,
      184,
      299,
      187,
      58,
      268,
      75,
      112,
      733,
      420,
      38,
      4044,
      157,
      259,
      2,
      152,
      265,
      483,
      8,
      8,
      4969,
      27,
      462,
      7,
      18,
      195,
      166,
      514,
      168,
      173,
      255,
      282,
      291,
      52,
      2,
      614,
      205,
      47,
      2,
      79,
      2,
      228,
      368,
      207,
      34,
      4963,
      2,
      265,
      423,
      243,
      45,
      137,
      37,
      121,
      115,
      9,
      18,
      87,
      426,
      476,
      93,
      4486,
      4286,
      3,
      166,
      102,
      44,
      47,
      10,
      59,
      5196,
      605,
      13,
      967,
      4149,
      203,
      36,
      155,
      93,
      98,
      103,
      2,
      551,
      399,
      44,
      280,
      9,
      3,
      21,
      29,
      207,
      87,
      272,
      2,
      35,
      143,
      34,
      366,
      5065,
      230,
      285,
      2,
      219,
      86,
      611,
      2,
      9,
      214,
      44,
      2,
      17,
      397,
      4079,
      108,
      222,
      212,
      2,
      39,
      82,
      4969,
      61,
      2,
      2,
      31,
      215,
      2,
      162,
      2,
      2,
      2,
      2,
      190,
      25,
      16,
      103,
      2,
      62,
      84,
      396,
      76,
      46,
      3,
      3,
      2,
      416,
      124,
      126,
      377,
      2,
      78,
      115,
      53,
      2,
      206,
      75,
      2,
      202,
      80,
      37,
      99,
      151,
      3,
      23,
      356,
      4,
      244,
      55,
      184,
      185,
      288,
      2,
      4,
      190,
      2,
      2,
      32,
      4213,
      2,
      139,
      2,
      2,
      2,
      2,
      2,
      25,
      2,
      2,
      2,
      2,
      2,
      53,
      3,
      2,
      2,
      2,
      173,
      140,
      2,
      339,
      342,
      2,
      3,
      2,
      53,
      2,
      102,
      264,
      88,
      160,
      184,
      223,
      79,
      249,
      194,
      2,
      2,
      50,
      239,
      2,
      2,
      2,
      125,
      2,
      3,
      14,
      2,
      155,
      2,
      2,
      411,
      21,
      372,
      182,
      12,
      418,
      2,
      3,
      266,
      143,
      150,
      166,
      132,
      526,
      250,
      167,
      2,
      4837,
      2,
      2,
      147,
      147,
      232,
      2,
      315,
      167,
      2,
      26,
      205,
      2,
      2,
      35,
      607,
      131,
      210,
      276,
      183,
      2,
      63,
      21,
      171,
      2,
      2,
      6,
      3,
      2,
      2,
      4,
      2,
      31,
      21,
      145,
      110,
      2,
      2,
      2,
      26,
      2,
      2,
      2,
      69,
      2,
      2,
      141,
      2,
      157,
      2,
      47,
      75,
      381,
