{
  "primary_metric": "length_controlled_winrate",
  "n_items": 805,
  "n_items_correct": 0,
  "n_items_incorrect": 0,
  "n_items_unknown": 805,
  "n_generations": 805,
  "samples_per_item": [
    1
  ],
  "all_rollouts": {
    "tokens": {
      "n": 805,
      "min": 2,
      "max": 6030,
      "mean": 706.5378881987577,
      "std": 1575.6799222902423,
      "var": 2482767.217508584,
      "p10": 2,
      "p25": 3,
      "p50": 15,
      "p75": 245,
      "p90": 4307,
      "p95": 4761,
      "p99": 5007
    },
    "tokens_histogram": {
      "edges": [
        0,
        10,
        20,
        50,
        100,
        200,
        500,
        1000,
        2000,
        5000,
        10000,
        20000,
        40000
      ],
      "counts": [
        341,
        105,
        69,
        38,
        42,
        76,
        17,
        6,
        102,
        9,
        0,
        0
      ],
      "labels": [
        "[0,10)",
        "[10,20)",
        "[20,50)",
        "[50,100)",
        "[100,200)",
        "[200,500)",
        "[500,1000)",
        "[1000,2000)",
        "[2000,5000)",
        "[5000,10000)",
        "[10000,20000)",
        "[20000,40000)"
      ]
    },
    "tokens_raw": [
      17,
      41,
      36,
      4761,
      236,
      4597,
      36,
      187,
      12,
      436,
      432,
      4103,
      71,
      10,
      52,
      5965,
      4196,
      4373,
      2,
      170,
      12,
      15,
      115,
      4775,
      8,
      72,
      19,
      656,
      3,
      11,
      4859,
      365,
      2,
      3,
      8,
      6,
      3,
      326,
      4670,
      4774,
      8,
      9,
      300,
      634,
      258,
      57,
      286,
      4105,
      2,
      4600,
      12,
      4705,
      5095,
      2,
      339,
      10,
      11,
      6,
      643,
      2,
      12,
      3,
      2,
      4220,
      4,
      9,
      4903,
      4559,
      4087,
      2,
      59,
      14,
      2,
      2,
      4,
      4653,
      322,
      2,
      163,
      4356,
      24,
      11,
      27,
      3,
      14,
      1001,
      307,
      4130,
      14,
      23,
      17,
      4176,
      6030,
      2,
      4492,
      3,
      11,
      11,
      12,
      4209,
      3,
      10,
      11,
      2,
      3,
      4871,
      28,
      2,
      4,
      146,
      3,
      4658,
      184,
      4939,
      11,
      3,
      4124,
      30,
      4787,
      4800,
      12,
      16,
      52,
      214,
      3,
      6,
      97,
      3,
      4787,
      1257,
      5,
      18,
      2,
      4211,
      5,
      36,
      4513,
      88,
      3,
      768,
      80,
      2,
      141,
      2,
      6,
      4137,
      6,
      29,
      18,
      2,
      2,
      12,
      10,
      3,
      29,
      11,
      2,
      14,
      128,
      2,
      436,
      374,
      3,
      4872,
      2,
      61,
      36,
      25,
      2,
      2,
      4,
      2,
      2,
      2,
      20,
      2,
      715,
      4750,
      13,
      308,
      3,
      8,
      4625,
      15,
      17,
      2,
      25,
      216,
      2,
      18,
      3,
      781,
      399,
      4126,
      11,
      2,
      2,
      4840,
      2,
      5346,
      26,
      4234,
      28,
      4610,
      14,
      300,
      8,
      40,
      3,
      57,
      8,
      10,
      2,
      12,
      2,
      4859,
      63,
      2,
      17,
      6,
      2,
      10,
      146,
      240,
      2,
      18,
      177,
      56,
      4751,
      18,
      2,
      4260,
      12,
      292,
      2,
      1263,
      4979,
      40,
      185,
      317,
      12,
      48,
      4,
      4781,
      129,
      26,
      2,
      23,
      2,
      25,
      3,
      4,
      7,
      5007,
      148,
      3,
      337,
      2,
      4661,
      15,
      4837,
      17,
      11,
      2,
      4,
      14,
      85,
      624,
      271,
      2,
      6,
      4749,
      294,
      3,
      9,
      258,
      3,
      3,
      181,
      4905,
      2,
      2,
      4193,
      808,
      4934,
      52,
      3,
      15,
      369,
      21,
      3,
      16,
      4961,
      2,
      17,
      4343,
      3,
      268,
      27,
      5,
      435,
      609,
      2,
      2,
      1105,
      27,
      406,
      104,
      4,
      388,
      3,
      4258,
      308,
      428,
      92,
      11,
      282,
      4163,
      2,
      67,
      8,
      2,
      17,
      472,
      677,
      2,
      7,
      244,
      2,
      432,
      2,
      3,
      4591,
      10,
      2,
      157,
      2,
      31,
      78,
      3,
      11,
      9,
      26,
      2,
      27,
      4164,
      2,
      251,
      4227,
      3,
      4808,
      2,
      14,
      2,
      911,
      346,
      4,
      382,
      352,
      131,
      13,
      24,
      72,
      4,
      2,
      267,
      7,
      99,
      5020,
      4164,
      9,
      8,
      340,
      40,
      26,
      8,
      18,
      21,
      2,
      2,
      223,
      3,
      19,
      2,
      193,
      4765,
      17,
      3,
      2,
      29,
      2,
      145,
      82,
      10,
      2,
      402,
      3,
      1167,
      190,
      4243,
      29,
      4094,
      34,
      9,
      4792,
      280,
      2,
      4778,
      4,
      22,
      4209,
      262,
      12,
      3,
      17,
      6,
      148,
      279,
      437,
      74,
      10,
      255,
      4514,
      80,
      9,
      2,
      191,
      3,
      2,
      3,
      10,
      3,
      3,
      2,
      3,
      3,
      3,
      5113,
      19,
      5,
      34,
      4786,
      3,
      2,
      18,
      6,
      21,
      246,
      2,
      518,
      3,
      6,
      331,
      279,
      6,
      3,
      3,
      2,
      8,
      14,
      4,
      4157,
      3,
      99,
      4943,
      4783,
      5030,
      21,
      4562,
      3,
      4943,
      4980,
      124,
      3,
      2,
      46,
      4,
      3,
      158,
      17,
      22,
      2,
      2,
      5,
      3,
      2,
      2,
      3,
      2,
      4462,
      2,
      2,
      57,
      11,
      21,
      4671,
      667,
      12,
      4276,
      2,
      7,
      98,
      2,
      2,
      4586,
      4,
      21,
      2,
      288,
      3,
      63,
      161,
      145,
      2,
      4575,
      14,
      2,
      475,
      4750,
      2,
      2,
      335,
      2,
      3,
      2,
      2,
      3,
      2,
      2,
      2,
      4837,
      3,
      3,
      24,
      3,
      4657,
      4307,
      2,
      2,
      3,
      2,
      2,
      4,
      2,
      9,
      44,
      2,
      159,
      6,
      3,
      432,
      353,
      2,
      2,
      29,
      189,
      13,
      315,
      2,
      4511,
      3,
      2,
      185,
      2,
      249,
      2,
      549,
      4206,
      62,
      295,
      60,
      83,
      3,
      120,
      2,
      2,
      2,
      2,
      15,
      2,
      2,
      17,
      17,
      373,
      32,
      23,
      4,
      2,
      4141,
      3,
      16,
      3,
      18,
      4724,
      2,
      3,
      2,
      18,
      4749,
      14,
      5,
      3,
      2,
      423,
      3,
      3,
      188,
      451,
      70,
      14,
      2,
      2,
      2,
      2,
      2,
      4576,
      29,
      2,
      2,
      2,
      4,
      2,
      22,
      2,
      9,
      4649,
      18,
      16,
      4580,
      39,
      44,
      8,
      55,
      15,
      2,
      2,
      2,
      20,
      16,
      3,
      2,
      189,
      4632,
      2,
      806,
      4961,
      2,
      2,
      6,
      86,
      5038,
      10,
      2,
      4,
      2,
      2,
      4276,
      3,
      70,
      4914,
      4,
      8,
      2,
      2,
      18,
      15,
      3,
      25,
      21,
      78,
      7,
      14,
