{
  "primary_metric": "exact_match_flex",
  "n_items": 500,
  "n_items_correct": 112,
  "n_items_incorrect": 388,
  "n_items_unknown": 0,
  "n_generations": 500,
  "samples_per_item": [
    1
  ],
  "all_rollouts": {
    "tokens": {
      "n": 500,
      "min": 4,
      "max": 48,
      "mean": 8.066,
      "std": 3.7504191765721338,
      "var": 14.065644,
      "p10": 6,
      "p25": 6,
      "p50": 7,
      "p75": 9,
      "p90": 11,
      "p95": 14,
      "p99": 24
    },
    "tokens_histogram": {
      "edges": [
        0,
        10,
        20,
        50,
        100,
        200,
        500,
        1000,
        2000,
        5000,
        10000,
        20000,
        40000
      ],
      "counts": [
        404,
        84,
        12,
        0,
        0,
        0,
        0,
        0,
        0,
        0,
        0,
        0
      ],
      "labels": [
        "[0,10)",
        "[10,20)",
        "[20,50)",
        "[50,100)",
        "[100,200)",
        "[200,500)",
        "[500,1000)",
        "[1000,2000)",
        "[2000,5000)",
        "[5000,10000)",
        "[10000,20000)",
        "[20000,40000)"
      ]
    },
    "tokens_raw": [
      12,
      10,
      11,
      6,
      8,
      7,
      6,
      7,
      10,
      6,
      9,
      7,
      8,
      6,
      6,
      10,
      7,
      6,
      7,
      6,
      7,
      9,
      6,
      6,
      7,
      6,
      8,
      8,
      10,
      7,
      9,
      11,
      8,
      10,
      8,
      6,
      6,
      7,
      9,
      7,
      7,
      7,
      7,
      8,
      9,
      6,
      6,
      6,
      10,
      7,
      8,
      24,
      6,
      12,
      9,
      6,
      7,
      8,
      9,
      6,
      10,
      8,
      6,
      6,
      6,
      6,
      7,
      7,
      8,
      6,
      9,
      10,
      6,
      24,
      9,
      10,
      7,
      6,
      9,
      6,
      9,
      6,
      10,
      6,
      6,
      8,
      8,
      6,
      6,
      7,
      7,
      6,
      13,
      7,
      7,
      6,
      4,
      6,
      10,
      23,
      8,
      7,
      12,
      6,
      6,
      8,
      10,
      7,
      6,
      7,
      6,
      9,
      7,
      8,
      6,
      9,
      6,
      6,
      7,
      6,
      6,
      6,
      6,
      7,
      11,
      6,
      11,
      11,
      7,
      7,
      6,
      6,
      6,
      8,
      7,
      6,
      6,
      10,
      6,
      6,
      6,
      6,
      6,
      16,
      11,
      6,
      10,
      7,
      7,
      7,
      6,
      8,
      7,
      10,
      9,
      10,
      7,
      6,
      7,
      8,
      7,
      6,
      11,
      11,
      6,
      14,
      11,
      7,
      6,
      7,
      6,
      12,
      8,
      6,
      6,
      6,
      15,
      7,
      8,
      22,
      6,
      10,
      9,
      7,
      6,
      6,
      6,
      6,
      6,
      7,
      10,
      6,
      7,
      6,
      10,
      7,
      9,
      6,
      10,
      7,
      8,
      7,
      10,
      7,
      6,
      23,
      14,
      7,
      6,
      6,
      6,
      6,
      7,
      6,
      7,
      6,
      7,
      11,
      10,
      10,
      6,
      7,
      6,
      6,
      17,
      7,
      6,
      6,
      7,
      7,
      6,
      6,
      6,
      7,
      6,
      10,
      7,
      7,
      6,
      7,
      7,
      7,
      10,
      6,
      6,
      6,
      6,
      6,
      26,
      7,
      7,
      6,
      8,
      10,
      7,
      6,
      13,
      8,
      7,
      7,
      7,
      7,
      6,
      7,
      6,
      9,
      10,
      8,
      6,
      6,
      7,
      8,
      9,
      9,
      7,
      7,
      6,
      9,
      8,
      7,
      6,
      7,
      8,
      6,
      4,
      8,
      6,
      7,
      7,
      7,
      6,
      7,
      6,
      18,
      7,
      8,
      8,
      8,
      23,
      7,
      6,
      9,
      6,
      7,
      7,
      10,
      6,
      7,
      10,
      7,
      6,
      6,
      10,
      7,
      8,
      6,
      7,
      6,
      25,
      7,
      12,
      7,
      6,
      10,
      8,
      6,
      6,
      7,
      6,
      10,
      7,
      11,
      6,
      6,
      7,
      6,
      10,
      6,
      11,
      7,
      9,
      6,
      6,
      10,
      6,
      6,
      9,
      18,
      9,
      9,
      6,
      10,
      7,
      8,
      8,
      8,
      12,
      7,
      6,
      6,
      6,
      6,
      10,
      6,
      16,
      6,
      6,
      6,
      7,
      8,
      7,
      6,
      7,
      21,
      6,
      7,
      8,
      6,
      6,
      17,
      19,
      10,
      9,
      11,
      12,
      7,
      6,
      7,
      6,
      10,
      7,
      6,
      7,
      10,
      6,
      6,
      6,
      7,
      7,
      10,
      10,
      6,
      7,
      6,
      6,
      7,
      6,
      6,
      20,
      7,
      6,
      7,
      8,
      9,
      6,
      6,
      10,
      6,
      8,
      48,
      11,
      7,
      15,
      9,
      8,
      9,
      10,
      7,
      7,
      7,
      8,
      10,
      6,
      12,
      8,
      16,
      6,
      6,
      6,
      36,
      7,
      9,
      7,
      7,
      10,
      6,
      6,
      7,
      6,
      7,
      6,
      12,
      8,
      6,
      13,
      6,
      9,
      6,
      7,
      8,
      8,
      7,
      6,
      6,
      6,
      8,
      6,
      7,
      6,
      7,
      6,
      7,
      14,
      7,
      6,
      8,
      8,
      6,
      6,
      7,
      6,
      9,
      6,
      6,
      6,
      7,
      7,
      6,
      7,
      7,
      7,
      7,
      9,
      7,
      6,
      9,
      6,
      7,
      6,
      9
    ],
    "chars": {
      "n": 500,
      "min": 8,
      "max": 102,
      "mean": 12.986,
      "std": 7.740142375951492,
      "var": 59.909804,
      "p10": 9,
      "p25": 9,
      "p50": 10,
      "p75": 14,
      "p90": 20,
      "p95": 23,
      "p99": 50
    },
    "chars_histogram": {
      "edges": [
        0,
        50,
        100,
        250,
        500,
        1000,
        2500,
        5000,
        10000,
        25000,
        50000,
        100000,
        200000
      ],
      "counts": [
        495,
        4,
        1,
        0,
        0,
        0,
        0,
        0,
        0,
        0,
        0,
        0
      ],
      "labels": [
        "[0,50)",
        "[50,100)",
        "[100,250)",
        "[250,500)",
        "[500,1000)",
        "[1000,2500)",
        "[2500,5000)",
        "[5000,10000)",
        "[10000,25000)",
        "[25000,50000)",
        "[50000,100000)",
        "[100000,200000)"
      ]
    }
  },
  "correct_rollouts": {
    "tokens": {
      "n": 112,
      "min": 6,
      "max": 36,
      "mean": 7.919642857142857,
      "std": 3.7728787627173057,
      "var": 14.234614158163266,
      "p10": 6,
      "p25": 6,
      "p50": 7,
      "p75": 9,
      "p90": 10,
      "p95": 12,
      "p99": 24
    },
    "tokens_histogram": {
      "edges": [
        0,
        10,
        20,
        50,
        100,
        200,
        500,
        1000,
        2000,
        5000,
        10000,
        20000,
        40000
      ],
      "counts": [
        92,
        17,
        3,
        0,
        0,
        0,
        0,
        0,
        0,
        0,
        0,
        0
      ],
      "labels": [
        "[0,10)",
        "[10,20)",
        "[20,50)",
        "[50,100)",
        "[100,200)",
        "[200,500)",
        "[500,1000)",
        "[1000,2000)",
        "[2000,5000)",
        "[5000,10000)",
        "[10000,20000)",
        "[20000,40000)"
      ]
    },