{
  "primary_metric": "prompt_level_loose_acc",
  "n_items": 300,
  "n_items_correct": 136,
  "n_items_incorrect": 164,
  "n_items_unknown": 0,
  "n_generations": 300,
  "samples_per_item": [
    1
  ],
  "all_rollouts": {
    "tokens": {
      "n": 300,
      "min": 2,
      "max": 5630,
      "mean": 216.43666666666667,
      "std": 925.955866112899,
      "var": 857394.2659888889,
      "p10": 2,
      "p25": 2,
      "p50": 4,
      "p75": 27,
      "p90": 136,
      "p95": 547,
      "p99": 5120
    },
    "tokens_histogram": {
      "edges": [
        0,
        10,
        20,
        50,
        100,
        200,
        500,
        1000,
        2000,
        5000,
        10000,
        20000,
        40000
      ],
      "counts": [
        187,
        28,
        28,
        18,
        13,
        11,
        3,
        1,
        6,
        5,
        0,
        0
      ],
      "labels": [
        "[0,10)",
        "[10,20)",
        "[20,50)",
        "[50,100)",
        "[100,200)",
        "[200,500)",
        "[500,1000)",
        "[1000,2000)",
        "[2000,5000)",
        "[5000,10000)",
        "[10000,20000)",
        "[20000,40000)"
      ]
    },
    "tokens_raw": [
      24,
      24,
      18,
      18,
      7,
      6,
      3,
      7,
      8,
      27,
      4,
      2,
      96,
      3,
      4,
      3,
      3,
      4,
      10,
      24,
      2,
      10,
      27,
      5,
      2,
      20,
      106,
      6,
      106,
      105,
      42,
      5300,
      136,
      11,
      682,
      34,
      108,
      28,
      90,
      4974,
      73,
      12,
      9,
      4,
      19,
      14,
      10,
      2,
      2,
      2,
      2,
      2,
      2,
      2,
      2,
      3,
      2,
      16,
      2,
      6,
      2,
      2,
      2,
      3,
      2,
      4,
      2,
      2,
      2,
      2,
      3,
      2,
      2,
      2,
      175,
      108,
      118,
      2,
      2,
      4957,
      11,
      2,
      3,
      23,
      2,
      3,
      13,
      2,
      2,
      2,
      2,
      4,
      23,
      4,
      2,
      65,
      6,
      8,
      33,
      41,
      2,
      3,
      2,
      2,
      3,
      2,
      575,
      7,
      211,
      7,
      10,
      3,
      5,
      60,
      363,
      8,
      2,
      21,
      4,
      5120,
      5028,
      4,
      4,
      206,
      13,
      2,
      58,
      74,
      30,
      11,
      41,
      67,
      45,
      7,
      6,
      2,
      2,
      2,
      10,
      5,
      10,
      10,
      15,
      6,
      177,
      186,
      204,
      4456,
      4,
      9,
      11,
      67,
      4,
      117,
      5,
      39,
      9,
      14,
      67,
      2,
      4,
      2,
      2,
      2,
      4,
      2,
      2,
      2,
      2,
      2,
      2,
      2,
      2,
      2,
      2,
      56,
      2,
      3,
      2,
      66,
      547,
      5630,
      4734,
      2,
      72,
      2,
      2,
      33,
      11,
      27,
      33,
      376,
      5,
      3,
      70,
      4,
      4703,
      3,
      4,
      3,
      2,
      2,
      2,
      2,
      2,
      2,
      2,
      2,
      2,
      2,
      3,
      2,
      2,
      2,
      2,
      2,
      2,
      2,
      2,
      2,
      2,
      2,
      2,
      2,
      64,
      14,
      2,
      245,
      238,
      36,
      201,
      2,
      80,
      5,
      2,
      2,
      2,
      307,
      402,
      2,
      2,
      2,
      2,
      2,
      2,
      2,
      2,
      2,
      4,
      2,
      2,
      2,
      26,
      5031,
      4,
      2,
      2,
      2,
      3,
      3,
      2,
      2,
      56,
      35,
      4,
      61,
      48,
      4,
      2,
      8,
      7,
      9,
      4130,
      2,
      120,
      42,
      299,
      1254,
      11,
      8,
      45,
      14,
      110,
      2,
      3,
      2,
      2,
      2,
      4,
      2,
      2,
      4,
      12,
      15,
      47,
      14,
      2,
      2,
      2,
      3
    ],
    "chars": {
      "n": 300,
      "min": 0,
      "max": 22708,
      "mean": 721.8633333333333,
      "std": 3149.689083807409,
      "var": 9920541.324655555,
      "p10": 1,
      "p25": 4,
      "p50": 9,
      "p75": 105,
      "p90": 561,
      "p95": 1670,
      "p99": 20658
    },
    "chars_histogram": {
      "edges": [
        0,
        50,
        100,
        250,
        500,
        1000,
        2500,
        5000,
        10000,
        25000,
        50000,
        100000,
        200000
      ],
      "counts": [
        209,
        14,
        20,
        24,
        13,
        8,
        1,
        0,
        11,
        0,
        0,
        0
      ],
      "labels": [
        "[0,50)",
        "[50,100)",
        "[100,250)",
        "[250,500)",
        "[500,1000)",
        "[1000,2500)",
        "[2500,5000)",
        "[5000,10000)",
        "[10000,25000)",
        "[25000,50000)",
        "[50000,100000)",
        "[100000,200000)"
      ]
    }
  },
  "correct_rollouts": {
    "tokens": {
      "n": 136,
      "min": 2,
      "max": 5630,
      "mean": 146.89705882352942,
      "std": 723.1714596078509,
      "var": 522976.9599913495,
      "p10": 2,
      "p25": 2,
      "p50": 3,
      "p75": 15,
      "p90": 106,
      "p95": 402,
      "p99": 4734
    },
    "tokens_histogram": {
      "edges": [
        0,
        10,
        20,
        50,
        100,
        200,
        500,
        1000,
        2000,
        5000,
        10000,
        20000,
        40000
      ],
      "counts": [
        91,
        12,
        13,
        5,
        6,
        3,
        2,
        1,
        2,
        1,
        0,
        0
      ],
      "labels": [
        "[0,10)",
        "[10,20)",
        "[20,50)",
        "[50,100)",
        "[100,200)",
        "[200,500)",
        "[500,1000)",
        "[1000,2000)",
        "[2000,5000)",
        "[5000,10000)",
        "[10000,20000)",
        "[20000,40000)"
      ]
    },
    "tokens_raw": [
      24,
      24,
      6,
      3,
      8,
      4,
      10,
      10,
      106,
      6,
      106,
      105,
      136,
      11,
      682,
      2,
      2,
      2,
      2,
      2,
      2,
      2,
      2,
      2,
      3,
      2,
      2,
      2,
      23,
      13,
      2,
      4,
      23,
      4,
      2,
      2,
      3,
      2,
      3,
      575,
      7,
      7,
      5,
      60,
      363,
      8,
      2,
      21,
      58,
      74,
      30,
      11,
      41,
      67,
      45,
      7,
      6,
      10,
      10,
      10,
      15,
      186,
      39,
      9,
      2,
      4,
      2,
      2,
      2,
      4,
      2,
      2,
      2,
      2,
      2,
      3,
      2,
      5630,
      4734,
      2,
      2,
      2,
      27,
      2,
      2,
      2,
      2,
      2,
      2,
      2,
      2,
      3,
      2,
      2,
      2,
      2,
      2,
      2,
      2,
      2,
      2,
      64,
      2,
      5,
      307,
      402,
      2,
      2,
      2,
      2,
      2,
      2,
      4,
      2,
      26,
      4,
      2,
      4,
      4,
      2,
      4130,
      120,
      1254,
      45,
      4,
      2,
      2,
      4,
      12,
      15,
      47,
      14,
      2,
      2,
      2,
      3
    ],
    "chars": {
      "n": 136,
      "min": 1,
      "max": 22708,
      "mean": 480.06617647058823,
      "std": 2488.738276487901,
      "var": 6193818.208855969,
      "p10": 1,
      "p25": 3,
      "p50": 9,
      "p75": 52,
      "p90": 389,
      "p95": 1190,
      "p99": 14199
    },
    "chars_histogram": {
      "edges": [
        0,
        50,
        100,
        250,
        500,
        1000,
        2500,
        5000,
        10000,
        25000,
        50000,
        100000,
        200000
      ],